ISO-10303-21;
HEADER;
FILE_DESCRIPTION (( 'STEP AP214' ),
    '1' );
FILE_NAME ('S4B-XH-A-1.STEP',
    '2023-01-19T14:54:05',
    ( '' ),
    ( '' ),
    'SwSTEP 2.0',
    'SolidWorks 2017',
    '' );
FILE_SCHEMA (( 'AUTOMOTIVE_DESIGN' ));
ENDSEC;

DATA;
#1 = ORIENTED_EDGE ( 'NONE', *, *, #2844, .T. ) ;
#2 = ORIENTED_EDGE ( 'NONE', *, *, #4394, .F. ) ;
#3 = DIRECTION ( 'NONE',  ( 0.0000000000000000000, 1.000000000000000000, 0.0000000000000000000 ) ) ;
#4 = CARTESIAN_POINT ( 'NONE',  ( 3.429999999999999700, 4.094999999999999800, 0.8499999999999914300 ) ) ;
#5 = ORIENTED_EDGE ( 'NONE', *, *, #2463, .F. ) ;
#6 = PRODUCT_DEFINITION_FORMATION_WITH_SPECIFIED_SOURCE ( 'ANY', '', #3164, .NOT_KNOWN. ) ;
#7 = DIRECTION ( 'NONE',  ( 0.0000000000000000000, -1.000000000000000000, 2.245376765908615400E-016 ) ) ;
#8 = CARTESIAN_POINT ( 'NONE',  ( -6.200000000000000200, 5.148076211353326500, -6.999999999999987600 ) ) ;
#9 = CARTESIAN_POINT ( 'NONE',  ( 1.999999999999999100, 0.3999999999999999100, -6.999999999999964500 ) ) ;
#10 = EDGE_CURVE ( 'NONE', #3757, #1914, #4374, .T. ) ;
#11 = ORIENTED_EDGE ( 'NONE', *, *, #2944, .F. ) ;
#12 = DIRECTION ( 'NONE',  ( 0.0000000000000000000, -1.000000000000000000, 2.843808977011158800E-015 ) ) ;
#13 = CARTESIAN_POINT ( 'NONE',  ( 4.069999999999999400, -2.017762384446307500, 1.875791195256087700 ) ) ;
#14 = ORIENTED_EDGE ( 'NONE', *, *, #2202, .T. ) ;
#15 = ADVANCED_FACE ( 'NONE', ( #427 ), #2842, .T. ) ;
#16 = DIRECTION ( 'NONE',  ( -0.0000000000000000000, 0.0000000000000000000, 1.000000000000000000 ) ) ;
#17 = ORIENTED_EDGE ( 'NONE', *, *, #3759, .F. ) ;
#18 = EDGE_CURVE ( 'NONE', #3086, #2522, #805, .T. ) ;
#19 = VECTOR ( 'NONE', #2025, 1000.000000000000000 ) ;
#20 = ORIENTED_EDGE ( 'NONE', *, *, #3339, .F. ) ;
#21 = ORIENTED_EDGE ( 'NONE', *, *, #1238, .T. ) ;
#22 = VECTOR ( 'NONE', #2955, 1000.000000000000200 ) ;
#23 = DIRECTION ( 'NONE',  ( 0.0000000000000000000, 0.0000000000000000000, 1.000000000000000000 ) ) ;
#24 = ORIENTED_EDGE ( 'NONE', *, *, #1707, .F. ) ;
#25 = EDGE_CURVE ( 'NONE', #3377, #820, #4148, .T. ) ;
#26 = VERTEX_POINT ( 'NONE', #760 ) ;
#27 = ORIENTED_EDGE ( 'NONE', *, *, #4340, .T. ) ;
#28 = VECTOR ( 'NONE', #1461, 1000.000000000000000 ) ;
#29 = AXIS2_PLACEMENT_3D ( 'NONE', #2960, #1897, #1193 ) ;
#30 = CARTESIAN_POINT ( 'NONE',  ( 3.429999999999999700, 2.774999999999998600, 2.169999999999990200 ) ) ;
#31 = VECTOR ( 'NONE', #2234, 1000.000000000000000 ) ;
#32 = CARTESIAN_POINT ( 'NONE',  ( 3.429999999999999700, 3.454999999999999600, -4.700000000000000200 ) ) ;
#33 = ORIENTED_EDGE ( 'NONE', *, *, #520, .T. ) ;
#34 = DIRECTION ( 'NONE',  ( -0.0000000000000000000, -0.0000000000000000000, -1.000000000000000000 ) ) ;
#35 = SHAPE_REPRESENTATION_RELATIONSHIP ( 'NONE' , 'NONE' ,  #2785, #3900 ) ;
#36 = VECTOR ( 'NONE', #3617, 1000.000000000000000 ) ;
#37 = VECTOR ( 'NONE', #4445, 1000.000000000000000 ) ;
#38 = ORIENTED_EDGE ( 'NONE', *, *, #2731, .T. ) ;
#39 = FACE_BOUND ( 'NONE', #4436, .T. ) ;
#40 = CARTESIAN_POINT ( 'NONE',  ( -6.200000000000000200, 6.100000000000000500, 0.0000000000000000000 ) ) ;
#41 = VECTOR ( 'NONE', #3631, 1000.000000000000000 ) ;
#42 = VECTOR ( 'NONE', #3387, 1000.000000000000000 ) ;
#43 = ORIENTED_EDGE ( 'NONE', *, *, #1751, .T. ) ;
#44 = PLANE ( 'NONE',  #759 ) ;
#45 = ADVANCED_FACE ( 'NONE', ( #3997 ), #4328, .F. ) ;
#46 = VECTOR ( 'NONE', #228, 1000.000000000000000 ) ;
#47 = PLANE ( 'NONE',  #4342 ) ;
#48 = CARTESIAN_POINT ( 'NONE',  ( 4.069999999999999400, -1.718922410801320800, 1.282120757304866100 ) ) ;
#49 = EDGE_CURVE ( 'NONE', #2799, #3640, #1012, .T. ) ;
#50 = CARTESIAN_POINT ( 'NONE',  ( 3.429999999999999700, -1.087878387081807200, 1.449999999999991300 ) ) ;
#51 = EDGE_CURVE ( 'NONE', #365, #2010, #859, .T. ) ;
#52 = CARTESIAN_POINT ( 'NONE',  ( 3.202459014478498600, 3.227459014478498500, -4.512714667361047200 ) ) ;
#53 = ORIENTED_EDGE ( 'NONE', *, *, #667, .F. ) ;
#54 = LINE ( 'NONE', #2178, #161 ) ;
#55 = DIRECTION ( 'NONE',  ( -0.0000000000000000000, -0.0000000000000000000, 1.000000000000000000 ) ) ;
#56 = EDGE_CURVE ( 'NONE', #1045, #4441, #1059, .T. ) ;
#57 = FACE_OUTER_BOUND ( 'NONE', #3819, .T. ) ;
#58 = LINE ( 'NONE', #2030, #1832 ) ;
#59 = ORIENTED_EDGE ( 'NONE', *, *, #3038, .F. ) ;
#60 = DIRECTION ( 'NONE',  ( -0.9396926207859073200, 0.0000000000000000000, 0.3420201433256717100 ) ) ;
#61 = PRODUCT_DEFINITION_FORMATION_WITH_SPECIFIED_SOURCE ( 'ANY', '', #299, .NOT_KNOWN. ) ;
#62 = DIRECTION ( 'NONE',  ( 0.0000000000000000000, 1.000000000000000000, 0.0000000000000000000 ) ) ;
#63 = PLANE ( 'NONE',  #2496 ) ;
#64 = CARTESIAN_POINT ( 'NONE',  ( 3.429999999999999700, -2.017762384446307500, 1.875791195256087500 ) ) ;
#65 = ORIENTED_EDGE ( 'NONE', *, *, #2012, .T. ) ;
#66 = ADVANCED_FACE ( 'NONE', ( #3606 ), #3219, .T. ) ;
#67 = DIRECTION ( 'NONE',  ( -1.000000000000000000, 0.0000000000000000000, 0.0000000000000000000 ) ) ;
#68 = DIRECTION ( 'NONE',  ( -0.0000000000000000000, -1.000000000000000000, -0.0000000000000000000 ) ) ;
#69 = EDGE_LOOP ( 'NONE', ( #1740, #2337, #1732, #2740 ) ) ;
#70 = ORIENTED_EDGE ( 'NONE', *, *, #3422, .T. ) ;
#71 = EDGE_CURVE ( 'NONE', #2181, #1785, #2600, .T. ) ;
#72 = CARTESIAN_POINT ( 'NONE',  ( 4.069999999999999400, 4.094999999999999800, -5.137878387081817000 ) ) ;
#73 = DIRECTION ( 'NONE',  ( -1.000000000000000000, 0.0000000000000000000, 0.0000000000000000000 ) ) ;
#74 = CARTESIAN_POINT ( 'NONE',  ( 4.069999999999999400, 4.094999999999999800, 0.8499999999999914300 ) ) ;
#75 = CLOSED_SHELL ( 'NONE', ( #1974, #3857, #463, #1736, #3476, #1162, #622, #4025, #1200, #2179, #3100, #3453, #3864, #810, #3660, #2904, #3007, #2659, #735, #2626, #3155, #4281, #2284, #4126, #4430, #4111, #653, #45, #1451, #2084, #2635, #4393, #302, #563, #889, #2484, #541, #1852, #561, #3290, #2040, #2598, #388, #1458, #1063, #3158, #3789, #3684, #3657, #2253, #363, #2393, #1084, #1592, #1315, #410, #1548, #4256, #256, #2561, #1090, #1829, #1036, #1618, #2834, #3733, #1399, #2503, #1997, #1901, #2412, #3611, #3382, #420, #214, #3330, #1402, #1757, #1385, #1927 ) ) ;
#76 = VERTEX_POINT ( 'NONE', #4234 ) ;
#77 = VECTOR ( 'NONE', #3066, 1000.000000000000100 ) ;
#78 = FACE_OUTER_BOUND ( 'NONE', #1558, .T. ) ;
#79 = ORIENTED_EDGE ( 'NONE', *, *, #3768, .F. ) ;
#80 = DIRECTION ( 'NONE',  ( 0.0000000000000000000, -1.000000000000000000, 0.0000000000000000000 ) ) ;
#81 = VERTEX_POINT ( 'NONE', #449 ) ;
#82 = LINE ( 'NONE', #2753, #3655 ) ;
#83 = ORIENTED_EDGE ( 'NONE', *, *, #667, .T. ) ;
#84 = DIRECTION ( 'NONE',  ( -0.0000000000000000000, -0.0000000000000000000, -1.000000000000000000 ) ) ;
#85 = VECTOR ( 'NONE', #2177, 1000.000000000000000 ) ;
#86 = ORIENTED_EDGE ( 'NONE', *, *, #3259, .F. ) ;
#87 = AXIS2_PLACEMENT_3D ( 'NONE', #867, #62, #3385 ) ;
#88 = CARTESIAN_POINT ( 'NONE',  ( -5.299999999999996300, 0.4000000000000000200, -6.999999999999964500 ) ) ;
#89 = ORIENTED_EDGE ( 'NONE', *, *, #1271, .T. ) ;
#90 = FILL_AREA_STYLE ('',( #470 ) ) ;
#91 = DIRECTION ( 'NONE',  ( 1.000000000000000000, 0.0000000000000000000, 0.0000000000000000000 ) ) ;
#92 = VECTOR ( 'NONE', #3204, 1000.000000000000100 ) ;
#93 = ORIENTED_EDGE ( 'NONE', *, *, #2046, .T. ) ;
#94 = CARTESIAN_POINT ( 'NONE',  ( -3.429999999999999700, 3.454999999999999600, -9.400000000000000400 ) ) ;
#95 = FACE_OUTER_BOUND ( 'NONE', #2007, .T. ) ;
#96 = CARTESIAN_POINT ( 'NONE',  ( 1.570000000000000300, 4.094999999999999800, -9.400000000000000400 ) ) ;
#97 = AXIS2_PLACEMENT_3D ( 'NONE', #1941, #1967, #2446 ) ;
#98 = LINE ( 'NONE', #3594, #1820 ) ;
#99 = LINE ( 'NONE', #3566, #2097 ) ;
#100 = ORIENTED_EDGE ( 'NONE', *, *, #942, .F. ) ;
#101 = DIRECTION ( 'NONE',  ( -0.0000000000000000000, -1.000000000000000000, -0.0000000000000000000 ) ) ;
#102 = PRESENTATION_STYLE_ASSIGNMENT (( #338 ) ) ;
#103 = CARTESIAN_POINT ( 'NONE',  ( 6.200000000000000200, 6.100000000000000500, 0.0000000000000000000 ) ) ;
#104 = EDGE_CURVE ( 'NONE', #1681, #1155, #1007, .T. ) ;
#105 = CARTESIAN_POINT ( 'NONE',  ( -6.200000000000000200, 4.575000000000018800, -3.100000000000001900 ) ) ;
#106 = ORIENTED_EDGE ( 'NONE', *, *, #3532, .T. ) ;
#107 = DIRECTION ( 'NONE',  ( 1.000000000000000000, 0.0000000000000000000, -0.0000000000000000000 ) ) ;
#108 = PRESENTATION_LAYER_ASSIGNMENT (  '', '', ( #2111 ) ) ;
#109 = ORIENTED_EDGE ( 'NONE', *, *, #4280, .T. ) ;
#110 = EDGE_CURVE ( 'NONE', #3970, #3207, #1759, .T. ) ;
#111 = ORIENTED_EDGE ( 'NONE', *, *, #1416, .T. ) ;
#112 = PLANE ( 'NONE',  #1034 ) ;
#113 = ORIENTED_EDGE ( 'NONE', *, *, #2819, .F. ) ;
#114 = CARTESIAN_POINT ( 'NONE',  ( 3.429999999999999700, -1.356834363362294600, 2.117879242695110500 ) ) ;
#115 = ADVANCED_FACE ( 'NONE', ( #4464 ), #2185, .T. ) ;
#116 = VERTEX_POINT ( 'NONE', #1839 ) ;
#117 = VERTEX_POINT ( 'NONE', #3868 ) ;
#118 = VERTEX_POINT ( 'NONE', #2855 ) ;
#119 = DIRECTION ( 'NONE',  ( 0.0000000000000000000, 0.0000000000000000000, -1.000000000000000000 ) ) ;
#120 = ORIENTED_EDGE ( 'NONE', *, *, #4394, .T. ) ;
#121 = CARTESIAN_POINT ( 'NONE',  ( 4.069999999999999400, 4.094999999999999800, 0.8499999999999914300 ) ) ;
#122 = EDGE_LOOP ( 'NONE', ( #4039, #2640, #673, #1414 ) ) ;
#123 = DIRECTION ( 'NONE',  ( 0.0000000000000000000, -1.000000000000000000, -0.0000000000000000000 ) ) ;
#124 = ORIENTED_EDGE ( 'NONE', *, *, #3555, .F. ) ;
#125 = DIRECTION ( 'NONE',  ( 0.3236155771181871700, 0.3236155771181871700, 0.8891264907159864800 ) ) ;
#126 = ORIENTED_EDGE ( 'NONE', *, *, #10, .T. ) ;
#127 = ADVANCED_FACE ( 'NONE', ( #259 ), #112, .T. ) ;
#128 = EDGE_LOOP ( 'NONE', ( #1, #3090, #2089, #2853 ) ) ;
#129 = VECTOR ( 'NONE', #4055, 1000.000000000000000 ) ;
#130 = CARTESIAN_POINT ( 'NONE',  ( -3.000000000000000900, 0.3999999999999999100, -6.999999999999964500 ) ) ;
#131 = EDGE_CURVE ( 'NONE', #3523, #1840, #2144, .T. ) ;
#132 = EDGE_CURVE ( 'NONE', #1794, #4231, #4100, .T. ) ;
#133 = CONTEXT_DEPENDENT_SHAPE_REPRESENTATION ( #1703, #4102 ) ;
#134 = ORIENTED_EDGE ( 'NONE', *, *, #2194, .T. ) ;
#135 = LINE ( 'NONE', #356, #3598 ) ;
#136 = CARTESIAN_POINT ( 'NONE',  ( 4.069999999999999400, 4.094999999999999800, 0.8499999999999908700 ) ) ;
#137 = DIRECTION ( 'NONE',  ( 0.0000000000000000000, -1.000000000000000000, 0.0000000000000000000 ) ) ;
#138 = DIRECTION ( 'NONE',  ( -1.000000000000000000, 0.0000000000000000000, 0.0000000000000000000 ) ) ;
#139 = CARTESIAN_POINT ( 'NONE',  ( 4.499999999999999100, 0.0000000000000000000, -5.999999999999964500 ) ) ;
#140 = EDGE_CURVE ( 'NONE', #1262, #820, #2989, .T. ) ;
#141 = CARTESIAN_POINT ( 'NONE',  ( 5.299999999999999800, 2.549999999999999800, -11.49999999999999600 ) ) ;
#142 = LINE ( 'NONE', #3036, #953 ) ;
#143 = ORIENTED_EDGE ( 'NONE', *, *, #1510, .T. ) ;
#144 = AXIS2_PLACEMENT_3D ( 'NONE', #260, #2695, #1986 ) ;
#145 = CARTESIAN_POINT ( 'NONE',  ( 5.349999999999999600, 4.275000000000021700, -4.700000000000000200 ) ) ;
#146 = VECTOR ( 'NONE', #371, 1000.000000000000000 ) ;
#147 = VECTOR ( 'NONE', #1788, 1000.000000000000000 ) ;
#148 = EDGE_CURVE ( 'NONE', #2636, #1272, #1553, .T. ) ;
#149 = DIRECTION ( 'NONE',  ( -0.0000000000000000000, 1.000000000000000000, -0.0000000000000000000 ) ) ;
#150 = UNCERTAINTY_MEASURE_WITH_UNIT (LENGTH_MEASURE( 1.000000000000000100E-005 ), #926, 'distance_accuracy_value', 'NONE');
#151 = ORIENTED_EDGE ( 'NONE', *, *, #3340, .F. ) ;
#152 = LINE ( 'NONE', #1410, #4379 ) ;
#153 = VECTOR ( 'NONE', #3179, 1000.000000000000000 ) ;
#154 = DIRECTION ( 'NONE',  ( -1.000000000000000000, 0.0000000000000000000, -0.0000000000000000000 ) ) ;
#155 = ORIENTED_EDGE ( 'NONE', *, *, #4440, .T. ) ;
#156 = DIRECTION ( 'NONE',  ( -0.0000000000000000000, 1.000000000000000000, -0.0000000000000000000 ) ) ;
#157 = CARTESIAN_POINT ( 'NONE',  ( -4.250000000000001800, 1.301022143997296400, -0.4690598923241183800 ) ) ;
#158 = DIRECTION ( 'NONE',  ( 0.3236155771181851700, 0.8891264907159882600, -0.3236155771181845600 ) ) ;
#159 = DIRECTION ( 'NONE',  ( -0.0000000000000000000, -0.0000000000000000000, 1.000000000000000000 ) ) ;
#160 = EDGE_LOOP ( 'NONE', ( #4468, #1370, #4287, #3144 ) ) ;
#161 = VECTOR ( 'NONE', #1170, 1000.000000000000000 ) ;
#162 = EDGE_CURVE ( 'NONE', #4265, #781, #533, .T. ) ;
#163 = DIRECTION ( 'NONE',  ( 0.0000000000000000000, 0.0000000000000000000, -1.000000000000000000 ) ) ;
#164 =( NAMED_UNIT ( * ) PLANE_ANGLE_UNIT ( ) SI_UNIT ( $, .RADIAN. ) );
#165 =( NAMED_UNIT ( * ) PLANE_ANGLE_UNIT ( ) SI_UNIT ( $, .RADIAN. ) );
#166 = LINE ( 'NONE', #4210, #2833 ) ;
#167 = EDGE_CURVE ( 'NONE', #1045, #2181, #2482, .T. ) ;
#168 = PLANE ( 'NONE',  #29 ) ;
#169 = DIRECTION ( 'NONE',  ( -1.000000000000000000, 0.0000000000000000000, 0.0000000000000000000 ) ) ;
#170 = CARTESIAN_POINT ( 'NONE',  ( 6.200000000000000200, 0.0000000000000000000, 0.0000000000000000000 ) ) ;
#171 = FACE_OUTER_BOUND ( 'NONE', #1405, .T. ) ;
#172 = AXIS2_PLACEMENT_3D ( 'NONE', #802, #2547, #2217 ) ;
#173 = ORIENTED_EDGE ( 'NONE', *, *, #946, .F. ) ;
#174 = DIRECTION ( 'NONE',  ( 0.0000000000000000000, 0.0000000000000000000, -1.000000000000000000 ) ) ;
#175 = VERTEX_POINT ( 'NONE', #2274 ) ;
#176 = ORIENTED_EDGE ( 'NONE', *, *, #1895, .T. ) ;
#177 = ADVANCED_FACE ( 'NONE', ( #2313 ), #425, .T. ) ;
#178 = ORIENTED_EDGE ( 'NONE', *, *, #1400, .T. ) ;
#179 = PLANE ( 'NONE',  #4283 ) ;
#180 = EDGE_LOOP ( 'NONE', ( #3319, #2163, #4176, #3563 ) ) ;
#181 = VECTOR ( 'NONE', #4337, 1000.000000000000000 ) ;
#182 = ADVANCED_FACE ( 'NONE', ( #595 ), #4434, .T. ) ;
#183 = FACE_OUTER_BOUND ( 'NONE', #2997, .T. ) ;
#184 = DIRECTION ( 'NONE',  ( 1.000000000000000000, -0.0000000000000000000, -0.0000000000000000000 ) ) ;
#185 = ORIENTED_EDGE ( 'NONE', *, *, #1562, .T. ) ;
#186 = ORIENTED_EDGE ( 'NONE', *, *, #4217, .T. ) ;
#187 = VECTOR ( 'NONE', #1468, 1000.000000000000000 ) ;
#188 = CARTESIAN_POINT ( 'NONE',  ( 3.550000000000000300, 1.301022143997296400, -3.699999999999993100 ) ) ;
#189 = ORIENTED_EDGE ( 'NONE', *, *, #974, .F. ) ;
#190 = DIRECTION ( 'NONE',  ( 1.000000000000000000, -0.0000000000000000000, -0.0000000000000000000 ) ) ;
#191 = VERTEX_POINT ( 'NONE', #1334 ) ;
#192 = EDGE_CURVE ( 'NONE', #384, #1696, #4047, .T. ) ;
#193 = LINE ( 'NONE', #610, #3770 ) ;
#194 = EDGE_CURVE ( 'NONE', #920, #4232, #4378, .T. ) ;
#195 = ORIENTED_EDGE ( 'NONE', *, *, #1859, .F. ) ;
#196 = DIRECTION ( 'NONE',  ( 1.000000000000000000, 0.0000000000000000000, 0.0000000000000000000 ) ) ;
#197 = ORIENTED_EDGE ( 'NONE', *, *, #1584, .F. ) ;
#198 = DIRECTION ( 'NONE',  ( 0.0000000000000000000, 0.0000000000000000000, 1.000000000000000000 ) ) ;
#199 = VECTOR ( 'NONE', #487, 1000.000000000000000 ) ;
#200 = DIRECTION ( 'NONE',  ( -1.000000000000000000, -0.0000000000000000000, -0.0000000000000000000 ) ) ;
#201 = EDGE_CURVE ( 'NONE', #419, #294, #4260, .T. ) ;
#202 = DIRECTION ( 'NONE',  ( -0.0000000000000000000, 1.000000000000000000, -0.0000000000000000000 ) ) ;
#203 = CARTESIAN_POINT ( 'NONE',  ( 6.200000000000000200, 0.0000000000000000000, -6.999999999999964500 ) ) ;
#204 = LINE ( 'NONE', #1074, #3778 ) ;
#205 = ORIENTED_EDGE ( 'NONE', *, *, #3532, .F. ) ;
#206 = LINE ( 'NONE', #3371, #3672 ) ;
#207 = AXIS2_PLACEMENT_3D ( 'NONE', #1567, #2285, #3605 ) ;
#208 = CARTESIAN_POINT ( 'NONE',  ( -0.9299999999999998300, 4.094999999999999800, -9.400000000000000400 ) ) ;
#209 = DIRECTION ( 'NONE',  ( -0.4999999999999933400, 0.0000000000000000000, -0.8660254037844424800 ) ) ;
#210 = LINE ( 'NONE', #2727, #1765 ) ;
#211 = CARTESIAN_POINT ( 'NONE',  ( 3.750000000000000400, 2.775000000000000800, 0.8499999999999914300 ) ) ;
#212 = FACE_OUTER_BOUND ( 'NONE', #2183, .T. ) ;
#213 = ADVANCED_FACE ( 'NONE', ( #1293 ), #3737, .T. ) ;
#214 = ADVANCED_FACE ( 'NONE', ( #1065 ), #1309, .F. ) ;
#215 = DIRECTION ( 'NONE',  ( 0.0000000000000000000, 0.0000000000000000000, 1.000000000000000000 ) ) ;
#216 = CARTESIAN_POINT ( 'NONE',  ( 0.0000000000000000000, 0.0000000000000000000, 0.0000000000000000000 ) ) ;
#217 = VERTEX_POINT ( 'NONE', #3432 ) ;
#218 = FACE_OUTER_BOUND ( 'NONE', #580, .T. ) ;
#219 = VERTEX_POINT ( 'NONE', #8 ) ;
#220 = CARTESIAN_POINT ( 'NONE',  ( 2.999999999999998200, 0.0000000000000000000, -5.999999999999964500 ) ) ;
#221 = EDGE_CURVE ( 'NONE', #2026, #4303, #1507, .T. ) ;
#222 = DIRECTION ( 'NONE',  ( 0.0000000000000000000, 0.0000000000000000000, 1.000000000000000000 ) ) ;
#223 = LINE ( 'NONE', #771, #1306 ) ;
#224 = DIRECTION ( 'NONE',  ( 0.0000000000000000000, 1.000000000000000000, 8.163404592832033600E-015 ) ) ;
#225 = EDGE_CURVE ( 'NONE', #419, #3560, #1391, .T. ) ;
#226 = DIRECTION ( 'NONE',  ( -0.0000000000000000000, 1.000000000000000000, -0.0000000000000000000 ) ) ;
#227 = AXIS2_PLACEMENT_3D ( 'NONE', #1886, #4297, #2588 ) ;
#228 = DIRECTION ( 'NONE',  ( 1.000000000000000000, -0.0000000000000000000, -0.0000000000000000000 ) ) ;
#229 = ADVANCED_FACE ( 'NONE', ( #706 ), #1087, .T. ) ;
#230 = CARTESIAN_POINT ( 'NONE',  ( 5.299999999999999800, 0.0000000000000000000, 0.0000000000000000000 ) ) ;
#231 = ORIENTED_EDGE ( 'NONE', *, *, #56, .T. ) ;
#232 = PLANE ( 'NONE',  #1819 ) ;
#233 = VERTEX_POINT ( 'NONE', #1726 ) ;
#234 = VERTEX_POINT ( 'NONE', #3176 ) ;
#235 = AXIS2_PLACEMENT_3D ( 'NONE', #1254, #4012, #1303 ) ;
#236 = CARTESIAN_POINT ( 'NONE',  ( 3.429999999999999700, -1.087878387081807200, 1.449999999999991300 ) ) ;
#237 = ORIENTED_EDGE ( 'NONE', *, *, #3317, .T. ) ;
#238 = VERTEX_POINT ( 'NONE', #4146 ) ;
#239 = CYLINDRICAL_SURFACE ( 'NONE', #3884, 0.7200000000000009700 ) ;
#240 = VERTEX_POINT ( 'NONE', #3520 ) ;
#241 = DIRECTION ( 'NONE',  ( -1.000000000000000000, 0.0000000000000000000, 0.0000000000000000000 ) ) ;
#242 = ORIENTED_EDGE ( 'NONE', *, *, #2138, .F. ) ;
#243 = VECTOR ( 'NONE', #2693, 1000.000000000000100 ) ;
#244 = ORIENTED_EDGE ( 'NONE', *, *, #4288, .T. ) ;
#245 = CARTESIAN_POINT ( 'NONE',  ( 3.429999999999999700, -2.987878387081803800, 1.529999999999990900 ) ) ;
#246 = ORIENTED_EDGE ( 'NONE', *, *, #1470, .T. ) ;
#247 = VECTOR ( 'NONE', #3567, 1000.000000000000000 ) ;
#248 = EDGE_LOOP ( 'NONE', ( #4195, #3224, #2751, #993 ) ) ;
#249 = VERTEX_POINT ( 'NONE', #1424 ) ;
#250 = EDGE_CURVE ( 'NONE', #4003, #3914, #3366, .T. ) ;
#251 = CARTESIAN_POINT ( 'NONE',  ( -4.250000000000001800, 5.275000000000011000, 0.0000000000000000000 ) ) ;
#252 = FACE_OUTER_BOUND ( 'NONE', #3932, .T. ) ;
#253 = ORIENTED_EDGE ( 'NONE', *, *, #4390, .F. ) ;
#254 = CARTESIAN_POINT ( 'NONE',  ( 3.429999999999999700, -2.987878387081807300, 1.529999999999989600 ) ) ;
#255 = DIRECTION ( 'NONE',  ( -1.000000000000000000, 0.0000000000000000000, 0.0000000000000000000 ) ) ;
#256 = ADVANCED_FACE ( 'NONE', ( #1387 ), #1408, .F. ) ;
#257 = EDGE_CURVE ( 'NONE', #1374, #3990, #3143, .T. ) ;
#258 = PRESENTATION_STYLE_ASSIGNMENT (( #1496 ) ) ;
#259 = FACE_OUTER_BOUND ( 'NONE', #160, .T. ) ;
#260 = CARTESIAN_POINT ( 'NONE',  ( 4.069999999999999400, 4.094999999999999800, -9.400000000000000400 ) ) ;
#261 = AXIS2_PLACEMENT_3D ( 'NONE', #844, #4284, #1565 ) ;
#262 = DIRECTION ( 'NONE',  ( -0.0000000000000000000, 0.0000000000000000000, 1.000000000000000000 ) ) ;
#263 = FACE_OUTER_BOUND ( 'NONE', #779, .T. ) ;
#264 = EDGE_LOOP ( 'NONE', ( #1227, #4236, #2572, #1098 ) ) ;
#265 = AXIS2_PLACEMENT_3D ( 'NONE', #3662, #2622, #2972 ) ;
#266 = PRODUCT_DEFINITION_SHAPE ( 'NONE', 'NONE',  #4484 ) ;
#267 = FACE_OUTER_BOUND ( 'NONE', #2390, .T. ) ;
#268 = VECTOR ( 'NONE', #2239, 1000.000000000000000 ) ;
#269 = EDGE_CURVE ( 'NONE', #2522, #1172, #2714, .T. ) ;
#270 = VERTEX_POINT ( 'NONE', #3467 ) ;
#271 = CARTESIAN_POINT ( 'NONE',  ( 3.429999999999999700, 2.775000000000000800, 0.8499999999999914300 ) ) ;
#272 = ORIENTED_EDGE ( 'NONE', *, *, #818, .F. ) ;
#273 = CARTESIAN_POINT ( 'NONE',  ( -4.250000000000001800, 6.100000000000000500, 0.0000000000000000000 ) ) ;
#274 = MANIFOLD_SOLID_BREP ( 'LPattern1', #75 ) ;
#275 = AXIS2_PLACEMENT_3D ( 'NONE', #2645, #209, #2218 ) ;
#276 = CARTESIAN_POINT ( 'NONE',  ( 3.429999999999999700, 3.454999999999999600, -5.137878387081817000 ) ) ;
#277 = DIRECTION ( 'NONE',  ( 1.000000000000000000, 0.0000000000000000000, -0.0000000000000000000 ) ) ;
#278 = ORIENTED_EDGE ( 'NONE', *, *, #1206, .F. ) ;
#279 = AXIS2_PLACEMENT_3D ( 'NONE', #3734, #2310, #1283 ) ;
#280 = ORIENTED_EDGE ( 'NONE', *, *, #4310, .T. ) ;
#281 = DIRECTION ( 'NONE',  ( 0.0000000000000000000, 1.000000000000000000, -0.0000000000000000000 ) ) ;
#282 = DIRECTION ( 'NONE',  ( 0.0000000000000000000, -0.0000000000000000000, 1.000000000000000000 ) ) ;
#283 = EDGE_CURVE ( 'NONE', #4304, #1797, #2719, .T. ) ;
#284 = EDGE_CURVE ( 'NONE', #2204, #852, #4051, .T. ) ;
#285 = CARTESIAN_POINT ( 'NONE',  ( -4.250000000000001800, 1.301022143997296400, 0.0000000000000000000 ) ) ;
#286 = CARTESIAN_POINT ( 'NONE',  ( 3.429999999999999700, 2.775000000000000800, 0.8499999999999914300 ) ) ;
#287 = ORIENTED_EDGE ( 'NONE', *, *, #3148, .F. ) ;
#288 = EDGE_CURVE ( 'NONE', #4482, #963, #649, .T. ) ;
#289 = ORIENTED_EDGE ( 'NONE', *, *, #758, .F. ) ;
#290 = AXIS2_PLACEMENT_3D ( 'NONE', #2430, #2824, #2102 ) ;
#291 = CARTESIAN_POINT ( 'NONE',  ( -3.000000000000000900, 0.0000000000000000000, -5.999999999999964500 ) ) ;
#292 = VERTEX_POINT ( 'NONE', #3486 ) ;
#293 = PLANE ( 'NONE',  #3321 ) ;
#294 = VERTEX_POINT ( 'NONE', #2479 ) ;
#295 = ORIENTED_EDGE ( 'NONE', *, *, #1864, .F. ) ;
#296 = LINE ( 'NONE', #4024, #2745 ) ;
#297 = CARTESIAN_POINT ( 'NONE',  ( 4.069999999999999400, 2.775000000000000800, 0.8499999999999914300 ) ) ;
#298 = PRESENTATION_LAYER_ASSIGNMENT (  '', '', ( #4462 ) ) ;
#299 = PRODUCT ( 'pin^SxB-XH-A-1(LF)(SN)', 'pin^SxB-XH-A-1(LF)(SN)', '', ( #1398 ) ) ;
#300 = ORIENTED_EDGE ( 'NONE', *, *, #732, .F. ) ;
#301 = DIRECTION ( 'NONE',  ( -1.000000000000000000, 0.0000000000000000000, -0.0000000000000000000 ) ) ;
#302 = ADVANCED_FACE ( 'NONE', ( #2658 ), #3133, .F. ) ;
#303 = VERTEX_POINT ( 'NONE', #377 ) ;
#304 = FACE_OUTER_BOUND ( 'NONE', #1139, .T. ) ;
#305 = PLANE ( 'NONE',  #1782 ) ;
#306 = EDGE_LOOP ( 'NONE', ( #2847, #1052, #1225, #3361 ) ) ;
#307 = FACE_OUTER_BOUND ( 'NONE', #2738, .T. ) ;
#308 = CARTESIAN_POINT ( 'NONE',  ( 3.429999999999999700, 4.094999999999999800, -4.700000000000000200 ) ) ;
#309 = CARTESIAN_POINT ( 'NONE',  ( 1.570000000000000300, 3.454999999999999600, -4.700000000000000200 ) ) ;
#310 = LINE ( 'NONE', #1844, #2867 ) ;
#311 = VECTOR ( 'NONE', #815, 1000.000000000000000 ) ;
#312 = EDGE_CURVE ( 'NONE', #334, #3083, #3457, .T. ) ;
#313 = CARTESIAN_POINT ( 'NONE',  ( -0.5000000000000008900, 0.0000000000000000000, -6.999999999999964500 ) ) ;
#314 = LINE ( 'NONE', #2454, #1341 ) ;
#315 = VECTOR ( 'NONE', #4063, 1000.000000000000000 ) ;
#316 = VECTOR ( 'NONE', #1368, 1000.000000000000000 ) ;
#317 = ORIENTED_EDGE ( 'NONE', *, *, #1925, .T. ) ;
#318 = EDGE_CURVE ( 'NONE', #2175, #2455, #3827, .T. ) ;
#319 = DIRECTION ( 'NONE',  ( -0.0000000000000000000, 1.000000000000000000, -0.0000000000000000000 ) ) ;
#320 = DIRECTION ( 'NONE',  ( 0.0000000000000000000, -0.3735499670562319500, 0.9276100592987810400 ) ) ;
#321 = VECTOR ( 'NONE', #1190, 1000.000000000000000 ) ;
#322 =( REPRESENTATION_RELATIONSHIP ('NONE','NONE', #1207, #2794 ) REPRESENTATION_RELATIONSHIP_WITH_TRANSFORMATION ( #4369 )SHAPE_REPRESENTATION_RELATIONSHIP( ) );
#323 = LINE ( 'NONE', #4345, #4321 ) ;
#324 = DIRECTION ( 'NONE',  ( 0.0000000000000000000, -0.9276100592987810400, -0.3735499670562316100 ) ) ;
#325 = DIRECTION ( 'NONE',  ( 1.000000000000000000, 0.0000000000000000000, 0.0000000000000000000 ) ) ;
#326 = AXIS2_PLACEMENT_3D ( 'NONE', #1958, #1926, #2276 ) ;
#327 = DIRECTION ( 'NONE',  ( -1.000000000000000000, 0.0000000000000000000, 0.0000000000000000000 ) ) ;
#328 = CARTESIAN_POINT ( 'NONE',  ( -4.250000000000001800, 5.275000000000011000, -0.9309401076758561100 ) ) ;
#329 = CYLINDRICAL_SURFACE ( 'NONE', #3285, 0.1000000000000236800 ) ;
#330 = ORIENTED_EDGE ( 'NONE', *, *, #3966, .F. ) ;
#331 = ORIENTED_EDGE ( 'NONE', *, *, #3257, .T. ) ;
#332 = CARTESIAN_POINT ( 'NONE',  ( 1.999999999999999100, 4.094999999999999800, -5.999999999999964500 ) ) ;
#333 = CARTESIAN_POINT ( 'NONE',  ( 4.069999999999999400, 2.774999999999999500, 1.529999999999990000 ) ) ;
#334 = VERTEX_POINT ( 'NONE', #831 ) ;
#335 = DIRECTION ( 'NONE',  ( 0.3236155771181871700, -0.3236155771181871700, -0.8891264907159864800 ) ) ;
#336 = PLANE ( 'NONE',  #2531 ) ;
#337 = DIRECTION ( 'NONE',  ( 1.000000000000000000, 0.0000000000000000000, 0.0000000000000000000 ) ) ;
#338 = SURFACE_STYLE_USAGE ( .BOTH. , #3816 ) ;
#339 = EDGE_CURVE ( 'NONE', #3113, #3360, #3300, .T. ) ;
#340 = ORIENTED_EDGE ( 'NONE', *, *, #946, .T. ) ;
#341 = AXIS2_PLACEMENT_3D ( 'NONE', #969, #1015, #1333 ) ;
#342 = VERTEX_POINT ( 'NONE', #3907 ) ;
#343 = ADVANCED_FACE ( 'NONE', ( #1980 ), #2015, .T. ) ;
#344 = ORIENTED_EDGE ( 'NONE', *, *, #847, .F. ) ;
#345 = DIRECTION ( 'NONE',  ( 0.0000000000000000000, -0.0000000000000000000, 1.000000000000000000 ) ) ;
#346 = EDGE_CURVE ( 'NONE', #334, #1794, #1267, .T. ) ;
#347 = ORIENTED_EDGE ( 'NONE', *, *, #642, .T. ) ;
#348 = LINE ( 'NONE', #3351, #456 ) ;
#349 = LINE ( 'NONE', #2780, #1793 ) ;
#350 = ORIENTED_EDGE ( 'NONE', *, *, #978, .F. ) ;
#351 = AXIS2_PLACEMENT_3D ( 'NONE', #4185, #2117, #2478 ) ;
#352 = DIRECTION ( 'NONE',  ( 0.0000000000000000000, -0.3735499670562316700, 0.9276100592987811500 ) ) ;
#353 = ORIENTED_EDGE ( 'NONE', *, *, #3740, .F. ) ;
#354 = PLANE ( 'NONE',  #3048 ) ;
#355 = CIRCLE ( 'NONE', #3483, 0.6799999999999987200 ) ;
#356 = CARTESIAN_POINT ( 'NONE',  ( -6.200000000000000200, 0.0000000000000000000, 0.0000000000000000000 ) ) ;
#357 = DIRECTION ( 'NONE',  ( 0.0000000000000000000, -0.0000000000000000000, -1.000000000000000000 ) ) ;
#358 = LINE ( 'NONE', #1423, #3140 ) ;
#359 = CARTESIAN_POINT ( 'NONE',  ( 4.069999999999999400, -3.399999999999999000, 1.529999999999990900 ) ) ;
#360 = CARTESIAN_POINT ( 'NONE',  ( 3.429999999999999700, -2.987878387081803800, 2.169999999999991000 ) ) ;
#361 = CARTESIAN_POINT ( 'NONE',  ( 4.069999999999999400, -2.887878387081806800, 1.449999999999991300 ) ) ;
#362 = VECTOR ( 'NONE', #2273, 1000.000000000000000 ) ;
#363 = ADVANCED_FACE ( 'NONE', ( #621 ), #329, .F. ) ;
#364 = CYLINDRICAL_SURFACE ( 'NONE', #2605, 0.6999999999999914100 ) ;
#365 = VERTEX_POINT ( 'NONE', #1792 ) ;
#366 = FACE_OUTER_BOUND ( 'NONE', #1135, .T. ) ;
#367 = VERTEX_POINT ( 'NONE', #1106 ) ;
#368 = VERTEX_POINT ( 'NONE', #1127 ) ;
#369 = ADVANCED_FACE ( 'NONE', ( #1951 ), #1151, .T. ) ;
#370 = PLANE ( 'NONE',  #1246 ) ;
#371 = DIRECTION ( 'NONE',  ( -1.000000000000000000, 0.0000000000000000000, 0.0000000000000000000 ) ) ;
#372 = EDGE_CURVE ( 'NONE', #3724, #3947, #3166, .T. ) ;
#373 = FACE_OUTER_BOUND ( 'NONE', #3536, .T. ) ;
#374 = FACE_OUTER_BOUND ( 'NONE', #1816, .T. ) ;
#375 = DIRECTION ( 'NONE',  ( -0.0000000000000000000, 1.000000000000000000, -0.0000000000000000000 ) ) ;
#376 = CARTESIAN_POINT ( 'NONE',  ( 5.349999999999998800, 1.225000000000037600, 0.0000000000000000000 ) ) ;
#377 = CARTESIAN_POINT ( 'NONE',  ( 4.069999999999999400, 2.774999999999998600, 2.169999999999990200 ) ) ;
#378 = EDGE_CURVE ( 'NONE', #3757, #3523, #3964, .T. ) ;
#379 = DIRECTION ( 'NONE',  ( 1.000000000000000000, -0.0000000000000000000, 5.782411586589432600E-016 ) ) ;
#380 = CARTESIAN_POINT ( 'NONE',  ( 4.250000000000003600, 1.301022143997296400, -2.999999999999990200 ) ) ;
#381 = EDGE_LOOP ( 'NONE', ( #383, #786, #2347, #2462 ) ) ;
#382 = AXIS2_PLACEMENT_3D ( 'NONE', #3941, #1166, #119 ) ;
#383 = ORIENTED_EDGE ( 'NONE', *, *, #3340, .T. ) ;
#384 = VERTEX_POINT ( 'NONE', #1517 ) ;
#385 = LINE ( 'NONE', #1870, #3629 ) ;
#386 = CARTESIAN_POINT ( 'NONE',  ( 3.429999999999999700, -2.987878387081803800, 2.169999999999991000 ) ) ;
#387 = CARTESIAN_POINT ( 'NONE',  ( 6.200000000000000200, 4.275000000000019900, -1.224646799147337900E-016 ) ) ;
#388 = ADVANCED_FACE ( 'NONE', ( #57 ), #3569, .F. ) ;
#389 = AXIS2_PLACEMENT_3D ( 'NONE', #3822, #2060, #345 ) ;
#390 = CARTESIAN_POINT ( 'NONE',  ( 6.200000000000000200, 6.100000000000000500, 0.0000000000000000000 ) ) ;
#391 = DIRECTION ( 'NONE',  ( 1.000000000000000000, -0.0000000000000000000, -0.0000000000000000000 ) ) ;
#392 = ADVANCED_FACE ( 'NONE', ( #3524 ), #63, .F. ) ;
#393 = DIRECTION ( 'NONE',  ( -1.000000000000000000, -0.0000000000000000000, -0.0000000000000000000 ) ) ;
#394 = ORIENTED_EDGE ( 'NONE', *, *, #318, .T. ) ;
#395 = EDGE_CURVE ( 'NONE', #118, #3924, #3899, .T. ) ;
#396 = DIRECTION ( 'NONE',  ( 0.0000000000000000000, 0.0000000000000000000, 1.000000000000000000 ) ) ;
#397 = CARTESIAN_POINT ( 'NONE',  ( 6.200000000000000200, 5.275000000000011000, 9.629649721936179300E-032 ) ) ;
#398 = EDGE_LOOP ( 'NONE', ( #941, #3918, #20, #3182 ) ) ;
#399 = ORIENTED_EDGE ( 'NONE', *, *, #3449, .T. ) ;
#400 = CARTESIAN_POINT ( 'NONE',  ( 4.069999999999999400, 2.774999999999999500, 1.529999999999990000 ) ) ;
#401 = CARTESIAN_POINT ( 'NONE',  ( -4.500000000000001800, 0.0000000000000000000, -5.999999999999964500 ) ) ;
#402 = EDGE_CURVE ( 'NONE', #3433, #368, #663, .T. ) ;
#403 = UNCERTAINTY_MEASURE_WITH_UNIT (LENGTH_MEASURE( 1.000000000000000100E-005 ), #3916, 'distance_accuracy_value', 'NONE');
#404 = ORIENTED_EDGE ( 'NONE', *, *, #3399, .F. ) ;
#405 = VECTOR ( 'NONE', #3323, 1000.000000000000000 ) ;
#406 = VECTOR ( 'NONE', #2789, 1000.000000000000000 ) ;
#407 = LINE ( 'NONE', #3165, #2526 ) ;
#408 = ORIENTED_EDGE ( 'NONE', *, *, #3099, .F. ) ;
#409 = CARTESIAN_POINT ( 'NONE',  ( 4.250000000000003600, 6.100000000000000500, -0.4690598923241195400 ) ) ;
#410 = ADVANCED_FACE ( 'NONE', ( #3005 ), #1849, .F. ) ;
#411 = VERTEX_POINT ( 'NONE', #3213 ) ;
#412 = ORIENTED_EDGE ( 'NONE', *, *, #4022, .F. ) ;
#413 = VECTOR ( 'NONE', #159, 1000.000000000000000 ) ;
#414 = ORIENTED_EDGE ( 'NONE', *, *, #1179, .F. ) ;
#415 = ORIENTED_EDGE ( 'NONE', *, *, #2099, .T. ) ;
#416 = DIRECTION ( 'NONE',  ( -0.0000000000000000000, -1.000000000000000000, -0.0000000000000000000 ) ) ;
#417 = DIRECTION ( 'NONE',  ( -0.0000000000000000000, 0.0000000000000000000, 1.000000000000000000 ) ) ;
#418 = AXIS2_PLACEMENT_3D ( 'NONE', #203, #4301, #527 ) ;
#419 = VERTEX_POINT ( 'NONE', #1462 ) ;
#420 = ADVANCED_FACE ( 'NONE', ( #1514 ), #2507, .F. ) ;
#421 = FACE_OUTER_BOUND ( 'NONE', #1442, .T. ) ;
#422 = EDGE_LOOP ( 'NONE', ( #3406, #2781, #3978, #353 ) ) ;
#423 = ORIENTED_EDGE ( 'NONE', *, *, #974, .T. ) ;
#424 = CARTESIAN_POINT ( 'NONE',  ( 0.0000000000000000000, 3.944999999999999000, -5.550000000000008700 ) ) ;
#425 = PLANE ( 'NONE',  #1089 ) ;
#426 = CIRCLE ( 'NONE', #1881, 0.7199999999999979700 ) ;
#427 = FACE_OUTER_BOUND ( 'NONE', #4246, .T. ) ;
#428 = LINE ( 'NONE', #2418, #4255 ) ;
#429 = DIRECTION ( 'NONE',  ( 0.0000000000000000000, 0.0000000000000000000, -1.000000000000000000 ) ) ;
#430 = ORIENTED_EDGE ( 'NONE', *, *, #2130, .T. ) ;
#431 = PRESENTATION_STYLE_ASSIGNMENT (( #1910 ) ) ;
#432 = DIRECTION ( 'NONE',  ( 0.0000000000000000000, 0.0000000000000000000, 1.000000000000000000 ) ) ;
#433 = ORIENTED_EDGE ( 'NONE', *, *, #973, .T. ) ;
#434 = EDGE_CURVE ( 'NONE', #3405, #191, #54, .T. ) ;
#435 = CARTESIAN_POINT ( 'NONE',  ( 2.999999999999998200, 0.4000000000000000200, 0.0000000000000000000 ) ) ;
#436 = EDGE_CURVE ( 'NONE', #1256, #3680, #1463, .T. ) ;
#437 = ORIENTED_EDGE ( 'NONE', *, *, #1088, .T. ) ;
#438 = LINE ( 'NONE', #4215, #406 ) ;
#439 = VECTOR ( 'NONE', #4194, 1000.000000000000000 ) ;
#440 = EDGE_CURVE ( 'NONE', #2066, #270, #2440, .T. ) ;
#441 = DIRECTION ( 'NONE',  ( 1.000000000000000000, 0.0000000000000000000, 0.0000000000000000000 ) ) ;
#442 = CARTESIAN_POINT ( 'NONE',  ( 4.149999999999994100, 6.100000000000000500, -0.6999999999999883000 ) ) ;
#443 = DIRECTION ( 'NONE',  ( -1.000000000000000000, 0.0000000000000000000, 0.0000000000000000000 ) ) ;
#444 = CARTESIAN_POINT ( 'NONE',  ( -4.500000000000001800, 6.100000000000000500, -6.999999999999964500 ) ) ;
#445 = ORIENTED_EDGE ( 'NONE', *, *, #3642, .F. ) ;
#446 =( GEOMETRIC_REPRESENTATION_CONTEXT ( 3 ) GLOBAL_UNCERTAINTY_ASSIGNED_CONTEXT ( ( #1856 ) ) GLOBAL_UNIT_ASSIGNED_CONTEXT ( ( #3580, #1512, #3247 ) ) REPRESENTATION_CONTEXT ( 'NONE', 'WORKASPACE' ) );
#447 = DIRECTION ( 'NONE',  ( 0.0000000000000000000, 1.000000000000000000, 0.0000000000000000000 ) ) ;
#448 = PLANE ( 'NONE',  #1471 ) ;
#449 = CARTESIAN_POINT ( 'NONE',  ( 5.299999999999999800, 5.148076211353326500, -6.999999999999987600 ) ) ;
#450 = ORIENTED_EDGE ( 'NONE', *, *, #1591, .T. ) ;
#451 = ORIENTED_EDGE ( 'NONE', *, *, #555, .T. ) ;
#452 = EDGE_CURVE ( 'NONE', #4133, #3493, #2497, .T. ) ;
#453 = EDGE_CURVE ( 'NONE', #116, #852, #2164, .T. ) ;
#454 = ORIENTED_EDGE ( 'NONE', *, *, #1639, .F. ) ;
#455 = ORIENTED_EDGE ( 'NONE', *, *, #2565, .F. ) ;
#456 = VECTOR ( 'NONE', #2675, 1000.000000000000000 ) ;
#457 = ORIENTED_EDGE ( 'NONE', *, *, #4081, .F. ) ;
#458 = DIRECTION ( 'NONE',  ( 1.000000000000000000, 0.0000000000000000000, 0.0000000000000000000 ) ) ;
#459 = CARTESIAN_POINT ( 'NONE',  ( 4.069999999999999400, -2.857994389717310100, 1.524208804743891300 ) ) ;
#460 = DIRECTION ( 'NONE',  ( 1.734723475976390900E-014, 0.0000000000000000000, 1.000000000000000000 ) ) ;
#461 = EDGE_CURVE ( 'NONE', #219, #1583, #385, .T. ) ;
#462 = VECTOR ( 'NONE', #669, 1000.000000000000000 ) ;
#463 = ADVANCED_FACE ( 'NONE', ( #2726 ), #1546, .F. ) ;
#464 = CARTESIAN_POINT ( 'NONE',  ( 4.069999999999999400, 2.774999999999998600, 1.529999999999990000 ) ) ;
#465 = LINE ( 'NONE', #1733, #4188 ) ;
#466 = CARTESIAN_POINT ( 'NONE',  ( 4.149999999999994100, 1.301022143997296400, -0.6999999999999883000 ) ) ;
#467 = VERTEX_POINT ( 'NONE', #1204 ) ;
#468 = VECTOR ( 'NONE', #1534, 1000.000000000000000 ) ;
#469 = AXIS2_PLACEMENT_3D ( 'NONE', #1933, #1909, #4060 ) ;
#470 = FILL_AREA_STYLE_COLOUR ( '', #3779 ) ;
#471 = VECTOR ( 'NONE', #2610, 1000.000000000000000 ) ;
#472 = ORIENTED_EDGE ( 'NONE', *, *, #3282, .T. ) ;
#473 = FACE_BOUND ( 'NONE', #536, .T. ) ;
#474 = CARTESIAN_POINT ( 'NONE',  ( 4.069999999999999400, -2.857994389717309700, 1.524208804743892400 ) ) ;
#475 = CARTESIAN_POINT ( 'NONE',  ( -4.099999999999993400, 1.301022143997296400, -0.6133974596215428000 ) ) ;
#476 = PRODUCT_DEFINITION_SHAPE ( 'NONE', 'NONE',  #4227 ) ;
#477 = LINE ( 'NONE', #1957, #1294 ) ;
#478 = VECTOR ( 'NONE', #1959, 1000.000000000000000 ) ;
#479 = ORIENTED_EDGE ( 'NONE', *, *, #2376, .T. ) ;
#480 = EDGE_CURVE ( 'NONE', #4279, #4405, #3960, .T. ) ;
#481 = CARTESIAN_POINT ( 'NONE',  ( 0.9300000000000002700, 3.454999999999999600, -9.400000000000000400 ) ) ;
#482 = CARTESIAN_POINT ( 'NONE',  ( -4.069999999999999400, 3.454999999999999600, -4.700000000000000200 ) ) ;
#483 = ADVANCED_FACE ( 'NONE', ( #2389 ), #179, .T. ) ;
#484 = ORIENTED_EDGE ( 'NONE', *, *, #3589, .F. ) ;
#485 = DIRECTION ( 'NONE',  ( 0.0000000000000000000, 0.0000000000000000000, 1.000000000000000000 ) ) ;
#486 = EDGE_CURVE ( 'NONE', #1919, #720, #3620, .T. ) ;
#487 = DIRECTION ( 'NONE',  ( 0.0000000000000000000, -1.000000000000000000, 0.0000000000000000000 ) ) ;
#488 = CARTESIAN_POINT ( 'NONE',  ( 4.069999999999999400, -1.117762384446306900, 1.524208804743891800 ) ) ;
#489 = CARTESIAN_POINT ( 'NONE',  ( 4.069999999999999400, -2.256834363362295800, 1.282120757304867600 ) ) ;
#490 = AXIS2_PLACEMENT_3D ( 'NONE', #3170, #2490, #1786 ) ;
#491 = ORIENTED_EDGE ( 'NONE', *, *, #3473, .T. ) ;
#492 = EDGE_CURVE ( 'NONE', #3947, #3640, #640, .T. ) ;
#493 = ORIENTED_EDGE ( 'NONE', *, *, #2458, .T. ) ;
#494 = CARTESIAN_POINT ( 'NONE',  ( -4.250000000000001800, 1.301022143997296400, -2.999999999999989300 ) ) ;
#495 = ORIENTED_EDGE ( 'NONE', *, *, #2798, .T. ) ;
#496 = ORIENTED_EDGE ( 'NONE', *, *, #2229, .F. ) ;
#497 = EDGE_CURVE ( 'NONE', #3022, #219, #508, .T. ) ;
#498 = CARTESIAN_POINT ( 'NONE',  ( 3.429999999999999700, 4.094999999999999800, -5.137878387081817000 ) ) ;
#499 = PLANE ( 'NONE',  #2718 ) ;
#500 = ORIENTED_EDGE ( 'NONE', *, *, #3995, .F. ) ;
#501 = ORIENTED_EDGE ( 'NONE', *, *, #2202, .F. ) ;
#502 = DIRECTION ( 'NONE',  ( -0.0000000000000000000, 1.000000000000000000, -0.0000000000000000000 ) ) ;
#503 = ADVANCED_FACE ( 'NONE', ( #2143 ), #3274, .T. ) ;
#504 = EDGE_LOOP ( 'NONE', ( #3470, #1983, #4149, #1202 ) ) ;
#505 = VERTEX_POINT ( 'NONE', #2215 ) ;
#506 = ORIENTED_EDGE ( 'NONE', *, *, #615, .F. ) ;
#507 = DIRECTION ( 'NONE',  ( 0.0000000000000000000, 1.000000000000000000, -1.404634393503487300E-016 ) ) ;
#508 = LINE ( 'NONE', #1184, #4069 ) ;
#509 = ORIENTED_EDGE ( 'NONE', *, *, #1325, .F. ) ;
#510 = DIRECTION ( 'NONE',  ( 2.141633920959035500E-016, -1.000000000000000000, 0.0000000000000000000 ) ) ;
#511 = ORIENTED_EDGE ( 'NONE', *, *, #4089, .F. ) ;
#512 = DIRECTION ( 'NONE',  ( 0.0000000000000000000, -0.9276100592987810400, -0.3735499670562316700 ) ) ;
#513 = CARTESIAN_POINT ( 'NONE',  ( -6.200000000000000200, 4.575000000000018800, -3.100000000000001900 ) ) ;
#514 = VERTEX_POINT ( 'NONE', #2240 ) ;
#515 = DIRECTION ( 'NONE',  ( 0.0000000000000000000, 0.0000000000000000000, 1.000000000000000000 ) ) ;
#516 = LINE ( 'NONE', #935, #1798 ) ;
#517 = EDGE_CURVE ( 'NONE', #1520, #886, #1676, .T. ) ;
#518 = ORIENTED_EDGE ( 'NONE', *, *, #3259, .T. ) ;
#519 = ORIENTED_EDGE ( 'NONE', *, *, #2852, .F. ) ;
#520 = EDGE_CURVE ( 'NONE', #3906, #81, #1772, .T. ) ;
#521 =( NAMED_UNIT ( * ) SI_UNIT ( $, .STERADIAN. ) SOLID_ANGLE_UNIT ( ) );
#522 = CIRCLE ( 'NONE', #4171, 0.1000000000000000500 ) ;
#523 = EDGE_CURVE ( 'NONE', #4230, #963, #3013, .T. ) ;
#524 = ITEM_DEFINED_TRANSFORMATION ( 'NONE', 'NONE', #1075,  #4172 ) ;
#525 = ORIENTED_EDGE ( 'NONE', *, *, #2463, .T. ) ;
#526 = ORIENTED_EDGE ( 'NONE', *, *, #2620, .T. ) ;
#527 = DIRECTION ( 'NONE',  ( 0.0000000000000000000, -1.000000000000000000, 2.843808977011158800E-015 ) ) ;
#528 = FACE_OUTER_BOUND ( 'NONE', #1213, .T. ) ;
#529 = ORIENTED_EDGE ( 'NONE', *, *, #269, .T. ) ;
#530 = MECHANICAL_DESIGN_GEOMETRIC_PRESENTATION_REPRESENTATION (  '', ( #1069 ), #1624 ) ;
#531 = DIRECTION ( 'NONE',  ( -0.0000000000000000000, 1.000000000000000000, -1.404634393503487300E-016 ) ) ;
#532 = SURFACE_STYLE_FILL_AREA ( #3938 ) ;
#533 = LINE ( 'NONE', #464, #3201 ) ;
#534 = ORIENTED_EDGE ( 'NONE', *, *, #3266, .F. ) ;
#535 = LINE ( 'NONE', #1406, #4101 ) ;
#536 = EDGE_LOOP ( 'NONE', ( #111, #2801, #2982, #3751 ) ) ;
#537 = ORIENTED_EDGE ( 'NONE', *, *, #2908, .F. ) ;
#538 = DIRECTION ( 'NONE',  ( 1.000000000000000000, 0.0000000000000000000, 0.0000000000000000000 ) ) ;
#539 = DIRECTION ( 'NONE',  ( 0.3236155771181851700, 0.8891264907159882600, -0.3236155771181845600 ) ) ;
#540 = CARTESIAN_POINT ( 'NONE',  ( 4.069999999999999400, 3.454999999999999600, -4.700000000000000200 ) ) ;
#541 = ADVANCED_FACE ( 'NONE', ( #2621 ), #4316, .F. ) ;
#542 = LINE ( 'NONE', #74, #961 ) ;
#543 = VERTEX_POINT ( 'NONE', #863 ) ;
#544 = CYLINDRICAL_SURFACE ( 'NONE', #817, 0.08000000000000237500 ) ;
#545 = FACE_OUTER_BOUND ( 'NONE', #1802, .T. ) ;
#546 = PRODUCT_DEFINITION_FORMATION_WITH_SPECIFIED_SOURCE ( 'ANY', '', #718, .NOT_KNOWN. ) ;
#547 = CARTESIAN_POINT ( 'NONE',  ( -2.500000000000000000, 2.393357574997532700E-016, -3.469446951953613600E-017 ) ) ;
#548 = CARTESIAN_POINT ( 'NONE',  ( 3.580000000000000500, 0.0000000000000000000, -5.550000000000008700 ) ) ;
#549 = DIRECTION ( 'NONE',  ( -1.000000000000000000, -0.0000000000000000000, -0.0000000000000000000 ) ) ;
#550 = LINE ( 'NONE', #2981, #3309 ) ;
#551 = CARTESIAN_POINT ( 'NONE',  ( 0.0000000000000000000, 0.4000000000000000200, -5.999999999999964500 ) ) ;
#552 = CARTESIAN_POINT ( 'NONE',  ( 4.069999999999999400, 2.775000000000000800, 2.169999999999990200 ) ) ;
#553 = VECTOR ( 'NONE', #2265, 1000.000000000000000 ) ;
#554 = EDGE_LOOP ( 'NONE', ( #280, #4439, #3846, #1097 ) ) ;
#555 = EDGE_CURVE ( 'NONE', #3560, #2125, #1480, .T. ) ;
#556 = DIRECTION ( 'NONE',  ( 0.0000000000000000000, 0.0000000000000000000, -1.000000000000000000 ) ) ;
#557 = DIRECTION ( 'NONE',  ( -1.000000000000000000, 0.0000000000000000000, 0.0000000000000000000 ) ) ;
#558 = DIRECTION ( 'NONE',  ( 0.0000000000000000000, 1.000000000000000000, 0.0000000000000000000 ) ) ;
#559 = DIRECTION ( 'NONE',  ( 1.000000000000000000, 0.0000000000000000000, 0.0000000000000000000 ) ) ;
#560 = AXIS2_PLACEMENT_3D ( 'NONE', #1731, #60, #1083 ) ;
#561 = ADVANCED_FACE ( 'NONE', ( #2746 ), #1257, .F. ) ;
#562 = CARTESIAN_POINT ( 'NONE',  ( 1.570000000000000300, 4.094999999999999800, -4.700000000000000200 ) ) ;
#563 = ADVANCED_FACE ( 'NONE', ( #183 ), #2656, .F. ) ;
#564 = VERTEX_POINT ( 'NONE', #1952 ) ;
#565 = CARTESIAN_POINT ( 'NONE',  ( -0.9299999999999998300, 3.454999999999999600, -9.400000000000000400 ) ) ;
#566 = ORIENTED_EDGE ( 'NONE', *, *, #4312, .T. ) ;
#567 = LINE ( 'NONE', #1403, #2036 ) ;
#568 = AXIS2_PLACEMENT_3D ( 'NONE', #211, #2298, #222 ) ;
#569 = DIRECTION ( 'NONE',  ( 0.0000000000000000000, 0.0000000000000000000, 1.000000000000000000 ) ) ;
#570 = CARTESIAN_POINT ( 'NONE',  ( -6.200000000000000200, 4.275000000000019900, -1.224646799147337900E-016 ) ) ;
#571 = CARTESIAN_POINT ( 'NONE',  ( -3.348016550993045600E-016, -2.877403471778196200E-015, -5.750000000000008900 ) ) ;
#572 = VERTEX_POINT ( 'NONE', #4031 ) ;
#573 = DIRECTION ( 'NONE',  ( 0.0000000000000000000, -1.000000000000000000, -0.0000000000000000000 ) ) ;
#574 = ORIENTED_EDGE ( 'NONE', *, *, #148, .T. ) ;
#575 = VERTEX_POINT ( 'NONE', #4380 ) ;
#576 = LINE ( 'NONE', #1241, #3087 ) ;
#577 = VECTOR ( 'NONE', #3023, 1000.000000000000000 ) ;
#578 = EDGE_LOOP ( 'NONE', ( #126, #4127, #1426, #3500 ) ) ;
#579 = CARTESIAN_POINT ( 'NONE',  ( -5.349999999999999600, 4.275000000000021700, -4.700000000000000200 ) ) ;
#580 = EDGE_LOOP ( 'NONE', ( #3196, #4408, #4045, #727 ) ) ;
#581 = CARTESIAN_POINT ( 'NONE',  ( 2.999999999999998200, 6.100000000000000500, -5.999999999999964500 ) ) ;
#582 = LINE ( 'NONE', #2829, #2860 ) ;
#583 = VECTOR ( 'NONE', #2768, 1000.000000000000000 ) ;
#584 = DIRECTION ( 'NONE',  ( 0.0000000000000000000, 0.9396926207859073200, 0.3420201433256717100 ) ) ;
#585 = ORIENTED_EDGE ( 'NONE', *, *, #1612, .F. ) ;
#586 = CARTESIAN_POINT ( 'NONE',  ( 4.499999999999999100, 3.454999999999999600, -5.999999999999964500 ) ) ;
#587 = ORIENTED_EDGE ( 'NONE', *, *, #4451, .F. ) ;
#588 = ORIENTED_EDGE ( 'NONE', *, *, #4006, .T. ) ;
#589 = EDGE_CURVE ( 'NONE', #3914, #661, #992, .T. ) ;
#590 = FACE_OUTER_BOUND ( 'NONE', #3653, .T. ) ;
#591 = AXIS2_PLACEMENT_3D ( 'NONE', #2980, #2999, #3644 ) ;
#592 = DIRECTION ( 'NONE',  ( -1.000000000000000000, 0.0000000000000000000, -0.0000000000000000000 ) ) ;
#593 = VERTEX_POINT ( 'NONE', #906 ) ;
#594 =( NAMED_UNIT ( * ) PLANE_ANGLE_UNIT ( ) SI_UNIT ( $, .RADIAN. ) );
#595 = FACE_OUTER_BOUND ( 'NONE', #772, .T. ) ;
#596 = FACE_OUTER_BOUND ( 'NONE', #2517, .T. ) ;
#597 = CARTESIAN_POINT ( 'NONE',  ( 4.069999999999999400, -3.399999999999999000, 1.679999999999991700 ) ) ;
#598 = CARTESIAN_POINT ( 'NONE',  ( 0.9300000000000002700, 3.454999999999999600, -4.700000000000000200 ) ) ;
#599 = LINE ( 'NONE', #940, #2713 ) ;
#600 = EDGE_LOOP ( 'NONE', ( #3496, #2457, #3815, #1332, #2135, #834, #4034, #21, #2235, #408, #412, #496, #1795, #3908, #189, #4097, #445, #2895, #2873, #3710, #2749, #3294, #1121, #3601, #3739, #1805, #17, #3766, #1276, #1550, #2742, #4289, #908, #2683, #2233, #788, #2906, #3345, #4104, #629, #688, #5 ) ) ;
#601 = CIRCLE ( 'NONE', #2630, 0.6999999999999914100 ) ;
#602 = VERTEX_POINT ( 'NONE', #3630 ) ;
#603 = EDGE_LOOP ( 'NONE', ( #3350, #1208, #3049, #4443 ) ) ;
#604 = DIRECTION ( 'NONE',  ( 1.000000000000000000, 0.0000000000000000000, -0.0000000000000000000 ) ) ;
#605 = DIRECTION ( 'NONE',  ( 0.0000000000000000000, 0.0000000000000000000, 1.000000000000000000 ) ) ;
#606 = VECTOR ( 'NONE', #3200, 1000.000000000000000 ) ;
#607 = LINE ( 'NONE', #658, #4156 ) ;
#608 = ADVANCED_FACE ( 'NONE', ( #1158 ), #239, .T. ) ;
#609 = CLOSED_SHELL ( 'NONE', ( #229, #1596, #3933, #483, #4214, #2209, #343, #177, #66, #2231, #1186, #2773, #624, #2613, #3522, #1761, #3636, #2122, #182, #891, #2848, #1826, #1769, #1573, #503, #4291, #2582, #1281, #4274, #213, #4417, #756, #2110, #3032, #3324, #608, #1421, #127, #995, #3855, #3537, #2369, #1928, #1021 ) ) ;
#610 = CARTESIAN_POINT ( 'NONE',  ( 3.429999999999999700, 4.094999999999999800, -5.137878387081817000 ) ) ;
#611 = EDGE_CURVE ( 'NONE', #4454, #1583, #2856, .T. ) ;
#612 = EDGE_CURVE ( 'NONE', #1650, #1919, #4355, .T. ) ;
#613 = CARTESIAN_POINT ( 'NONE',  ( 4.069999999999999400, -2.017762384446307500, 1.875791195256087500 ) ) ;
#614 = DIRECTION ( 'NONE',  ( -0.0000000000000000000, -0.0000000000000000000, -1.000000000000000000 ) ) ;
#615 = EDGE_CURVE ( 'NONE', #728, #2888, #785, .T. ) ;
#616 = AXIS2_PLACEMENT_3D ( 'NONE', #3482, #1459, #2147 ) ;
#617 = ORIENTED_EDGE ( 'NONE', *, *, #2287, .F. ) ;
#618 = ORIENTED_EDGE ( 'NONE', *, *, #3699, .F. ) ;
#619 = AXIS2_PLACEMENT_3D ( 'NONE', #2193, #4241, #2027 ) ;
#620 = PRODUCT_DEFINITION ( 'UNKNOWN', '', #61, #1349 ) ;
#621 = FACE_OUTER_BOUND ( 'NONE', #3082, .T. ) ;
#622 = ADVANCED_FACE ( 'NONE', ( #78 ), #1253, .F. ) ;
#623 = PLANE ( 'NONE',  #2466 ) ;
#624 = ADVANCED_FACE ( 'NONE', ( #2072 ), #2297, .F. ) ;
#625 = ORIENTED_EDGE ( 'NONE', *, *, #3526, .T. ) ;
#626 = ORIENTED_EDGE ( 'NONE', *, *, #436, .T. ) ;
#627 = CARTESIAN_POINT ( 'NONE',  ( 6.200000000000000200, 0.0000000000000000000, -6.999999999999964500 ) ) ;
#628 = PRODUCT_DEFINITION_SHAPE ( 'NONE', 'NONE',  #4485 ) ;
#629 = ORIENTED_EDGE ( 'NONE', *, *, #2046, .F. ) ;
#630 = ORIENTED_EDGE ( 'NONE', *, *, #2879, .T. ) ;
#631 = VECTOR ( 'NONE', #2707, 1000.000000000000000 ) ;
#632 = CARTESIAN_POINT ( 'NONE',  ( 4.069999999999999400, -2.256834363362296700, 1.282120757304867900 ) ) ;
#633 = ORIENTED_EDGE ( 'NONE', *, *, #1056, .F. ) ;
#634 = ORIENTED_EDGE ( 'NONE', *, *, #2291, .F. ) ;
#635 = VECTOR ( 'NONE', #4387, 1000.000000000000000 ) ;
#636 = EDGE_CURVE ( 'NONE', #1155, #3265, #3651, .T. ) ;
#637 = LINE ( 'NONE', #3004, #1439 ) ;
#638 = VERTEX_POINT ( 'NONE', #1613 ) ;
#639 = VERTEX_POINT ( 'NONE', #1554 ) ;
#640 = LINE ( 'NONE', #1575, #471 ) ;
#641 = DIRECTION ( 'NONE',  ( 0.0000000000000000000, -0.3420201433256687100, -0.9396926207859084300 ) ) ;
#642 = EDGE_CURVE ( 'NONE', #3863, #4296, #2909, .T. ) ;
#643 = VECTOR ( 'NONE', #3549, 1000.000000000000000 ) ;
#644 = AXIS2_PLACEMENT_3D ( 'NONE', #3195, #776, #1809 ) ;
#645 = CARTESIAN_POINT ( 'NONE',  ( 2.800000000000010000, 6.100000000000000500, -3.699999999999992200 ) ) ;
#646 = LINE ( 'NONE', #860, #2763 ) ;
#647 = EDGE_LOOP ( 'NONE', ( #3540, #966, #2444, #3391 ) ) ;
#648 = AXIS2_PLACEMENT_3D ( 'NONE', #3107, #2788, #3126 ) ;
#649 = LINE ( 'NONE', #696, #1551 ) ;
#650 = VECTOR ( 'NONE', #1101, 1000.000000000000000 ) ;
#651 = VECTOR ( 'NONE', #1625, 1000.000000000000000 ) ;
#652 = CARTESIAN_POINT ( 'NONE',  ( 4.069999999999999400, 2.774999999999998600, 2.169999999999990200 ) ) ;
#653 = ADVANCED_FACE ( 'NONE', ( #1970 ), #2617, .F. ) ;
#654 = CARTESIAN_POINT ( 'NONE',  ( -4.250000000000001800, 1.301022143997296400, -0.9309401076758561100 ) ) ;
#655 = AXIS2_PLACEMENT_3D ( 'NONE', #3600, #3897, #1527 ) ;
#656 = VECTOR ( 'NONE', #929, 1000.000000000000000 ) ;
#657 = CARTESIAN_POINT ( 'NONE',  ( 4.069999999999999400, -2.887878387081807200, 1.529999999999988700 ) ) ;
#658 = CARTESIAN_POINT ( 'NONE',  ( 4.069999999999999400, 3.454999999999999600, -5.137878387081817000 ) ) ;
#659 = DIRECTION ( 'NONE',  ( -0.9396926207859083200, -0.3420201433256692700, 4.804132565862272700E-017 ) ) ;
#660 = AXIS2_PLACEMENT_3D ( 'NONE', #1532, #1889, #876 ) ;
#661 = VERTEX_POINT ( 'NONE', #2248 ) ;
#662 = CARTESIAN_POINT ( 'NONE',  ( 3.429999999999999700, -3.399999999999999000, 1.529999999999990900 ) ) ;
#663 = LINE ( 'NONE', #4271, #3315 ) ;
#664 = EDGE_LOOP ( 'NONE', ( #1372, #1478, #2364, #585 ) ) ;
#665 = PLANE ( 'NONE',  #1531 ) ;
#666 = DIRECTION ( 'NONE',  ( -1.000000000000000000, 0.0000000000000000000, 0.0000000000000000000 ) ) ;
#667 = EDGE_CURVE ( 'NONE', #1797, #1117, #4132, .T. ) ;
#668 = CARTESIAN_POINT ( 'NONE',  ( 3.429999999999999700, -2.987878387081803800, 1.529999999999990900 ) ) ;
#669 = DIRECTION ( 'NONE',  ( -0.0000000000000000000, 1.000000000000000000, -0.0000000000000000000 ) ) ;
#670 = CARTESIAN_POINT ( 'NONE',  ( 4.069999999999999400, 2.774999999999998600, 2.169999999999990200 ) ) ;
#671 = APPLICATION_CONTEXT ( 'automotive_design' ) ;
#672 = EDGE_CURVE ( 'NONE', #1824, #3039, #2410, .T. ) ;
#673 = ORIENTED_EDGE ( 'NONE', *, *, #1497, .F. ) ;
#674 = DIRECTION ( 'NONE',  ( -0.0000000000000000000, 1.404634393503487300E-016, 1.000000000000000000 ) ) ;
#675 = VERTEX_POINT ( 'NONE', #1300 ) ;
#676 = DIRECTION ( 'NONE',  ( 0.0000000000000000000, -1.000000000000000000, 2.245376765908615400E-016 ) ) ;
#677 = CARTESIAN_POINT ( 'NONE',  ( -6.200000000000000200, 4.275000000000019900, -1.224646799147337900E-016 ) ) ;
#678 = ORIENTED_EDGE ( 'NONE', *, *, #452, .F. ) ;
#679 = FACE_OUTER_BOUND ( 'NONE', #3188, .T. ) ;
#680 = CARTESIAN_POINT ( 'NONE',  ( 3.509469996326132900, 3.534469996326132300, -6.677921915102568400 ) ) ;
#681 = ORIENTED_EDGE ( 'NONE', *, *, #372, .T. ) ;
#682 = PRESENTATION_LAYER_ASSIGNMENT (  '', '', ( #2154 ) ) ;
#683 = DIRECTION ( 'NONE',  ( 0.0000000000000000000, -1.000000000000000000, 0.0000000000000000000 ) ) ;
#684 = CYLINDRICAL_SURFACE ( 'NONE', #1394, 0.6799999999999987200 ) ;
#685 = DIRECTION ( 'NONE',  ( 0.0000000000000000000, 0.0000000000000000000, 1.000000000000000000 ) ) ;
#686 = DIRECTION ( 'NONE',  ( 0.0000000000000000000, -0.3420201433256700500, 0.9396926207859078700 ) ) ;
#687 = VERTEX_POINT ( 'NONE', #933 ) ;
#688 = ORIENTED_EDGE ( 'NONE', *, *, #2585, .T. ) ;
#689 = LINE ( 'NONE', #725, #28 ) ;
#690 = ORIENTED_EDGE ( 'NONE', *, *, #3616, .T. ) ;
#691 = CARTESIAN_POINT ( 'NONE',  ( -4.069999999999999400, 4.094999999999999800, -9.400000000000000400 ) ) ;
#692 = EDGE_CURVE ( 'NONE', #1160, #2799, #2520, .T. ) ;
#693 = LINE ( 'NONE', #2947, #3885 ) ;
#694 = ORIENTED_EDGE ( 'NONE', *, *, #71, .T. ) ;
#695 = CARTESIAN_POINT ( 'NONE',  ( 4.297540985521501400, 3.227459014478498500, -4.512714667361047200 ) ) ;
#696 = CARTESIAN_POINT ( 'NONE',  ( 4.250000000000003600, 1.301022143997296400, -0.4690598923241195400 ) ) ;
#697 = CYLINDRICAL_SURFACE ( 'NONE', #849, 0.6799999999999987200 ) ;
#698 = DIRECTION ( 'NONE',  ( 1.000000000000000000, 0.0000000000000000000, 0.0000000000000000000 ) ) ;
#699 = VECTOR ( 'NONE', #2851, 1000.000000000000000 ) ;
#700 = EDGE_CURVE ( 'NONE', #3708, #1062, #3920, .T. ) ;
#701 = AXIS2_PLACEMENT_3D ( 'NONE', #2064, #1361, #3753 ) ;
#702 = DIRECTION ( 'NONE',  ( -1.000000000000000000, 0.0000000000000000000, 0.0000000000000000000 ) ) ;
#703 = CARTESIAN_POINT ( 'NONE',  ( -4.250000000000001800, 6.100000000000000500, -0.9309401076758561100 ) ) ;
#704 = DIRECTION ( 'NONE',  ( -0.0000000000000000000, 0.0000000000000000000, -1.000000000000000000 ) ) ;
#705 = CARTESIAN_POINT ( 'NONE',  ( 6.200000000000000200, 4.275000000000020800, -3.100000000000001900 ) ) ;
#706 = FACE_OUTER_BOUND ( 'NONE', #3395, .T. ) ;
#707 = LINE ( 'NONE', #1893, #41 ) ;
#708 = VECTOR ( 'NONE', #3650, 1000.000000000000000 ) ;
#709 = AXIS2_PLACEMENT_3D ( 'NONE', #4200, #1104, #1764 ) ;
#710 = ORIENTED_EDGE ( 'NONE', *, *, #461, .T. ) ;
#711 = CARTESIAN_POINT ( 'NONE',  ( 0.4999999999999987200, 6.100000000000000500, -6.999999999999964500 ) ) ;
#712 = ADVANCED_FACE ( 'NONE', ( #4038 ), #717, .T. ) ;
#713 = AXIS2_PLACEMENT_3D ( 'NONE', #4359, #241, #215 ) ;
#714 = CARTESIAN_POINT ( 'NONE',  ( 4.069999999999999400, -3.399999999999998600, 2.169999999999991000 ) ) ;
#715 = MECHANICAL_DESIGN_GEOMETRIC_PRESENTATION_REPRESENTATION (  '', ( #2154 ), #2809 ) ;
#716 = DIRECTION ( 'NONE',  ( 1.000000000000000000, -0.0000000000000000000, -0.0000000000000000000 ) ) ;
#717 = PLANE ( 'NONE',  #2013 ) ;
#718 = PRODUCT ( 'SxB-XH-Axxxxx_4', 'SxB-XH-Axxxxx_4', '', ( #3767 ) ) ;
#719 = DIRECTION ( 'NONE',  ( -0.0000000000000000000, -0.0000000000000000000, 1.000000000000000000 ) ) ;
#720 = VERTEX_POINT ( 'NONE', #2355 ) ;
#721 = EDGE_CURVE ( 'NONE', #234, #4231, #1876, .T. ) ;
#722 = DIRECTION ( 'NONE',  ( 8.673617379881954500E-015, 0.0000000000000000000, 1.000000000000000000 ) ) ;
#723 = CARTESIAN_POINT ( 'NONE',  ( 3.429999999999999700, -2.887878387081806800, 1.449999999999991300 ) ) ;
#724 = DIRECTION ( 'NONE',  ( 0.0000000000000000000, 1.000000000000000000, 0.0000000000000000000 ) ) ;
#725 = CARTESIAN_POINT ( 'NONE',  ( -5.299999999999996300, 0.4000000000000000200, -6.999999999999964500 ) ) ;
#726 = EDGE_CURVE ( 'NONE', #3906, #4088, #1430, .T. ) ;
#727 = ORIENTED_EDGE ( 'NONE', *, *, #3404, .T. ) ;
#728 = VERTEX_POINT ( 'NONE', #632 ) ;
#729 = ORIENTED_EDGE ( 'NONE', *, *, #1637, .T. ) ;
#730 = DIRECTION ( 'NONE',  ( -1.000000000000000000, 0.0000000000000000000, -0.0000000000000000000 ) ) ;
#731 = ORIENTED_EDGE ( 'NONE', *, *, #2404, .F. ) ;
#732 = EDGE_CURVE ( 'NONE', #4165, #303, #4183, .T. ) ;
#733 = VECTOR ( 'NONE', #226, 1000.000000000000000 ) ;
#734 = ORIENTED_EDGE ( 'NONE', *, *, #1153, .F. ) ;
#735 = ADVANCED_FACE ( 'NONE', ( #4091 ), #2329, .F. ) ;
#736 = CARTESIAN_POINT ( 'NONE',  ( 3.429999999999999700, -1.987878387081806400, 1.949999999999991700 ) ) ;
#737 = VECTOR ( 'NONE', #1323, 1000.000000000000000 ) ;
#738 = CARTESIAN_POINT ( 'NONE',  ( -0.5000000000000008900, 6.100000000000000500, -5.999999999999964500 ) ) ;
#739 = VECTOR ( 'NONE', #3792, 1000.000000000000000 ) ;
#740 = UNCERTAINTY_MEASURE_WITH_UNIT (LENGTH_MEASURE( 1.000000000000000100E-005 ), #1912, 'distance_accuracy_value', 'NONE');
#741 = ORIENTED_EDGE ( 'NONE', *, *, #1727, .T. ) ;
#742 = CARTESIAN_POINT ( 'NONE',  ( 3.429999999999999700, -1.117762384446306000, 1.524208804743890400 ) ) ;
#743 = LINE ( 'NONE', #145, #468 ) ;
#744 = SURFACE_STYLE_FILL_AREA ( #4377 ) ;
#745 = VECTOR ( 'NONE', #391, 1000.000000000000000 ) ;
#746 = VECTOR ( 'NONE', #1316, 1000.000000000000000 ) ;
#747 = DIRECTION ( 'NONE',  ( 1.000000000000000000, -0.0000000000000000000, -0.0000000000000000000 ) ) ;
#748 = EDGE_CURVE ( 'NONE', #3353, #384, #1049, .T. ) ;
#749 = LINE ( 'NONE', #1636, #909 ) ;
#750 = PLANE ( 'NONE',  #290 ) ;
#751 = LINE ( 'NONE', #1828, #2880 ) ;
#752 = EDGE_CURVE ( 'NONE', #118, #3958, #2190, .T. ) ;
#753 = CYLINDRICAL_SURFACE ( 'NONE', #2407, 0.6999999999999914100 ) ;
#754 = CARTESIAN_POINT ( 'NONE',  ( -5.299999999999999800, 0.0000000000000000000, 0.0000000000000000000 ) ) ;
#755 = CARTESIAN_POINT ( 'NONE',  ( -2.800000000000009100, 1.301022143997296400, -3.699999999999991300 ) ) ;
#756 = ADVANCED_FACE ( 'NONE', ( #3190 ), #665, .T. ) ;
#757 = LINE ( 'NONE', #902, #656 ) ;
#758 = EDGE_CURVE ( 'NONE', #1794, #1260, #2354, .T. ) ;
#759 = AXIS2_PLACEMENT_3D ( 'NONE', #2488, #1240, #3112 ) ;
#760 = CARTESIAN_POINT ( 'NONE',  ( -0.9299999999999998300, 4.094999999999999800, -4.700000000000000200 ) ) ;
#761 = DIRECTION ( 'NONE',  ( -0.0000000000000000000, 0.0000000000000000000, -1.000000000000000000 ) ) ;
#762 = ORIENTED_EDGE ( 'NONE', *, *, #1299, .T. ) ;
#763 = CARTESIAN_POINT ( 'NONE',  ( 3.580000000000000500, 0.0000000000000000000, -5.550000000000008700 ) ) ;
#764 = MECHANICAL_DESIGN_GEOMETRIC_PRESENTATION_REPRESENTATION (  '', ( #2569 ), #1911 ) ;
#765 = DIRECTION ( 'NONE',  ( 0.0000000000000000000, 1.000000000000000000, 0.0000000000000000000 ) ) ;
#766 = DIRECTION ( 'NONE',  ( 0.0000000000000000000, 1.000000000000000000, 0.0000000000000000000 ) ) ;
#767 = VECTOR ( 'NONE', #4248, 1000.000000000000000 ) ;
#768 = CARTESIAN_POINT ( 'NONE',  ( -6.200000000000000200, 5.275000000000011000, -2.400000000000010600 ) ) ;
#769 = ORIENTED_EDGE ( 'NONE', *, *, #2221, .T. ) ;
#770 = EDGE_CURVE ( 'NONE', #1078, #1199, #3489, .T. ) ;
#771 = CARTESIAN_POINT ( 'NONE',  ( 3.580000000000000500, -3.399999999999999000, 1.529999999999990900 ) ) ;
#772 = EDGE_LOOP ( 'NONE', ( #2633, #272, #2188, #2744 ) ) ;
#773 = CARTESIAN_POINT ( 'NONE',  ( 4.499999999999999100, 4.094999999999999800, -5.999999999999964500 ) ) ;
#774 = CARTESIAN_POINT ( 'NONE',  ( 4.069999999999999400, -2.987878387081803800, 1.529999999999990900 ) ) ;
#775 = VERTEX_POINT ( 'NONE', #1678 ) ;
#776 = DIRECTION ( 'NONE',  ( -1.000000000000000000, 0.0000000000000000000, 0.0000000000000000000 ) ) ;
#777 = EDGE_CURVE ( 'NONE', #303, #1936, #1539, .T. ) ;
#778 = ORIENTED_EDGE ( 'NONE', *, *, #3430, .T. ) ;
#779 = EDGE_LOOP ( 'NONE', ( #2945, #2513, #1432, #1301 ) ) ;
#780 = AXIS2_PLACEMENT_3D ( 'NONE', #4179, #1457, #4213 ) ;
#781 = VERTEX_POINT ( 'NONE', #980 ) ;
#782 = EDGE_LOOP ( 'NONE', ( #1094, #2536, #4177, #1570 ) ) ;
#783 = ORIENTED_EDGE ( 'NONE', *, *, #1672, .T. ) ;
#784 = FACE_OUTER_BOUND ( 'NONE', #2306, .T. ) ;
#785 = LINE ( 'NONE', #1216, #3443 ) ;
#786 = ORIENTED_EDGE ( 'NONE', *, *, #3612, .T. ) ;
#787 = CARTESIAN_POINT ( 'NONE',  ( -4.149999999999992400, 1.301022143997296400, -0.6999999999999873000 ) ) ;
#788 = ORIENTED_EDGE ( 'NONE', *, *, #2495, .F. ) ;
#789 = ORIENTED_EDGE ( 'NONE', *, *, #4336, .T. ) ;
#790 = VECTOR ( 'NONE', #1669, 1000.000000000000000 ) ;
#791 = ORIENTED_EDGE ( 'NONE', *, *, #3527, .T. ) ;
#792 = DIRECTION ( 'NONE',  ( -0.8660254037844444800, 0.0000000000000000000, 0.4999999999999897900 ) ) ;
#793 = ORIENTED_EDGE ( 'NONE', *, *, #3679, .T. ) ;
#794 = EDGE_LOOP ( 'NONE', ( #851, #2373, #124, #2366 ) ) ;
#795 = VECTOR ( 'NONE', #2090, 1000.000000000000000 ) ;
#796 = CARTESIAN_POINT ( 'NONE',  ( 4.499999999999999100, 6.100000000000000500, -5.999999999999964500 ) ) ;
#797 = VERTEX_POINT ( 'NONE', #2411 ) ;
#798 = PLANE ( 'NONE',  #1628 ) ;
#799 = DIRECTION ( 'NONE',  ( 0.9396926207859073200, -0.0000000000000000000, 0.3420201433256717100 ) ) ;
#800 = CIRCLE ( 'NONE', #4169, 0.1000000000000240000 ) ;
#801 = ORIENTED_EDGE ( 'NONE', *, *, #3339, .T. ) ;
#802 = CARTESIAN_POINT ( 'NONE',  ( 3.429999999999999700, -1.087878387081809400, 2.169999999999992400 ) ) ;
#803 = CARTESIAN_POINT ( 'NONE',  ( -5.299999999999999800, 0.0000000000000000000, -11.50000000000001800 ) ) ;
#804 = LINE ( 'NONE', #3539, #2148 ) ;
#805 = LINE ( 'NONE', #88, #1499 ) ;
#806 = ORIENTED_EDGE ( 'NONE', *, *, #1000, .F. ) ;
#807 = LINE ( 'NONE', #3020, #2427 ) ;
#808 = CARTESIAN_POINT ( 'NONE',  ( 3.429999999999999700, -2.987878387081803800, 2.169999999999991000 ) ) ;
#809 = CARTESIAN_POINT ( 'NONE',  ( -5.299999999999996300, 0.4000000000000000200, -6.999999999999964500 ) ) ;
#810 = ADVANCED_FACE ( 'NONE', ( #1545 ), #1028, .T. ) ;
#811 = LINE ( 'NONE', #2292, #2210 ) ;
#812 = LINE ( 'NONE', #2985, #708 ) ;
#813 = DIRECTION ( 'NONE',  ( 0.0000000000000000000, -1.000000000000000000, 0.0000000000000000000 ) ) ;
#814 = EDGE_CURVE ( 'NONE', #294, #572, #2116, .T. ) ;
#815 = DIRECTION ( 'NONE',  ( -1.000000000000000000, 0.0000000000000000000, 5.782411586589432600E-016 ) ) ;
#816 = CARTESIAN_POINT ( 'NONE',  ( 3.429999999999999700, 4.094999999999999800, 0.8499999999999907600 ) ) ;
#817 = AXIS2_PLACEMENT_3D ( 'NONE', #4333, #1954, #3692 ) ;
#818 = EDGE_CURVE ( 'NONE', #3042, #2301, #3065, .T. ) ;
#819 = DIRECTION ( 'NONE',  ( 0.0000000000000000000, 1.000000000000000000, -2.245376765908615400E-016 ) ) ;
#820 = VERTEX_POINT ( 'NONE', #4107 ) ;
#821 = AXIS2_PLACEMENT_3D ( 'NONE', #2151, #4245, #2541 ) ;
#822 = CARTESIAN_POINT ( 'NONE',  ( 3.429999999999999700, 2.774999999999999500, 1.529999999999990000 ) ) ;
#823 = DIRECTION ( 'NONE',  ( 0.0000000000000000000, 0.0000000000000000000, -1.000000000000000000 ) ) ;
#824 = ORIENTED_EDGE ( 'NONE', *, *, #1774, .T. ) ;
#825 = UNCERTAINTY_MEASURE_WITH_UNIT (LENGTH_MEASURE( 1.000000000000000100E-005 ), #3262, 'distance_accuracy_value', 'NONE');
#826 = CARTESIAN_POINT ( 'NONE',  ( 0.0000000000000000000, 0.0000000000000000000, 0.0000000000000000000 ) ) ;
#827 = VECTOR ( 'NONE', #327, 1000.000000000000000 ) ;
#828 = AXIS2_PLACEMENT_3D ( 'NONE', #3295, #538, #1571 ) ;
#829 = CARTESIAN_POINT ( 'NONE',  ( -5.349999999999999600, 5.275000000000011000, -3.100000000000001900 ) ) ;
#830 = ORIENTED_EDGE ( 'NONE', *, *, #250, .T. ) ;
#831 = CARTESIAN_POINT ( 'NONE',  ( 3.429999999999999700, 4.094999999999999800, 0.8499999999999908700 ) ) ;
#832 = CARTESIAN_POINT ( 'NONE',  ( 4.199999999999991300, 6.100000000000000500, -0.8443375672973915100 ) ) ;
#833 = ORIENTED_EDGE ( 'NONE', *, *, #1201, .T. ) ;
#834 = ORIENTED_EDGE ( 'NONE', *, *, #2846, .F. ) ;
#835 = CARTESIAN_POINT ( 'NONE',  ( -4.500000000000001800, 0.3999999999999999100, -5.999999999999964500 ) ) ;
#836 = EDGE_CURVE ( 'NONE', #2118, #2923, #349, .T. ) ;
#837 = EDGE_CURVE ( 'NONE', #1789, #2242, #2128, .T. ) ;
#838 = FACE_OUTER_BOUND ( 'NONE', #1787, .T. ) ;
#839 = EDGE_LOOP ( 'NONE', ( #89, #1352, #2033, #3844 ) ) ;
#840 = CARTESIAN_POINT ( 'NONE',  ( -6.200000000000000200, 4.275000000000020800, -3.100000000000001900 ) ) ;
#841 = ORIENTED_EDGE ( 'NONE', *, *, #1201, .F. ) ;
#842 = ORIENTED_EDGE ( 'NONE', *, *, #131, .F. ) ;
#843 = CARTESIAN_POINT ( 'NONE',  ( -5.299999999999999800, 2.549999999999999800, -11.49999999999999600 ) ) ;
#844 = CARTESIAN_POINT ( 'NONE',  ( -3.549999999999999400, 5.275000000000011000, -2.999999999999989300 ) ) ;
#845 = DIRECTION ( 'NONE',  ( 1.000000000000000000, 0.0000000000000000000, -0.0000000000000000000 ) ) ;
#846 = ORIENTED_EDGE ( 'NONE', *, *, #3735, .T. ) ;
#847 = EDGE_CURVE ( 'NONE', #1260, #3039, #1572, .T. ) ;
#848 = LINE ( 'NONE', #923, #77 ) ;
#849 = AXIS2_PLACEMENT_3D ( 'NONE', #2739, #2761, #2005 ) ;
#850 = AXIS2_PLACEMENT_3D ( 'NONE', #3411, #3748, #1680 ) ;
#851 = ORIENTED_EDGE ( 'NONE', *, *, #770, .T. ) ;
#852 = VERTEX_POINT ( 'NONE', #994 ) ;
#853 = LINE ( 'NONE', #3034, #914 ) ;
#854 = PLANE ( 'NONE',  #3355 ) ;
#855 = VECTOR ( 'NONE', #1944, 1000.000000000000000 ) ;
#856 = AXIS2_PLACEMENT_3D ( 'NONE', #1022, #2814, #2094 ) ;
#857 = ORIENTED_EDGE ( 'NONE', *, *, #1400, .F. ) ;
#858 = SHAPE_DEFINITION_REPRESENTATION ( #476, #1207 ) ;
#859 = LINE ( 'NONE', #703, #3053 ) ;
#860 = CARTESIAN_POINT ( 'NONE',  ( 5.299999999999999800, 5.148076211353326500, -6.999999999999987600 ) ) ;
#861 = FACE_OUTER_BOUND ( 'NONE', #2149, .T. ) ;
#862 = VERTEX_POINT ( 'NONE', #308 ) ;
#863 = CARTESIAN_POINT ( 'NONE',  ( 3.919999999999999000, -3.399999999999999000, 2.019999999999989800 ) ) ;
#864 = PLANE ( 'NONE',  #1183 ) ;
#865 = LINE ( 'NONE', #3445, #3996 ) ;
#866 = FACE_OUTER_BOUND ( 'NONE', #1415, .T. ) ;
#867 = CARTESIAN_POINT ( 'NONE',  ( 4.149999999999994100, 5.275000000000011000, -0.6999999999999883000 ) ) ;
#868 = FACE_OUTER_BOUND ( 'NONE', #2639, .T. ) ;
#869 = DIRECTION ( 'NONE',  ( 1.000000000000000000, -0.0000000000000000000, 0.0000000000000000000 ) ) ;
#870 = DIRECTION ( 'NONE',  ( 0.0000000000000000000, 0.0000000000000000000, -1.000000000000000000 ) ) ;
#871 = LINE ( 'NONE', #1050, #2994 ) ;
#872 = DIRECTION ( 'NONE',  ( 0.0000000000000000000, 0.3735499670562316100, 0.9276100592987812600 ) ) ;
#873 = EDGE_CURVE ( 'NONE', #368, #3990, #3962, .T. ) ;
#874 = AXIS2_PLACEMENT_3D ( 'NONE', #755, #3504, #2811 ) ;
#875 = DIRECTION ( 'NONE',  ( -0.0000000000000000000, 1.000000000000000000, -0.0000000000000000000 ) ) ;
#876 = DIRECTION ( 'NONE',  ( -1.000000000000000000, 0.0000000000000000000, 0.0000000000000000000 ) ) ;
#877 = DIRECTION ( 'NONE',  ( -0.8660254037844444800, 0.0000000000000000000, -0.4999999999999897900 ) ) ;
#878 = DIRECTION ( 'NONE',  ( -1.000000000000000000, 0.0000000000000000000, 0.0000000000000000000 ) ) ;
#879 = ORIENTED_EDGE ( 'NONE', *, *, #1900, .F. ) ;
#880 = DIRECTION ( 'NONE',  ( 0.0000000000000000000, -3.011672701348619400E-015, 1.000000000000000000 ) ) ;
#881 = DIRECTION ( 'NONE',  ( -0.0000000000000000000, 1.000000000000000000, -0.0000000000000000000 ) ) ;
#882 = EDGE_LOOP ( 'NONE', ( #830, #2263, #3208, #3744 ) ) ;
#883 = ORIENTED_EDGE ( 'NONE', *, *, #3038, .T. ) ;
#884 = ORIENTED_EDGE ( 'NONE', *, *, #486, .T. ) ;
#885 = CARTESIAN_POINT ( 'NONE',  ( -4.099999999999993400, 6.100000000000000500, -0.6133974596215428000 ) ) ;
#886 = VERTEX_POINT ( 'NONE', #1688 ) ;
#887 = DIRECTION ( 'NONE',  ( 1.000000000000000000, -0.0000000000000000000, -0.0000000000000000000 ) ) ;
#888 = ORIENTED_EDGE ( 'NONE', *, *, #642, .F. ) ;
#889 = ADVANCED_FACE ( 'NONE', ( #1025, #2280 ), #2004, .F. ) ;
#890 = VECTOR ( 'NONE', #945, 1000.000000000000000 ) ;
#891 = ADVANCED_FACE ( 'NONE', ( #4013 ), #922, .T. ) ;
#892 = EDGE_CURVE ( 'NONE', #3469, #3937, #3423, .T. ) ;
#893 = VERTEX_POINT ( 'NONE', #386 ) ;
#894 = AXIS2_PLACEMENT_3D ( 'NONE', #2922, #1093, #1814 ) ;
#895 =( NAMED_UNIT ( * ) PLANE_ANGLE_UNIT ( ) SI_UNIT ( $, .RADIAN. ) );
#896 = VERTEX_POINT ( 'NONE', #3811 ) ;
#897 = ORIENTED_EDGE ( 'NONE', *, *, #777, .T. ) ;
#898 = ORIENTED_EDGE ( 'NONE', *, *, #2554, .T. ) ;
#899 = VERTEX_POINT ( 'NONE', #2502 ) ;
#900 = CIRCLE ( 'NONE', #1475, 0.08000000000000086200 ) ;
#901 = ORIENTED_EDGE ( 'NONE', *, *, #1562, .F. ) ;
#902 = CARTESIAN_POINT ( 'NONE',  ( -5.299999999999999800, 0.0000000000000000000, -11.50000000000001800 ) ) ;
#903 = AXIS2_PLACEMENT_3D ( 'NONE', #2949, #2933, #1867 ) ;
#904 = LINE ( 'NONE', #3212, #4460 ) ;
#905 = ORIENTED_EDGE ( 'NONE', *, *, #2628, .T. ) ;
#906 = CARTESIAN_POINT ( 'NONE',  ( -4.500000000000001800, 6.100000000000000500, -5.999999999999964500 ) ) ;
#907 = VECTOR ( 'NONE', #3444, 1000.000000000000000 ) ;
#908 = ORIENTED_EDGE ( 'NONE', *, *, #3040, .T. ) ;
#909 = VECTOR ( 'NONE', #2699, 1000.000000000000000 ) ;
#910 = COLOUR_RGB ( '',0.7960784313725489700, 0.8235294117647058400, 0.9372549019607843100 ) ;
#911 = DIRECTION ( 'NONE',  ( 0.0000000000000000000, 0.0000000000000000000, 1.000000000000000000 ) ) ;
#912 = LINE ( 'NONE', #2957, #2776 ) ;
#913 = DIRECTION ( 'NONE',  ( 1.000000000000000000, 0.0000000000000000000, 0.0000000000000000000 ) ) ;
#914 = VECTOR ( 'NONE', #930, 1000.000000000000000 ) ;
#915 = CARTESIAN_POINT ( 'NONE',  ( -4.099999999999993400, 5.275000000000011000, -0.7866025403784320200 ) ) ;
#916 = ADVANCED_FACE ( 'NONE', ( #1242 ), #1775, .F. ) ;
#917 = DIRECTION ( 'NONE',  ( 0.0000000000000000000, -0.0000000000000000000, 1.000000000000000000 ) ) ;
#918 = DIRECTION ( 'NONE',  ( 0.0000000000000000000, 0.0000000000000000000, 1.000000000000000000 ) ) ;
#919 = EDGE_CURVE ( 'NONE', #990, #1374, #4276, .T. ) ;
#920 = VERTEX_POINT ( 'NONE', #4157 ) ;
#921 = EDGE_CURVE ( 'NONE', #2140, #3495, #3067, .T. ) ;
#922 = CYLINDRICAL_SURFACE ( 'NONE', #2266, 0.7199999999999978600 ) ;
#923 = CARTESIAN_POINT ( 'NONE',  ( 4.069999999999999400, -1.117762384446306000, 1.524208804743890400 ) ) ;
#924 = CARTESIAN_POINT ( 'NONE',  ( 5.299999999999999800, 0.0000000000000000000, -11.50000000000001800 ) ) ;
#925 = CARTESIAN_POINT ( 'NONE',  ( 4.069999999999999400, -1.356834363362296600, 2.117879242695113600 ) ) ;
#926 =( LENGTH_UNIT ( ) NAMED_UNIT ( * ) SI_UNIT ( .MILLI., .METRE. ) );
#927 = EDGE_CURVE ( 'NONE', #117, #3914, #223, .T. ) ;
#928 = AXIS2_PLACEMENT_3D ( 'NONE', #2910, #2570, #1501 ) ;
#929 = DIRECTION ( 'NONE',  ( 0.0000000000000000000, 1.000000000000000000, 8.163404592832033600E-015 ) ) ;
#930 = DIRECTION ( 'NONE',  ( 0.0000000000000000000, 1.000000000000000000, -0.0000000000000000000 ) ) ;
#931 = CARTESIAN_POINT ( 'NONE',  ( 0.4999999999999987200, 0.3999999999999999100, -6.999999999999964500 ) ) ;
#932 = ORIENTED_EDGE ( 'NONE', *, *, #1960, .T. ) ;
#933 = CARTESIAN_POINT ( 'NONE',  ( -1.569999999999999800, 3.454999999999999600, -5.999999999999964500 ) ) ;
#934 = AXIS2_PLACEMENT_3D ( 'NONE', #547, #2973, #3313 ) ;
#935 = CARTESIAN_POINT ( 'NONE',  ( 3.429999999999999700, 4.094999999999999800, 0.8499999999999914300 ) ) ;
#936 = ORIENTED_EDGE ( 'NONE', *, *, #3016, .F. ) ;
#937 = VERTEX_POINT ( 'NONE', #1115 ) ;
#938 = CARTESIAN_POINT ( 'NONE',  ( -6.200000000000000200, 4.275000000000020800, -3.100000000000001900 ) ) ;
#939 = ORIENTED_EDGE ( 'NONE', *, *, #954, .T. ) ;
#940 = CARTESIAN_POINT ( 'NONE',  ( 3.429999999999999700, -2.887878387081807200, 1.529999999999988700 ) ) ;
#941 = ORIENTED_EDGE ( 'NONE', *, *, #2067, .T. ) ;
#942 = EDGE_CURVE ( 'NONE', #3469, #1791, #2679, .T. ) ;
#943 = LINE ( 'NONE', #3663, #3442 ) ;
#944 = DIRECTION ( 'NONE',  ( -0.0000000000000000000, -0.9276100592987811500, 0.3735499670562315600 ) ) ;
#945 = DIRECTION ( 'NONE',  ( -0.0000000000000000000, -0.0000000000000000000, 1.000000000000000000 ) ) ;
#946 = EDGE_CURVE ( 'NONE', #3039, #4231, #1192, .T. ) ;
#947 = LINE ( 'NONE', #2070, #2195 ) ;
#948 = CARTESIAN_POINT ( 'NONE',  ( -6.200000000000000200, 4.575000000000018800, -3.100000000000001900 ) ) ;
#949 = VERTEX_POINT ( 'NONE', #3203 ) ;
#950 = AXIS2_PLACEMENT_3D ( 'NONE', #4074, #2709, #1070 ) ;
#951 = CONTEXT_DEPENDENT_SHAPE_REPRESENTATION ( #322, #628 ) ;
#952 = SHAPE_REPRESENTATION ( 'SxB-XH-Axxxxx_4', ( #4172 ), #446 ) ;
#953 = VECTOR ( 'NONE', #3021, 1000.000000000000000 ) ;
#954 = EDGE_CURVE ( 'NONE', #3284, #1168, #2056, .T. ) ;
#955 = DIRECTION ( 'NONE',  ( 0.0000000000000000000, 0.0000000000000000000, -1.000000000000000000 ) ) ;
#956 = CARTESIAN_POINT ( 'NONE',  ( 3.429999999999999700, -2.887878387081806800, 1.449999999999991300 ) ) ;
#957 = ORIENTED_EDGE ( 'NONE', *, *, #1244, .T. ) ;
#958 = CIRCLE ( 'NONE', #928, 0.08000000000000255500 ) ;
#959 = ORIENTED_EDGE ( 'NONE', *, *, #2067, .F. ) ;
#960 = VERTEX_POINT ( 'NONE', #1072 ) ;
#961 = VECTOR ( 'NONE', #2505, 1000.000000000000000 ) ;
#962 = DIRECTION ( 'NONE',  ( 0.0000000000000000000, 0.0000000000000000000, 1.000000000000000000 ) ) ;
#963 = VERTEX_POINT ( 'NONE', #409 ) ;
#964 = LINE ( 'NONE', #1185, #4415 ) ;
#965 = LINE ( 'NONE', #3749, #3618 ) ;
#966 = ORIENTED_EDGE ( 'NONE', *, *, #3735, .F. ) ;
#967 = VECTOR ( 'NONE', #3010, 1000.000000000000000 ) ;
#968 = CARTESIAN_POINT ( 'NONE',  ( 5.349999999999999600, 5.275000000000011000, -4.700000000000000200 ) ) ;
#969 = CARTESIAN_POINT ( 'NONE',  ( -5.299999999999999800, 0.0000000000000000000, -11.50000000000001800 ) ) ;
#970 = CARTESIAN_POINT ( 'NONE',  ( 1.999999999999999100, 6.100000000000000500, -5.999999999999964500 ) ) ;
#971 = CARTESIAN_POINT ( 'NONE',  ( 3.429999999999999700, 3.454999999999999600, -5.999999999999964500 ) ) ;
#972 = DIRECTION ( 'NONE',  ( 0.0000000000000000000, 0.0000000000000000000, -1.000000000000000000 ) ) ;
#973 = EDGE_CURVE ( 'NONE', #1091, #960, #3634, .T. ) ;
#974 = EDGE_CURVE ( 'NONE', #2010, #368, #3075, .T. ) ;
#975 = CARTESIAN_POINT ( 'NONE',  ( -4.199999999999989500, 5.275000000000011000, -0.5556624327025834200 ) ) ;
#976 = DIRECTION ( 'NONE',  ( 1.000000000000000000, 0.0000000000000000000, 0.0000000000000000000 ) ) ;
#977 = ORIENTED_EDGE ( 'NONE', *, *, #2844, .F. ) ;
#978 = EDGE_CURVE ( 'NONE', #1853, #920, #58, .T. ) ;
#979 = AXIS2_PLACEMENT_3D ( 'NONE', #3574, #2902, #2878 ) ;
#980 = CARTESIAN_POINT ( 'NONE',  ( 4.069999999999999400, -1.087878387081808100, 1.529999999999990900 ) ) ;
#981 = PLANE ( 'NONE',  #616 ) ;
#982 = VERTEX_POINT ( 'NONE', #645 ) ;
#983 = EDGE_CURVE ( 'NONE', #4309, #116, #3269, .T. ) ;
#984 = CARTESIAN_POINT ( 'NONE',  ( 5.349999999999999600, 5.275000000000011000, -3.100000000000001900 ) ) ;
#985 = ORIENTED_EDGE ( 'NONE', *, *, #2098, .T. ) ;
#986 = DIRECTION ( 'NONE',  ( 1.000000000000000000, 0.0000000000000000000, 0.0000000000000000000 ) ) ;
#987 = DIRECTION ( 'NONE',  ( -0.0000000000000000000, -0.0000000000000000000, 1.000000000000000000 ) ) ;
#988 = DIRECTION ( 'NONE',  ( -0.0000000000000000000, 1.000000000000000000, -1.404634393503487300E-016 ) ) ;
#989 = ORIENTED_EDGE ( 'NONE', *, *, #1124, .T. ) ;
#990 = VERTEX_POINT ( 'NONE', #4429 ) ;
#991 = LINE ( 'NONE', #4153, #22 ) ;
#992 = LINE ( 'NONE', #597, #3394 ) ;
#993 = ORIENTED_EDGE ( 'NONE', *, *, #4057, .F. ) ;
#994 = CARTESIAN_POINT ( 'NONE',  ( 3.429999999999999700, -2.857994389717310100, 1.524208804743891300 ) ) ;
#995 = ADVANCED_FACE ( 'NONE', ( #3902 ), #305, .T. ) ;
#996 = CARTESIAN_POINT ( 'NONE',  ( 3.429999999999999700, -1.087878387081808100, 2.169999999999991000 ) ) ;
#997 = LINE ( 'NONE', #1516, #2307 ) ;
#998 = EDGE_CURVE ( 'NONE', #4405, #1699, #4167, .T. ) ;
#999 = ORIENTED_EDGE ( 'NONE', *, *, #1379, .F. ) ;
#1000 = EDGE_CURVE ( 'NONE', #4003, #1099, #4017, .T. ) ;
#1001 = DIRECTION ( 'NONE',  ( -1.000000000000000000, 0.0000000000000000000, -0.0000000000000000000 ) ) ;
#1002 = CARTESIAN_POINT ( 'NONE',  ( 3.429999999999999700, -1.117762384446306000, 1.524208804743890400 ) ) ;
#1003 = ORIENTED_EDGE ( 'NONE', *, *, #2458, .F. ) ;
#1004 = VECTOR ( 'NONE', #1364, 1000.000000000000000 ) ;
#1005 = CARTESIAN_POINT ( 'NONE',  ( -6.200000000000000200, 4.575000000000018800, -2.400000000000010600 ) ) ;
#1006 = EDGE_CURVE ( 'NONE', #2625, #4250, #2162, .T. ) ;
#1007 = LINE ( 'NONE', #3229, #1224 ) ;
#1008 = UNCERTAINTY_MEASURE_WITH_UNIT (LENGTH_MEASURE( 1.000000000000000100E-005 ), #1935, 'distance_accuracy_value', 'NONE');
#1009 = ORIENTED_EDGE ( 'NONE', *, *, #1450, .F. ) ;
#1010 = AXIS2_PLACEMENT_3D ( 'NONE', #286, #2395, #2754 ) ;
#1011 = FACE_OUTER_BOUND ( 'NONE', #3441, .T. ) ;
#1012 = LINE ( 'NONE', #832, #1609 ) ;
#1013 = LINE ( 'NONE', #773, #967 ) ;
#1014 = LINE ( 'NONE', #1456, #3416 ) ;
#1015 = DIRECTION ( 'NONE',  ( 0.0000000000000000000, -8.163404592832033600E-015, 1.000000000000000000 ) ) ;
#1016 = DIRECTION ( 'NONE',  ( 1.000000000000000000, -0.0000000000000000000, -0.0000000000000000000 ) ) ;
#1017 = AXIS2_PLACEMENT_3D ( 'NONE', #1718, #730, #2077 ) ;
#1018 = VECTOR ( 'NONE', #174, 1000.000000000000000 ) ;
#1019 = LINE ( 'NONE', #1604, #1509 ) ;
#1020 = CARTESIAN_POINT ( 'NONE',  ( 1.570000000000000300, 4.094999999999999800, -4.700000000000000200 ) ) ;
#1021 = ADVANCED_FACE ( 'NONE', ( #218 ), #3418, .T. ) ;
#1022 = CARTESIAN_POINT ( 'NONE',  ( 4.149999999999979900, 6.100000000000000500, -0.9309401076758571100 ) ) ;
#1023 = ORIENTED_EDGE ( 'NONE', *, *, #998, .T. ) ;
#1024 = PRODUCT_CONTEXT ( 'NONE', #4467, 'mechanical' ) ;
#1025 = FACE_BOUND ( 'NONE', #2974, .T. ) ;
#1026 = ORIENTED_EDGE ( 'NONE', *, *, #2138, .T. ) ;
#1027 = ORIENTED_EDGE ( 'NONE', *, *, #2456, .F. ) ;
#1028 = PLANE ( 'NONE',  #648 ) ;
#1029 = DIRECTION ( 'NONE',  ( -0.0000000000000000000, -1.000000000000000000, -0.0000000000000000000 ) ) ;
#1030 = DIRECTION ( 'NONE',  ( 0.0000000000000000000, 0.0000000000000000000, 1.000000000000000000 ) ) ;
#1031 = DIRECTION ( 'NONE',  ( -1.000000000000000000, 0.0000000000000000000, -0.0000000000000000000 ) ) ;
#1032 = ORIENTED_EDGE ( 'NONE', *, *, #1643, .T. ) ;
#1033 = EDGE_CURVE ( 'NONE', #2301, #3377, #2441, .T. ) ;
#1034 = AXIS2_PLACEMENT_3D ( 'NONE', #2549, #1511, #819 ) ;
#1035 = CARTESIAN_POINT ( 'NONE',  ( 3.919999999999999000, 3.605000000000000400, -5.550000000000008700 ) ) ;
#1036 = ADVANCED_FACE ( 'NONE', ( #4162 ), #4391, .F. ) ;
#1037 = CARTESIAN_POINT ( 'NONE',  ( -2.000000000000001300, 0.4000000000000000200, 0.0000000000000000000 ) ) ;
#1038 = EDGE_CURVE ( 'NONE', #4363, #4003, #166, .T. ) ;
#1039 = ORIENTED_EDGE ( 'NONE', *, *, #110, .F. ) ;
#1040 = CARTESIAN_POINT ( 'NONE',  ( 4.069999999999999400, 4.094999999999999800, -5.137878387081817000 ) ) ;
#1041 = DIRECTION ( 'NONE',  ( 1.000000000000000000, -0.0000000000000000000, -0.0000000000000000000 ) ) ;
#1042 = ORIENTED_EDGE ( 'NONE', *, *, #2819, .T. ) ;
#1043 = CARTESIAN_POINT ( 'NONE',  ( 4.069999999999999400, 4.094999999999999800, -5.137878387081817000 ) ) ;
#1044 = ORIENTED_EDGE ( 'NONE', *, *, #837, .F. ) ;
#1045 = VERTEX_POINT ( 'NONE', #1979 ) ;
#1046 = CARTESIAN_POINT ( 'NONE',  ( -5.299999999999999800, 5.148076211353331800, -6.999999999999978700 ) ) ;
#1047 = CARTESIAN_POINT ( 'NONE',  ( 3.580000000000000500, 3.944999999999999000, -5.550000000000008700 ) ) ;
#1048 = FACE_OUTER_BOUND ( 'NONE', #2477, .T. ) ;
#1049 = LINE ( 'NONE', #4116, #3814 ) ;
#1050 = CARTESIAN_POINT ( 'NONE',  ( -6.200000000000000200, 5.275000000000011000, -2.400000000000010600 ) ) ;
#1051 = PRODUCT_CONTEXT ( 'NONE', #1067, 'mechanical' ) ;
#1052 = ORIENTED_EDGE ( 'NONE', *, *, #2577, .T. ) ;
#1053 = ORIENTED_EDGE ( 'NONE', *, *, #3882, .T. ) ;
#1054 = VECTOR ( 'NONE', #2543, 1000.000000000000000 ) ;
#1055 = DIRECTION ( 'NONE',  ( 0.0000000000000000000, 0.0000000000000000000, 1.000000000000000000 ) ) ;
#1056 = EDGE_CURVE ( 'NONE', #3167, #3028, #1142, .T. ) ;
#1057 = VECTOR ( 'NONE', #3717, 1000.000000000000000 ) ;
#1058 = CARTESIAN_POINT ( 'NONE',  ( 6.200000000000000200, 0.0000000000000000000, -11.50000000000001800 ) ) ;
#1059 = LINE ( 'NONE', #1100, #36 ) ;
#1060 = LINE ( 'NONE', #3383, #2986 ) ;
#1061 = DIRECTION ( 'NONE',  ( -1.000000000000000000, 0.0000000000000000000, 0.0000000000000000000 ) ) ;
#1062 = VERTEX_POINT ( 'NONE', #768 ) ;
#1063 = ADVANCED_FACE ( 'NONE', ( #1305 ), #2512, .F. ) ;
#1064 = CARTESIAN_POINT ( 'NONE',  ( 3.429999999999999700, -2.887878387081807200, 2.169999999999989300 ) ) ;
#1065 = FACE_OUTER_BOUND ( 'NONE', #422, .T. ) ;
#1066 = FACE_OUTER_BOUND ( 'NONE', #4455, .T. ) ;
#1067 = APPLICATION_CONTEXT ( 'automotive_design' ) ;
#1068 = CYLINDRICAL_SURFACE ( 'NONE', #2078, 0.7000000000000027300 ) ;
#1069 = STYLED_ITEM ( 'NONE', ( #3991 ), #2003 ) ;
#1070 = DIRECTION ( 'NONE',  ( 0.0000000000000000000, 0.0000000000000000000, -1.000000000000000000 ) ) ;
#1071 = DIRECTION ( 'NONE',  ( -0.0000000000000000000, -1.000000000000000000, 0.0000000000000000000 ) ) ;
#1072 = CARTESIAN_POINT ( 'NONE',  ( 3.580000000000000500, 3.605000000000000400, -5.550000000000008700 ) ) ;
#1073 = CARTESIAN_POINT ( 'NONE',  ( 6.200000000000000200, 0.0000000000000000000, -6.999999999999964500 ) ) ;
#1074 = CARTESIAN_POINT ( 'NONE',  ( 6.200000000000000200, 6.100000000000000500, 0.0000000000000000000 ) ) ;
#1075 = AXIS2_PLACEMENT_3D ( 'NONE', #571, #4330, #2623 ) ;
#1076 = DIRECTION ( 'NONE',  ( 0.0000000000000000000, -1.000000000000000000, -2.797941090285171100E-016 ) ) ;
#1077 = DIRECTION ( 'NONE',  ( 0.0000000000000000000, -1.000000000000000000, 0.0000000000000000000 ) ) ;
#1078 = VERTEX_POINT ( 'NONE', #3220 ) ;
#1079 = ORIENTED_EDGE ( 'NONE', *, *, #1236, .F. ) ;
#1080 = DIRECTION ( 'NONE',  ( 0.0000000000000000000, -0.9276100592987810400, -0.3735499670562316700 ) ) ;
#1081 = ORIENTED_EDGE ( 'NONE', *, *, #3557, .T. ) ;
#1082 = ORIENTED_EDGE ( 'NONE', *, *, #2618, .F. ) ;
#1083 = DIRECTION ( 'NONE',  ( 0.0000000000000000000, -1.000000000000000000, 0.0000000000000000000 ) ) ;
#1084 = ADVANCED_FACE ( 'NONE', ( #1627 ), #4018, .T. ) ;
#1085 = CARTESIAN_POINT ( 'NONE',  ( -4.250000000000001800, 6.100000000000000500, -0.9309401076758561100 ) ) ;
#1086 = DIRECTION ( 'NONE',  ( -1.000000000000000000, 0.0000000000000000000, 0.0000000000000000000 ) ) ;
#1087 = PLANE ( 'NONE',  #2344 ) ;
#1088 = EDGE_CURVE ( 'NONE', #3493, #4232, #4067, .T. ) ;
#1089 = AXIS2_PLACEMENT_3D ( 'NONE', #2898, #1425, #2228 ) ;
#1090 = ADVANCED_FACE ( 'NONE', ( #3695 ), #2602, .F. ) ;
#1091 = VERTEX_POINT ( 'NONE', #1491 ) ;
#1092 = CARTESIAN_POINT ( 'NONE',  ( 4.297540985521501400, 3.227459014478498500, -4.512714667361047200 ) ) ;
#1093 = DIRECTION ( 'NONE',  ( 0.0000000000000000000, 0.0000000000000000000, -1.000000000000000000 ) ) ;
#1094 = ORIENTED_EDGE ( 'NONE', *, *, #1966, .F. ) ;
#1095 = CARTESIAN_POINT ( 'NONE',  ( 6.200000000000000200, 0.0000000000000000000, 0.0000000000000000000 ) ) ;
#1096 = ORIENTED_EDGE ( 'NONE', *, *, #3311, .F. ) ;
#1097 = ORIENTED_EDGE ( 'NONE', *, *, #3527, .F. ) ;
#1098 = ORIENTED_EDGE ( 'NONE', *, *, #2257, .F. ) ;
#1099 = VERTEX_POINT ( 'NONE', #822 ) ;
#1100 = CARTESIAN_POINT ( 'NONE',  ( 2.800000000000010500, 1.301022143997296400, -6.858022075225201200E-016 ) ) ;
#1101 = DIRECTION ( 'NONE',  ( 0.0000000000000000000, -1.000000000000000000, 2.245376765908615400E-016 ) ) ;
#1102 = ORIENTED_EDGE ( 'NONE', *, *, #2396, .T. ) ;
#1103 = VECTOR ( 'NONE', #944, 1000.000000000000100 ) ;
#1104 = DIRECTION ( 'NONE',  ( 1.000000000000000000, 0.0000000000000000000, 0.0000000000000000000 ) ) ;
#1105 = DIRECTION ( 'NONE',  ( 0.0000000000000000000, 2.797941090285171100E-016, -1.000000000000000000 ) ) ;
#1106 = CARTESIAN_POINT ( 'NONE',  ( 3.919999999999999000, 3.944999999999999000, -5.550000000000008700 ) ) ;
#1107 = LINE ( 'NONE', #1169, #3198 ) ;
#1108 = ORIENTED_EDGE ( 'NONE', *, *, #395, .T. ) ;
#1109 = DIRECTION ( 'NONE',  ( 0.3236155771181871700, -0.3236155771181871700, 0.8891264907159864800 ) ) ;
#1110 = CARTESIAN_POINT ( 'NONE',  ( -2.800000000000008700, 1.301022143997296400, 0.0000000000000000000 ) ) ;
#1111 = VECTOR ( 'NONE', #184, 1000.000000000000000 ) ;
#1112 = ORIENTED_EDGE ( 'NONE', *, *, #3070, .F. ) ;
#1113 = LINE ( 'NONE', #1178, #2929 ) ;
#1114 = FACE_OUTER_BOUND ( 'NONE', #3304, .T. ) ;
#1115 = CARTESIAN_POINT ( 'NONE',  ( -5.349999999999999600, 4.275000000000019900, 0.0000000000000000000 ) ) ;
#1116 = ORIENTED_EDGE ( 'NONE', *, *, #104, .T. ) ;
#1117 = VERTEX_POINT ( 'NONE', #2500 ) ;
#1118 = CARTESIAN_POINT ( 'NONE',  ( 5.349999999999999600, 5.275000000000011000, -4.700000000000000200 ) ) ;
#1119 = EDGE_CURVE ( 'NONE', #2371, #1272, #1641, .T. ) ;
#1120 = VECTOR ( 'NONE', #3172, 1000.000000000000000 ) ;
#1121 = ORIENTED_EDGE ( 'NONE', *, *, #3760, .F. ) ;
#1122 = CARTESIAN_POINT ( 'NONE',  ( 6.200000000000000200, 5.275000000000011000, -2.400000000000010600 ) ) ;
#1123 = LINE ( 'NONE', #2832, #2271 ) ;
#1124 = EDGE_CURVE ( 'NONE', #1274, #2870, #1716, .T. ) ;
#1125 = VECTOR ( 'NONE', #3791, 1000.000000000000000 ) ;
#1126 = DIRECTION ( 'NONE',  ( 0.0000000000000000000, -1.000000000000000000, 0.0000000000000000000 ) ) ;
#1127 = CARTESIAN_POINT ( 'NONE',  ( -4.199999999999989500, 6.100000000000000500, -0.8443375672973908500 ) ) ;
#1128 = FACE_OUTER_BOUND ( 'NONE', #2750, .T. ) ;
#1129 = VECTOR ( 'NONE', #4428, 1000.000000000000100 ) ;
#1130 = EDGE_CURVE ( 'NONE', #292, #3970, #3750, .T. ) ;
#1131 = ORIENTED_EDGE ( 'NONE', *, *, #2704, .T. ) ;
#1132 = DIRECTION ( 'NONE',  ( 0.0000000000000000000, -1.000000000000000000, 2.843808977011158800E-015 ) ) ;
#1133 = DIRECTION ( 'NONE',  ( 0.0000000000000000000, 0.0000000000000000000, 1.000000000000000000 ) ) ;
#1134 = COLOUR_RGB ( '',1.000000000000000000, 1.000000000000000000, 1.000000000000000000 ) ;
#1135 = EDGE_LOOP ( 'NONE', ( #3298, #588, #2322, #2861 ) ) ;
#1136 = DIRECTION ( 'NONE',  ( 0.0000000000000000000, 0.3735499670562121800, -0.9276100592987890400 ) ) ;
#1137 = DIRECTION ( 'NONE',  ( 0.0000000000000000000, 0.0000000000000000000, 1.000000000000000000 ) ) ;
#1138 = CARTESIAN_POINT ( 'NONE',  ( 4.099999999999995200, 6.100000000000000500, -0.6133974596215439100 ) ) ;
#1139 = EDGE_LOOP ( 'NONE', ( #2348, #3719, #793, #2069 ) ) ;
#1140 = CARTESIAN_POINT ( 'NONE',  ( -4.500000000000001800, 0.0000000000000000000, -5.999999999999964500 ) ) ;
#1141 = PLANE ( 'NONE',  #3797 ) ;
#1142 = LINE ( 'NONE', #1095, #2560 ) ;
#1143 = ADVANCED_FACE ( 'NONE', ( #2219 ), #3110, .T. ) ;
#1144 = DIRECTION ( 'NONE',  ( 0.0000000000000000000, 0.0000000000000000000, 1.000000000000000000 ) ) ;
#1145 = UNCERTAINTY_MEASURE_WITH_UNIT (LENGTH_MEASURE( 1.000000000000000100E-005 ), #3862, 'distance_accuracy_value', 'NONE');
#1146 = EDGE_CURVE ( 'NONE', #26, #1117, #1336, .T. ) ;
#1147 = EDGE_CURVE ( 'NONE', #4032, #1647, #1888, .T. ) ;
#1148 = CARTESIAN_POINT ( 'NONE',  ( -3.549999999999999400, 6.100000000000000500, -3.699999999999991700 ) ) ;
#1149 = CARTESIAN_POINT ( 'NONE',  ( -3.429999999999999700, 4.094999999999999800, -4.700000000000000200 ) ) ;
#1150 = ORIENTED_EDGE ( 'NONE', *, *, #2438, .T. ) ;
#1151 = PLANE ( 'NONE',  #3150 ) ;
#1152 = CARTESIAN_POINT ( 'NONE',  ( 6.200000000000000200, 0.0000000000000000000, 0.0000000000000000000 ) ) ;
#1153 = EDGE_CURVE ( 'NONE', #2907, #4011, #2150, .T. ) ;
#1154 = EDGE_LOOP ( 'NONE', ( #2796, #2166, #1023, #3180 ) ) ;
#1155 = VERTEX_POINT ( 'NONE', #387 ) ;
#1156 = ORIENTED_EDGE ( 'NONE', *, *, #1441, .T. ) ;
#1157 = DIRECTION ( 'NONE',  ( 0.8660254037844444800, -0.0000000000000000000, -0.4999999999999898400 ) ) ;
#1158 = FACE_OUTER_BOUND ( 'NONE', #122, .T. ) ;
#1159 = ORIENTED_EDGE ( 'NONE', *, *, #2386, .T. ) ;
#1160 = VERTEX_POINT ( 'NONE', #2822 ) ;
#1161 = LINE ( 'NONE', #2357, #243 ) ;
#1162 = ADVANCED_FACE ( 'NONE', ( #838 ), #47, .F. ) ;
#1163 = PRODUCT_RELATED_PRODUCT_CATEGORY ( 'part', '', ( #3164 ) ) ;
#1164 = ORIENTED_EDGE ( 'NONE', *, *, #2367, .T. ) ;
#1165 = VECTOR ( 'NONE', #375, 1000.000000000000000 ) ;
#1166 = DIRECTION ( 'NONE',  ( 1.000000000000000000, 0.0000000000000000000, 0.0000000000000000000 ) ) ;
#1167 = CARTESIAN_POINT ( 'NONE',  ( 4.069999999999999400, 3.454999999999999600, 0.8499999999999914300 ) ) ;
#1168 = VERTEX_POINT ( 'NONE', #3498 ) ;
#1169 = CARTESIAN_POINT ( 'NONE',  ( 0.4999999999999987200, 0.4000000000000000200, 0.0000000000000000000 ) ) ;
#1170 = DIRECTION ( 'NONE',  ( -0.0000000000000000000, -1.000000000000000000, -0.0000000000000000000 ) ) ;
#1171 = PLANE ( 'NONE',  #2562 ) ;
#1172 = VERTEX_POINT ( 'NONE', #711 ) ;
#1173 = CIRCLE ( 'NONE', #207, 0.6999999999999914100 ) ;
#1174 = DIRECTION ( 'NONE',  ( 0.0000000000000000000, -1.000000000000000000, 0.0000000000000000000 ) ) ;
#1175 = FACE_OUTER_BOUND ( 'NONE', #2979, .T. ) ;
#1176 = CIRCLE ( 'NONE', #3128, 0.7000000000000027300 ) ;
#1177 = FACE_OUTER_BOUND ( 'NONE', #578, .T. ) ;
#1178 = CARTESIAN_POINT ( 'NONE',  ( 4.199999999999991300, 5.275000000000011000, -0.8443375672973915100 ) ) ;
#1179 = EDGE_CURVE ( 'NONE', #342, #4304, #438, .T. ) ;
#1180 = AXIS2_PLACEMENT_3D ( 'NONE', #2866, #447, #1483 ) ;
#1181 = DIRECTION ( 'NONE',  ( 1.000000000000000000, 0.0000000000000000000, -0.0000000000000000000 ) ) ;
#1182 = DIRECTION ( 'NONE',  ( 0.0000000000000000000, -0.3735499670562326700, 0.9276100592987807100 ) ) ;
#1183 = AXIS2_PLACEMENT_3D ( 'NONE', #4078, #2336, #282 ) ;
#1184 = CARTESIAN_POINT ( 'NONE',  ( -5.299999999999999800, 5.148076211353326500, -6.999999999999987600 ) ) ;
#1185 = CARTESIAN_POINT ( 'NONE',  ( -2.800000000000009100, 5.275000000000011000, -3.699999999999991300 ) ) ;
#1186 = ADVANCED_FACE ( 'NONE', ( #171 ), #370, .F. ) ;
#1187 = ORIENTED_EDGE ( 'NONE', *, *, #555, .F. ) ;
#1188 = EDGE_CURVE ( 'NONE', #2948, #639, #567, .T. ) ;
#1189 = DIRECTION ( 'NONE',  ( -0.0000000000000000000, -1.000000000000000000, -0.0000000000000000000 ) ) ;
#1190 = DIRECTION ( 'NONE',  ( -0.0000000000000000000, -0.0000000000000000000, 1.000000000000000000 ) ) ;
#1191 = DIRECTION ( 'NONE',  ( -0.0000000000000000000, 0.0000000000000000000, 1.000000000000000000 ) ) ;
#1192 = LINE ( 'NONE', #72, #2171 ) ;
#1193 = DIRECTION ( 'NONE',  ( -0.0000000000000000000, 0.0000000000000000000, -1.000000000000000000 ) ) ;
#1194 = CARTESIAN_POINT ( 'NONE',  ( -3.429999999999999700, 4.094999999999999800, -9.400000000000000400 ) ) ;
#1195 = CARTESIAN_POINT ( 'NONE',  ( 3.429999999999999700, 2.775000000000000800, 1.529999999999990000 ) ) ;
#1196 = MANIFOLD_SOLID_BREP ( 'Chamfer1', #2200 ) ;
#1197 = ORIENTED_EDGE ( 'NONE', *, *, #4336, .F. ) ;
#1198 = CARTESIAN_POINT ( 'NONE',  ( 0.0000000000000000000, 3.605000000000000400, -5.550000000000008700 ) ) ;
#1199 = VERTEX_POINT ( 'NONE', #3847 ) ;
#1200 = ADVANCED_FACE ( 'NONE', ( #4420 ), #4061, .F. ) ;
#1201 = EDGE_CURVE ( 'NONE', #1199, #4011, #2486, .T. ) ;
#1202 = ORIENTED_EDGE ( 'NONE', *, *, #1622, .T. ) ;
#1203 = PLANE ( 'NONE',  #4065 ) ;
#1204 = CARTESIAN_POINT ( 'NONE',  ( 3.429999999999999700, -1.117762384446307600, 1.524208804743894000 ) ) ;
#1205 = ORIENTED_EDGE ( 'NONE', *, *, #2792, .T. ) ;
#1206 = EDGE_CURVE ( 'NONE', #2694, #3353, #2874, .T. ) ;
#1207 = SHAPE_REPRESENTATION ( 'S4B-XH-A-1', ( #4015, #1075, #4329, #934, #3111, #3325 ), #4263 ) ;
#1208 = ORIENTED_EDGE ( 'NONE', *, *, #2779, .F. ) ;
#1209 = VECTOR ( 'NONE', #3417, 1000.000000000000000 ) ;
#1210 = CARTESIAN_POINT ( 'NONE',  ( 2.999999999999998200, 0.0000000000000000000, -6.999999999999964500 ) ) ;
#1211 = AXIS2_PLACEMENT_3D ( 'NONE', #1297, #3712, #2686 ) ;
#1212 = DIRECTION ( 'NONE',  ( 0.9396926207859083200, -0.3420201433256693200, 4.804132565862273300E-017 ) ) ;
#1213 = EDGE_LOOP ( 'NONE', ( #3033, #3774, #3592, #2797 ) ) ;
#1214 = ORIENTED_EDGE ( 'NONE', *, *, #1555, .T. ) ;
#1215 = LINE ( 'NONE', #157, #187 ) ;
#1216 = CARTESIAN_POINT ( 'NONE',  ( 4.069999999999999400, -2.256834363362295800, 1.282120757304867600 ) ) ;
#1217 = DIRECTION ( 'NONE',  ( 0.4999999999999898400, 0.0000000000000000000, -0.8660254037844445900 ) ) ;
#1218 = CARTESIAN_POINT ( 'NONE',  ( 4.069999999999999400, -2.256834363362296700, 1.282120757304868100 ) ) ;
#1219 = ORIENTED_EDGE ( 'NONE', *, *, #1691, .T. ) ;
#1220 = ORIENTED_EDGE ( 'NONE', *, *, #1691, .F. ) ;
#1221 = FACE_OUTER_BOUND ( 'NONE', #4388, .T. ) ;
#1222 = ORIENTED_EDGE ( 'NONE', *, *, #2614, .F. ) ;
#1223 = CARTESIAN_POINT ( 'NONE',  ( 0.0000000000000000000, 0.0000000000000000000, 0.0000000000000000000 ) ) ;
#1224 = VECTOR ( 'NONE', #2510, 1000.000000000000000 ) ;
#1225 = ORIENTED_EDGE ( 'NONE', *, *, #2585, .F. ) ;
#1226 = CARTESIAN_POINT ( 'NONE',  ( 4.069999999999999400, 2.775000000000000800, 0.8499999999999914300 ) ) ;
#1227 = ORIENTED_EDGE ( 'NONE', *, *, #2953, .T. ) ;
#1228 = DIRECTION ( 'NONE',  ( 0.0000000000000000000, 0.3735499670562319500, -0.9276100592987810400 ) ) ;
#1229 = CARTESIAN_POINT ( 'NONE',  ( 3.550000000000000300, 5.275000000000011000, -3.699999999999993100 ) ) ;
#1230 = VECTOR ( 'NONE', #2041, 1000.000000000000000 ) ;
#1231 = ORIENTED_EDGE ( 'NONE', *, *, #1379, .T. ) ;
#1232 = LINE ( 'NONE', #1635, #315 ) ;
#1233 = LINE ( 'NONE', #2226, #316 ) ;
#1234 = PLANE ( 'NONE',  #1940 ) ;
#1235 = CARTESIAN_POINT ( 'NONE',  ( -6.200000000000000200, 4.575000000000018800, -3.100000000000001900 ) ) ;
#1236 = EDGE_CURVE ( 'NONE', #3958, #2371, #1123, .T. ) ;
#1237 = CARTESIAN_POINT ( 'NONE',  ( 5.299999999999999800, 0.4000000000000000200, -6.999999999999964500 ) ) ;
#1238 = EDGE_CURVE ( 'NONE', #1583, #240, #1817, .T. ) ;
#1239 = VECTOR ( 'NONE', #3031, 1000.000000000000000 ) ;
#1240 = DIRECTION ( 'NONE',  ( -0.4999999999999898400, 0.0000000000000000000, 0.8660254037844445900 ) ) ;
#1241 = CARTESIAN_POINT ( 'NONE',  ( 3.202459014478498600, 3.227459014478498500, -4.512714667361047200 ) ) ;
#1242 = FACE_OUTER_BOUND ( 'NONE', #647, .T. ) ;
#1243 =( NAMED_UNIT ( * ) SI_UNIT ( $, .STERADIAN. ) SOLID_ANGLE_UNIT ( ) );
#1244 = EDGE_CURVE ( 'NONE', #1650, #81, #4327, .T. ) ;
#1245 = DIRECTION ( 'NONE',  ( 0.0000000000000000000, 0.0000000000000000000, 1.000000000000000000 ) ) ;
#1246 = AXIS2_PLACEMENT_3D ( 'NONE', #2804, #3159, #2100 ) ;
#1247 = PLANE ( 'NONE',  #2328 ) ;
#1248 = PLANE ( 'NONE',  #97 ) ;
#1249 = ORIENTED_EDGE ( 'NONE', *, *, #4280, .F. ) ;
#1250 = VECTOR ( 'NONE', #3742, 1000.000000000000100 ) ;
#1251 = DIRECTION ( 'NONE',  ( 1.000000000000000000, -0.0000000000000000000, -0.0000000000000000000 ) ) ;
#1252 = AXIS2_PLACEMENT_3D ( 'NONE', #361, #2173, #2891 ) ;
#1253 = PLANE ( 'NONE',  #4375 ) ;
#1254 = CARTESIAN_POINT ( 'NONE',  ( 0.9300000000000002700, 3.454999999999999600, -9.400000000000000400 ) ) ;
#1255 = ORIENTED_EDGE ( 'NONE', *, *, #250, .F. ) ;
#1256 = VERTEX_POINT ( 'NONE', #2267 ) ;
#1257 = PLANE ( 'NONE',  #2681 ) ;
#1258 = CARTESIAN_POINT ( 'NONE',  ( -0.5000000000000008900, 0.4000000000000000200, -5.999999999999964500 ) ) ;
#1259 = DIRECTION ( 'NONE',  ( 1.000000000000000000, 0.0000000000000000000, 0.0000000000000000000 ) ) ;
#1260 = VERTEX_POINT ( 'NONE', #2308 ) ;
#1261 = DIRECTION ( 'NONE',  ( 0.0000000000000000000, 0.0000000000000000000, -1.000000000000000000 ) ) ;
#1262 = VERTEX_POINT ( 'NONE', #3017 ) ;
#1263 = EDGE_LOOP ( 'NONE', ( #3832, #3928, #3716, #4257 ) ) ;
#1264 = CARTESIAN_POINT ( 'NONE',  ( 6.200000000000000200, 0.0000000000000000000, 0.0000000000000000000 ) ) ;
#1265 = CARTESIAN_POINT ( 'NONE',  ( -2.000000000000001300, 0.0000000000000000000, -5.999999999999964500 ) ) ;
#1266 = VERTEX_POINT ( 'NONE', #2674 ) ;
#1267 = LINE ( 'NONE', #816, #3754 ) ;
#1268 = CARTESIAN_POINT ( 'NONE',  ( 4.069999999999999400, 4.094999999999999800, -5.999999999999964500 ) ) ;
#1269 = VECTOR ( 'NONE', #1144, 1000.000000000000000 ) ;
#1270 = DIRECTION ( 'NONE',  ( -0.0000000000000000000, -1.000000000000000000, -0.0000000000000000000 ) ) ;
#1271 = EDGE_CURVE ( 'NONE', #3495, #3030, #4201, .T. ) ;
#1272 = VERTEX_POINT ( 'NONE', #598 ) ;
#1273 = DIRECTION ( 'NONE',  ( -0.0000000000000000000, 2.843808977011158800E-015, 1.000000000000000000 ) ) ;
#1274 = VERTEX_POINT ( 'NONE', #3001 ) ;
#1275 = AXIS2_PLACEMENT_3D ( 'NONE', #2048, #1384, #3530 ) ;
#1276 = ORIENTED_EDGE ( 'NONE', *, *, #1409, .F. ) ;
#1277 = LINE ( 'NONE', #2406, #2647 ) ;
#1278 = VECTOR ( 'NONE', #1373, 1000.000000000000000 ) ;
#1279 = DIRECTION ( 'NONE',  ( 0.9396926207859083200, -0.3420201433256693200, 4.804132565862273300E-017 ) ) ;
#1280 = EDGE_CURVE ( 'NONE', #3970, #3115, #757, .T. ) ;
#1281 = ADVANCED_FACE ( 'NONE', ( #1560 ), #544, .F. ) ;
#1282 = ORIENTED_EDGE ( 'NONE', *, *, #3426, .F. ) ;
#1283 = DIRECTION ( 'NONE',  ( 0.0000000000000000000, 0.0000000000000000000, 1.000000000000000000 ) ) ;
#1284 = VECTOR ( 'NONE', #3194, 1000.000000000000000 ) ;
#1285 = CARTESIAN_POINT ( 'NONE',  ( 6.200000000000000200, 6.100000000000000500, 0.0000000000000000000 ) ) ;
#1286 = DIRECTION ( 'NONE',  ( -0.8660254037844444800, 0.0000000000000000000, -0.4999999999999898400 ) ) ;
#1287 = ORIENTED_EDGE ( 'NONE', *, *, #4178, .T. ) ;
#1288 = LINE ( 'NONE', #3278, #3986 ) ;
#1289 = VECTOR ( 'NONE', #3957, 1000.000000000000000 ) ;
#1290 = ORIENTED_EDGE ( 'NONE', *, *, #814, .T. ) ;
#1291 = LINE ( 'NONE', #2241, #1934 ) ;
#1292 = VECTOR ( 'NONE', #2951, 1000.000000000000200 ) ;
#1293 = FACE_OUTER_BOUND ( 'NONE', #3242, .T. ) ;
#1294 = VECTOR ( 'NONE', #3693, 1000.000000000000000 ) ;
#1295 = CIRCLE ( 'NONE', #1211, 1.319999999999998700 ) ;
#1296 = ORIENTED_EDGE ( 'NONE', *, *, #192, .T. ) ;
#1297 = CARTESIAN_POINT ( 'NONE',  ( 3.429999999999999700, 2.775000000000000800, 0.8499999999999914300 ) ) ;
#1298 = DIRECTION ( 'NONE',  ( -1.000000000000000000, 0.0000000000000000000, 0.0000000000000000000 ) ) ;
#1299 = EDGE_CURVE ( 'NONE', #3909, #3030, #4207, .T. ) ;
#1300 = CARTESIAN_POINT ( 'NONE',  ( 3.429999999999999700, 2.774999999999999500, 2.169999999999990200 ) ) ;
#1301 = ORIENTED_EDGE ( 'NONE', *, *, #1582, .T. ) ;
#1302 = EDGE_CURVE ( 'NONE', #1484, #2120, #550, .T. ) ;
#1303 = DIRECTION ( 'NONE',  ( 0.0000000000000000000, 0.0000000000000000000, 1.000000000000000000 ) ) ;
#1304 = EDGE_CURVE ( 'NONE', #852, #2888, #1348, .T. ) ;
#1305 = FACE_OUTER_BOUND ( 'NONE', #554, .T. ) ;
#1306 = VECTOR ( 'NONE', #2115, 1000.000000000000000 ) ;
#1307 = CARTESIAN_POINT ( 'NONE',  ( 3.429999999999999700, -2.987878387081803800, 2.169999999999991000 ) ) ;
#1308 = CARTESIAN_POINT ( 'NONE',  ( -0.5000000000000008900, 6.100000000000000500, -5.999999999999964500 ) ) ;
#1309 = PLANE ( 'NONE',  #3234 ) ;
#1310 =( GEOMETRIC_REPRESENTATION_CONTEXT ( 3 ) GLOBAL_UNCERTAINTY_ASSIGNED_CONTEXT ( ( #825 ) ) GLOBAL_UNIT_ASSIGNED_CONTEXT ( ( #3262, #1542, #1243 ) ) REPRESENTATION_CONTEXT ( 'NONE', 'WORKASPACE' ) );
#1311 = DIRECTION ( 'NONE',  ( 1.000000000000000000, 0.0000000000000000000, -0.0000000000000000000 ) ) ;
#1312 = ORIENTED_EDGE ( 'NONE', *, *, #1894, .T. ) ;
#1313 = ORIENTED_EDGE ( 'NONE', *, *, #2559, .F. ) ;
#1314 = ORIENTED_EDGE ( 'NONE', *, *, #2704, .F. ) ;
#1315 = ADVANCED_FACE ( 'NONE', ( #1566 ), #3216, .F. ) ;
#1316 = DIRECTION ( 'NONE',  ( 1.000000000000000000, 0.0000000000000000000, 0.0000000000000000000 ) ) ;
#1317 = VERTEX_POINT ( 'NONE', #3328 ) ;
#1318 = CARTESIAN_POINT ( 'NONE',  ( -6.200000000000000200, 0.0000000000000000000, -11.50000000000001800 ) ) ;
#1319 = ORIENTED_EDGE ( 'NONE', *, *, #3280, .T. ) ;
#1320 = ORIENTED_EDGE ( 'NONE', *, *, #2565, .T. ) ;
#1321 = VECTOR ( 'NONE', #2678, 1000.000000000000000 ) ;
#1322 = VECTOR ( 'NONE', #676, 1000.000000000000000 ) ;
#1323 = DIRECTION ( 'NONE',  ( 1.000000000000000000, 0.0000000000000000000, 0.0000000000000000000 ) ) ;
#1324 = ORIENTED_EDGE ( 'NONE', *, *, #1729, .T. ) ;
#1325 = EDGE_CURVE ( 'NONE', #1274, #2786, #2277, .T. ) ;
#1326 = ORIENTED_EDGE ( 'NONE', *, *, #589, .F. ) ;
#1327 = LINE ( 'NONE', #3102, #4237 ) ;
#1328 = ORIENTED_EDGE ( 'NONE', *, *, #919, .T. ) ;
#1329 = AXIS2_PLACEMENT_3D ( 'NONE', #291, #4473, #2368 ) ;
#1330 = LINE ( 'NONE', #2403, #2141 ) ;
#1331 = ORIENTED_EDGE ( 'NONE', *, *, #4089, .T. ) ;
#1332 = ORIENTED_EDGE ( 'NONE', *, *, #2317, .F. ) ;
#1333 = DIRECTION ( 'NONE',  ( 0.0000000000000000000, -1.000000000000000000, -8.163404592832033600E-015 ) ) ;
#1334 = CARTESIAN_POINT ( 'NONE',  ( -6.200000000000000200, 0.0000000000000000000, 0.0000000000000000000 ) ) ;
#1335 = DIRECTION ( 'NONE',  ( 0.0000000000000000000, -0.0000000000000000000, 1.000000000000000000 ) ) ;
#1336 = LINE ( 'NONE', #2123, #3965 ) ;
#1337 = ORIENTED_EDGE ( 'NONE', *, *, #1271, .F. ) ;
#1338 = ORIENTED_EDGE ( 'NONE', *, *, #1280, .T. ) ;
#1339 = ORIENTED_EDGE ( 'NONE', *, *, #3570, .T. ) ;
#1340 = CARTESIAN_POINT ( 'NONE',  ( 3.429999999999999700, -2.887878387081807200, 1.529999999999989600 ) ) ;
#1341 = VECTOR ( 'NONE', #2823, 1000.000000000000100 ) ;
#1342 = EDGE_LOOP ( 'NONE', ( #2299, #1159, #1811, #2237 ) ) ;
#1343 = CIRCLE ( 'NONE', #2197, 0.6799999999999987200 ) ;
#1344 = LINE ( 'NONE', #1092, #4150 ) ;
#1345 = CARTESIAN_POINT ( 'NONE',  ( 3.429999999999999700, 2.775000000000001200, 2.169999999999990200 ) ) ;
#1346 = PRODUCT_DEFINITION_SHAPE ( 'NONE', 'NONE',  #4483 ) ;
#1347 = APPLICATION_PROTOCOL_DEFINITION ( 'draft international standard', 'automotive_design', 1998, #4467 ) ;
#1348 = LINE ( 'NONE', #3669, #1239 ) ;
#1349 = PRODUCT_DEFINITION_CONTEXT ( 'detailed design', #4137, 'design' ) ;
#1350 = ORIENTED_EDGE ( 'NONE', *, *, #1056, .T. ) ;
#1351 = EDGE_CURVE ( 'NONE', #217, #982, #3671, .T. ) ;
#1352 = ORIENTED_EDGE ( 'NONE', *, *, #4372, .T. ) ;
#1353 = EDGE_CURVE ( 'NONE', #4232, #2476, #2152, .T. ) ;
#1354 = PLANE ( 'NONE',  #3535 ) ;
#1355 = PLANE ( 'NONE',  #4421 ) ;
#1356 =( REPRESENTATION_RELATIONSHIP ('NONE','NONE', #1207, #2794 ) REPRESENTATION_RELATIONSHIP_WITH_TRANSFORMATION ( #2653 )SHAPE_REPRESENTATION_RELATIONSHIP( ) );
#1357 = EDGE_CURVE ( 'NONE', #2786, #1099, #323, .T. ) ;
#1358 = EDGE_LOOP ( 'NONE', ( #4444, #484, #3392, #4292 ) ) ;
#1359 = ORIENTED_EDGE ( 'NONE', *, *, #636, .T. ) ;
#1360 = AXIS2_PLACEMENT_3D ( 'NONE', #2772, #683, #3121 ) ;
#1361 = DIRECTION ( 'NONE',  ( 1.000000000000000000, -0.0000000000000000000, -0.0000000000000000000 ) ) ;
#1362 = ORIENTED_EDGE ( 'NONE', *, *, #3505, .F. ) ;
#1363 = ORIENTED_EDGE ( 'NONE', *, *, #2648, .F. ) ;
#1364 = DIRECTION ( 'NONE',  ( 0.0000000000000000000, 1.000000000000000000, 0.0000000000000000000 ) ) ;
#1365 = ORIENTED_EDGE ( 'NONE', *, *, #1744, .F. ) ;
#1366 = ORIENTED_EDGE ( 'NONE', *, *, #1351, .T. ) ;
#1367 = ORIENTED_EDGE ( 'NONE', *, *, #1147, .T. ) ;
#1368 = DIRECTION ( 'NONE',  ( 1.000000000000000000, 0.0000000000000000000, 0.0000000000000000000 ) ) ;
#1369 = ORIENTED_EDGE ( 'NONE', *, *, #2107, .T. ) ;
#1370 = ORIENTED_EDGE ( 'NONE', *, *, #2628, .F. ) ;
#1371 = LINE ( 'NONE', #3124, #1743 ) ;
#1372 = ORIENTED_EDGE ( 'NONE', *, *, #2852, .T. ) ;
#1373 = DIRECTION ( 'NONE',  ( -1.000000000000000000, 0.0000000000000000000, 0.0000000000000000000 ) ) ;
#1374 = VERTEX_POINT ( 'NONE', #915 ) ;
#1375 = VERTEX_POINT ( 'NONE', #1258 ) ;
#1376 = DIRECTION ( 'NONE',  ( -0.0000000000000000000, -0.0000000000000000000, 1.000000000000000000 ) ) ;
#1377 = LINE ( 'NONE', #579, #1486 ) ;
#1378 = EDGE_CURVE ( 'NONE', #1422, #4303, #3624, .T. ) ;
#1379 = EDGE_CURVE ( 'NONE', #1099, #2052, #1343, .T. ) ;
#1380 = DIRECTION ( 'NONE',  ( 0.0000000000000000000, -0.8660254037844381500, 0.5000000000000010000 ) ) ;
#1381 = CARTESIAN_POINT ( 'NONE',  ( 0.0000000000000000000, 3.605000000000000400, -5.550000000000008700 ) ) ;
#1382 = EDGE_LOOP ( 'NONE', ( #437, #2817, #2911, #1319 ) ) ;
#1383 = VECTOR ( 'NONE', #2743, 1000.000000000000000 ) ;
#1384 = DIRECTION ( 'NONE',  ( -0.9396926207859083200, -0.3420201433256692700, 4.804132565862272700E-017 ) ) ;
#1385 = ADVANCED_FACE ( 'NONE', ( #1932 ), #1984, .F. ) ;
#1386 = EDGE_CURVE ( 'NONE', #1422, #3284, #1232, .T. ) ;
#1387 = FACE_OUTER_BOUND ( 'NONE', #2461, .T. ) ;
#1388 = CARTESIAN_POINT ( 'NONE',  ( 0.0000000000000000000, 0.4000000000000000200, 0.0000000000000000000 ) ) ;
#1389 = LINE ( 'NONE', #2921, #3501 ) ;
#1390 = AXIS2_PLACEMENT_3D ( 'NONE', #1945, #605, #3697 ) ;
#1391 = LINE ( 'NONE', #1748, #745 ) ;
#1392 = LINE ( 'NONE', #4447, #3460 ) ;
#1393 = CARTESIAN_POINT ( 'NONE',  ( -5.349999999999999600, 5.275000000000011000, -4.700000000000000200 ) ) ;
#1394 = AXIS2_PLACEMENT_3D ( 'NONE', #3003, #3333, #2350 ) ;
#1395 = FACE_OUTER_BOUND ( 'NONE', #306, .T. ) ;
#1396 = CIRCLE ( 'NONE', #979, 0.7200000000000009700 ) ;
#1397 = ORIENTED_EDGE ( 'NONE', *, *, #3505, .T. ) ;
#1398 = PRODUCT_CONTEXT ( 'NONE', #3456, 'mechanical' ) ;
#1399 = ADVANCED_FACE ( 'NONE', ( #3210 ), #3858, .F. ) ;
#1400 = EDGE_CURVE ( 'NONE', #4232, #4309, #2385, .T. ) ;
#1401 = CARTESIAN_POINT ( 'NONE',  ( -4.250000000000001800, 1.301022143997296400, 0.0000000000000000000 ) ) ;
#1402 = ADVANCED_FACE ( 'NONE', ( #3890 ), #3559, .F. ) ;
#1403 = CARTESIAN_POINT ( 'NONE',  ( -3.000000000000000900, 0.0000000000000000000, -6.999999999999964500 ) ) ;
#1404 = CARTESIAN_POINT ( 'NONE',  ( 4.250000000000003600, 5.275000000000011000, -0.9309401076758571100 ) ) ;
#1405 = EDGE_LOOP ( 'NONE', ( #2993, #173, #3029, #1500 ) ) ;
#1406 = CARTESIAN_POINT ( 'NONE',  ( -6.200000000000000200, 2.549999999999999800, -11.49999999999999600 ) ) ;
#1407 = DIRECTION ( 'NONE',  ( 0.9396926207859073200, -0.0000000000000000000, 0.3420201433256717100 ) ) ;
#1408 = PLANE ( 'NONE',  #874 ) ;
#1409 = EDGE_CURVE ( 'NONE', #963, #384, #2038, .T. ) ;
#1410 = CARTESIAN_POINT ( 'NONE',  ( 3.429999999999999700, 4.094999999999999800, 0.8499999999999907600 ) ) ;
#1411 = AXIS2_PLACEMENT_3D ( 'NONE', #1002, #2000, #2375 ) ;
#1412 = ORIENTED_EDGE ( 'NONE', *, *, #921, .F. ) ;
#1413 = CARTESIAN_POINT ( 'NONE',  ( -0.5000000000000008900, 0.0000000000000000000, -5.999999999999964500 ) ) ;
#1414 = ORIENTED_EDGE ( 'NONE', *, *, #3399, .T. ) ;
#1415 = EDGE_LOOP ( 'NONE', ( #2309, #3804, #1878, #4398 ) ) ;
#1416 = EDGE_CURVE ( 'NONE', #3284, #1606, #1013, .T. ) ;
#1417 = EDGE_LOOP ( 'NONE', ( #2916, #2082, #2469, #3579 ) ) ;
#1418 = DIRECTION ( 'NONE',  ( 1.000000000000000000, -0.0000000000000000000, -0.0000000000000000000 ) ) ;
#1419 = CARTESIAN_POINT ( 'NONE',  ( 3.429999999999999700, -2.017762384446307500, 1.875791195256087500 ) ) ;
#1420 = CARTESIAN_POINT ( 'NONE',  ( 5.299999999999999800, 0.4000000000000000200, -6.999999999999964500 ) ) ;
#1421 = ADVANCED_FACE ( 'NONE', ( #1770 ), #1355, .T. ) ;
#1422 = VERTEX_POINT ( 'NONE', #4027 ) ;
#1423 = CARTESIAN_POINT ( 'NONE',  ( 4.499999999999999100, 0.4000000000000000200, 0.0000000000000000000 ) ) ;
#1424 = CARTESIAN_POINT ( 'NONE',  ( 3.429999999999999700, -2.987878387081807300, 2.169999999999989700 ) ) ;
#1425 = DIRECTION ( 'NONE',  ( -1.000000000000000000, 0.0000000000000000000, 0.0000000000000000000 ) ) ;
#1426 = ORIENTED_EDGE ( 'NONE', *, *, #2129, .F. ) ;
#1427 = ADVANCED_FACE ( 'NONE', ( #2721 ), #2076, .T. ) ;
#1428 = VERTEX_POINT ( 'NONE', #925 ) ;
#1429 = FACE_OUTER_BOUND ( 'NONE', #3192, .T. ) ;
#1430 = LINE ( 'NONE', #4479, #1649 ) ;
#1431 = CARTESIAN_POINT ( 'NONE',  ( 4.069999999999999400, -1.117762384446307600, 1.524208804743894000 ) ) ;
#1432 = ORIENTED_EDGE ( 'NONE', *, *, #983, .F. ) ;
#1433 = ORIENTED_EDGE ( 'NONE', *, *, #1707, .T. ) ;
#1434 = FACE_OUTER_BOUND ( 'NONE', #3944, .T. ) ;
#1435 = DIRECTION ( 'NONE',  ( -0.0000000000000000000, -0.0000000000000000000, 1.000000000000000000 ) ) ;
#1436 = DIRECTION ( 'NONE',  ( 1.000000000000000000, 0.0000000000000000000, 0.0000000000000000000 ) ) ;
#1437 = ORIENTED_EDGE ( 'NONE', *, *, #3310, .T. ) ;
#1438 = EDGE_CURVE ( 'NONE', #572, #2139, #871, .T. ) ;
#1439 = VECTOR ( 'NONE', #3267, 1000.000000000000000 ) ;
#1440 =( LENGTH_UNIT ( ) NAMED_UNIT ( * ) SI_UNIT ( .MILLI., .METRE. ) );
#1441 = EDGE_CURVE ( 'NONE', #1942, #3680, #3572, .T. ) ;
#1442 = EDGE_LOOP ( 'NONE', ( #526, #350, #2644, #1946 ) ) ;
#1443 = CARTESIAN_POINT ( 'NONE',  ( 3.429999999999999700, 2.775000000000000800, 1.529999999999990000 ) ) ;
#1444 = DIRECTION ( 'NONE',  ( 1.000000000000000000, -0.0000000000000000000, 0.0000000000000000000 ) ) ;
#1445 = FILL_AREA_STYLE ('',( #3147 ) ) ;
#1446 = DIRECTION ( 'NONE',  ( -1.000000000000000000, 0.0000000000000000000, 0.0000000000000000000 ) ) ;
#1447 = FACE_OUTER_BOUND ( 'NONE', #3346, .T. ) ;
#1448 = VECTOR ( 'NONE', #3860, 1000.000000000000000 ) ;
#1449 = ORIENTED_EDGE ( 'NONE', *, *, #4022, .T. ) ;
#1450 = EDGE_CURVE ( 'NONE', #1942, #3879, #4262, .T. ) ;
#1451 = ADVANCED_FACE ( 'NONE', ( #2043 ), #753, .F. ) ;
#1452 = LINE ( 'NONE', #1985, #2767 ) ;
#1453 = VECTOR ( 'NONE', #2698, 1000.000000000000000 ) ;
#1454 = LINE ( 'NONE', #4437, #3780 ) ;
#1455 = AXIS2_PLACEMENT_3D ( 'NONE', #360, #686, #3843 ) ;
#1456 = CARTESIAN_POINT ( 'NONE',  ( 4.250000000000003600, 6.100000000000000500, -0.9309401076758571100 ) ) ;
#1457 = DIRECTION ( 'NONE',  ( 0.0000000000000000000, 1.000000000000000000, 0.0000000000000000000 ) ) ;
#1458 = ADVANCED_FACE ( 'NONE', ( #868 ), #1995, .F. ) ;
#1459 = DIRECTION ( 'NONE',  ( 5.782411586589432600E-016, 0.0000000000000000000, -1.000000000000000000 ) ) ;
#1460 = DIRECTION ( 'NONE',  ( 2.141633920959035800E-016, -1.000000000000000000, 0.0000000000000000000 ) ) ;
#1461 = DIRECTION ( 'NONE',  ( 1.000000000000000000, 0.0000000000000000000, 0.0000000000000000000 ) ) ;
#1462 = CARTESIAN_POINT ( 'NONE',  ( 5.349999999999999600, 4.275000000000020800, -3.100000000000001900 ) ) ;
#1463 = LINE ( 'NONE', #3529, #553 ) ;
#1464 = VERTEX_POINT ( 'NONE', #2885 ) ;
#1465 = CARTESIAN_POINT ( 'NONE',  ( 4.069999999999999400, -3.399999999999998600, 2.169999999999991000 ) ) ;
#1466 = EDGE_LOOP ( 'NONE', ( #1116, #3228, #3279, #3686 ) ) ;
#1467 = CARTESIAN_POINT ( 'NONE',  ( -6.200000000000000200, 4.575000000000018800, -3.100000000000001900 ) ) ;
#1468 = DIRECTION ( 'NONE',  ( -0.0000000000000000000, 1.000000000000000000, -0.0000000000000000000 ) ) ;
#1469 = ORIENTED_EDGE ( 'NONE', *, *, #339, .F. ) ;
#1470 = EDGE_CURVE ( 'NONE', #1706, #234, #99, .T. ) ;
#1471 = AXIS2_PLACEMENT_3D ( 'NONE', #424, #3227, #2839 ) ;
#1472 = ORIENTED_EDGE ( 'NONE', *, *, #1188, .T. ) ;
#1473 = CARTESIAN_POINT ( 'NONE',  ( 4.250000000000003600, 1.301022143997296400, -0.9309401076758571100 ) ) ;
#1474 = VERTEX_POINT ( 'NONE', #3249 ) ;
#1475 = AXIS2_PLACEMENT_3D ( 'NONE', #2568, #3954, #3610 ) ;
#1476 = PLANE ( 'NONE',  #1842 ) ;
#1477 = ORIENTED_EDGE ( 'NONE', *, *, #2554, .F. ) ;
#1478 = ORIENTED_EDGE ( 'NONE', *, *, #2528, .T. ) ;
#1479 = FACE_OUTER_BOUND ( 'NONE', #2278, .T. ) ;
#1480 = LINE ( 'NONE', #3287, #733 ) ;
#1481 = ORIENTED_EDGE ( 'NONE', *, *, #1325, .T. ) ;
#1482 = CARTESIAN_POINT ( 'NONE',  ( -3.429999999999999700, 3.454999999999999600, -9.400000000000000400 ) ) ;
#1483 = DIRECTION ( 'NONE',  ( 0.0000000000000000000, -0.0000000000000000000, 1.000000000000000000 ) ) ;
#1484 = VERTEX_POINT ( 'NONE', #3236 ) ;
#1485 = ORIENTED_EDGE ( 'NONE', *, *, #1746, .F. ) ;
#1486 = VECTOR ( 'NONE', #1943, 1000.000000000000000 ) ;
#1487 = EDGE_LOOP ( 'NONE', ( #106, #1366, #2803, #2837 ) ) ;
#1488 = EDGE_LOOP ( 'NONE', ( #244, #404, #3912, #300 ) ) ;
#1489 = DIRECTION ( 'NONE',  ( -1.000000000000000000, 0.0000000000000000000, 0.0000000000000000000 ) ) ;
#1490 = FACE_OUTER_BOUND ( 'NONE', #1989, .T. ) ;
#1491 = CARTESIAN_POINT ( 'NONE',  ( 3.919999999999999000, 3.605000000000000400, -5.550000000000008700 ) ) ;
#1492 = COLOUR_RGB ( '',0.7960784313725489700, 0.8235294117647058400, 0.9372549019607843100 ) ;
#1493 = ORIENTED_EDGE ( 'NONE', *, *, #3458, .F. ) ;
#1494 = VECTOR ( 'NONE', #1261, 1000.000000000000000 ) ;
#1495 = ORIENTED_EDGE ( 'NONE', *, *, #201, .T. ) ;
#1496 = SURFACE_STYLE_USAGE ( .BOTH. , #3596 ) ;
#1497 = EDGE_CURVE ( 'NONE', #1936, #1428, #1396, .T. ) ;
#1498 = FACE_BOUND ( 'NONE', #1358, .T. ) ;
#1499 = VECTOR ( 'NONE', #1436, 1000.000000000000000 ) ;
#1500 = ORIENTED_EDGE ( 'NONE', *, *, #3853, .F. ) ;
#1501 = DIRECTION ( 'NONE',  ( 0.0000000000000000000, 0.3735499670562121800, -0.9276100592987890400 ) ) ;
#1502 = AXIS2_PLACEMENT_3D ( 'NONE', #3429, #3169, #2760 ) ;
#1503 = LINE ( 'NONE', #3275, #4050 ) ;
#1504 = CARTESIAN_POINT ( 'NONE',  ( 4.069999999999999400, -1.718922410801319900, 1.282120757304866700 ) ) ;
#1505 = VERTEX_POINT ( 'NONE', #3552 ) ;
#1506 = MECHANICAL_DESIGN_GEOMETRIC_PRESENTATION_REPRESENTATION (  '', ( #2111 ), #3079 ) ;
#1507 = LINE ( 'NONE', #3777, #3833 ) ;
#1508 = LINE ( 'NONE', #4344, #606 ) ;
#1509 = VECTOR ( 'NONE', #2589, 1000.000000000000000 ) ;
#1510 = EDGE_CURVE ( 'NONE', #4032, #1650, #3465, .T. ) ;
#1511 = DIRECTION ( 'NONE',  ( 0.0000000000000000000, -2.245376765908615400E-016, -1.000000000000000000 ) ) ;
#1512 =( NAMED_UNIT ( * ) PLANE_ANGLE_UNIT ( ) SI_UNIT ( $, .RADIAN. ) );
#1513 = DIRECTION ( 'NONE',  ( -0.0000000000000000000, 1.000000000000000000, -0.0000000000000000000 ) ) ;
#1514 = FACE_OUTER_BOUND ( 'NONE', #4075, .T. ) ;
#1515 = DIRECTION ( 'NONE',  ( 1.000000000000000000, -0.0000000000000000000, -0.0000000000000000000 ) ) ;
#1516 = CARTESIAN_POINT ( 'NONE',  ( -1.569999999999999800, 0.0000000000000000000, -5.999999999999964500 ) ) ;
#1517 = CARTESIAN_POINT ( 'NONE',  ( 4.199999999999991300, 6.100000000000000500, -0.5556624327025852000 ) ) ;
#1518 = VECTOR ( 'NONE', #3492, 1000.000000000000000 ) ;
#1519 = DIRECTION ( 'NONE',  ( 0.0000000000000000000, 0.0000000000000000000, -1.000000000000000000 ) ) ;
#1520 = VERTEX_POINT ( 'NONE', #2580 ) ;
#1521 = DIRECTION ( 'NONE',  ( -1.000000000000000000, 0.0000000000000000000, 0.0000000000000000000 ) ) ;
#1522 = EDGE_CURVE ( 'NONE', #3022, #775, #3730, .T. ) ;
#1523 = CARTESIAN_POINT ( 'NONE',  ( 3.429999999999999700, -2.987878387081807300, 2.169999999999989700 ) ) ;
#1524 = CARTESIAN_POINT ( 'NONE',  ( -2.800000000000008700, 5.275000000000011000, 0.0000000000000000000 ) ) ;
#1525 = VECTOR ( 'NONE', #3120, 1000.000000000000000 ) ;
#1526 = EDGE_LOOP ( 'NONE', ( #566, #4302, #3502, #3149 ) ) ;
#1527 = DIRECTION ( 'NONE',  ( 0.0000000000000000000, 0.5000000000000008900, 0.8660254037844380400 ) ) ;
#1528 = CARTESIAN_POINT ( 'NONE',  ( 3.429999999999999700, 3.454999999999999600, 0.8499999999999914300 ) ) ;
#1529 = EDGE_CURVE ( 'NONE', #2672, #2527, #2826, .T. ) ;
#1530 = ORIENTED_EDGE ( 'NONE', *, *, #2343, .T. ) ;
#1531 = AXIS2_PLACEMENT_3D ( 'NONE', #4141, #352, #324 ) ;
#1532 = CARTESIAN_POINT ( 'NONE',  ( 0.0000000000000000000, 0.0000000000000000000, -5.550000000000008700 ) ) ;
#1533 = EDGE_LOOP ( 'NONE', ( #1032, #846, #1249, #625 ) ) ;
#1534 = DIRECTION ( 'NONE',  ( 5.992165547799830000E-032, 2.797941090285171100E-016, -1.000000000000000000 ) ) ;
#1535 = ORIENTED_EDGE ( 'NONE', *, *, #2846, .T. ) ;
#1536 = CARTESIAN_POINT ( 'NONE',  ( 4.250000000000003600, 5.275000000000011000, -0.9309401076758571100 ) ) ;
#1537 = LINE ( 'NONE', #3723, #2641 ) ;
#1538 = CARTESIAN_POINT ( 'NONE',  ( -1.569999999999999800, 3.454999999999999600, -9.400000000000000400 ) ) ;
#1539 = LINE ( 'NONE', #652, #1322 ) ;
#1540 = ORIENTED_EDGE ( 'NONE', *, *, #1857, .T. ) ;
#1541 = AXIS2_PLACEMENT_3D ( 'NONE', #826, #3896, #559 ) ;
#1542 =( NAMED_UNIT ( * ) PLANE_ANGLE_UNIT ( ) SI_UNIT ( $, .RADIAN. ) );
#1543 = VECTOR ( 'NONE', #4163, 1000.000000000000000 ) ;
#1544 = DIRECTION ( 'NONE',  ( -1.000000000000000000, 0.0000000000000000000, -0.0000000000000000000 ) ) ;
#1545 = FACE_OUTER_BOUND ( 'NONE', #3701, .T. ) ;
#1546 = PLANE ( 'NONE',  #591 ) ;
#1547 = ORIENTED_EDGE ( 'NONE', *, *, #167, .T. ) ;
#1548 = ADVANCED_FACE ( 'NONE', ( #3513 ), #1068, .F. ) ;
#1549 = LINE ( 'NONE', #1020, #1862 ) ;
#1550 = ORIENTED_EDGE ( 'NONE', *, *, #523, .F. ) ;
#1551 = VECTOR ( 'NONE', #4204, 1000.000000000000000 ) ;
#1552 = CARTESIAN_POINT ( 'NONE',  ( 0.9300000000000002700, 3.454999999999999600, -5.999999999999964500 ) ) ;
#1553 = LINE ( 'NONE', #3911, #643 ) ;
#1554 = CARTESIAN_POINT ( 'NONE',  ( -3.000000000000000900, 6.100000000000000500, -6.999999999999964500 ) ) ;
#1555 = EDGE_CURVE ( 'NONE', #728, #175, #4477, .T. ) ;
#1556 = DIRECTION ( 'NONE',  ( 0.0000000000000000000, -1.000000000000000000, -0.0000000000000000000 ) ) ;
#1557 = LINE ( 'NONE', #2124, #3562 ) ;
#1558 = EDGE_LOOP ( 'NONE', ( #38, #1863, #3728, #231 ) ) ;
#1559 = VECTOR ( 'NONE', #3171, 1000.000000000000100 ) ;
#1560 = FACE_OUTER_BOUND ( 'NONE', #4084, .T. ) ;
#1561 = LINE ( 'NONE', #695, #2205 ) ;
#1562 = EDGE_CURVE ( 'NONE', #564, #2052, #3949, .T. ) ;
#1563 = DIRECTION ( 'NONE',  ( 1.000000000000000000, 0.0000000000000000000, 0.0000000000000000000 ) ) ;
#1564 = CARTESIAN_POINT ( 'NONE',  ( 4.069999999999999400, -2.618922410801321800, 2.117879242695111000 ) ) ;
#1565 = DIRECTION ( 'NONE',  ( 0.0000000000000000000, 0.0000000000000000000, 1.000000000000000000 ) ) ;
#1566 = FACE_OUTER_BOUND ( 'NONE', #1961, .T. ) ;
#1567 = CARTESIAN_POINT ( 'NONE',  ( 6.200000000000000200, 4.575000000000018800, -2.400000000000010600 ) ) ;
#1568 = EDGE_LOOP ( 'NONE', ( #2976, #2673, #4474, #1804 ) ) ;
#1569 = AXIS2_PLACEMENT_3D ( 'NONE', #3738, #3357, #1996 ) ;
#1570 = ORIENTED_EDGE ( 'NONE', *, *, #1470, .F. ) ;
#1571 = DIRECTION ( 'NONE',  ( 0.0000000000000000000, 0.0000000000000000000, -1.000000000000000000 ) ) ;
#1572 = LINE ( 'NONE', #4422, #907 ) ;
#1573 = ADVANCED_FACE ( 'NONE', ( #1875 ), #2669, .T. ) ;
#1574 = DIRECTION ( 'NONE',  ( 1.000000000000000000, 0.0000000000000000000, 0.0000000000000000000 ) ) ;
#1575 = CARTESIAN_POINT ( 'NONE',  ( 4.199999999999991300, 1.301022143997296400, -0.8443375672973915100 ) ) ;
#1576 = DIRECTION ( 'NONE',  ( -0.0000000000000000000, 1.000000000000000000, -0.0000000000000000000 ) ) ;
#1577 = DIRECTION ( 'NONE',  ( 1.000000000000000000, 0.0000000000000000000, 0.0000000000000000000 ) ) ;
#1578 = PLANE ( 'NONE',  #235 ) ;
#1579 = DIRECTION ( 'NONE',  ( 0.0000000000000000000, -0.9276100592987811500, 0.3735499670562315600 ) ) ;
#1580 = ORIENTED_EDGE ( 'NONE', *, *, #1206, .T. ) ;
#1581 = CARTESIAN_POINT ( 'NONE',  ( -2.000000000000001300, 0.3999999999999999100, -5.999999999999964500 ) ) ;
#1582 = EDGE_CURVE ( 'NONE', #4309, #2204, #3154, .T. ) ;
#1583 = VERTEX_POINT ( 'NONE', #2250 ) ;
#1584 = EDGE_CURVE ( 'NONE', #675, #1274, #1822, .T. ) ;
#1585 = ORIENTED_EDGE ( 'NONE', *, *, #4418, .F. ) ;
#1586 = SURFACE_STYLE_USAGE ( .BOTH. , #3633 ) ;
#1587 = ORIENTED_EDGE ( 'NONE', *, *, #2975, .F. ) ;
#1588 = CARTESIAN_POINT ( 'NONE',  ( 6.200000000000000200, 6.100000000000000500, -6.999999999999982200 ) ) ;
#1589 = CARTESIAN_POINT ( 'NONE',  ( 4.069999999999999400, 3.454999999999999600, 0.8499999999999914300 ) ) ;
#1590 = ORIENTED_EDGE ( 'NONE', *, *, #3679, .F. ) ;
#1591 = EDGE_CURVE ( 'NONE', #1919, #4033, #965, .T. ) ;
#1592 = ADVANCED_FACE ( 'NONE', ( #2548 ), #44, .F. ) ;
#1593 = ORIENTED_EDGE ( 'NONE', *, *, #4418, .T. ) ;
#1594 = FACE_OUTER_BOUND ( 'NONE', #3988, .T. ) ;
#1595 = DIRECTION ( 'NONE',  ( 2.141633920959035500E-016, 1.000000000000000000, -0.0000000000000000000 ) ) ;
#1596 = ADVANCED_FACE ( 'NONE', ( #212 ), #2224, .T. ) ;
#1597 = VECTOR ( 'NONE', #2286, 1000.000000000000000 ) ;
#1598 = ORIENTED_EDGE ( 'NONE', *, *, #3555, .T. ) ;
#1599 = ORIENTED_EDGE ( 'NONE', *, *, #440, .F. ) ;
#1600 = CIRCLE ( 'NONE', #856, 0.1000000000000240000 ) ;
#1601 = LINE ( 'NONE', #1778, #4365 ) ;
#1602 = DIRECTION ( 'NONE',  ( 1.000000000000000000, 0.0000000000000000000, 0.0000000000000000000 ) ) ;
#1603 = SURFACE_STYLE_FILL_AREA ( #3301 ) ;
#1604 = CARTESIAN_POINT ( 'NONE',  ( 3.429999999999999700, 3.454999999999999200, 0.8499999999999907600 ) ) ;
#1605 = LINE ( 'NONE', #3576, #4370 ) ;
#1606 = VERTEX_POINT ( 'NONE', #1847 ) ;
#1607 = CARTESIAN_POINT ( 'NONE',  ( -2.800000000000008700, 6.100000000000000500, 0.0000000000000000000 ) ) ;
#1608 = LINE ( 'NONE', #2065, #3359 ) ;
#1609 = VECTOR ( 'NONE', #1157, 1000.000000000000100 ) ;
#1610 = FACE_OUTER_BOUND ( 'NONE', #4243, .T. ) ;
#1611 = ORIENTED_EDGE ( 'NONE', *, *, #3788, .F. ) ;
#1612 = EDGE_CURVE ( 'NONE', #3334, #3757, #2668, .T. ) ;
#1613 = CARTESIAN_POINT ( 'NONE',  ( 4.250000000000003600, 5.275000000000011000, -2.999999999999990200 ) ) ;
#1614 = VECTOR ( 'NONE', #158, 1000.000000000000100 ) ;
#1615 = EDGE_CURVE ( 'NONE', #1078, #116, #3836, .T. ) ;
#1616 = CARTESIAN_POINT ( 'NONE',  ( 4.069999999999999400, 2.775000000000000800, 1.529999999999990000 ) ) ;
#1617 = VECTOR ( 'NONE', #2978, 1000.000000000000000 ) ;
#1618 = ADVANCED_FACE ( 'NONE', ( #1177 ), #3959, .F. ) ;
#1619 = CARTESIAN_POINT ( 'NONE',  ( -3.549999999999999400, 1.301022143997296400, -2.999999999999989300 ) ) ;
#1620 = CARTESIAN_POINT ( 'NONE',  ( 3.429999999999999700, -3.399999999999999000, 1.529999999999990900 ) ) ;
#1621 = VERTEX_POINT ( 'NONE', #3286 ) ;
#1622 = EDGE_CURVE ( 'NONE', #820, #2672, #3678, .T. ) ;
#1623 = EDGE_LOOP ( 'NONE', ( #4181, #2044, #734, #3752 ) ) ;
#1624 =( GEOMETRIC_REPRESENTATION_CONTEXT ( 3 ) GLOBAL_UNCERTAINTY_ASSIGNED_CONTEXT ( ( #2429 ) ) GLOBAL_UNIT_ASSIGNED_CONTEXT ( ( #1440, #4184, #3191 ) ) REPRESENTATION_CONTEXT ( 'NONE', 'WORKASPACE' ) );
#1625 = DIRECTION ( 'NONE',  ( 2.141633920959035500E-016, 1.000000000000000000, -0.0000000000000000000 ) ) ;
#1626 = DIRECTION ( 'NONE',  ( 0.0000000000000000000, 0.0000000000000000000, 1.000000000000000000 ) ) ;
#1627 = FACE_OUTER_BOUND ( 'NONE', #3014, .T. ) ;
#1628 = AXIS2_PLACEMENT_3D ( 'NONE', #4247, #4269, #1181 ) ;
#1629 = CARTESIAN_POINT ( 'NONE',  ( 3.429999999999999700, -2.987878387081807300, 1.529999999999989600 ) ) ;
#1630 = CARTESIAN_POINT ( 'NONE',  ( 3.429999999999999700, -2.017762384446307500, 1.875791195256087700 ) ) ;
#1631 = CARTESIAN_POINT ( 'NONE',  ( -4.149999999999992400, 6.100000000000000500, -0.6999999999999873000 ) ) ;
#1632 = CARTESIAN_POINT ( 'NONE',  ( 4.069999999999999400, -2.987878387081803800, 1.529999999999990900 ) ) ;
#1633 = DIRECTION ( 'NONE',  ( -1.000000000000000000, 0.0000000000000000000, 0.0000000000000000000 ) ) ;
#1634 = PRODUCT_DEFINITION_CONTEXT ( 'detailed design', #2777, 'design' ) ;
#1635 = CARTESIAN_POINT ( 'NONE',  ( 4.069999999999999400, 0.0000000000000000000, -5.999999999999964500 ) ) ;
#1636 = CARTESIAN_POINT ( 'NONE',  ( 3.429999999999999700, 3.454999999999999600, 0.8499999999999914300 ) ) ;
#1637 = EDGE_CURVE ( 'NONE', #4265, #1260, #2717, .T. ) ;
#1638 = EDGE_LOOP ( 'NONE', ( #3568, #883, #2437, #24 ) ) ;
#1639 = EDGE_CURVE ( 'NONE', #3360, #1706, #3368, .T. ) ;
#1640 = ORIENTED_EDGE ( 'NONE', *, *, #4218, .T. ) ;
#1641 = LINE ( 'NONE', #481, #1525 ) ;
#1642 = ORIENTED_EDGE ( 'NONE', *, *, #3426, .T. ) ;
#1643 = EDGE_CURVE ( 'NONE', #564, #3856, #2883, .T. ) ;
#1644 = EDGE_LOOP ( 'NONE', ( #1931, #525, #3101, #4035 ) ) ;
#1645 = AXIS2_PLACEMENT_3D ( 'NONE', #401, #1031, #16 ) ;
#1646 = EDGE_LOOP ( 'NONE', ( #2574, #2191, #2802, #197 ) ) ;
#1647 = VERTEX_POINT ( 'NONE', #3365 ) ;
#1648 = LINE ( 'NONE', #4053, #1321 ) ;
#1649 = VECTOR ( 'NONE', #2422, 1000.000000000000000 ) ;
#1650 = VERTEX_POINT ( 'NONE', #1420 ) ;
#1651 = EDGE_CURVE ( 'NONE', #4250, #334, #1019, .T. ) ;
#1652 = ORIENTED_EDGE ( 'NONE', *, *, #1304, .T. ) ;
#1653 = CIRCLE ( 'NONE', #351, 0.7200000000000026400 ) ;
#1654 = AXIS2_PLACEMENT_3D ( 'NONE', #1920, #1212, #2966 ) ;
#1655 = ORIENTED_EDGE ( 'NONE', *, *, #954, .F. ) ;
#1656 = CARTESIAN_POINT ( 'NONE',  ( -4.149999999999978200, 5.275000000000011000, -0.4690598923241185400 ) ) ;
#1657 = CARTESIAN_POINT ( 'NONE',  ( 1.570000000000000300, 3.454999999999999600, -9.400000000000000400 ) ) ;
#1658 = VERTEX_POINT ( 'NONE', #968 ) ;
#1659 = VECTOR ( 'NONE', #531, 1000.000000000000000 ) ;
#1660 = ADVANCED_FACE ( 'NONE', ( #374 ), #499, .T. ) ;
#1661 = CARTESIAN_POINT ( 'NONE',  ( 4.069999999999999400, -2.987878387081803800, 1.529999999999990900 ) ) ;
#1662 = VECTOR ( 'NONE', #1489, 1000.000000000000000 ) ;
#1663 = FACE_OUTER_BOUND ( 'NONE', #782, .T. ) ;
#1664 = LINE ( 'NONE', #2370, #2606 ) ;
#1665 = FACE_OUTER_BOUND ( 'NONE', #381, .T. ) ;
#1666 = VECTOR ( 'NONE', #1906, 1000.000000000000100 ) ;
#1667 = CARTESIAN_POINT ( 'NONE',  ( -5.349999999999999600, 5.275000000000011000, -4.700000000000000200 ) ) ;
#1668 = DIRECTION ( 'NONE',  ( -1.000000000000000000, 0.0000000000000000000, 0.0000000000000000000 ) ) ;
#1669 = DIRECTION ( 'NONE',  ( -1.172110456741088500E-016, -0.0000000000000000000, -1.000000000000000000 ) ) ;
#1670 = ORIENTED_EDGE ( 'NONE', *, *, #2578, .F. ) ;
#1671 = EDGE_CURVE ( 'NONE', #2527, #4011, #4322, .T. ) ;
#1672 = EDGE_CURVE ( 'NONE', #720, #775, #812, .T. ) ;
#1673 = ORIENTED_EDGE ( 'NONE', *, *, #1584, .T. ) ;
#1674 = VECTOR ( 'NONE', #200, 1000.000000000000000 ) ;
#1675 = EDGE_CURVE ( 'NONE', #3937, #240, #3000, .T. ) ;
#1676 = LINE ( 'NONE', #1588, #1674 ) ;
#1677 = AXIS2_PLACEMENT_3D ( 'NONE', #3658, #872, #1579 ) ;
#1678 = CARTESIAN_POINT ( 'NONE',  ( -5.299999999999996300, 0.4000000000000000200, -6.999999999999964500 ) ) ;
#1679 = PLANE ( 'NONE',  #3969 ) ;
#1680 = DIRECTION ( 'NONE',  ( 0.0000000000000000000, -1.000000000000000000, 2.843808977011158800E-015 ) ) ;
#1681 = VERTEX_POINT ( 'NONE', #4266 ) ;
#1682 = PRESENTATION_LAYER_ASSIGNMENT (  '', '', ( #2569 ) ) ;
#1683 = CARTESIAN_POINT ( 'NONE',  ( -5.299999999999999800, 2.549999999999999800, -11.49999999999999600 ) ) ;
#1684 = ORIENTED_EDGE ( 'NONE', *, *, #3040, .F. ) ;
#1685 = APPLICATION_CONTEXT ( 'automotive_design' ) ;
#1686 = ORIENTED_EDGE ( 'NONE', *, *, #1188, .F. ) ;
#1687 = ORIENTED_EDGE ( 'NONE', *, *, #1700, .F. ) ;
#1688 = CARTESIAN_POINT ( 'NONE',  ( 1.999999999999999100, 6.100000000000000500, -6.999999999999964500 ) ) ;
#1689 = CARTESIAN_POINT ( 'NONE',  ( 0.0000000000000000000, 0.0000000000000000000, -4.700000000000000200 ) ) ;
#1690 = PLANE ( 'NONE',  #850 ) ;
#1691 = EDGE_CURVE ( 'NONE', #1317, #3856, #607, .T. ) ;
#1692 = DIRECTION ( 'NONE',  ( -1.000000000000000000, 0.0000000000000000000, 0.0000000000000000000 ) ) ;
#1693 = DIRECTION ( 'NONE',  ( 1.000000000000000000, -0.0000000000000000000, 0.0000000000000000000 ) ) ;
#1694 = ORIENTED_EDGE ( 'NONE', *, *, #4217, .F. ) ;
#1695 = LINE ( 'NONE', #254, #4400 ) ;
#1696 = VERTEX_POINT ( 'NONE', #1138 ) ;
#1697 = DIRECTION ( 'NONE',  ( -0.0000000000000000000, 0.0000000000000000000, 1.000000000000000000 ) ) ;
#1698 = ORIENTED_EDGE ( 'NONE', *, *, #612, .T. ) ;
#1699 = VERTEX_POINT ( 'NONE', #1148 ) ;
#1700 = EDGE_CURVE ( 'NONE', #4165, #334, #1295, .T. ) ;
#1701 = VECTOR ( 'NONE', #2006, 1000.000000000000000 ) ;
#1702 = DIRECTION ( 'NONE',  ( 0.0000000000000000000, 1.000000000000000000, 0.0000000000000000000 ) ) ;
#1703 =( REPRESENTATION_RELATIONSHIP ('NONE','NONE', #1207, #2785 ) REPRESENTATION_RELATIONSHIP_WITH_TRANSFORMATION ( #3874 )SHAPE_REPRESENTATION_RELATIONSHIP( ) );
#1704 = AXIS2_PLACEMENT_3D ( 'NONE', #3335, #2157, #2544 ) ;
#1705 = VECTOR ( 'NONE', #3175, 1000.000000000000000 ) ;
#1706 = VERTEX_POINT ( 'NONE', #1047 ) ;
#1707 = EDGE_CURVE ( 'NONE', #3265, #2756, #4054, .T. ) ;
#1708 = CARTESIAN_POINT ( 'NONE',  ( 3.429999999999999700, -1.957994389717308700, 1.875791195256086800 ) ) ;
#1709 = DIRECTION ( 'NONE',  ( 0.0000000000000000000, 1.000000000000000000, 0.0000000000000000000 ) ) ;
#1710 = LINE ( 'NONE', #1846, #2146 ) ;
#1711 = CARTESIAN_POINT ( 'NONE',  ( 4.069999999999999400, -2.887878387081807200, 2.169999999999988800 ) ) ;
#1712 = CARTESIAN_POINT ( 'NONE',  ( 2.999999999999998200, 0.3999999999999999100, -6.999999999999964500 ) ) ;
#1713 = VECTOR ( 'NONE', #4186, 1000.000000000000000 ) ;
#1714 = FACE_OUTER_BOUND ( 'NONE', #1154, .T. ) ;
#1715 = ORIENTED_EDGE ( 'NONE', *, *, #1146, .T. ) ;
#1716 = CIRCLE ( 'NONE', #1871, 1.319999999999998700 ) ;
#1717 = FACE_OUTER_BOUND ( 'NONE', #4404, .T. ) ;
#1718 = CARTESIAN_POINT ( 'NONE',  ( 3.429999999999999700, -2.887878387081807200, 2.169999999999989700 ) ) ;
#1719 = FACE_OUTER_BOUND ( 'NONE', #3218, .T. ) ;
#1720 = VECTOR ( 'NONE', #3967, 1000.000000000000000 ) ;
#1721 = CARTESIAN_POINT ( 'NONE',  ( 4.069999999999999400, 4.094999999999999800, 0.8499999999999907600 ) ) ;
#1722 = DIRECTION ( 'NONE',  ( -1.000000000000000000, 0.0000000000000000000, 0.0000000000000000000 ) ) ;
#1723 = ORIENTED_EDGE ( 'NONE', *, *, #4082, .F. ) ;
#1724 = SURFACE_STYLE_USAGE ( .BOTH. , #3209 ) ;
#1725 = CARTESIAN_POINT ( 'NONE',  ( 0.9300000000000002700, 4.094999999999999800, -4.700000000000000200 ) ) ;
#1726 = CARTESIAN_POINT ( 'NONE',  ( -2.000000000000001300, 0.3999999999999999100, -6.999999999999964500 ) ) ;
#1727 = EDGE_CURVE ( 'NONE', #3654, #4363, #2327, .T. ) ;
#1728 = AXIS2_PLACEMENT_3D ( 'NONE', #627, #1273, #1132 ) ;
#1729 = EDGE_CURVE ( 'NONE', #467, #3057, #3260, .T. ) ;
#1730 = ORIENTED_EDGE ( 'NONE', *, *, #612, .F. ) ;
#1731 = CARTESIAN_POINT ( 'NONE',  ( 3.919999999999999000, 0.0000000000000000000, -5.550000000000008700 ) ) ;
#1732 = ORIENTED_EDGE ( 'NONE', *, *, #4131, .T. ) ;
#1733 = CARTESIAN_POINT ( 'NONE',  ( -6.200000000000000200, 4.575000000000018800, -3.100000000000001900 ) ) ;
#1734 =( NAMED_UNIT ( * ) PLANE_ANGLE_UNIT ( ) SI_UNIT ( $, .RADIAN. ) );
#1735 = ORIENTED_EDGE ( 'NONE', *, *, #1497, .T. ) ;
#1736 = ADVANCED_FACE ( 'NONE', ( #2542 ), #2423, .F. ) ;
#1737 = ORIENTED_EDGE ( 'NONE', *, *, #1353, .F. ) ;
#1738 = DIRECTION ( 'NONE',  ( 0.0000000000000000000, 0.0000000000000000000, 1.000000000000000000 ) ) ;
#1739 = APPLICATION_PROTOCOL_DEFINITION ( 'draft international standard', 'automotive_design', 1998, #2777 ) ;
#1740 = ORIENTED_EDGE ( 'NONE', *, *, #1304, .F. ) ;
#1741 = ORIENTED_EDGE ( 'NONE', *, *, #3557, .F. ) ;
#1742 = ORIENTED_EDGE ( 'NONE', *, *, #517, .F. ) ;
#1743 = VECTOR ( 'NONE', #2449, 1000.000000000000000 ) ;
#1744 = EDGE_CURVE ( 'NONE', #2242, #1621, #1392, .T. ) ;
#1745 = FILL_AREA_STYLE ('',( #2729 ) ) ;
#1746 = EDGE_CURVE ( 'NONE', #4192, #3924, #1454, .T. ) ;
#1747 = DIRECTION ( 'NONE',  ( 0.0000000000000000000, 1.000000000000000000, 0.0000000000000000000 ) ) ;
#1748 = CARTESIAN_POINT ( 'NONE',  ( -6.200000000000000200, 4.275000000000020800, -3.100000000000001900 ) ) ;
#1749 = LINE ( 'NONE', #313, #1855 ) ;
#1750 = ORIENTED_EDGE ( 'NONE', *, *, #3076, .F. ) ;
#1751 = EDGE_CURVE ( 'NONE', #1850, #1681, #3106, .T. ) ;
#1752 = PRESENTATION_STYLE_ASSIGNMENT (( #1586 ) ) ;
#1753 = ADVANCED_FACE ( 'NONE', ( #2875 ), #1247, .T. ) ;
#1754 = LINE ( 'NONE', #1890, #413 ) ;
#1755 = ORIENTED_EDGE ( 'NONE', *, *, #3589, .T. ) ;
#1756 = AXIS2_PLACEMENT_3D ( 'NONE', #139, #3327, #845 ) ;
#1757 = ADVANCED_FACE ( 'NONE', ( #2382 ), #4356, .F. ) ;
#1758 = SHAPE_REPRESENTATION_RELATIONSHIP ( 'NONE' , 'NONE' ,  #952, #3302 ) ;
#1759 = LINE ( 'NONE', #803, #1662 ) ;
#1760 = VECTOR ( 'NONE', #1885, 1000.000000000000100 ) ;
#1761 = ADVANCED_FACE ( 'NONE', ( #1610 ), #2988, .T. ) ;
#1762 = DIRECTION ( 'NONE',  ( -1.000000000000000000, 0.0000000000000000000, 0.0000000000000000000 ) ) ;
#1763 = FACE_OUTER_BOUND ( 'NONE', #2858, .T. ) ;
#1764 = DIRECTION ( 'NONE',  ( 0.0000000000000000000, 0.0000000000000000000, -1.000000000000000000 ) ) ;
#1765 = VECTOR ( 'NONE', #4077, 1000.000000000000000 ) ;
#1766 = VECTOR ( 'NONE', #4331, 1000.000000000000000 ) ;
#1767 = CARTESIAN_POINT ( 'NONE',  ( -0.5000000000000008900, 4.094999999999999800, -5.999999999999964500 ) ) ;
#1768 = CARTESIAN_POINT ( 'NONE',  ( 3.550000000000000300, 6.100000000000000500, -2.999999999999990200 ) ) ;
#1769 = ADVANCED_FACE ( 'NONE', ( #263 ), #1171, .T. ) ;
#1770 = FACE_OUTER_BOUND ( 'NONE', #4128, .T. ) ;
#1771 = CARTESIAN_POINT ( 'NONE',  ( 4.069999999999999400, 3.454999999999999600, -5.137878387081817000 ) ) ;
#1772 = LINE ( 'NONE', #4299, #1292 ) ;
#1773 = CARTESIAN_POINT ( 'NONE',  ( 4.069999999999999400, -2.987878387081807300, 1.529999999999989600 ) ) ;
#1774 = EDGE_CURVE ( 'NONE', #543, #117, #1291, .T. ) ;
#1775 = PLANE ( 'NONE',  #560 ) ;
#1776 = ORIENTED_EDGE ( 'NONE', *, *, #346, .T. ) ;
#1777 = CARTESIAN_POINT ( 'NONE',  ( -4.250000000000001800, 5.275000000000011000, -0.9309401076758561100 ) ) ;
#1778 = CARTESIAN_POINT ( 'NONE',  ( -0.9299999999999998300, 3.454999999999999600, -4.700000000000000200 ) ) ;
#1779 = CARTESIAN_POINT ( 'NONE',  ( 3.429999999999999700, -2.987878387081803800, 1.529999999999990900 ) ) ;
#1780 = EDGE_CURVE ( 'NONE', #990, #2330, #2487, .T. ) ;
#1781 = ORIENTED_EDGE ( 'NONE', *, *, #3148, .T. ) ;
#1782 = AXIS2_PLACEMENT_3D ( 'NONE', #670, #3765, #3114 ) ;
#1783 = CARTESIAN_POINT ( 'NONE',  ( 3.580000000000000500, -3.399999999999999000, 1.529999999999990900 ) ) ;
#1784 = AXIS2_PLACEMENT_3D ( 'NONE', #3026, #2256, #2304 ) ;
#1785 = VERTEX_POINT ( 'NONE', #1607 ) ;
#1786 = DIRECTION ( 'NONE',  ( 0.0000000000000000000, 0.0000000000000000000, 1.000000000000000000 ) ) ;
#1787 = EDGE_LOOP ( 'NONE', ( #2225, #3704, #2439, #3866, #2126, #710 ) ) ;
#1788 = DIRECTION ( 'NONE',  ( -0.0000000000000000000, 1.000000000000000000, -0.0000000000000000000 ) ) ;
#1789 = VERTEX_POINT ( 'NONE', #1823 ) ;
#1790 = EDGE_LOOP ( 'NONE', ( #901, #287, #4046, #1231 ) ) ;
#1791 = VERTEX_POINT ( 'NONE', #3337 ) ;
#1792 = CARTESIAN_POINT ( 'NONE',  ( -4.250000000000001800, 6.100000000000000500, -2.999999999999989300 ) ) ;
#1793 = VECTOR ( 'NONE', #3419, 1000.000000000000000 ) ;
#1794 = VERTEX_POINT ( 'NONE', #2281 ) ;
#1795 = ORIENTED_EDGE ( 'NONE', *, *, #2967, .F. ) ;
#1796 = EDGE_LOOP ( 'NONE', ( #2270, #2859, #2349, #195 ) ) ;
#1797 = VERTEX_POINT ( 'NONE', #2113 ) ;
#1798 = VECTOR ( 'NONE', #614, 1000.000000000000000 ) ;
#1799 = VECTOR ( 'NONE', #3772, 1000.000000000000000 ) ;
#1800 = CARTESIAN_POINT ( 'NONE',  ( 4.069999999999999400, -2.887878387081807200, 2.169999999999989700 ) ) ;
#1801 = ORIENTED_EDGE ( 'NONE', *, *, #4218, .F. ) ;
#1802 = EDGE_LOOP ( 'NONE', ( #1891, #2499, #3547, #1027 ) ) ;
#1803 = LINE ( 'NONE', #3178, #3871 ) ;
#1804 = ORIENTED_EDGE ( 'NONE', *, *, #1006, .T. ) ;
#1805 = ORIENTED_EDGE ( 'NONE', *, *, #49, .F. ) ;
#1806 = EDGE_CURVE ( 'NONE', #3028, #575, #807, .T. ) ;
#1807 = LINE ( 'NONE', #4117, #4403 ) ;
#1808 = CARTESIAN_POINT ( 'NONE',  ( 2.999999999999998200, 0.0000000000000000000, -5.999999999999964500 ) ) ;
#1809 = DIRECTION ( 'NONE',  ( 0.0000000000000000000, 0.0000000000000000000, 1.000000000000000000 ) ) ;
#1810 = VECTOR ( 'NONE', #1460, 1000.000000000000000 ) ;
#1811 = ORIENTED_EDGE ( 'NONE', *, *, #1438, .F. ) ;
#1812 = EDGE_LOOP ( 'NONE', ( #2238, #4306, #3069, #2081 ) ) ;
#1813 = EDGE_CURVE ( 'NONE', #2672, #2907, #4106, .T. ) ;
#1814 = DIRECTION ( 'NONE',  ( -1.000000000000000000, 0.0000000000000000000, 0.0000000000000000000 ) ) ;
#1815 = LINE ( 'NONE', #4142, #1873 ) ;
#1816 = EDGE_LOOP ( 'NONE', ( #3296, #3095, #879, #3974 ) ) ;
#1817 = LINE ( 'NONE', #40, #3415 ) ;
#1818 = FACE_OUTER_BOUND ( 'NONE', #3403, .T. ) ;
#1819 = AXIS2_PLACEMENT_3D ( 'NONE', #2690, #918, #604 ) ;
#1820 = VECTOR ( 'NONE', #2566, 1000.000000000000000 ) ;
#1821 = CARTESIAN_POINT ( 'NONE',  ( 1.999999999999999100, 0.0000000000000000000, -5.999999999999964500 ) ) ;
#1822 = LINE ( 'NONE', #1345, #42 ) ;
#1823 = CARTESIAN_POINT ( 'NONE',  ( -5.349999999999999600, 5.275000000000011000, -4.700000000000000200 ) ) ;
#1824 = VERTEX_POINT ( 'NONE', #276 ) ;
#1825 = ORIENTED_EDGE ( 'NONE', *, *, #942, .T. ) ;
#1826 = ADVANCED_FACE ( 'NONE', ( #2092 ), #2643, .T. ) ;
#1827 = DIRECTION ( 'NONE',  ( 0.0000000000000000000, -1.000000000000000000, 0.0000000000000000000 ) ) ;
#1828 = CARTESIAN_POINT ( 'NONE',  ( 3.497025306722263000, -3.172028903833241700, 2.102974693277727300 ) ) ;
#1829 = ADVANCED_FACE ( 'NONE', ( #473, #4001 ), #4343, .F. ) ;
#1830 = EDGE_CURVE ( 'NONE', #4253, #781, #428, .T. ) ;
#1831 = EDGE_CURVE ( 'NONE', #1155, #3560, #1503, .T. ) ;
#1832 = VECTOR ( 'NONE', #320, 1000.000000000000000 ) ;
#1833 = PLANE ( 'NONE',  #3950 ) ;
#1834 = DIRECTION ( 'NONE',  ( 1.000000000000000000, 0.0000000000000000000, -0.0000000000000000000 ) ) ;
#1835 = EDGE_CURVE ( 'NONE', #1091, #3856, #1561, .T. ) ;
#1836 = AXIS2_PLACEMENT_3D ( 'NONE', #1393, #4435, #2387 ) ;
#1837 = DIRECTION ( 'NONE',  ( 0.0000000000000000000, 0.0000000000000000000, -1.000000000000000000 ) ) ;
#1838 = AXIS2_PLACEMENT_3D ( 'NONE', #3622, #156, #1887 ) ;
#1839 = CARTESIAN_POINT ( 'NONE',  ( 3.429999999999999700, -2.618922410801321800, 2.117879242695111000 ) ) ;
#1840 = VERTEX_POINT ( 'NONE', #1712 ) ;
#1841 = DIRECTION ( 'NONE',  ( 0.0000000000000000000, 0.9396926207859073200, 0.3420201433256717100 ) ) ;
#1842 = AXIS2_PLACEMENT_3D ( 'NONE', #3619, #4240, #2174 ) ;
#1843 = ORIENTED_EDGE ( 'NONE', *, *, #3553, .F. ) ;
#1844 = CARTESIAN_POINT ( 'NONE',  ( 4.250000000000003600, 1.301022143997296400, -1.040949779275250900E-015 ) ) ;
#1845 = ORIENTED_EDGE ( 'NONE', *, *, #2073, .T. ) ;
#1846 = CARTESIAN_POINT ( 'NONE',  ( 1.999999999999999100, 0.0000000000000000000, -6.999999999999964500 ) ) ;
#1847 = CARTESIAN_POINT ( 'NONE',  ( 3.429999999999999700, 4.094999999999999800, -5.999999999999964500 ) ) ;
#1848 = DIRECTION ( 'NONE',  ( -0.0000000000000000000, 1.000000000000000000, -0.0000000000000000000 ) ) ;
#1849 = PLANE ( 'NONE',  #3821 ) ;
#1850 = VERTEX_POINT ( 'NONE', #376 ) ;
#1851 = LINE ( 'NONE', #3490, #3093 ) ;
#1852 = ADVANCED_FACE ( 'NONE', ( #366 ), #1141, .F. ) ;
#1853 = VERTEX_POINT ( 'NONE', #1504 ) ;
#1854 = CARTESIAN_POINT ( 'NONE',  ( 0.4999999999999987200, 0.3999999999999999100, -5.999999999999964500 ) ) ;
#1855 = VECTOR ( 'NONE', #2782, 1000.000000000000000 ) ;
#1856 = UNCERTAINTY_MEASURE_WITH_UNIT (LENGTH_MEASURE( 1.000000000000000100E-005 ), #3580, 'distance_accuracy_value', 'NONE');
#1857 = EDGE_CURVE ( 'NONE', #4406, #1317, #4472, .T. ) ;
#1858 = ORIENTED_EDGE ( 'NONE', *, *, #3009, .T. ) ;
#1859 = EDGE_CURVE ( 'NONE', #3343, #899, #601, .T. ) ;
#1860 = CARTESIAN_POINT ( 'NONE',  ( 4.199999999999991300, 1.301022143997296400, -0.5556624327025852000 ) ) ;
#1861 = CONTEXT_DEPENDENT_SHAPE_REPRESENTATION ( #4449, #266 ) ;
#1862 = VECTOR ( 'NONE', #1061, 1000.000000000000000 ) ;
#1863 = ORIENTED_EDGE ( 'NONE', *, *, #71, .F. ) ;
#1864 = EDGE_CURVE ( 'NONE', #3057, #1428, #3211, .T. ) ;
#1865 = CARTESIAN_POINT ( 'NONE',  ( 6.200000000000000200, 0.0000000000000000000, 0.0000000000000000000 ) ) ;
#1866 = AXIS2_PLACEMENT_3D ( 'NONE', #3015, #913, #1938 ) ;
#1867 = DIRECTION ( 'NONE',  ( -0.0000000000000000000, 0.0000000000000000000, -1.000000000000000000 ) ) ;
#1868 = LINE ( 'NONE', #4134, #37 ) ;
#1869 = CARTESIAN_POINT ( 'NONE',  ( -4.199999999999989500, 6.100000000000000500, -0.5556624327025834200 ) ) ;
#1870 = CARTESIAN_POINT ( 'NONE',  ( -6.200000000000000200, 0.0000000000000000000, -6.999999999999964500 ) ) ;
#1871 = AXIS2_PLACEMENT_3D ( 'NONE', #297, #3434, #962 ) ;
#1872 = CARTESIAN_POINT ( 'NONE',  ( 3.919999999999999000, 0.0000000000000000000, -5.550000000000008700 ) ) ;
#1873 = VECTOR ( 'NONE', #1722, 1000.000000000000000 ) ;
#1874 = VECTOR ( 'NONE', #1577, 1000.000000000000000 ) ;
#1875 = FACE_OUTER_BOUND ( 'NONE', #1263, .T. ) ;
#1876 = LINE ( 'NONE', #680, #583 ) ;
#1877 = EDGE_CURVE ( 'NONE', #3115, #1962, #2153, .T. ) ;
#1878 = ORIENTED_EDGE ( 'NONE', *, *, #49, .T. ) ;
#1879 = PLANE ( 'NONE',  #3593 ) ;
#1880 = DIRECTION ( 'NONE',  ( -0.0000000000000000000, 1.000000000000000000, -0.0000000000000000000 ) ) ;
#1881 = AXIS2_PLACEMENT_3D ( 'NONE', #723, #2442, #3223 ) ;
#1882 = ORIENTED_EDGE ( 'NONE', *, *, #4110, .F. ) ;
#1883 = ADVANCED_FACE ( 'NONE', ( #545 ), #448, .F. ) ;
#1884 = ORIENTED_EDGE ( 'NONE', *, *, #921, .T. ) ;
#1885 = DIRECTION ( 'NONE',  ( -0.8660254037844424800, -0.0000000000000000000, 0.4999999999999933400 ) ) ;
#1886 = CARTESIAN_POINT ( 'NONE',  ( 1.999999999999999100, 0.0000000000000000000, -5.999999999999964500 ) ) ;
#1887 = DIRECTION ( 'NONE',  ( 0.0000000000000000000, 0.0000000000000000000, 1.000000000000000000 ) ) ;
#1888 = LINE ( 'NONE', #2918, #2443 ) ;
#1889 = DIRECTION ( 'NONE',  ( 0.0000000000000000000, 0.0000000000000000000, -1.000000000000000000 ) ) ;
#1890 = CARTESIAN_POINT ( 'NONE',  ( 5.349999999999998800, 1.225000000000037600, -4.700000000000000200 ) ) ;
#1891 = ORIENTED_EDGE ( 'NONE', *, *, #2068, .F. ) ;
#1892 = CARTESIAN_POINT ( 'NONE',  ( -1.569999999999999800, 4.094999999999999800, -9.400000000000000400 ) ) ;
#1893 = CARTESIAN_POINT ( 'NONE',  ( -3.429999999999999700, 4.094999999999999800, -4.700000000000000200 ) ) ;
#1894 = EDGE_CURVE ( 'NONE', #3113, #3039, #1344, .T. ) ;
#1895 = EDGE_CURVE ( 'NONE', #893, #675, #2770, .T. ) ;
#1896 = ADVANCED_FACE ( 'NONE', ( #1175 ), #1234, .F. ) ;
#1897 = DIRECTION ( 'NONE',  ( 1.000000000000000000, 0.0000000000000000000, -0.0000000000000000000 ) ) ;
#1898 = DIRECTION ( 'NONE',  ( 1.000000000000000000, 0.0000000000000000000, 0.0000000000000000000 ) ) ;
#1899 = ORIENTED_EDGE ( 'NONE', *, *, #636, .F. ) ;
#1900 = EDGE_CURVE ( 'NONE', #543, #3654, #3151, .T. ) ;
#1901 = ADVANCED_FACE ( 'NONE', ( #2039 ), #3273, .F. ) ;
#1902 = ORIENTED_EDGE ( 'NONE', *, *, #2049, .T. ) ;
#1903 = ORIENTED_EDGE ( 'NONE', *, *, #2495, .T. ) ;
#1904 = ORIENTED_EDGE ( 'NONE', *, *, #3174, .T. ) ;
#1905 = EDGE_LOOP ( 'NONE', ( #939, #4396, #86, #3092 ) ) ;
#1906 = DIRECTION ( 'NONE',  ( 0.0000000000000000000, 0.3735499670562327200, 0.9276100592987806000 ) ) ;
#1907 = LINE ( 'NONE', #3823, #2184 ) ;
#1908 = VECTOR ( 'NONE', #2316, 1000.000000000000000 ) ;
#1909 = DIRECTION ( 'NONE',  ( 0.0000000000000000000, 0.0000000000000000000, -1.000000000000000000 ) ) ;
#1910 = SURFACE_STYLE_USAGE ( .BOTH. , #3261 ) ;
#1911 =( GEOMETRIC_REPRESENTATION_CONTEXT ( 3 ) GLOBAL_UNCERTAINTY_ASSIGNED_CONTEXT ( ( #403 ) ) GLOBAL_UNIT_ASSIGNED_CONTEXT ( ( #3916, #2884, #3232 ) ) REPRESENTATION_CONTEXT ( 'NONE', 'WORKASPACE' ) );
#1912 =( LENGTH_UNIT ( ) NAMED_UNIT ( * ) SI_UNIT ( .MILLI., .METRE. ) );
#1913 = ORIENTED_EDGE ( 'NONE', *, *, #1966, .T. ) ;
#1914 = VERTEX_POINT ( 'NONE', #3331 ) ;
#1915 = LINE ( 'NONE', #1413, #462 ) ;
#1916 = DIRECTION ( 'NONE',  ( 1.000000000000000000, -0.0000000000000000000, 0.0000000000000000000 ) ) ;
#1917 = CARTESIAN_POINT ( 'NONE',  ( 4.499999999999999100, 6.100000000000000500, -5.999999999999964500 ) ) ;
#1918 = LINE ( 'NONE', #390, #1543 ) ;
#1919 = VERTEX_POINT ( 'NONE', #2293 ) ;
#1920 = CARTESIAN_POINT ( 'NONE',  ( 4.069999999999999400, -2.987878387081803800, 2.169999999999991000 ) ) ;
#1921 = VECTOR ( 'NONE', #2871, 1000.000000000000000 ) ;
#1922 = EDGE_CURVE ( 'NONE', #514, #2584, #1014, .T. ) ;
#1923 = LINE ( 'NONE', #4145, #3666 ) ;
#1924 = CARTESIAN_POINT ( 'NONE',  ( 6.200000000000000200, 6.100000000000000500, -6.999999999999982200 ) ) ;
#1925 = EDGE_CURVE ( 'NONE', #775, #505, #1233, .T. ) ;
#1926 = DIRECTION ( 'NONE',  ( -0.0000000000000000000, -1.000000000000000000, -0.0000000000000000000 ) ) ;
#1927 = ADVANCED_FACE ( 'NONE', ( #95 ), #4072, .F. ) ;
#1928 = ADVANCED_FACE ( 'NONE', ( #3891 ), #623, .T. ) ;
#1929 = LINE ( 'NONE', #4423, #2321 ) ;
#1930 = VECTOR ( 'NONE', #4222, 1000.000000000000000 ) ;
#1931 = ORIENTED_EDGE ( 'NONE', *, *, #3097, .T. ) ;
#1932 = FACE_OUTER_BOUND ( 'NONE', #3802, .T. ) ;
#1933 = CARTESIAN_POINT ( 'NONE',  ( 6.200000000000000200, 0.0000000000000000000, 0.0000000000000000000 ) ) ;
#1934 = VECTOR ( 'NONE', #1953, 1000.000000000000000 ) ;
#1935 =( LENGTH_UNIT ( ) NAMED_UNIT ( * ) SI_UNIT ( .MILLI., .METRE. ) );
#1936 = VERTEX_POINT ( 'NONE', #4120 ) ;
#1937 = LINE ( 'NONE', #551, #1874 ) ;
#1938 = DIRECTION ( 'NONE',  ( 0.0000000000000000000, 0.0000000000000000000, -1.000000000000000000 ) ) ;
#1939 = VECTOR ( 'NONE', #3694, 1000.000000000000000 ) ;
#1940 = AXIS2_PLACEMENT_3D ( 'NONE', #4348, #507, #2563 ) ;
#1941 = CARTESIAN_POINT ( 'NONE',  ( 4.199999999999991300, 1.301022143997296400, -0.8443375672973915100 ) ) ;
#1942 = VERTEX_POINT ( 'NONE', #2358 ) ;
#1943 = DIRECTION ( 'NONE',  ( 5.992165547799830000E-032, -2.797941090285171100E-016, 1.000000000000000000 ) ) ;
#1944 = DIRECTION ( 'NONE',  ( -0.0000000000000000000, -1.000000000000000000, -0.0000000000000000000 ) ) ;
#1945 = CARTESIAN_POINT ( 'NONE',  ( 4.069999999999999400, -2.887878387081807200, 2.169999999999989700 ) ) ;
#1946 = ORIENTED_EDGE ( 'NONE', *, *, #1864, .T. ) ;
#1947 = AXIS2_PLACEMENT_3D ( 'NONE', #808, #2784, #2815 ) ;
#1948 = DIRECTION ( 'NONE',  ( -0.0000000000000000000, -0.9276100592987811500, 0.3735499670562315600 ) ) ;
#1949 = ORIENTED_EDGE ( 'NONE', *, *, #1671, .F. ) ;
#1950 = AXIS2_PLACEMENT_3D ( 'NONE', #466, #1880, #4290 ) ;
#1951 = FACE_OUTER_BOUND ( 'NONE', #1533, .T. ) ;
#1952 = CARTESIAN_POINT ( 'NONE',  ( 4.069999999999999400, 3.454999999999999600, 0.8499999999999906500 ) ) ;
#1953 = DIRECTION ( 'NONE',  ( -1.000000000000000000, 0.0000000000000000000, 0.0000000000000000000 ) ) ;
#1954 = DIRECTION ( 'NONE',  ( -1.000000000000000000, 0.0000000000000000000, 0.0000000000000000000 ) ) ;
#1955 = ADVANCED_FACE ( 'NONE', ( #2324 ), #2724, .T. ) ;
#1956 = VECTOR ( 'NONE', #1435, 1000.000000000000000 ) ;
#1957 = CARTESIAN_POINT ( 'NONE',  ( -3.429999999999999700, 3.454999999999999600, -4.700000000000000200 ) ) ;
#1958 = CARTESIAN_POINT ( 'NONE',  ( 3.550000000000000300, 5.275000000000011000, -2.999999999999990200 ) ) ;
#1959 = DIRECTION ( 'NONE',  ( 0.0000000000000000000, -1.000000000000000000, 2.843808977011158800E-015 ) ) ;
#1960 = EDGE_CURVE ( 'NONE', #4482, #575, #2995, .T. ) ;
#1961 = EDGE_LOOP ( 'NONE', ( #430, #4366, #423, #2093 ) ) ;
#1962 = VERTEX_POINT ( 'NONE', #2008 ) ;
#1963 = AXIS2_PLACEMENT_3D ( 'NONE', #2629, #881, #4008 ) ;
#1964 = ORIENTED_EDGE ( 'NONE', *, *, #3046, .T. ) ;
#1965 = VERTEX_POINT ( 'NONE', #971 ) ;
#1966 = EDGE_CURVE ( 'NONE', #3083, #1706, #206, .T. ) ;
#1967 = DIRECTION ( 'NONE',  ( 0.4999999999999898400, 0.0000000000000000000, 0.8660254037844445900 ) ) ;
#1968 = EDGE_LOOP ( 'NONE', ( #1845, #4357, #1096, #4450 ) ) ;
#1969 = CARTESIAN_POINT ( 'NONE',  ( 0.4999999999999987200, 6.100000000000000500, -5.999999999999964500 ) ) ;
#1970 = FACE_OUTER_BOUND ( 'NONE', #4121, .T. ) ;
#1971 = ORIENTED_EDGE ( 'NONE', *, *, #4318, .T. ) ;
#1972 = AXIS2_PLACEMENT_3D ( 'NONE', #1443, #2131, #3851 ) ;
#1973 = ORIENTED_EDGE ( 'NONE', *, *, #257, .T. ) ;
#1974 = ADVANCED_FACE ( 'NONE', ( #1818 ), #1690, .F. ) ;
#1975 = CARTESIAN_POINT ( 'NONE',  ( 3.429999999999999700, 3.454999999999999600, -4.700000000000000200 ) ) ;
#1976 = VECTOR ( 'NONE', #558, 1000.000000000000000 ) ;
#1977 = DIRECTION ( 'NONE',  ( 0.0000000000000000000, 0.0000000000000000000, 1.000000000000000000 ) ) ;
#1978 = VECTOR ( 'NONE', #3503, 1000.000000000000000 ) ;
#1979 = CARTESIAN_POINT ( 'NONE',  ( 2.800000000000010500, 5.275000000000011000, -8.673617379884035500E-016 ) ) ;
#1980 = FACE_OUTER_BOUND ( 'NONE', #3817, .T. ) ;
#1981 = EDGE_LOOP ( 'NONE', ( #1042, #762, #1337, #1412 ) ) ;
#1982 = LINE ( 'NONE', #2597, #2365 ) ;
#1983 = ORIENTED_EDGE ( 'NONE', *, *, #3768, .T. ) ;
#1984 = PLANE ( 'NONE',  #2915 ) ;
#1985 = CARTESIAN_POINT ( 'NONE',  ( 1.570000000000000300, 3.454999999999999600, -4.700000000000000200 ) ) ;
#1986 = DIRECTION ( 'NONE',  ( 0.0000000000000000000, -0.0000000000000000000, 1.000000000000000000 ) ) ;
#1987 = LINE ( 'NONE', #4267, #2031 ) ;
#1988 = DIRECTION ( 'NONE',  ( -1.000000000000000000, 0.0000000000000000000, 0.0000000000000000000 ) ) ;
#1989 = EDGE_LOOP ( 'NONE', ( #801, #2279, #3968, #1331, #4123, #1338 ) ) ;
#1990 = PLANE ( 'NONE',  #2857 ) ;
#1991 = EDGE_CURVE ( 'NONE', #1464, #26, #3565, .T. ) ;
#1992 = EDGE_LOOP ( 'NONE', ( #3299, #1755, #3448, #3554 ) ) ;
#1993 = CIRCLE ( 'NONE', #3665, 0.7000000000000031800 ) ;
#1994 = AXIS2_PLACEMENT_3D ( 'NONE', #1465, #441, #2529 ) ;
#1995 = CYLINDRICAL_SURFACE ( 'NONE', #1838, 0.7000000000000031800 ) ;
#1996 = DIRECTION ( 'NONE',  ( 0.0000000000000000000, 0.0000000000000000000, 1.000000000000000000 ) ) ;
#1997 = ADVANCED_FACE ( 'NONE', ( #3830 ), #750, .F. ) ;
#1998 = CARTESIAN_POINT ( 'NONE',  ( 0.0000000000000000000, 0.4000000000000000200, -5.999999999999964500 ) ) ;
#1999 = DIRECTION ( 'NONE',  ( -0.0000000000000000000, -1.000000000000000000, -0.0000000000000000000 ) ) ;
#2000 = DIRECTION ( 'NONE',  ( 0.0000000000000000000, 0.3735499670562316700, -0.9276100592987811500 ) ) ;
#2001 = PRODUCT_DEFINITION ( 'UNKNOWN', '', #6, #1634 ) ;
#2002 = ORIENTED_EDGE ( 'NONE', *, *, #3581, .T. ) ;
#2003 = MANIFOLD_SOLID_BREP ( 'Sweep3', #609 ) ;
#2004 = PLANE ( 'NONE',  #1329 ) ;
#2005 = DIRECTION ( 'NONE',  ( 0.0000000000000000000, 0.0000000000000000000, 1.000000000000000000 ) ) ;
#2006 = DIRECTION ( 'NONE',  ( 0.0000000000000000000, 0.0000000000000000000, -1.000000000000000000 ) ) ;
#2007 = EDGE_LOOP ( 'NONE', ( #4092, #2692, #3421, #534 ) ) ;
#2008 = CARTESIAN_POINT ( 'NONE',  ( -6.200000000000000200, 2.549999999999999800, -11.49999999999999600 ) ) ;
#2009 = EDGE_CURVE ( 'NONE', #960, #2447, #4466, .T. ) ;
#2010 = VERTEX_POINT ( 'NONE', #1085 ) ;
#2011 = DIRECTION ( 'NONE',  ( 0.0000000000000000000, 0.0000000000000000000, -1.000000000000000000 ) ) ;
#2012 = EDGE_CURVE ( 'NONE', #2415, #2527, #2372, .T. ) ;
#2013 = AXIS2_PLACEMENT_3D ( 'NONE', #359, #2047, #4461 ) ;
#2014 = AXIS2_PLACEMENT_3D ( 'NONE', #1473, #2876, #429 ) ;
#2015 = CYLINDRICAL_SURFACE ( 'NONE', #644, 1.319999999999998700 ) ;
#2016 = VERTEX_POINT ( 'NONE', #1777 ) ;
#2017 = LINE ( 'NONE', #3491, #3758 ) ;
#2018 = DIRECTION ( 'NONE',  ( 0.0000000000000000000, 1.000000000000000000, 0.0000000000000000000 ) ) ;
#2019 = VECTOR ( 'NONE', #3994, 1000.000000000000000 ) ;
#2020 = DIRECTION ( 'NONE',  ( 0.0000000000000000000, 1.000000000000000000, 0.0000000000000000000 ) ) ;
#2021 = CARTESIAN_POINT ( 'NONE',  ( 3.429999999999999700, -1.957994389717308700, 1.875791195256086200 ) ) ;
#2022 = DIRECTION ( 'NONE',  ( 2.141633920959035800E-016, 1.000000000000000000, 0.0000000000000000000 ) ) ;
#2023 = ORIENTED_EDGE ( 'NONE', *, *, #312, .T. ) ;
#2024 = LINE ( 'NONE', #1975, #855 ) ;
#2025 = DIRECTION ( 'NONE',  ( -0.0000000000000000000, -0.0000000000000000000, 1.000000000000000000 ) ) ;
#2026 = VERTEX_POINT ( 'NONE', #32 ) ;
#2027 = DIRECTION ( 'NONE',  ( 0.0000000000000000000, 0.0000000000000000000, -1.000000000000000000 ) ) ;
#2028 = CARTESIAN_POINT ( 'NONE',  ( 4.069999999999999400, 3.454999999999999600, -9.400000000000000400 ) ) ;
#2029 = PLANE ( 'NONE',  #4351 ) ;
#2030 = CARTESIAN_POINT ( 'NONE',  ( 4.069999999999999400, -1.718922410801319900, 1.282120757304866700 ) ) ;
#2031 = VECTOR ( 'NONE', #2555, 1000.000000000000000 ) ;
#2032 =( REPRESENTATION_RELATIONSHIP ('NONE','NONE', #1207, #952 ) REPRESENTATION_RELATIONSHIP_WITH_TRANSFORMATION ( #524 )SHAPE_REPRESENTATION_RELATIONSHIP( ) );
#2033 = ORIENTED_EDGE ( 'NONE', *, *, #1147, .F. ) ;
#2034 = ORIENTED_EDGE ( 'NONE', *, *, #3016, .T. ) ;
#2035 = LINE ( 'NONE', #4158, #1120 ) ;
#2036 = VECTOR ( 'NONE', #2453, 1000.000000000000000 ) ;
#2037 = ORIENTED_EDGE ( 'NONE', *, *, #726, .F. ) ;
#2038 = CIRCLE ( 'NONE', #265, 0.1000000000000240000 ) ;
#2039 = FACE_OUTER_BOUND ( 'NONE', #2091, .T. ) ;
#2040 = ADVANCED_FACE ( 'NONE', ( #1717 ), #2793, .F. ) ;
#2041 = DIRECTION ( 'NONE',  ( -0.0000000000000000000, -0.0000000000000000000, 1.000000000000000000 ) ) ;
#2042 = LINE ( 'NONE', #4286, #3784 ) ;
#2043 = FACE_OUTER_BOUND ( 'NONE', #1796, .T. ) ;
#2044 = ORIENTED_EDGE ( 'NONE', *, *, #1671, .T. ) ;
#2045 = DIRECTION ( 'NONE',  ( 0.0000000000000000000, 0.0000000000000000000, -1.000000000000000000 ) ) ;
#2046 = EDGE_CURVE ( 'NONE', #1172, #4010, #1923, .T. ) ;
#2047 = DIRECTION ( 'NONE',  ( 0.0000000000000000000, -1.404634393503487000E-016, -1.000000000000000000 ) ) ;
#2048 = CARTESIAN_POINT ( 'NONE',  ( 3.429999999999999700, -2.987878387081803800, 1.529999999999990900 ) ) ;
#2049 = EDGE_CURVE ( 'NONE', #4253, #467, #2710, .T. ) ;
#2050 = DIRECTION ( 'NONE',  ( 0.0000000000000000000, 0.0000000000000000000, 1.000000000000000000 ) ) ;
#2051 = CARTESIAN_POINT ( 'NONE',  ( -4.069999999999999400, 3.454999999999999600, -9.400000000000000400 ) ) ;
#2052 = VERTEX_POINT ( 'NONE', #2088 ) ;
#2053 = EDGE_CURVE ( 'NONE', #3654, #1274, #2262, .T. ) ;
#2054 = CARTESIAN_POINT ( 'NONE',  ( 3.429999999999999700, 3.454999999999999600, 0.8499999999999906500 ) ) ;
#2055 = DIRECTION ( 'NONE',  ( 0.0000000000000000000, -0.9276100592987810400, -0.3735499670562316700 ) ) ;
#2056 = LINE ( 'NONE', #3831, #1956 ) ;
#2057 = EDGE_LOOP ( 'NONE', ( #3177, #3481, #4367, #3246 ) ) ;
#2058 = PRODUCT ( 'S4B-XH-A-1', 'S4B-XH-A-1', '', ( #1024 ) ) ;
#2059 = PLANE ( 'NONE',  #1360 ) ;
#2060 = DIRECTION ( 'NONE',  ( -0.0000000000000000000, 1.000000000000000000, 0.0000000000000000000 ) ) ;
#2061 = DIRECTION ( 'NONE',  ( -0.0000000000000000000, 1.000000000000000000, -0.0000000000000000000 ) ) ;
#2062 = ORIENTED_EDGE ( 'NONE', *, *, #3214, .T. ) ;
#2063 = ORIENTED_EDGE ( 'NONE', *, *, #1651, .T. ) ;
#2064 = CARTESIAN_POINT ( 'NONE',  ( 4.069999999999999400, -2.887878387081806800, 1.449999999999991300 ) ) ;
#2065 = CARTESIAN_POINT ( 'NONE',  ( -5.349999999999998800, 1.225000000000037600, -4.700000000000000200 ) ) ;
#2066 = VERTEX_POINT ( 'NONE', #3146 ) ;
#2067 = EDGE_CURVE ( 'NONE', #1962, #219, #535, .T. ) ;
#2068 = EDGE_CURVE ( 'NONE', #4406, #2447, #1987, .T. ) ;
#2069 = ORIENTED_EDGE ( 'NONE', *, *, #726, .T. ) ;
#2070 = CARTESIAN_POINT ( 'NONE',  ( 3.429999999999999700, 2.774999999999998600, 1.529999999999990000 ) ) ;
#2071 = ORIENTED_EDGE ( 'NONE', *, *, #2367, .F. ) ;
#2072 = FACE_OUTER_BOUND ( 'NONE', #4096, .T. ) ;
#2073 = EDGE_CURVE ( 'NONE', #920, #175, #958, .T. ) ;
#2074 = LINE ( 'NONE', #975, #129 ) ;
#2075 = CARTESIAN_POINT ( 'NONE',  ( 4.149999999999979900, 1.301022143997296400, -0.9309401076758571100 ) ) ;
#2076 = PLANE ( 'NONE',  #1455 ) ;
#2077 = DIRECTION ( 'NONE',  ( -0.0000000000000000000, 0.0000000000000000000, 1.000000000000000000 ) ) ;
#2078 = AXIS2_PLACEMENT_3D ( 'NONE', #1619, #4384, #515 ) ;
#2079 = ORIENTED_EDGE ( 'NONE', *, *, #3828, .F. ) ;
#2080 = LINE ( 'NONE', #52, #795 ) ;
#2081 = ORIENTED_EDGE ( 'NONE', *, *, #2946, .T. ) ;
#2082 = ORIENTED_EDGE ( 'NONE', *, *, #2712, .T. ) ;
#2083 = EDGE_CURVE ( 'NONE', #3083, #1824, #3202, .T. ) ;
#2084 = ADVANCED_FACE ( 'NONE', ( #2818 ), #1833, .F. ) ;
#2085 = CARTESIAN_POINT ( 'NONE',  ( -6.200000000000000200, 4.575000000000018800, -2.400000000000010600 ) ) ;
#2086 = LINE ( 'NONE', #2119, #4191 ) ;
#2087 = AXIS2_PLACEMENT_3D ( 'NONE', #3639, #1556, #823 ) ;
#2088 = CARTESIAN_POINT ( 'NONE',  ( 3.429999999999999700, 3.454999999999999600, 0.8499999999999906500 ) ) ;
#2089 = ORIENTED_EDGE ( 'NONE', *, *, #2766, .F. ) ;
#2090 = DIRECTION ( 'NONE',  ( 0.3236155771181871700, 0.3236155771181871700, -0.8891264907159864800 ) ) ;
#2091 = EDGE_LOOP ( 'NONE', ( #3880, #1715, #53, #3546 ) ) ;
#2092 = FACE_OUTER_BOUND ( 'NONE', #69, .T. ) ;
#2093 = ORIENTED_EDGE ( 'NONE', *, *, #402, .F. ) ;
#2094 = DIRECTION ( 'NONE',  ( 0.0000000000000000000, 0.0000000000000000000, 1.000000000000000000 ) ) ;
#2095 = CIRCLE ( 'NONE', #4073, 0.07999999999999822500 ) ;
#2096 = APPLICATION_PROTOCOL_DEFINITION ( 'draft international standard', 'automotive_design', 1998, #1067 ) ;
#2097 = VECTOR ( 'NONE', #458, 1000.000000000000000 ) ;
#2098 = EDGE_CURVE ( 'NONE', #4296, #982, #3354, .T. ) ;
#2099 = EDGE_CURVE ( 'NONE', #899, #949, #3556, .T. ) ;
#2100 = DIRECTION ( 'NONE',  ( 0.0000000000000000000, -1.000000000000000000, 0.0000000000000000000 ) ) ;
#2101 = CARTESIAN_POINT ( 'NONE',  ( 3.550000000000000300, 6.100000000000000500, -3.699999999999993100 ) ) ;
#2102 = DIRECTION ( 'NONE',  ( 0.0000000000000000000, 0.0000000000000000000, 1.000000000000000000 ) ) ;
#2103 = VECTOR ( 'NONE', #3514, 1000.000000000000000 ) ;
#2104 = CARTESIAN_POINT ( 'NONE',  ( -3.000000000000000900, 0.0000000000000000000, -5.999999999999964500 ) ) ;
#2105 = CARTESIAN_POINT ( 'NONE',  ( 3.429999999999999700, 4.094999999999999800, 0.8499999999999914300 ) ) ;
#2106 = ORIENTED_EDGE ( 'NONE', *, *, #973, .F. ) ;
#2107 = EDGE_CURVE ( 'NONE', #3762, #3708, #2601, .T. ) ;
#2108 = EDGE_LOOP ( 'NONE', ( #4190, #1858, #3673, #618 ) ) ;
#2109 = AXIS2_PLACEMENT_3D ( 'NONE', #2132, #3226, #2914 ) ;
#2110 = ADVANCED_FACE ( 'NONE', ( #421 ), #3264, .T. ) ;
#2111 = STYLED_ITEM ( 'NONE', ( #431 ), #1196 ) ;
#2112 = DIRECTION ( 'NONE',  ( 0.0000000000000000000, -1.000000000000000000, 0.0000000000000000000 ) ) ;
#2113 = CARTESIAN_POINT ( 'NONE',  ( -1.569999999999999800, 4.094999999999999800, -5.999999999999964500 ) ) ;
#2114 = AXIS2_PLACEMENT_3D ( 'NONE', #1656, #1999, #1626 ) ;
#2115 = DIRECTION ( 'NONE',  ( 0.0000000000000000000, -1.404634393503487300E-016, -1.000000000000000000 ) ) ;
#2116 = CIRCLE ( 'NONE', #3217, 0.6999999999999914100 ) ;
#2117 = DIRECTION ( 'NONE',  ( -1.000000000000000000, 0.0000000000000000000, 0.0000000000000000000 ) ) ;
#2118 = VERTEX_POINT ( 'NONE', #3583 ) ;
#2119 = CARTESIAN_POINT ( 'NONE',  ( 6.200000000000000200, 0.0000000000000000000, -11.50000000000001800 ) ) ;
#2120 = VERTEX_POINT ( 'NONE', #1149 ) ;
#2121 = DIRECTION ( 'NONE',  ( 0.0000000000000000000, 0.0000000000000000000, -1.000000000000000000 ) ) ;
#2122 = ADVANCED_FACE ( 'NONE', ( #861 ), #3455, .F. ) ;
#2123 = CARTESIAN_POINT ( 'NONE',  ( -0.9299999999999998300, 4.094999999999999800, -4.700000000000000200 ) ) ;
#2124 = CARTESIAN_POINT ( 'NONE',  ( 6.200000000000000200, 2.549999999999999800, -11.49999999999999600 ) ) ;
#2125 = VERTEX_POINT ( 'NONE', #3543 ) ;
#2126 = ORIENTED_EDGE ( 'NONE', *, *, #497, .T. ) ;
#2127 = FACE_OUTER_BOUND ( 'NONE', #3668, .T. ) ;
#2128 = LINE ( 'NONE', #1667, #1799 ) ;
#2129 = EDGE_CURVE ( 'NONE', #3523, #886, #1710, .T. ) ;
#2130 = EDGE_CURVE ( 'NONE', #3433, #2016, #800, .T. ) ;
#2131 = DIRECTION ( 'NONE',  ( -1.000000000000000000, 0.0000000000000000000, 0.0000000000000000000 ) ) ;
#2132 = CARTESIAN_POINT ( 'NONE',  ( 3.550000000000000300, 1.301022143997296400, -3.699999999999992600 ) ) ;
#2133 = EDGE_LOOP ( 'NONE', ( #4410, #1219, #2408, #185 ) ) ;
#2134 = ORIENTED_EDGE ( 'NONE', *, *, #3740, .T. ) ;
#2135 = ORIENTED_EDGE ( 'NONE', *, *, #4239, .F. ) ;
#2136 = LINE ( 'NONE', #328, #4361 ) ;
#2137 = ORIENTED_EDGE ( 'NONE', *, *, #3071, .T. ) ;
#2138 = EDGE_CURVE ( 'NONE', #233, #797, #1605, .T. ) ;
#2139 = VERTEX_POINT ( 'NONE', #1122 ) ;
#2140 = VERTEX_POINT ( 'NONE', #2168 ) ;
#2141 = VECTOR ( 'NONE', #986, 1000.000000000000000 ) ;
#2142 = DIRECTION ( 'NONE',  ( -1.000000000000000000, 0.0000000000000000000, 0.0000000000000000000 ) ) ;
#2143 = FACE_OUTER_BOUND ( 'NONE', #2596, .T. ) ;
#2144 = LINE ( 'NONE', #2564, #4314 ) ;
#2145 = EDGE_LOOP ( 'NONE', ( #2023, #3993, #3183, #2063 ) ) ;
#2146 = VECTOR ( 'NONE', #2932, 1000.000000000000000 ) ;
#2147 = DIRECTION ( 'NONE',  ( -1.000000000000000000, 0.0000000000000000000, -5.782411586589432600E-016 ) ) ;
#2148 = VECTOR ( 'NONE', #4180, 1000.000000000000000 ) ;
#2149 = EDGE_LOOP ( 'NONE', ( #457, #4086, #1652, #1598 ) ) ;
#2150 = LINE ( 'NONE', #2504, #1559 ) ;
#2151 = CARTESIAN_POINT ( 'NONE',  ( 3.429999999999999700, -2.887878387081806800, 1.449999999999991300 ) ) ;
#2152 = LINE ( 'NONE', #3318, #3307 ) ;
#2153 = LINE ( 'NONE', #843, #3363 ) ;
#2154 = STYLED_ITEM ( 'NONE', ( #4313 ), #3900 ) ;
#2155 = DIRECTION ( 'NONE',  ( -1.000000000000000000, 0.0000000000000000000, 0.0000000000000000000 ) ) ;
#2156 = CARTESIAN_POINT ( 'NONE',  ( 4.149999999999979900, 5.275000000000011000, -0.9309401076758571100 ) ) ;
#2157 = DIRECTION ( 'NONE',  ( 0.0000000000000000000, -0.3735499670562316100, -0.9276100592987812600 ) ) ;
#2158 = VECTOR ( 'NONE', #3393, 1000.000000000000000 ) ;
#2159 = ORIENTED_EDGE ( 'NONE', *, *, #434, .T. ) ;
#2160 = DIRECTION ( 'NONE',  ( 1.000000000000000000, 0.0000000000000000000, 0.0000000000000000000 ) ) ;
#2161 = DIRECTION ( 'NONE',  ( 0.0000000000000000000, -1.000000000000000000, 0.0000000000000000000 ) ) ;
#2162 = CIRCLE ( 'NONE', #1010, 0.6799999999999987200 ) ;
#2163 = ORIENTED_EDGE ( 'NONE', *, *, #3699, .T. ) ;
#2164 = LINE ( 'NONE', #2937, #4166 ) ;
#2165 = EDGE_CURVE ( 'NONE', #3879, #3865, #4412, .T. ) ;
#2166 = ORIENTED_EDGE ( 'NONE', *, *, #480, .T. ) ;
#2167 = CARTESIAN_POINT ( 'NONE',  ( 0.0000000000000000000, 0.0000000000000000000, 0.0000000000000000000 ) ) ;
#2168 = CARTESIAN_POINT ( 'NONE',  ( 2.999999999999998200, 0.3999999999999999100, -5.999999999999964500 ) ) ;
#2169 = VECTOR ( 'NONE', #988, 1000.000000000000000 ) ;
#2170 = EDGE_CURVE ( 'NONE', #1840, #2140, #3773, .T. ) ;
#2171 = VECTOR ( 'NONE', #2489, 1000.000000000000000 ) ;
#2172 = CARTESIAN_POINT ( 'NONE',  ( 5.349999999999999600, 5.275000000000011000, 0.0000000000000000000 ) ) ;
#2173 = DIRECTION ( 'NONE',  ( 1.000000000000000000, -0.0000000000000000000, -0.0000000000000000000 ) ) ;
#2174 = DIRECTION ( 'NONE',  ( 0.0000000000000000000, -0.0000000000000000000, 1.000000000000000000 ) ) ;
#2175 = VERTEX_POINT ( 'NONE', #3981 ) ;
#2176 = ORIENTED_EDGE ( 'NONE', *, *, #1409, .T. ) ;
#2177 = DIRECTION ( 'NONE',  ( -0.0000000000000000000, -0.0000000000000000000, 1.000000000000000000 ) ) ;
#2178 = CARTESIAN_POINT ( 'NONE',  ( -6.200000000000000200, 0.0000000000000000000, 0.0000000000000000000 ) ) ;
#2179 = ADVANCED_FACE ( 'NONE', ( #1114 ), #1203, .F. ) ;
#2180 = ORIENTED_EDGE ( 'NONE', *, *, #732, .T. ) ;
#2181 = VERTEX_POINT ( 'NONE', #1524 ) ;
#2182 = ORIENTED_EDGE ( 'NONE', *, *, #104, .F. ) ;
#2183 = EDGE_LOOP ( 'NONE', ( #3541, #340, #2892, #4007 ) ) ;
#2184 = VECTOR ( 'NONE', #1738, 1000.000000000000000 ) ;
#2185 = PLANE ( 'NONE',  #1994 ) ;
#2186 = VECTOR ( 'NONE', #569, 1000.000000000000000 ) ;
#2187 = CARTESIAN_POINT ( 'NONE',  ( -3.000000000000000900, 0.4000000000000000200, 0.0000000000000000000 ) ) ;
#2188 = ORIENTED_EDGE ( 'NONE', *, *, #4318, .F. ) ;
#2189 = FACE_OUTER_BOUND ( 'NONE', #1638, .T. ) ;
#2190 = LINE ( 'NONE', #332, #1278 ) ;
#2191 = ORIENTED_EDGE ( 'NONE', *, *, #4057, .T. ) ;
#2192 = CARTESIAN_POINT ( 'NONE',  ( 2.800000000000010500, 6.100000000000000500, -6.858022075225201200E-016 ) ) ;
#2193 = CARTESIAN_POINT ( 'NONE',  ( 3.429999999999999700, -1.087878387081807200, 1.449999999999991300 ) ) ;
#2194 = EDGE_CURVE ( 'NONE', #81, #2728, #646, .T. ) ;
#2195 = VECTOR ( 'NONE', #7, 1000.000000000000000 ) ;
#2196 = CARTESIAN_POINT ( 'NONE',  ( -4.250000000000001800, 1.301022143997296400, -0.9309401076758561100 ) ) ;
#2197 = AXIS2_PLACEMENT_3D ( 'NONE', #271, #3732, #3381 ) ;
#2198 = VECTOR ( 'NONE', #3801, 1000.000000000000000 ) ;
#2199 = LINE ( 'NONE', #3972, #1659 ) ;
#2200 = CLOSED_SHELL ( 'NONE', ( #1753, #369, #4209, #15, #3186, #2452, #3436, #2723, #712, #115, #2958, #3518, #3841, #1896, #1955, #1143, #1660, #1427, #1883, #916, #392, #3588 ) ) ;
#2201 = VECTOR ( 'NONE', #3074, 1000.000000000000000 ) ;
#2202 = EDGE_CURVE ( 'NONE', #249, #1262, #693, .T. ) ;
#2203 = LINE ( 'NONE', #13, #146 ) ;
#2204 = VERTEX_POINT ( 'NONE', #2587 ) ;
#2205 = VECTOR ( 'NONE', #3131, 1000.000000000000000 ) ;
#2206 = EDGE_LOOP ( 'NONE', ( #3915, #451, #3439, #3790 ) ) ;
#2207 = PLANE ( 'NONE',  #828 ) ;
#2208 = CARTESIAN_POINT ( 'NONE',  ( -5.299999999999999800, 0.0000000000000000000, -6.999999999999964500 ) ) ;
#2209 = ADVANCED_FACE ( 'NONE', ( #2534 ), #168, .T. ) ;
#2210 = VECTOR ( 'NONE', #3746, 1000.000000000000000 ) ;
#2211 = VECTOR ( 'NONE', #4463, 1000.000000000000000 ) ;
#2212 = DIRECTION ( 'NONE',  ( 0.0000000000000000000, -0.0000000000000000000, -1.000000000000000000 ) ) ;
#2213 = DIRECTION ( 'NONE',  ( -0.0000000000000000000, 0.0000000000000000000, -1.000000000000000000 ) ) ;
#2214 = DIRECTION ( 'NONE',  ( 0.0000000000000000000, 0.0000000000000000000, -1.000000000000000000 ) ) ;
#2215 = CARTESIAN_POINT ( 'NONE',  ( -4.500000000000001800, 0.3999999999999999100, -6.999999999999964500 ) ) ;
#2216 = ORIENTED_EDGE ( 'NONE', *, *, #1386, .F. ) ;
#2217 = DIRECTION ( 'NONE',  ( 0.0000000000000000000, 0.0000000000000000000, 1.000000000000000000 ) ) ;
#2218 = DIRECTION ( 'NONE',  ( -0.8660254037844424800, 0.0000000000000000000, 0.4999999999999933400 ) ) ;
#2219 = FACE_OUTER_BOUND ( 'NONE', #882, .T. ) ;
#2220 = CARTESIAN_POINT ( 'NONE',  ( 4.069999999999999400, -2.887878387081807200, 1.529999999999989600 ) ) ;
#2221 = EDGE_CURVE ( 'NONE', #4231, #3083, #3727, .T. ) ;
#2222 = EDGE_CURVE ( 'NONE', #4250, #1824, #1868, .T. ) ;
#2223 = ORIENTED_EDGE ( 'NONE', *, *, #2552, .T. ) ;
#2224 = PLANE ( 'NONE',  #903 ) ;
#2225 = ORIENTED_EDGE ( 'NONE', *, *, #611, .F. ) ;
#2226 = CARTESIAN_POINT ( 'NONE',  ( -5.299999999999996300, 0.4000000000000000200, -6.999999999999964500 ) ) ;
#2227 = DIRECTION ( 'NONE',  ( 1.000000000000000000, -0.0000000000000000000, -0.0000000000000000000 ) ) ;
#2228 = DIRECTION ( 'NONE',  ( 0.0000000000000000000, 0.0000000000000000000, 1.000000000000000000 ) ) ;
#2229 = EDGE_CURVE ( 'NONE', #2330, #2923, #3607, .T. ) ;
#2230 = DIRECTION ( 'NONE',  ( -1.000000000000000000, 0.0000000000000000000, 0.0000000000000000000 ) ) ;
#2231 = ADVANCED_FACE ( 'NONE', ( #1663 ), #2748, .F. ) ;
#2232 = ORIENTED_EDGE ( 'NONE', *, *, #3612, .F. ) ;
#2233 = ORIENTED_EDGE ( 'NONE', *, *, #1299, .F. ) ;
#2234 = DIRECTION ( 'NONE',  ( 0.0000000000000000000, 0.0000000000000000000, -1.000000000000000000 ) ) ;
#2235 = ORIENTED_EDGE ( 'NONE', *, *, #1675, .F. ) ;
#2236 = DIRECTION ( 'NONE',  ( 0.0000000000000000000, 1.000000000000000000, 0.0000000000000000000 ) ) ;
#2237 = ORIENTED_EDGE ( 'NONE', *, *, #814, .F. ) ;
#2238 = ORIENTED_EDGE ( 'NONE', *, *, #1729, .F. ) ;
#2239 = DIRECTION ( 'NONE',  ( 1.000000000000000000, 0.0000000000000000000, 0.0000000000000000000 ) ) ;
#2240 = CARTESIAN_POINT ( 'NONE',  ( 4.250000000000003600, 6.100000000000000500, -0.9309401076758571100 ) ) ;
#2241 = CARTESIAN_POINT ( 'NONE',  ( 3.429999999999999700, -3.399999999999999000, 2.019999999999989800 ) ) ;
#2242 = VERTEX_POINT ( 'NONE', #2356 ) ;
#2243 = VECTOR ( 'NONE', #196, 1000.000000000000000 ) ;
#2244 = VECTOR ( 'NONE', #2397, 1000.000000000000000 ) ;
#2245 = DIRECTION ( 'NONE',  ( 0.0000000000000000000, 1.000000000000000000, -1.404634393503487300E-016 ) ) ;
#2246 = ORIENTED_EDGE ( 'NONE', *, *, #836, .F. ) ;
#2247 = CYLINDRICAL_SURFACE ( 'NONE', #2990, 0.1000000000000240000 ) ;
#2248 = CARTESIAN_POINT ( 'NONE',  ( 3.919999999999999000, -3.399999999999999000, 1.679999999999991700 ) ) ;
#2249 = CARTESIAN_POINT ( 'NONE',  ( 4.069999999999999400, -2.987878387081803800, 2.169999999999991000 ) ) ;
#2250 = CARTESIAN_POINT ( 'NONE',  ( -6.200000000000000200, 6.100000000000000500, -6.999999999999982200 ) ) ;
#2251 = CONTEXT_DEPENDENT_SHAPE_REPRESENTATION ( #2032, #1346 ) ;
#2252 = ORIENTED_EDGE ( 'NONE', *, *, #700, .T. ) ;
#2253 = ADVANCED_FACE ( 'NONE', ( #3410 ), #1354, .F. ) ;
#2254 = LINE ( 'NONE', #4427, #3824 ) ;
#2255 = ORIENTED_EDGE ( 'NONE', *, *, #4138, .F. ) ;
#2256 = DIRECTION ( 'NONE',  ( -1.000000000000000000, 0.0000000000000000000, 0.0000000000000000000 ) ) ;
#2257 = EDGE_CURVE ( 'NONE', #687, #342, #1330, .T. ) ;
#2258 = LINE ( 'NONE', #840, #3829 ) ;
#2259 = VECTOR ( 'NONE', #67, 1000.000000000000000 ) ;
#2260 = AXIS2_PLACEMENT_3D ( 'NONE', #2275, #584, #2677 ) ;
#2261 = DIRECTION ( 'NONE',  ( 0.0000000000000000000, -0.0000000000000000000, 1.000000000000000000 ) ) ;
#2262 = LINE ( 'NONE', #714, #2654 ) ;
#2263 = ORIENTED_EDGE ( 'NONE', *, *, #927, .F. ) ;
#2264 = ORIENTED_EDGE ( 'NONE', *, *, #1244, .F. ) ;
#2265 = DIRECTION ( 'NONE',  ( -0.0000000000000000000, -1.000000000000000000, -0.0000000000000000000 ) ) ;
#2266 = AXIS2_PLACEMENT_3D ( 'NONE', #3185, #1418, #2121 ) ;
#2267 = CARTESIAN_POINT ( 'NONE',  ( -4.069999999999999400, 4.094999999999999800, -4.700000000000000200 ) ) ;
#2268 = PLANE ( 'NONE',  #2897 ) ;
#2269 = FACE_OUTER_BOUND ( 'NONE', #3230, .T. ) ;
#2270 = ORIENTED_EDGE ( 'NONE', *, *, #2792, .F. ) ;
#2271 = VECTOR ( 'NONE', #3551, 1000.000000000000000 ) ;
#2272 = VECTOR ( 'NONE', #2020, 1000.000000000000000 ) ;
#2273 = DIRECTION ( 'NONE',  ( -0.0000000000000000000, 1.000000000000000000, -0.0000000000000000000 ) ) ;
#2274 = CARTESIAN_POINT ( 'NONE',  ( 4.069999999999999400, -2.017762384446307500, 1.875791195256087500 ) ) ;
#2275 = CARTESIAN_POINT ( 'NONE',  ( 0.0000000000000000000, 3.605000000000000400, -5.550000000000008700 ) ) ;
#2276 = DIRECTION ( 'NONE',  ( 0.0000000000000000000, 0.0000000000000000000, 1.000000000000000000 ) ) ;
#2277 = LINE ( 'NONE', #3369, #4005 ) ;
#2278 = EDGE_LOOP ( 'NONE', ( #3675, #587, #2696, #633 ) ) ;
#2279 = ORIENTED_EDGE ( 'NONE', *, *, #1522, .T. ) ;
#2280 = FACE_OUTER_BOUND ( 'NONE', #128, .T. ) ;
#2281 = CARTESIAN_POINT ( 'NONE',  ( 4.069999999999999400, 4.094999999999999800, 0.8499999999999908700 ) ) ;
#2282 = DIRECTION ( 'NONE',  ( -1.000000000000000000, 0.0000000000000000000, 0.0000000000000000000 ) ) ;
#2283 = PLANE ( 'NONE',  #418 ) ;
#2284 = ADVANCED_FACE ( 'NONE', ( #528 ), #2059, .F. ) ;
#2285 = DIRECTION ( 'NONE',  ( 1.000000000000000000, 0.0000000000000000000, 0.0000000000000000000 ) ) ;
#2286 = DIRECTION ( 'NONE',  ( -0.0000000000000000000, -1.000000000000000000, -0.0000000000000000000 ) ) ;
#2287 = EDGE_CURVE ( 'NONE', #1965, #2026, #1389, .T. ) ;
#2288 = EDGE_CURVE ( 'NONE', #367, #2747, #2254, .T. ) ;
#2289 = CARTESIAN_POINT ( 'NONE',  ( 4.199999999999991300, 5.275000000000011000, -0.5556624327025852000 ) ) ;
#2290 = DIRECTION ( 'NONE',  ( 1.000000000000000000, 0.0000000000000000000, 0.0000000000000000000 ) ) ;
#2291 = EDGE_CURVE ( 'NONE', #3924, #2636, #1549, .T. ) ;
#2292 = CARTESIAN_POINT ( 'NONE',  ( 5.299999999999999800, 0.0000000000000000000, -11.50000000000001800 ) ) ;
#2293 = CARTESIAN_POINT ( 'NONE',  ( 5.299999999999999800, 0.4000000000000000200, 0.0000000000000000000 ) ) ;
#2294 = ORIENTED_EDGE ( 'NONE', *, *, #2730, .T. ) ;
#2295 = CARTESIAN_POINT ( 'NONE',  ( 4.069999999999999400, -1.957994389717308700, 1.875791195256086800 ) ) ;
#2296 = ORIENTED_EDGE ( 'NONE', *, *, #770, .F. ) ;
#2297 = PLANE ( 'NONE',  #2260 ) ;
#2298 = DIRECTION ( 'NONE',  ( -1.000000000000000000, 0.0000000000000000000, 0.0000000000000000000 ) ) ;
#2299 = ORIENTED_EDGE ( 'NONE', *, *, #2338, .T. ) ;
#2300 = ORIENTED_EDGE ( 'NONE', *, *, #3404, .F. ) ;
#2301 = VERTEX_POINT ( 'NONE', #4151 ) ;
#2302 = CYLINDRICAL_SURFACE ( 'NONE', #568, 1.319999999999998700 ) ;
#2303 = VECTOR ( 'NONE', #3059, 1000.000000000000000 ) ;
#2304 = DIRECTION ( 'NONE',  ( 0.0000000000000000000, 0.0000000000000000000, 1.000000000000000000 ) ) ;
#2305 =( NAMED_UNIT ( * ) SI_UNIT ( $, .STERADIAN. ) SOLID_ANGLE_UNIT ( ) );
#2306 = EDGE_LOOP ( 'NONE', ( #989, #1611, #4076, #1673 ) ) ;
#2307 = VECTOR ( 'NONE', #1126, 1000.000000000000000 ) ;
#2308 = CARTESIAN_POINT ( 'NONE',  ( 4.069999999999999400, 3.454999999999999600, 0.8499999999999906500 ) ) ;
#2309 = ORIENTED_EDGE ( 'NONE', *, *, #3553, .T. ) ;
#2310 = DIRECTION ( 'NONE',  ( 0.0000000000000000000, 1.000000000000000000, 0.0000000000000000000 ) ) ;
#2311 = LINE ( 'NONE', #2849, #2701 ) ;
#2312 = DIRECTION ( 'NONE',  ( -0.0000000000000000000, 0.0000000000000000000, -1.000000000000000000 ) ) ;
#2313 = FACE_OUTER_BOUND ( 'NONE', #3125, .T. ) ;
#2314 = EDGE_CURVE ( 'NONE', #2756, #4088, #2086, .T. ) ;
#2315 = VECTOR ( 'NONE', #2631, 1000.000000000000000 ) ;
#2316 = DIRECTION ( 'NONE',  ( -1.000000000000000000, -0.0000000000000000000, -0.0000000000000000000 ) ) ;
#2317 = EDGE_CURVE ( 'NONE', #1505, #639, #3251, .T. ) ;
#2318 = EDGE_LOOP ( 'NONE', ( #529, #93, #519, #2553 ) ) ;
#2319 = ORIENTED_EDGE ( 'NONE', *, *, #2257, .T. ) ;
#2320 = VECTOR ( 'NONE', #34, 1000.000000000000000 ) ;
#2321 = VECTOR ( 'NONE', #2398, 1000.000000000000000 ) ;
#2322 = ORIENTED_EDGE ( 'NONE', *, *, #1302, .F. ) ;
#2323 = CARTESIAN_POINT ( 'NONE',  ( -4.250000000000001800, 5.275000000000011000, 0.0000000000000000000 ) ) ;
#2324 = FACE_OUTER_BOUND ( 'NONE', #2402, .T. ) ;
#2325 = EDGE_CURVE ( 'NONE', #3724, #514, #3047, .T. ) ;
#2326 = VECTOR ( 'NONE', #149, 1000.000000000000000 ) ;
#2327 = LINE ( 'NONE', #3783, #2940 ) ;
#2328 = AXIS2_PLACEMENT_3D ( 'NONE', #1589, #1827, #3940 ) ;
#2329 = PLANE ( 'NONE',  #341 ) ;
#2330 = VERTEX_POINT ( 'NONE', #885 ) ;
#2331 = DIRECTION ( 'NONE',  ( -0.0000000000000000000, 1.000000000000000000, 0.0000000000000000000 ) ) ;
#2332 = CARTESIAN_POINT ( 'NONE',  ( 4.070000000000001200, -2.987878387081803800, 1.529999999999990900 ) ) ;
#2333 = ORIENTED_EDGE ( 'NONE', *, *, #3570, .F. ) ;
#2334 = PRODUCT_RELATED_PRODUCT_CATEGORY ( 'part', '', ( #2058 ) ) ;
#2335 = CARTESIAN_POINT ( 'NONE',  ( 4.069999999999999400, -1.087878387081809400, 1.529999999999992000 ) ) ;
#2336 = DIRECTION ( 'NONE',  ( 0.0000000000000000000, 1.000000000000000000, 0.0000000000000000000 ) ) ;
#2337 = ORIENTED_EDGE ( 'NONE', *, *, #284, .F. ) ;
#2338 = EDGE_CURVE ( 'NONE', #294, #2125, #3297, .T. ) ;
#2339 = DIRECTION ( 'NONE',  ( 0.0000000000000000000, -1.000000000000000000, -2.797941090285171100E-016 ) ) ;
#2340 = CARTESIAN_POINT ( 'NONE',  ( -5.299999999999999800, 0.0000000000000000000, 0.0000000000000000000 ) ) ;
#2341 = ORIENTED_EDGE ( 'NONE', *, *, #2523, .F. ) ;
#2342 = PLANE ( 'NONE',  #3721 ) ;
#2343 = EDGE_CURVE ( 'NONE', #896, #1850, #1754, .T. ) ;
#2344 = AXIS2_PLACEMENT_3D ( 'NONE', #2434, #1077, #357 ) ;
#2345 = ORIENTED_EDGE ( 'NONE', *, *, #288, .T. ) ;
#2346 = AXIS2_PLACEMENT_3D ( 'NONE', #3019, #2331, #917 ) ;
#2347 = ORIENTED_EDGE ( 'NONE', *, *, #3759, .T. ) ;
#2348 = ORIENTED_EDGE ( 'NONE', *, *, #2314, .F. ) ;
#2349 = ORIENTED_EDGE ( 'NONE', *, *, #2648, .T. ) ;
#2350 = DIRECTION ( 'NONE',  ( 0.0000000000000000000, 0.0000000000000000000, 1.000000000000000000 ) ) ;
#2351 = AXIS2_PLACEMENT_3D ( 'NONE', #220, #1001, #2433 ) ;
#2352 = AXIS2_PLACEMENT_3D ( 'NONE', #736, #1762, #432 ) ;
#2353 = CIRCLE ( 'NONE', #1252, 0.07999999999999822500 ) ;
#2354 = LINE ( 'NONE', #1721, #2244 ) ;
#2355 = CARTESIAN_POINT ( 'NONE',  ( -5.299999999999996300, 0.4000000000000000200, 0.0000000000000000000 ) ) ;
#2356 = CARTESIAN_POINT ( 'NONE',  ( -5.349999999999998800, 1.225000000000037600, -4.700000000000000200 ) ) ;
#2357 = CARTESIAN_POINT ( 'NONE',  ( 4.069999999999999400, -2.857994389717310100, 1.524208804743891300 ) ) ;
#2358 = CARTESIAN_POINT ( 'NONE',  ( -4.069999999999999400, 3.454999999999999600, -5.999999999999964500 ) ) ;
#2359 = ORIENTED_EDGE ( 'NONE', *, *, #2053, .F. ) ;
#2360 = EDGE_LOOP ( 'NONE', ( #842, #4093, #1742, #4124 ) ) ;
#2361 = FACE_OUTER_BOUND ( 'NONE', #2637, .T. ) ;
#2362 = PRODUCT_DEFINITION_SHAPE ( 'NONE', 'NONE',  #620 ) ;
#2363 = SHAPE_DEFINITION_REPRESENTATION ( #2963, #2785 ) ;
#2364 = ORIENTED_EDGE ( 'NONE', *, *, #10, .F. ) ;
#2365 = VECTOR ( 'NONE', #2942, 1000.000000000000000 ) ;
#2366 = ORIENTED_EDGE ( 'NONE', *, *, #3239, .T. ) ;
#2367 = EDGE_CURVE ( 'NONE', #937, #1621, #1288, .T. ) ;
#2368 = DIRECTION ( 'NONE',  ( 1.000000000000000000, 0.0000000000000000000, -0.0000000000000000000 ) ) ;
#2369 = ADVANCED_FACE ( 'NONE', ( #2595 ), #2956, .T. ) ;
#2370 = CARTESIAN_POINT ( 'NONE',  ( -3.000000000000000900, 6.100000000000000500, -5.999999999999964500 ) ) ;
#2371 = VERTEX_POINT ( 'NONE', #1552 ) ;
#2372 = LINE ( 'NONE', #3484, #1448 ) ;
#2373 = ORIENTED_EDGE ( 'NONE', *, *, #2652, .F. ) ;
#2374 = ORIENTED_EDGE ( 'NONE', *, *, #1615, .T. ) ;
#2375 = DIRECTION ( 'NONE',  ( 0.0000000000000000000, 0.9276100592987810400, 0.3735499670562316100 ) ) ;
#2376 = EDGE_CURVE ( 'NONE', #1117, #4386, #4311, .T. ) ;
#2377 = FACE_OUTER_BOUND ( 'NONE', #1342, .T. ) ;
#2378 = CARTESIAN_POINT ( 'NONE',  ( 4.099999999999995200, 1.301022143997296400, -0.7866025403784326900 ) ) ;
#2379 = ORIENTED_EDGE ( 'NONE', *, *, #339, .T. ) ;
#2380 = VECTOR ( 'NONE', #4431, 1000.000000000000000 ) ;
#2381 = EDGE_CURVE ( 'NONE', #1606, #1965, #3935, .T. ) ;
#2382 = FACE_OUTER_BOUND ( 'NONE', #1905, .T. ) ;
#2383 = EDGE_LOOP ( 'NONE', ( #3722, #3984, #501, #120 ) ) ;
#2384 = DIRECTION ( 'NONE',  ( 0.0000000000000000000, 0.0000000000000000000, -1.000000000000000000 ) ) ;
#2385 = CIRCLE ( 'NONE', #2436, 0.08000000000000255500 ) ;
#2386 = EDGE_CURVE ( 'NONE', #2125, #2139, #1173, .T. ) ;
#2387 = DIRECTION ( 'NONE',  ( 2.141633920959035500E-016, -1.000000000000000000, 0.0000000000000000000 ) ) ;
#2388 = ORIENTED_EDGE ( 'NONE', *, *, #4288, .F. ) ;
#2389 = FACE_OUTER_BOUND ( 'NONE', #2145, .T. ) ;
#2390 = EDGE_LOOP ( 'NONE', ( #833, #1949, #4453, #3647 ) ) ;
#2391 = CARTESIAN_POINT ( 'NONE',  ( -0.9299999999999998300, 4.094999999999999800, -9.400000000000000400 ) ) ;
#2392 = MECHANICAL_DESIGN_GEOMETRIC_PRESENTATION_REPRESENTATION (  '', ( #4462 ), #3270 ) ;
#2393 = ADVANCED_FACE ( 'NONE', ( #252 ), #3628, .F. ) ;
#2394 = CARTESIAN_POINT ( 'NONE',  ( -0.5000000000000008900, 0.3999999999999999100, -6.999999999999964500 ) ) ;
#2395 = DIRECTION ( 'NONE',  ( -1.000000000000000000, 0.0000000000000000000, 0.0000000000000000000 ) ) ;
#2396 = EDGE_CURVE ( 'NONE', #367, #1091, #637, .T. ) ;
#2397 = DIRECTION ( 'NONE',  ( 0.0000000000000000000, -1.000000000000000000, 0.0000000000000000000 ) ) ;
#2398 = DIRECTION ( 'NONE',  ( 1.000000000000000000, 0.0000000000000000000, 0.0000000000000000000 ) ) ;
#2399 = EDGE_CURVE ( 'NONE', #797, #639, #3145, .T. ) ;
#2400 = CARTESIAN_POINT ( 'NONE',  ( 4.250000000000003600, 5.275000000000011000, -1.040949779275250900E-015 ) ) ;
#2401 = DIRECTION ( 'NONE',  ( -1.000000000000000000, 0.0000000000000000000, 1.172110456741088500E-016 ) ) ;
#2402 = EDGE_LOOP ( 'NONE', ( #2764, #1326, #1255, #4392 ) ) ;
#2403 = CARTESIAN_POINT ( 'NONE',  ( -0.5000000000000008900, 3.454999999999999600, -5.999999999999964500 ) ) ;
#2404 = EDGE_CURVE ( 'NONE', #4363, #2786, #2199, .T. ) ;
#2405 = ORIENTED_EDGE ( 'NONE', *, *, #1124, .F. ) ;
#2406 = CARTESIAN_POINT ( 'NONE',  ( -4.500000000000001800, 0.4000000000000000200, 0.0000000000000000000 ) ) ;
#2407 = AXIS2_PLACEMENT_3D ( 'NONE', #3837, #1515, #2214 ) ;
#2408 = ORIENTED_EDGE ( 'NONE', *, *, #1643, .F. ) ;
#2409 = CIRCLE ( 'NONE', #326, 0.7000000000000031800 ) ;
#2410 = LINE ( 'NONE', #4426, #2303 ) ;
#2411 = CARTESIAN_POINT ( 'NONE',  ( -2.000000000000001300, 6.100000000000000500, -6.999999999999964500 ) ) ;
#2412 = ADVANCED_FACE ( 'NONE', ( #1221 ), #1879, .F. ) ;
#2413 = ORIENTED_EDGE ( 'NONE', *, *, #378, .T. ) ;
#2414 = CARTESIAN_POINT ( 'NONE',  ( 3.429999999999999700, -1.087878387081808100, 1.529999999999990900 ) ) ;
#2415 = VERTEX_POINT ( 'NONE', #2576 ) ;
#2416 = LINE ( 'NONE', #3409, #3245 ) ;
#2417 = PLANE ( 'NONE',  #3243 ) ;
#2418 = CARTESIAN_POINT ( 'NONE',  ( 3.429999999999999700, -1.087878387081808100, 1.529999999999990900 ) ) ;
#2419 = DIRECTION ( 'NONE',  ( -0.0000000000000000000, 1.000000000000000000, -0.0000000000000000000 ) ) ;
#2420 = ORIENTED_EDGE ( 'NONE', *, *, #3760, .T. ) ;
#2421 = FACE_OUTER_BOUND ( 'NONE', #398, .T. ) ;
#2422 = DIRECTION ( 'NONE',  ( 1.000000000000000000, 0.0000000000000000000, 0.0000000000000000000 ) ) ;
#2423 = PLANE ( 'NONE',  #3627 ) ;
#2424 = CIRCLE ( 'NONE', #2114, 0.1000000000000236800 ) ;
#2425 = EDGE_LOOP ( 'NONE', ( #729, #289, #1493, #897, #2333, #3771 ) ) ;
#2426 = FACE_BOUND ( 'NONE', #2057, .T. ) ;
#2427 = VECTOR ( 'NONE', #1988, 1000.000000000000000 ) ;
#2428 = CARTESIAN_POINT ( 'NONE',  ( 3.429999999999999700, -2.887878387081807200, 2.169999999999988800 ) ) ;
#2429 = UNCERTAINTY_MEASURE_WITH_UNIT (LENGTH_MEASURE( 1.000000000000000100E-005 ), #1440, 'distance_accuracy_value', 'NONE');
#2430 = CARTESIAN_POINT ( 'NONE',  ( -1.569999999999999800, 3.454999999999999600, -9.400000000000000400 ) ) ;
#2431 = LINE ( 'NONE', #3256, #321 ) ;
#2432 = VECTOR ( 'NONE', #3437, 1000.000000000000000 ) ;
#2433 = DIRECTION ( 'NONE',  ( -0.0000000000000000000, 0.0000000000000000000, 1.000000000000000000 ) ) ;
#2434 = CARTESIAN_POINT ( 'NONE',  ( 4.069999999999999400, 3.454999999999999600, 0.8499999999999914300 ) ) ;
#2435 = EDGE_CURVE ( 'NONE', #1681, #419, #743, .T. ) ;
#2436 = AXIS2_PLACEMENT_3D ( 'NONE', #3525, #443, #1136 ) ;
#2437 = ORIENTED_EDGE ( 'NONE', *, *, #3934, .T. ) ;
#2438 = EDGE_CURVE ( 'NONE', #661, #543, #1982, .T. ) ;
#2439 = ORIENTED_EDGE ( 'NONE', *, *, #1925, .F. ) ;
#2440 = CIRCLE ( 'NONE', #261, 0.7000000000000027300 ) ;
#2441 = LINE ( 'NONE', #2733, #1518 ) ;
#2442 = DIRECTION ( 'NONE',  ( 1.000000000000000000, -0.0000000000000000000, -0.0000000000000000000 ) ) ;
#2443 = VECTOR ( 'NONE', #4170, 1000.000000000000000 ) ;
#2444 = ORIENTED_EDGE ( 'NONE', *, *, #1835, .F. ) ;
#2445 = CARTESIAN_POINT ( 'NONE',  ( -6.200000000000000200, 4.275000000000020800, -3.100000000000001900 ) ) ;
#2446 = DIRECTION ( 'NONE',  ( 0.8660254037844444800, 0.0000000000000000000, -0.4999999999999897900 ) ) ;
#2447 = VERTEX_POINT ( 'NONE', #3336 ) ;
#2448 = DIRECTION ( 'NONE',  ( -1.000000000000000000, -2.141633920959035500E-016, -0.0000000000000000000 ) ) ;
#2449 = DIRECTION ( 'NONE',  ( 0.0000000000000000000, -1.000000000000000000, 0.0000000000000000000 ) ) ;
#2450 = APPLICATION_PROTOCOL_DEFINITION ( 'draft international standard', 'automotive_design', 1998, #671 ) ;
#2451 = ORIENTED_EDGE ( 'NONE', *, *, #434, .F. ) ;
#2452 = ADVANCED_FACE ( 'NONE', ( #3199 ), #3989, .T. ) ;
#2453 = DIRECTION ( 'NONE',  ( -0.0000000000000000000, 1.000000000000000000, -0.0000000000000000000 ) ) ;
#2454 = CARTESIAN_POINT ( 'NONE',  ( -4.199999999999989500, 5.275000000000011000, -0.8443375672973905100 ) ) ;
#2455 = VERTEX_POINT ( 'NONE', #1308 ) ;
#2456 = EDGE_CURVE ( 'NONE', #2447, #367, #4098, .T. ) ;
#2457 = ORIENTED_EDGE ( 'NONE', *, *, #3682, .F. ) ;
#2458 = EDGE_CURVE ( 'NONE', #3599, #1942, #2816, .T. ) ;
#2459 = CARTESIAN_POINT ( 'NONE',  ( -6.200000000000000200, 5.275000000000011000, -2.400000000000010600 ) ) ;
#2460 = ORIENTED_EDGE ( 'NONE', *, *, #3376, .F. ) ;
#2461 = EDGE_LOOP ( 'NONE', ( #1053, #694, #1904, #2715 ) ) ;
#2462 = ORIENTED_EDGE ( 'NONE', *, *, #692, .F. ) ;
#2463 = EDGE_CURVE ( 'NONE', #2455, #3826, #142, .T. ) ;
#2464 = LINE ( 'NONE', #4402, #631 ) ;
#2465 = CARTESIAN_POINT ( 'NONE',  ( 3.429999999999999700, 4.094999999999999800, -5.137878387081817000 ) ) ;
#2466 = AXIS2_PLACEMENT_3D ( 'NONE', #668, #659, #3726 ) ;
#2467 = ORIENTED_EDGE ( 'NONE', *, *, #4220, .F. ) ;
#2468 = LINE ( 'NONE', #657, #1978 ) ;
#2469 = ORIENTED_EDGE ( 'NONE', *, *, #837, .T. ) ;
#2470 = ORIENTED_EDGE ( 'NONE', *, *, #4312, .F. ) ;
#2471 = DIRECTION ( 'NONE',  ( -1.000000000000000000, 0.0000000000000000000, 0.0000000000000000000 ) ) ;
#2472 = DIRECTION ( 'NONE',  ( 2.141633920959035500E-016, 1.000000000000000000, 0.0000000000000000000 ) ) ;
#2473 = SHAPE_REPRESENTATION_RELATIONSHIP ( 'NONE' , 'NONE' ,  #2794, #3755 ) ;
#2474 = ORIENTED_EDGE ( 'NONE', *, *, #1153, .T. ) ;
#2475 = VECTOR ( 'NONE', #1251, 1000.000000000000000 ) ;
#2476 = VERTEX_POINT ( 'NONE', #3373 ) ;
#2477 = EDGE_LOOP ( 'NONE', ( #4014, #1081, #3263, #3506, #2540, #630, #3917, #2413, #4118, #2483, #1884, #495, #143, #1698, #884, #783, #317, #2725, #3027, #690 ) ) ;
#2478 = DIRECTION ( 'NONE',  ( 0.0000000000000000000, 0.3735499670562287300, -0.9276100592987822600 ) ) ;
#2479 = CARTESIAN_POINT ( 'NONE',  ( 5.349999999999996100, 4.575000000000018800, -3.100000000000001900 ) ) ;
#2480 = DIRECTION ( 'NONE',  ( 0.0000000000000000000, 1.000000000000000000, -0.0000000000000000000 ) ) ;
#2481 = LINE ( 'NONE', #1523, #1289 ) ;
#2482 = LINE ( 'NONE', #2172, #2259 ) ;
#2483 = ORIENTED_EDGE ( 'NONE', *, *, #2170, .T. ) ;
#2484 = ADVANCED_FACE ( 'NONE', ( #3407 ), #1990, .F. ) ;
#2485 = LINE ( 'NONE', #691, #4320 ) ;
#2486 = LINE ( 'NONE', #1800, #3105 ) ;
#2487 = LINE ( 'NONE', #475, #699 ) ;
#2488 = CARTESIAN_POINT ( 'NONE',  ( -4.199999999999989500, 1.301022143997296400, -0.8443375672973905100 ) ) ;
#2489 = DIRECTION ( 'NONE',  ( 0.0000000000000000000, 1.000000000000000000, 0.0000000000000000000 ) ) ;
#2490 = DIRECTION ( 'NONE',  ( -1.000000000000000000, 0.0000000000000000000, 0.0000000000000000000 ) ) ;
#2491 = DIRECTION ( 'NONE',  ( -1.000000000000000000, -0.0000000000000000000, -0.0000000000000000000 ) ) ;
#2492 = CARTESIAN_POINT ( 'NONE',  ( 3.919999999999999000, -3.399999999999999000, 1.679999999999991700 ) ) ;
#2493 = DIRECTION ( 'NONE',  ( -1.000000000000000000, 0.0000000000000000000, -0.0000000000000000000 ) ) ;
#2494 = ORIENTED_EDGE ( 'NONE', *, *, #919, .F. ) ;
#2495 = EDGE_CURVE ( 'NONE', #1520, #3909, #3603, .T. ) ;
#2496 = AXIS2_PLACEMENT_3D ( 'NONE', #3923, #799, #765 ) ;
#2497 = CIRCLE ( 'NONE', #2732, 0.7200000000000009700 ) ;
#2498 = AXIS2_PLACEMENT_3D ( 'NONE', #3293, #4325, #2899 ) ;
#2499 = ORIENTED_EDGE ( 'NONE', *, *, #2552, .F. ) ;
#2500 = CARTESIAN_POINT ( 'NONE',  ( -1.569999999999999800, 4.094999999999999800, -4.700000000000000200 ) ) ;
#2501 = ORIENTED_EDGE ( 'NONE', *, *, #3156, .F. ) ;
#2502 = CARTESIAN_POINT ( 'NONE',  ( -5.349999999999999600, 4.575000000000018800, -3.100000000000001900 ) ) ;
#2503 = ADVANCED_FACE ( 'NONE', ( #4048, #307 ), #232, .F. ) ;
#2504 = CARTESIAN_POINT ( 'NONE',  ( 4.069999999999999400, -2.987878387081803800, 2.169999999999991000 ) ) ;
#2505 = DIRECTION ( 'NONE',  ( -0.0000000000000000000, -0.0000000000000000000, -1.000000000000000000 ) ) ;
#2506 = ORIENTED_EDGE ( 'NONE', *, *, #1806, .T. ) ;
#2507 = PLANE ( 'NONE',  #1180 ) ;
#2508 = DIRECTION ( 'NONE',  ( -0.0000000000000000000, 1.000000000000000000, -1.404634393503487300E-016 ) ) ;
#2509 = ORIENTED_EDGE ( 'NONE', *, *, #2680, .F. ) ;
#2510 = DIRECTION ( 'NONE',  ( 1.000000000000000000, -0.0000000000000000000, -0.0000000000000000000 ) ) ;
#2511 = DIRECTION ( 'NONE',  ( 0.8660254037844444800, -0.0000000000000000000, 0.4999999999999897900 ) ) ;
#2512 = PLANE ( 'NONE',  #2014 ) ;
#2513 = ORIENTED_EDGE ( 'NONE', *, *, #453, .F. ) ;
#2514 = ORIENTED_EDGE ( 'NONE', *, *, #1591, .F. ) ;
#2515 = FILL_AREA_STYLE_COLOUR ( '', #3883 ) ;
#2516 = ORIENTED_EDGE ( 'NONE', *, *, #288, .F. ) ;
#2517 = EDGE_LOOP ( 'NONE', ( #4432, #1903, #113, #3181 ) ) ;
#2518 = FACE_OUTER_BOUND ( 'NONE', #4023, .T. ) ;
#2519 = EDGE_CURVE ( 'NONE', #2925, #2118, #2424, .T. ) ;
#2520 = LINE ( 'NONE', #2378, #4235 ) ;
#2521 = DIRECTION ( 'NONE',  ( -0.0000000000000000000, -0.0000000000000000000, 1.000000000000000000 ) ) ;
#2522 = VERTEX_POINT ( 'NONE', #931 ) ;
#2523 = EDGE_CURVE ( 'NONE', #862, #2026, #2024, .T. ) ;
#2524 = CARTESIAN_POINT ( 'NONE',  ( -6.200000000000000200, 0.0000000000000000000, -11.50000000000001800 ) ) ;
#2525 = DIRECTION ( 'NONE',  ( -0.0000000000000000000, -0.0000000000000000000, 1.000000000000000000 ) ) ;
#2526 = VECTOR ( 'NONE', #3854, 1000.000000000000000 ) ;
#2527 = VERTEX_POINT ( 'NONE', #2332 ) ;
#2528 = EDGE_CURVE ( 'NONE', #4010, #1914, #4407, .T. ) ;
#2529 = DIRECTION ( 'NONE',  ( 0.0000000000000000000, 0.0000000000000000000, -1.000000000000000000 ) ) ;
#2530 = FACE_OUTER_BOUND ( 'NONE', #1487, .T. ) ;
#2531 = AXIS2_PLACEMENT_3D ( 'NONE', #3466, #1380, #3800 ) ;
#2532 = DIRECTION ( 'NONE',  ( -0.0000000000000000000, 1.000000000000000000, -0.0000000000000000000 ) ) ;
#2533 = CONTEXT_DEPENDENT_SHAPE_REPRESENTATION ( #1356, #3390 ) ;
#2534 = FACE_OUTER_BOUND ( 'NONE', #2425, .T. ) ;
#2535 = CARTESIAN_POINT ( 'NONE',  ( 3.429999999999999700, 3.454999999999999600, 0.8499999999999914300 ) ) ;
#2536 = ORIENTED_EDGE ( 'NONE', *, *, #2221, .F. ) ;
#2537 = CARTESIAN_POINT ( 'NONE',  ( 3.429999999999999700, -1.356834363362294600, 2.117879242695110500 ) ) ;
#2538 = LINE ( 'NONE', #3471, #1230 ) ;
#2539 = ORIENTED_EDGE ( 'NONE', *, *, #3257, .F. ) ;
#2540 = ORIENTED_EDGE ( 'NONE', *, *, #18, .T. ) ;
#2541 = DIRECTION ( 'NONE',  ( 0.0000000000000000000, 0.0000000000000000000, -1.000000000000000000 ) ) ;
#2542 = FACE_OUTER_BOUND ( 'NONE', #3094, .T. ) ;
#2543 = DIRECTION ( 'NONE',  ( -0.0000000000000000000, 1.000000000000000000, -0.0000000000000000000 ) ) ;
#2544 = DIRECTION ( 'NONE',  ( 0.0000000000000000000, 0.9276100592987811500, -0.3735499670562315600 ) ) ;
#2545 = VECTOR ( 'NONE', #3374, 1000.000000000000000 ) ;
#2546 = VECTOR ( 'NONE', #4258, 1000.000000000000000 ) ;
#2547 = DIRECTION ( 'NONE',  ( -1.000000000000000000, 0.0000000000000000000, 0.0000000000000000000 ) ) ;
#2548 = FACE_OUTER_BOUND ( 'NONE', #1526, .T. ) ;
#2549 = CARTESIAN_POINT ( 'NONE',  ( 3.429999999999999700, 2.774999999999998600, 1.529999999999990000 ) ) ;
#2550 = DIRECTION ( 'NONE',  ( 0.3236155771181849500, -0.8891264907159878200, -0.3236155771181858400 ) ) ;
#2551 = ORIENTED_EDGE ( 'NONE', *, *, #1700, .T. ) ;
#2552 = EDGE_CURVE ( 'NONE', #2747, #4406, #193, .T. ) ;
#2553 = ORIENTED_EDGE ( 'NONE', *, *, #2879, .F. ) ;
#2554 = EDGE_CURVE ( 'NONE', #2728, #76, #2863, .T. ) ;
#2555 = DIRECTION ( 'NONE',  ( 0.3236155771181871700, -0.3236155771181871700, -0.8891264907159864800 ) ) ;
#2556 = DIRECTION ( 'NONE',  ( 0.0000000000000000000, 0.0000000000000000000, 1.000000000000000000 ) ) ;
#2557 = CARTESIAN_POINT ( 'NONE',  ( -4.500000000000001800, 6.100000000000000500, -5.999999999999964500 ) ) ;
#2558 = DIRECTION ( 'NONE',  ( 1.000000000000000000, 0.0000000000000000000, 0.0000000000000000000 ) ) ;
#2559 = EDGE_CURVE ( 'NONE', #3469, #2925, #4144, .T. ) ;
#2560 = VECTOR ( 'NONE', #68, 1000.000000000000000 ) ;
#2561 = ADVANCED_FACE ( 'NONE', ( #596 ), #3674, .F. ) ;
#2562 = AXIS2_PLACEMENT_3D ( 'NONE', #64, #2493, #417 ) ;
#2563 = DIRECTION ( 'NONE',  ( -1.000000000000000000, 0.0000000000000000000, 0.0000000000000000000 ) ) ;
#2564 = CARTESIAN_POINT ( 'NONE',  ( -5.299999999999996300, 0.4000000000000000200, -6.999999999999964500 ) ) ;
#2565 = EDGE_CURVE ( 'NONE', #240, #1791, #135, .T. ) ;
#2566 = DIRECTION ( 'NONE',  ( 0.0000000000000000000, 1.000000000000000000, 8.163404592832033600E-015 ) ) ;
#2567 = CARTESIAN_POINT ( 'NONE',  ( 4.069999999999999400, -2.987878387081803800, 1.529999999999990900 ) ) ;
#2568 = CARTESIAN_POINT ( 'NONE',  ( 4.069999999999999400, -1.087878387081807200, 1.449999999999991300 ) ) ;
#2569 = STYLED_ITEM ( 'NONE', ( #258 ), #3302 ) ;
#2570 = DIRECTION ( 'NONE',  ( -1.000000000000000000, 0.0000000000000000000, 0.0000000000000000000 ) ) ;
#2571 = ORIENTED_EDGE ( 'NONE', *, *, #1438, .T. ) ;
#2572 = ORIENTED_EDGE ( 'NONE', *, *, #3071, .F. ) ;
#2573 = CARTESIAN_POINT ( 'NONE',  ( 3.580000000000000500, -3.399999999999999000, 1.679999999999991700 ) ) ;
#2574 = ORIENTED_EDGE ( 'NONE', *, *, #1895, .F. ) ;
#2575 = DIRECTION ( 'NONE',  ( 0.3236155771181850000, 0.8891264907159878200, 0.3236155771181858400 ) ) ;
#2576 = CARTESIAN_POINT ( 'NONE',  ( 4.069999999999999400, -2.887878387081807200, 1.529999999999989600 ) ) ;
#2577 = EDGE_CURVE ( 'NONE', #3086, #3826, #1749, .T. ) ;
#2578 = EDGE_CURVE ( 'NONE', #2052, #602, #2757, .T. ) ;
#2579 = EDGE_LOOP ( 'NONE', ( #3845, #626, #4347, #1003 ) ) ;
#2580 = CARTESIAN_POINT ( 'NONE',  ( 2.999999999999998200, 6.100000000000000500, -6.999999999999964500 ) ) ;
#2581 = CYLINDRICAL_SURFACE ( 'NONE', #1569, 0.1000000000000240000 ) ;
#2582 = ADVANCED_FACE ( 'NONE', ( #590 ), #293, .T. ) ;
#2583 = PLANE ( 'NONE',  #2835 ) ;
#2584 = VERTEX_POINT ( 'NONE', #4389 ) ;
#2585 = EDGE_CURVE ( 'NONE', #1172, #3826, #2586, .T. ) ;
#2586 = LINE ( 'NONE', #4457, #739 ) ;
#2587 = CARTESIAN_POINT ( 'NONE',  ( 3.429999999999999700, -2.256834363362296700, 1.282120757304867900 ) ) ;
#2588 = DIRECTION ( 'NONE',  ( 0.0000000000000000000, 0.0000000000000000000, -1.000000000000000000 ) ) ;
#2589 = DIRECTION ( 'NONE',  ( 0.0000000000000000000, 1.000000000000000000, 0.0000000000000000000 ) ) ;
#2590 = ORIENTED_EDGE ( 'NONE', *, *, #3214, .F. ) ;
#2591 = DIRECTION ( 'NONE',  ( 0.0000000000000000000, 0.0000000000000000000, 1.000000000000000000 ) ) ;
#2592 = DIRECTION ( 'NONE',  ( 0.0000000000000000000, 0.0000000000000000000, -1.000000000000000000 ) ) ;
#2593 = EDGE_LOOP ( 'NONE', ( #2790, #1313, #1825, #2711, #1205, #1362, #3927, #2771, #2571, #27, #2506, #4401, #936, #278, #151, #1843, #3129, #3870, #2460, #2590, #205, #1547, #3142, #1750, #1599, #3041, #3044, #2470, #2494, #2539 ) ) ;
#2594 = CARTESIAN_POINT ( 'NONE',  ( 1.570000000000000300, 3.454999999999999600, -9.400000000000000400 ) ) ;
#2595 = FACE_OUTER_BOUND ( 'NONE', #1623, .T. ) ;
#2596 = EDGE_LOOP ( 'NONE', ( #70, #4139, #506, #1214 ) ) ;
#2597 = CARTESIAN_POINT ( 'NONE',  ( 3.919999999999999000, -3.399999999999999000, 2.169999999999991000 ) ) ;
#2598 = ADVANCED_FACE ( 'NONE', ( #2530 ), #3431, .F. ) ;
#2599 = COLOUR_RGB ( '',0.7960784313725489700, 0.8235294117647058400, 0.9372549019607843100 ) ;
#2600 = LINE ( 'NONE', #1110, #2868 ) ;
#2601 = LINE ( 'NONE', #105, #147 ) ;
#2602 = PLANE ( 'NONE',  #2498 ) ;
#2603 = ORIENTED_EDGE ( 'NONE', *, *, #4340, .F. ) ;
#2604 = CARTESIAN_POINT ( 'NONE',  ( 4.099999999999995200, 1.301022143997296400, -0.6133974596215439100 ) ) ;
#2605 = AXIS2_PLACEMENT_3D ( 'NONE', #2085, #747, #3859 ) ;
#2606 = VECTOR ( 'NONE', #3091, 1000.000000000000000 ) ;
#2607 = CYLINDRICAL_SURFACE ( 'NONE', #1950, 0.09999999999999993600 ) ;
#2608 = VECTOR ( 'NONE', #1245, 1000.000000000000000 ) ;
#2609 = CARTESIAN_POINT ( 'NONE',  ( -4.199999999999989500, 6.100000000000000500, -0.5556624327025834200 ) ) ;
#2610 = DIRECTION ( 'NONE',  ( -0.0000000000000000000, 1.000000000000000000, -0.0000000000000000000 ) ) ;
#2611 = SURFACE_STYLE_FILL_AREA ( #90 ) ;
#2612 = CARTESIAN_POINT ( 'NONE',  ( -3.429999999999999700, 3.454999999999999600, -4.700000000000000200 ) ) ;
#2613 = ADVANCED_FACE ( 'NONE', ( #2361 ), #4438, .T. ) ;
#2614 = EDGE_CURVE ( 'NONE', #4304, #26, #3401, .T. ) ;
#2615 = CARTESIAN_POINT ( 'NONE',  ( -3.000000000000000900, 6.100000000000000500, -5.999999999999964500 ) ) ;
#2616 = EDGE_LOOP ( 'NONE', ( #731, #4079, #4135, #3254 ) ) ;
#2617 = PLANE ( 'NONE',  #4189 ) ;
#2618 = EDGE_CURVE ( 'NONE', #1199, #3042, #4305, .T. ) ;
#2619 = ORIENTED_EDGE ( 'NONE', *, *, #3046, .F. ) ;
#2620 = EDGE_CURVE ( 'NONE', #1428, #920, #1807, .T. ) ;
#2621 = FACE_OUTER_BOUND ( 'NONE', #1992, .T. ) ;
#2622 = DIRECTION ( 'NONE',  ( 0.0000000000000000000, 1.000000000000000000, -0.0000000000000000000 ) ) ;
#2623 = DIRECTION ( 'NONE',  ( -1.000000000000000200, 9.573430299990133500E-017, -1.387778780781445700E-017 ) ) ;
#2624 = CARTESIAN_POINT ( 'NONE',  ( 4.069999999999999400, -3.399999999999999000, 1.679999999999991700 ) ) ;
#2625 = VERTEX_POINT ( 'NONE', #3413 ) ;
#2626 = ADVANCED_FACE ( 'NONE', ( #2421 ), #336, .F. ) ;
#2627 = DIRECTION ( 'NONE',  ( 0.0000000000000000000, 0.0000000000000000000, 1.000000000000000000 ) ) ;
#2628 = EDGE_CURVE ( 'NONE', #2625, #4253, #947, .T. ) ;
#2629 = CARTESIAN_POINT ( 'NONE',  ( -4.149999999999978200, 1.301022143997296400, -0.9309401076758562200 ) ) ;
#2630 = AXIS2_PLACEMENT_3D ( 'NONE', #3122, #2448, #2112 ) ;
#2631 = DIRECTION ( 'NONE',  ( -1.000000000000000000, -0.0000000000000000000, -0.0000000000000000000 ) ) ;
#2632 = CARTESIAN_POINT ( 'NONE',  ( -6.200000000000000200, 4.275000000000020800, -3.100000000000001900 ) ) ;
#2633 = ORIENTED_EDGE ( 'NONE', *, *, #3910, .T. ) ;
#2634 = PLANE ( 'NONE',  #3955 ) ;
#2635 = ADVANCED_FACE ( 'NONE', ( #3661 ), #2417, .F. ) ;
#2636 = VERTEX_POINT ( 'NONE', #1725 ) ;
#2637 = EDGE_LOOP ( 'NONE', ( #2300, #3440, #4030, #65 ) ) ;
#2638 =( LENGTH_UNIT ( ) NAMED_UNIT ( * ) SI_UNIT ( .MILLI., .METRE. ) );
#2639 = EDGE_LOOP ( 'NONE', ( #3356, #791, #2420, #888 ) ) ;
#2640 = ORIENTED_EDGE ( 'NONE', *, *, #3280, .F. ) ;
#2641 = VECTOR ( 'NONE', #3677, 1000.000000000000000 ) ;
#2642 = ORIENTED_EDGE ( 'NONE', *, *, #523, .T. ) ;
#2643 = PLANE ( 'NONE',  #1704 ) ;
#2644 = ORIENTED_EDGE ( 'NONE', *, *, #3282, .F. ) ;
#2645 = CARTESIAN_POINT ( 'NONE',  ( -4.199999999999989500, 1.301022143997296400, -0.5556624327025834200 ) ) ;
#2646 = ORIENTED_EDGE ( 'NONE', *, *, #3794, .F. ) ;
#2647 = VECTOR ( 'NONE', #2783, 1000.000000000000000 ) ;
#2648 = EDGE_CURVE ( 'NONE', #3708, #899, #465, .T. ) ;
#2649 = CARTESIAN_POINT ( 'NONE',  ( 4.069999999999999400, 3.454999999999999200, 0.8499999999999907600 ) ) ;
#2650 = FACE_OUTER_BOUND ( 'NONE', #3587, .T. ) ;
#2651 = DIRECTION ( 'NONE',  ( 0.0000000000000000000, 0.0000000000000000000, 1.000000000000000000 ) ) ;
#2652 = EDGE_CURVE ( 'NONE', #2415, #1199, #2468, .T. ) ;
#2653 = ITEM_DEFINED_TRANSFORMATION ( 'NONE', 'NONE', #3111,  #4172 ) ;
#2654 = VECTOR ( 'NONE', #3834, 1000.000000000000000 ) ;
#2655 = ORIENTED_EDGE ( 'NONE', *, *, #672, .F. ) ;
#2656 = PLANE ( 'NONE',  #1866 ) ;
#2657 = AXIS2_PLACEMENT_3D ( 'NONE', #208, #1709, #2261 ) ;
#2658 = FACE_OUTER_BOUND ( 'NONE', #3667, .T. ) ;
#2659 = ADVANCED_FACE ( 'NONE', ( #1490 ), #4173, .F. ) ;
#2660 = PLANE ( 'NONE',  #2346 ) ;
#2661 = VECTOR ( 'NONE', #3812, 1000.000000000000000 ) ;
#2662 = SURFACE_STYLE_FILL_AREA ( #1745 ) ;
#2663 = DIRECTION ( 'NONE',  ( 0.0000000000000000000, 1.000000000000000000, -2.843808977011159600E-015 ) ) ;
#2664 = AXIS2_PLACEMENT_3D ( 'NONE', #1198, #1841, #1521 ) ;
#2665 = LINE ( 'NONE', #3649, #1614 ) ;
#2666 = CARTESIAN_POINT ( 'NONE',  ( 3.429999999999999700, -3.399999999999999000, 2.019999999999989800 ) ) ;
#2667 = CARTESIAN_POINT ( 'NONE',  ( 3.580000000000000500, 3.605000000000000400, -5.550000000000008700 ) ) ;
#2668 = LINE ( 'NONE', #2912, #3785 ) ;
#2669 = PLANE ( 'NONE',  #1677 ) ;
#2670 = CARTESIAN_POINT ( 'NONE',  ( 4.499999999999999100, 0.4000000000000000200, -5.999999999999964500 ) ) ;
#2671 =( NAMED_UNIT ( * ) PLANE_ANGLE_UNIT ( ) SI_UNIT ( $, .RADIAN. ) );
#2672 = VERTEX_POINT ( 'NONE', #2492 ) ;
#2673 = ORIENTED_EDGE ( 'NONE', *, *, #1637, .F. ) ;
#2674 = CARTESIAN_POINT ( 'NONE',  ( 1.570000000000000300, 3.454999999999999600, -5.999999999999964500 ) ) ;
#2675 = DIRECTION ( 'NONE',  ( 1.000000000000000000, 0.0000000000000000000, 0.0000000000000000000 ) ) ;
#2676 = ORIENTED_EDGE ( 'NONE', *, *, #3497, .F. ) ;
#2677 = DIRECTION ( 'NONE',  ( -1.000000000000000000, 0.0000000000000000000, 0.0000000000000000000 ) ) ;
#2678 = DIRECTION ( 'NONE',  ( -0.0000000000000000000, -0.0000000000000000000, 1.000000000000000000 ) ) ;
#2679 = LINE ( 'NONE', #2820, #2894 ) ;
#2680 = EDGE_CURVE ( 'NONE', #4011, #249, #2311, .T. ) ;
#2681 = AXIS2_PLACEMENT_3D ( 'NONE', #3681, #573, #3348 ) ;
#2682 = EDGE_LOOP ( 'NONE', ( #1580, #4211, #1296, #2232 ) ) ;
#2683 = ORIENTED_EDGE ( 'NONE', *, *, #4372, .F. ) ;
#2684 = DIRECTION ( 'NONE',  ( 1.000000000000000000, 0.0000000000000000000, 0.0000000000000000000 ) ) ;
#2685 = EDGE_CURVE ( 'NONE', #4386, #1464, #1601, .T. ) ;
#2686 = DIRECTION ( 'NONE',  ( 0.0000000000000000000, 0.0000000000000000000, 1.000000000000000000 ) ) ;
#2687 = CARTESIAN_POINT ( 'NONE',  ( -5.299999999999999800, 0.0000000000000000000, -11.50000000000001800 ) ) ;
#2688 = ORIENTED_EDGE ( 'NONE', *, *, #4138, .T. ) ;
#2689 = AXIS2_PLACEMENT_3D ( 'NONE', #48, #3873, #761 ) ;
#2690 = CARTESIAN_POINT ( 'NONE',  ( -0.5000000000000008900, 0.0000000000000000000, -5.999999999999964500 ) ) ;
#2691 = CARTESIAN_POINT ( 'NONE',  ( -4.199999999999989500, 5.275000000000011000, -0.8443375672973908500 ) ) ;
#2692 = ORIENTED_EDGE ( 'NONE', *, *, #221, .T. ) ;
#2693 = DIRECTION ( 'NONE',  ( 0.0000000000000000000, 0.3735499670562313900, 0.9276100592987812600 ) ) ;
#2694 = VERTEX_POINT ( 'NONE', #2810 ) ;
#2696 = ORIENTED_EDGE ( 'NONE', *, *, #1806, .F. ) ;
#2695 = DIRECTION ( 'NONE',  ( 0.0000000000000000000, 1.000000000000000000, 0.0000000000000000000 ) ) ;
#2697 = FACE_OUTER_BOUND ( 'NONE', #4228, .T. ) ;
#2698 = DIRECTION ( 'NONE',  ( -0.0000000000000000000, -0.0000000000000000000, 1.000000000000000000 ) ) ;
#2699 = DIRECTION ( 'NONE',  ( -0.0000000000000000000, -0.0000000000000000000, -1.000000000000000000 ) ) ;
#2700 = ORIENTED_EDGE ( 'NONE', *, *, #2229, .T. ) ;
#2701 = VECTOR ( 'NONE', #1086, 1000.000000000000000 ) ;
#2702 = ORIENTED_EDGE ( 'NONE', *, *, #1651, .F. ) ;
#2703 = DIRECTION ( 'NONE',  ( -0.0000000000000000000, -0.0000000000000000000, 1.000000000000000000 ) ) ;
#2704 = EDGE_CURVE ( 'NONE', #3042, #249, #904, .T. ) ;
#2705 = VECTOR ( 'NONE', #2663, 1000.000000000000000 ) ;
#2706 = EDGE_CURVE ( 'NONE', #2948, #233, #689, .T. ) ;
#2707 = DIRECTION ( 'NONE',  ( 0.0000000000000000000, 0.0000000000000000000, -1.000000000000000000 ) ) ;
#2708 = CARTESIAN_POINT ( 'NONE',  ( 4.069999999999999400, -1.356834363362295500, 2.117879242695111000 ) ) ;
#2709 = DIRECTION ( 'NONE',  ( 0.0000000000000000000, 1.000000000000000000, -0.0000000000000000000 ) ) ;
#2710 = CIRCLE ( 'NONE', #4251, 0.08000000000000086200 ) ;
#2711 = ORIENTED_EDGE ( 'NONE', *, *, #3397, .F. ) ;
#2712 = EDGE_CURVE ( 'NONE', #1658, #1789, #3292, .T. ) ;
#2713 = VECTOR ( 'NONE', #1259, 1000.000000000000000 ) ;
#2714 = LINE ( 'NONE', #4478, #3842 ) ;
#2715 = ORIENTED_EDGE ( 'NONE', *, *, #480, .F. ) ;
#2716 = VECTOR ( 'NONE', #1595, 1000.000000000000000 ) ;
#2717 = CIRCLE ( 'NONE', #4395, 0.6799999999999987200 ) ;
#2718 = AXIS2_PLACEMENT_3D ( 'NONE', #2950, #1279, #674 ) ;
#2719 = LINE ( 'NONE', #1767, #4205 ) ;
#2720 = DIRECTION ( 'NONE',  ( 0.0000000000000000000, 0.3735499670562215100, 0.9276100592987851500 ) ) ;
#2721 = FACE_OUTER_BOUND ( 'NONE', #248, .T. ) ;
#2722 = AXIS2_PLACEMENT_3D ( 'NONE', #1860, #1217, #877 ) ;
#2723 = ADVANCED_FACE ( 'NONE', ( #3494 ), #3519, .T. ) ;
#2724 = PLANE ( 'NONE',  #3050 ) ;
#2725 = ORIENTED_EDGE ( 'NONE', *, *, #3156, .T. ) ;
#2726 = FACE_OUTER_BOUND ( 'NONE', #2360, .T. ) ;
#2727 = CARTESIAN_POINT ( 'NONE',  ( 4.069999999999999400, 4.094999999999999800, -5.137878387081817000 ) ) ;
#2728 = VERTEX_POINT ( 'NONE', #3162 ) ;
#2729 = FILL_AREA_STYLE_COLOUR ( '', #910 ) ;
#2730 = EDGE_CURVE ( 'NONE', #1824, #3360, #2080, .T. ) ;
#2731 = EDGE_CURVE ( 'NONE', #4441, #1785, #1918, .T. ) ;
#2732 = AXIS2_PLACEMENT_3D ( 'NONE', #3982, #2227, #880 ) ;
#2733 = CARTESIAN_POINT ( 'NONE',  ( 3.429999999999999700, -2.887878387081807200, 1.529999999999989600 ) ) ;
#2734 = ORIENTED_EDGE ( 'NONE', *, *, #2325, .F. ) ;
#2735 = ORIENTED_EDGE ( 'NONE', *, *, #1119, .F. ) ;
#2736 = ORIENTED_EDGE ( 'NONE', *, *, #4278, .F. ) ;
#2737 = ORIENTED_EDGE ( 'NONE', *, *, #3477, .T. ) ;
#2738 = EDGE_LOOP ( 'NONE', ( #3775, #394, #4094, #3018 ) ) ;
#2739 = CARTESIAN_POINT ( 'NONE',  ( 3.750000000000000400, 2.775000000000000800, 0.8499999999999914300 ) ) ;
#2740 = ORIENTED_EDGE ( 'NONE', *, *, #615, .T. ) ;
#2741 = AXIS2_PLACEMENT_3D ( 'NONE', #924, #4371, #224 ) ;
#2742 = ORIENTED_EDGE ( 'NONE', *, *, #4382, .F. ) ;
#2743 = DIRECTION ( 'NONE',  ( -0.0000000000000000000, -0.0000000000000000000, 1.000000000000000000 ) ) ;
#2744 = ORIENTED_EDGE ( 'NONE', *, *, #453, .T. ) ;
#2745 = VECTOR ( 'NONE', #3062, 1000.000000000000000 ) ;
#2746 = FACE_OUTER_BOUND ( 'NONE', #3277, .T. ) ;
#2747 = VERTEX_POINT ( 'NONE', #1043 ) ;
#2748 = PLANE ( 'NONE',  #3081 ) ;
#2749 = ORIENTED_EDGE ( 'NONE', *, *, #2881, .F. ) ;
#2750 = EDGE_LOOP ( 'NONE', ( #59, #2514, #1730, #957, #2931, #1590 ) ) ;
#2751 = ORIENTED_EDGE ( 'NONE', *, *, #1900, .T. ) ;
#2752 = FACE_OUTER_BOUND ( 'NONE', #1790, .T. ) ;
#2753 = CARTESIAN_POINT ( 'NONE',  ( -3.549999999999999400, 5.275000000000011000, -3.699999999999991700 ) ) ;
#2754 = DIRECTION ( 'NONE',  ( 0.0000000000000000000, 0.0000000000000000000, 1.000000000000000000 ) ) ;
#2755 = ORIENTED_EDGE ( 'NONE', *, *, #2578, .T. ) ;
#2756 = VERTEX_POINT ( 'NONE', #1058 ) ;
#2757 = LINE ( 'NONE', #3424, #1004 ) ;
#2758 = ORIENTED_EDGE ( 'NONE', *, *, #3173, .F. ) ;
#2759 = DIRECTION ( 'NONE',  ( 1.000000000000000000, -2.141633920959035500E-016, 0.0000000000000000000 ) ) ;
#2760 = DIRECTION ( 'NONE',  ( 0.0000000000000000000, 0.0000000000000000000, 1.000000000000000000 ) ) ;
#2761 = DIRECTION ( 'NONE',  ( -1.000000000000000000, 0.0000000000000000000, 0.0000000000000000000 ) ) ;
#2762 = VECTOR ( 'NONE', #3561, 1000.000000000000100 ) ;
#2763 = VECTOR ( 'NONE', #1563, 1000.000000000000000 ) ;
#2764 = ORIENTED_EDGE ( 'NONE', *, *, #3872, .F. ) ;
#2765 = DIRECTION ( 'NONE',  ( -0.0000000000000000000, -1.000000000000000000, -0.0000000000000000000 ) ) ;
#2766 = EDGE_CURVE ( 'NONE', #411, #1505, #4044, .T. ) ;
#2767 = VECTOR ( 'NONE', #3127, 1000.000000000000000 ) ;
#2768 = DIRECTION ( 'NONE',  ( 0.3236155771181871700, 0.3236155771181871700, 0.8891264907159864800 ) ) ;
#2769 = VECTOR ( 'NONE', #1576, 1000.000000000000000 ) ;
#2770 = LINE ( 'NONE', #3926, #3055 ) ;
#2771 = ORIENTED_EDGE ( 'NONE', *, *, #3849, .T. ) ;
#2772 = CARTESIAN_POINT ( 'NONE',  ( -5.349999999999998800, 1.225000000000037600, -4.700000000000000200 ) ) ;
#2773 = ADVANCED_FACE ( 'NONE', ( #2650 ), #2827, .F. ) ;
#2774 = DIRECTION ( 'NONE',  ( -0.0000000000000000000, -1.000000000000000000, -0.0000000000000000000 ) ) ;
#2775 = DIRECTION ( 'NONE',  ( -1.000000000000000000, 0.0000000000000000000, 0.0000000000000000000 ) ) ;
#2776 = VECTOR ( 'NONE', #870, 1000.000000000000000 ) ;
#2777 = APPLICATION_CONTEXT ( 'automotive_design' ) ;
#2778 = VECTOR ( 'NONE', #557, 1000.000000000000000 ) ;
#2779 = EDGE_CURVE ( 'NONE', #2476, #2204, #1653, .T. ) ;
#2780 = CARTESIAN_POINT ( 'NONE',  ( -4.199999999999989500, 1.301022143997296400, -0.5556624327025834200 ) ) ;
#2781 = ORIENTED_EDGE ( 'NONE', *, *, #1746, .T. ) ;
#2782 = DIRECTION ( 'NONE',  ( -0.0000000000000000000, 1.000000000000000000, -0.0000000000000000000 ) ) ;
#2783 = DIRECTION ( 'NONE',  ( 0.0000000000000000000, 0.0000000000000000000, 1.000000000000000000 ) ) ;
#2784 = DIRECTION ( 'NONE',  ( 0.0000000000000000000, -0.3420201433256700500, 0.9396926207859078700 ) ) ;
#2785 = SHAPE_REPRESENTATION ( 'pin^SxB-XH-A-1(LF)(SN)_bent', ( #4172 ), #2865 ) ;
#2786 = VERTEX_POINT ( 'NONE', #400 ) ;
#2787 = EDGE_LOOP ( 'NONE', ( #2845, #3803, #2900, #2903 ) ) ;
#2788 = DIRECTION ( 'NONE',  ( -1.000000000000000000, 0.0000000000000000000, 0.0000000000000000000 ) ) ;
#2789 = DIRECTION ( 'NONE',  ( 0.0000000000000000000, 1.000000000000000000, -0.0000000000000000000 ) ) ;
#2790 = ORIENTED_EDGE ( 'NONE', *, *, #2519, .F. ) ;
#2791 = CARTESIAN_POINT ( 'NONE',  ( 6.200000000000000200, 2.549999999999999800, -11.49999999999999600 ) ) ;
#2792 = EDGE_CURVE ( 'NONE', #1062, #3343, #3450, .T. ) ;
#2793 = PLANE ( 'NONE',  #709 ) ;
#2794 = SHAPE_REPRESENTATION ( 'pin^SxB-XH-A-1(LF)(SN)', ( #4172 ), #1310 ) ;
#2795 = CARTESIAN_POINT ( 'NONE',  ( -4.099999999999993400, 1.301022143997296400, -0.7866025403784318000 ) ) ;
#2796 = ORIENTED_EDGE ( 'NONE', *, *, #3076, .T. ) ;
#2797 = ORIENTED_EDGE ( 'NONE', *, *, #1744, .T. ) ;
#2798 = EDGE_CURVE ( 'NONE', #3495, #4032, #358, .T. ) ;
#2799 = VERTEX_POINT ( 'NONE', #2886 ) ;
#2800 = APPLICATION_CONTEXT ( 'automotive_design' ) ;
#2801 = ORIENTED_EDGE ( 'NONE', *, *, #2381, .T. ) ;
#2802 = ORIENTED_EDGE ( 'NONE', *, *, #2053, .T. ) ;
#2803 = ORIENTED_EDGE ( 'NONE', *, *, #2881, .T. ) ;
#2804 = CARTESIAN_POINT ( 'NONE',  ( 3.919999999999999000, 0.0000000000000000000, -5.550000000000008700 ) ) ;
#2805 = EDGE_LOOP ( 'NONE', ( #4080, #3810, #3761, #3590 ) ) ;
#2806 = CARTESIAN_POINT ( 'NONE',  ( -1.569999999999999800, 3.454999999999999600, -4.700000000000000200 ) ) ;
#2807 = LINE ( 'NONE', #3025, #3763 ) ;
#2808 = AXIS2_PLACEMENT_3D ( 'NONE', #2943, #101, #722 ) ;
#2809 =( GEOMETRIC_REPRESENTATION_CONTEXT ( 3 ) GLOBAL_UNCERTAINTY_ASSIGNED_CONTEXT ( ( #740 ) ) GLOBAL_UNIT_ASSIGNED_CONTEXT ( ( #1912, #2671, #2305 ) ) REPRESENTATION_CONTEXT ( 'NONE', 'WORKASPACE' ) );
#2810 = CARTESIAN_POINT ( 'NONE',  ( 4.099999999999995200, 5.275000000000011000, -0.6133974596215444600 ) ) ;
#2811 = DIRECTION ( 'NONE',  ( -1.172110456741088500E-016, 0.0000000000000000000, -1.000000000000000000 ) ) ;
#2812 = FACE_OUTER_BOUND ( 'NONE', #664, .T. ) ;
#2813 = ITEM_DEFINED_TRANSFORMATION ( 'NONE', 'NONE', #4329,  #4172 ) ;
#2814 = DIRECTION ( 'NONE',  ( 0.0000000000000000000, 1.000000000000000000, 0.0000000000000000000 ) ) ;
#2815 = DIRECTION ( 'NONE',  ( -1.000000000000000000, 0.0000000000000000000, 0.0000000000000000000 ) ) ;
#2816 = LINE ( 'NONE', #3073, #1057 ) ;
#2817 = ORIENTED_EDGE ( 'NONE', *, *, #194, .F. ) ;
#2818 = FACE_OUTER_BOUND ( 'NONE', #2206, .T. ) ;
#2819 = EDGE_CURVE ( 'NONE', #2140, #3909, #3550, .T. ) ;
#2820 = CARTESIAN_POINT ( 'NONE',  ( 5.349999999999999600, 5.275000000000011000, 0.0000000000000000000 ) ) ;
#2821 = ORIENTED_EDGE ( 'NONE', *, *, #1006, .F. ) ;
#2822 = CARTESIAN_POINT ( 'NONE',  ( 4.099999999999995200, 5.275000000000011000, -0.7866025403784326900 ) ) ;
#2823 = DIRECTION ( 'NONE',  ( -0.8660254037844444800, 0.0000000000000000000, -0.4999999999999897900 ) ) ;
#2824 = DIRECTION ( 'NONE',  ( -1.000000000000000000, 0.0000000000000000000, 0.0000000000000000000 ) ) ;
#2825 = FACE_OUTER_BOUND ( 'NONE', #504, .T. ) ;
#2826 = LINE ( 'NONE', #2567, #4381 ) ;
#2827 = PLANE ( 'NONE',  #3893 ) ;
#2828 = EDGE_CURVE ( 'NONE', #3207, #1962, #3352, .T. ) ;
#2829 = CARTESIAN_POINT ( 'NONE',  ( 6.200000000000000200, 6.100000000000000500, -6.999999999999982200 ) ) ;
#2830 = SURFACE_STYLE_FILL_AREA ( #1445 ) ;
#2831 = DIRECTION ( 'NONE',  ( 1.000000000000000000, -0.0000000000000000000, -0.0000000000000000000 ) ) ;
#2832 = CARTESIAN_POINT ( 'NONE',  ( 0.9300000000000002700, 0.0000000000000000000, -5.999999999999964500 ) ) ;
#2833 = VECTOR ( 'NONE', #2142, 1000.000000000000000 ) ;
#2834 = ADVANCED_FACE ( 'NONE', ( #3043, #2812 ), #798, .F. ) ;
#2835 = AXIS2_PLACEMENT_3D ( 'NONE', #2537, #154, #1191 ) ;
#2836 = CARTESIAN_POINT ( 'NONE',  ( -0.9299999999999998300, 4.094999999999999800, -5.999999999999964500 ) ) ;
#2837 = ORIENTED_EDGE ( 'NONE', *, *, #56, .F. ) ;
#2838 = DIRECTION ( 'NONE',  ( 0.0000000000000000000, 0.0000000000000000000, -1.000000000000000000 ) ) ;
#2839 = DIRECTION ( 'NONE',  ( 1.000000000000000000, -0.0000000000000000000, 0.0000000000000000000 ) ) ;
#2840 = ORIENTED_EDGE ( 'NONE', *, *, #110, .T. ) ;
#2841 = CARTESIAN_POINT ( 'NONE',  ( 0.0000000000000000000, 0.4000000000000000200, -5.999999999999964500 ) ) ;
#2842 = PLANE ( 'NONE',  #4161 ) ;
#2843 = DIRECTION ( 'NONE',  ( 1.000000000000000000, -2.141633920959035500E-016, 0.0000000000000000000 ) ) ;
#2844 = EDGE_CURVE ( 'NONE', #3806, #593, #4140, .T. ) ;
#2845 = ORIENTED_EDGE ( 'NONE', *, *, #2068, .T. ) ;
#2846 = EDGE_CURVE ( 'NONE', #4454, #593, #3820, .T. ) ;
#2847 = ORIENTED_EDGE ( 'NONE', *, *, #18, .F. ) ;
#2848 = ADVANCED_FACE ( 'NONE', ( #3715 ), #3577, .T. ) ;
#2849 = CARTESIAN_POINT ( 'NONE',  ( 4.069999999999999400, -2.987878387081807300, 2.169999999999989700 ) ) ;
#2850 = DIRECTION ( 'NONE',  ( -1.000000000000000000, 0.0000000000000000000, -0.0000000000000000000 ) ) ;
#2851 = DIRECTION ( 'NONE',  ( -0.0000000000000000000, 1.000000000000000000, -0.0000000000000000000 ) ) ;
#2852 = EDGE_CURVE ( 'NONE', #3334, #4010, #2924, .T. ) ;
#2853 = ORIENTED_EDGE ( 'NONE', *, *, #3818, .F. ) ;
#2854 = LINE ( 'NONE', #3707, #2243 ) ;
#2855 = CARTESIAN_POINT ( 'NONE',  ( 1.570000000000000300, 4.094999999999999800, -5.999999999999964500 ) ) ;
#2856 = LINE ( 'NONE', #1924, #1908 ) ;
#2857 = AXIS2_PLACEMENT_3D ( 'NONE', #4040, #1298, #3736 ) ;
#2858 = EDGE_LOOP ( 'NONE', ( #1397, #4350, #415, #4362, #1164, #1365, #1044 ) ) ;
#2859 = ORIENTED_EDGE ( 'NONE', *, *, #700, .F. ) ;
#2860 = VECTOR ( 'NONE', #393, 1000.000000000000000 ) ;
#2861 = ORIENTED_EDGE ( 'NONE', *, *, #4062, .F. ) ;
#2862 = CARTESIAN_POINT ( 'NONE',  ( -0.5000000000000008900, 0.0000000000000000000, -5.999999999999964500 ) ) ;
#2863 = LINE ( 'NONE', #3058, #2705 ) ;
#2864 = CARTESIAN_POINT ( 'NONE',  ( -4.149999999999978200, 5.275000000000011000, -0.9309401076758562200 ) ) ;
#2865 =( GEOMETRIC_REPRESENTATION_CONTEXT ( 3 ) GLOBAL_UNCERTAINTY_ASSIGNED_CONTEXT ( ( #150 ) ) GLOBAL_UNIT_ASSIGNED_CONTEXT ( ( #926, #165, #521 ) ) REPRESENTATION_CONTEXT ( 'NONE', 'WORKASPACE' ) );
#2866 = CARTESIAN_POINT ( 'NONE',  ( 1.570000000000000300, 4.094999999999999800, -9.400000000000000400 ) ) ;
#2867 = VECTOR ( 'NONE', #3903, 1000.000000000000000 ) ;
#2868 = VECTOR ( 'NONE', #3252, 1000.000000000000000 ) ;
#2869 = VECTOR ( 'NONE', #3225, 1000.000000000000000 ) ;
#2870 = VERTEX_POINT ( 'NONE', #136 ) ;
#2871 = DIRECTION ( 'NONE',  ( 0.0000000000000000000, -1.404634393503487300E-016, -1.000000000000000000 ) ) ;
#2872 = LINE ( 'NONE', #654, #3414 ) ;
#2873 = ORIENTED_EDGE ( 'NONE', *, *, #3174, .F. ) ;
#2874 = LINE ( 'NONE', #2289, #4105 ) ;
#2875 = FACE_OUTER_BOUND ( 'NONE', #2133, .T. ) ;
#2876 = DIRECTION ( 'NONE',  ( 1.000000000000000000, 0.0000000000000000000, 0.0000000000000000000 ) ) ;
#2877 = ORIENTED_EDGE ( 'NONE', *, *, #4278, .T. ) ;
#2878 = DIRECTION ( 'NONE',  ( 0.0000000000000000000, -3.011672701348619400E-015, 1.000000000000000000 ) ) ;
#2879 = EDGE_CURVE ( 'NONE', #2522, #3334, #1107, .T. ) ;
#2880 = VECTOR ( 'NONE', #2550, 1000.000000000000000 ) ;
#2881 = EDGE_CURVE ( 'NONE', #982, #4441, #3979, .T. ) ;
#2882 = DIRECTION ( 'NONE',  ( 1.000000000000000000, 0.0000000000000000000, 0.0000000000000000000 ) ) ;
#2883 = LINE ( 'NONE', #1167, #1720 ) ;
#2884 =( NAMED_UNIT ( * ) PLANE_ANGLE_UNIT ( ) SI_UNIT ( $, .RADIAN. ) );
#2885 = CARTESIAN_POINT ( 'NONE',  ( -0.9299999999999998300, 3.454999999999999600, -4.700000000000000200 ) ) ;
#2886 = CARTESIAN_POINT ( 'NONE',  ( 4.099999999999995200, 6.100000000000000500, -0.7866025403784326900 ) ) ;
#2887 = DIRECTION ( 'NONE',  ( -0.0000000000000000000, 0.0000000000000000000, 1.000000000000000000 ) ) ;
#2888 = VERTEX_POINT ( 'NONE', #459 ) ;
#2889 = AXIS2_PLACEMENT_3D ( 'NONE', #2028, #3388, #2011 ) ;
#2890 = ORIENTED_EDGE ( 'NONE', *, *, #1280, .F. ) ;
#2891 = DIRECTION ( 'NONE',  ( 0.0000000000000000000, 0.3735499670562215100, 0.9276100592987851500 ) ) ;
#2892 = ORIENTED_EDGE ( 'NONE', *, *, #132, .F. ) ;
#2893 = CARTESIAN_POINT ( 'NONE',  ( 3.429999999999999700, 4.094999999999999800, -5.137878387081817000 ) ) ;
#2894 = VECTOR ( 'NONE', #3538, 1000.000000000000000 ) ;
#2895 = ORIENTED_EDGE ( 'NONE', *, *, #998, .F. ) ;
#2896 = DIRECTION ( 'NONE',  ( -0.0000000000000000000, 0.0000000000000000000, -1.000000000000000000 ) ) ;
#2897 = AXIS2_PLACEMENT_3D ( 'NONE', #3002, #2245, #3602 ) ;
#2898 = CARTESIAN_POINT ( 'NONE',  ( 3.429999999999999700, 2.775000000000000800, 1.529999999999990000 ) ) ;
#2899 = DIRECTION ( 'NONE',  ( 0.0000000000000000000, 0.0000000000000000000, -1.000000000000000000 ) ) ;
#2900 = ORIENTED_EDGE ( 'NONE', *, *, #3472, .F. ) ;
#2901 = DIRECTION ( 'NONE',  ( -0.0000000000000000000, 0.0000000000000000000, -1.000000000000000000 ) ) ;
#2902 = DIRECTION ( 'NONE',  ( 1.000000000000000000, -0.0000000000000000000, -0.0000000000000000000 ) ) ;
#2903 = ORIENTED_EDGE ( 'NONE', *, *, #1857, .F. ) ;
#2904 = ADVANCED_FACE ( 'NONE', ( #1434 ), #2935, .T. ) ;
#2905 = CARTESIAN_POINT ( 'NONE',  ( 4.250000000000003600, 5.275000000000011000, -0.4690598923241195400 ) ) ;
#2906 = ORIENTED_EDGE ( 'NONE', *, *, #517, .T. ) ;
#2907 = VERTEX_POINT ( 'NONE', #3585 ) ;
#2908 = EDGE_CURVE ( 'NONE', #1797, #687, #997, .T. ) ;
#2909 = LINE ( 'NONE', #188, #577 ) ;
#2910 = CARTESIAN_POINT ( 'NONE',  ( 4.069999999999999400, -1.987878387081806400, 1.949999999999991700 ) ) ;
#2911 = ORIENTED_EDGE ( 'NONE', *, *, #2620, .F. ) ;
#2912 = CARTESIAN_POINT ( 'NONE',  ( 0.0000000000000000000, 0.4000000000000000200, -5.999999999999964500 ) ) ;
#2913 = CARTESIAN_POINT ( 'NONE',  ( 0.4999999999999987200, 0.0000000000000000000, -5.999999999999964500 ) ) ;
#2914 = DIRECTION ( 'NONE',  ( -1.000000000000000000, 0.0000000000000000000, 5.782411586589432600E-016 ) ) ;
#2915 = AXIS2_PLACEMENT_3D ( 'NONE', #3068, #4397, #955 ) ;
#2916 = ORIENTED_EDGE ( 'NONE', *, *, #3828, .T. ) ;
#2917 = LINE ( 'NONE', #1538, #2019 ) ;
#2918 = CARTESIAN_POINT ( 'NONE',  ( 4.499999999999999100, 0.0000000000000000000, -6.999999999999964500 ) ) ;
#2919 = UNCERTAINTY_MEASURE_WITH_UNIT (LENGTH_MEASURE( 1.000000000000000100E-005 ), #2638, 'distance_accuracy_value', 'NONE');
#2920 = ORIENTED_EDGE ( 'NONE', *, *, #461, .F. ) ;
#2921 = CARTESIAN_POINT ( 'NONE',  ( 3.429999999999999700, 3.454999999999999600, -9.400000000000000400 ) ) ;
#2922 = CARTESIAN_POINT ( 'NONE',  ( 0.0000000000000000000, 0.0000000000000000000, -5.550000000000008700 ) ) ;
#2923 = VERTEX_POINT ( 'NONE', #1869 ) ;
#2924 = LINE ( 'NONE', #2913, #4244 ) ;
#2925 = VERTEX_POINT ( 'NONE', #4229 ) ;
#2926 = EDGE_LOOP ( 'NONE', ( #4224, #1367, #1684, #1477, #4212, #2264 ) ) ;
#2927 = ORIENTED_EDGE ( 'NONE', *, *, #2766, .T. ) ;
#2928 = VECTOR ( 'NONE', #1174, 1000.000000000000000 ) ;
#2929 = VECTOR ( 'NONE', #792, 1000.000000000000100 ) ;
#2930 = VECTOR ( 'NONE', #84, 1000.000000000000000 ) ;
#2931 = ORIENTED_EDGE ( 'NONE', *, *, #520, .F. ) ;
#2932 = DIRECTION ( 'NONE',  ( -0.0000000000000000000, 1.000000000000000000, -0.0000000000000000000 ) ) ;
#2933 = DIRECTION ( 'NONE',  ( 1.000000000000000000, 0.0000000000000000000, -0.0000000000000000000 ) ) ;
#2934 = LINE ( 'NONE', #3370, #635 ) ;
#2935 = PLANE ( 'NONE',  #655 ) ;
#2936 = ORIENTED_EDGE ( 'NONE', *, *, #2519, .T. ) ;
#2937 = CARTESIAN_POINT ( 'NONE',  ( 3.429999999999999700, -2.618922410801321800, 2.117879242695111000 ) ) ;
#2938 = CARTESIAN_POINT ( 'NONE',  ( 4.069999999999999400, 3.454999999999999600, -5.137878387081817000 ) ) ;
#2939 = VECTOR ( 'NONE', #281, 1000.000000000000000 ) ;
#2940 = VECTOR ( 'NONE', #3793, 1000.000000000000000 ) ;
#2941 = ORIENTED_EDGE ( 'NONE', *, *, #2946, .F. ) ;
#2942 = DIRECTION ( 'NONE',  ( 0.0000000000000000000, 1.404634393503487300E-016, 1.000000000000000000 ) ) ;
#2943 = CARTESIAN_POINT ( 'NONE',  ( 4.149999999999979900, 5.275000000000011000, -0.4690598923241194900 ) ) ;
#2944 = EDGE_CURVE ( 'NONE', #2925, #1474, #1215, .T. ) ;
#2945 = ORIENTED_EDGE ( 'NONE', *, *, #284, .T. ) ;
#2946 = EDGE_CURVE ( 'NONE', #781, #3057, #900, .T. ) ;
#2947 = CARTESIAN_POINT ( 'NONE',  ( 3.497025306722263000, -3.172028903833241700, 2.102974693277727300 ) ) ;
#2948 = VERTEX_POINT ( 'NONE', #130 ) ;
#2949 = CARTESIAN_POINT ( 'NONE',  ( 4.069999999999999400, 4.094999999999999800, 0.8499999999999914300 ) ) ;
#2950 = CARTESIAN_POINT ( 'NONE',  ( 4.069999999999999400, -2.987878387081803800, 2.169999999999991000 ) ) ;
#2951 = DIRECTION ( 'NONE',  ( 0.0000000000000000000, 0.5000000000000008900, 0.8660254037844380400 ) ) ;
#2952 = VECTOR ( 'NONE', #4433, 1000.000000000000100 ) ;
#2953 = EDGE_CURVE ( 'NONE', #687, #4386, #2917, .T. ) ;
#2954 = CARTESIAN_POINT ( 'NONE',  ( 2.999999999999998200, 6.100000000000000500, -5.999999999999964500 ) ) ;
#2955 = DIRECTION ( 'NONE',  ( 0.0000000000000000000, 0.5000000000000008900, 0.8660254037844380400 ) ) ;
#2956 = PLANE ( 'NONE',  #1654 ) ;
#2957 = CARTESIAN_POINT ( 'NONE',  ( -0.5000000000000008900, 0.4000000000000000200, 0.0000000000000000000 ) ) ;
#2958 = ADVANCED_FACE ( 'NONE', ( #3037 ), #2634, .T. ) ;
#2959 = ORIENTED_EDGE ( 'NONE', *, *, #1835, .T. ) ;
#2960 = CARTESIAN_POINT ( 'NONE',  ( 4.069999999999999400, 2.775000000000000800, 2.169999999999990200 ) ) ;
#2961 = ORIENTED_EDGE ( 'NONE', *, *, #1378, .T. ) ;
#2962 = DIRECTION ( 'NONE',  ( 0.0000000000000000000, 1.000000000000000000, -2.843808977011159600E-015 ) ) ;
#2963 = PRODUCT_DEFINITION_SHAPE ( 'NONE', 'NONE',  #2001 ) ;
#2964 = CARTESIAN_POINT ( 'NONE',  ( 2.800000000000010000, 1.301022143997296400, -3.699999999999992200 ) ) ;
#2965 = ORIENTED_EDGE ( 'NONE', *, *, #2291, .T. ) ;
#2966 = DIRECTION ( 'NONE',  ( -0.0000000000000000000, 1.404634393503487300E-016, 1.000000000000000000 ) ) ;
#2967 = EDGE_CURVE ( 'NONE', #3990, #2330, #522, .T. ) ;
#2968 = DIRECTION ( 'NONE',  ( 0.0000000000000000000, 0.0000000000000000000, 1.000000000000000000 ) ) ;
#2969 = ORIENTED_EDGE ( 'NONE', *, *, #2009, .T. ) ;
#2970 = ORIENTED_EDGE ( 'NONE', *, *, #2222, .T. ) ;
#2971 = VECTOR ( 'NONE', #255, 1000.000000000000000 ) ;
#2972 = DIRECTION ( 'NONE',  ( 0.0000000000000000000, 0.0000000000000000000, -1.000000000000000000 ) ) ;
#2973 = DIRECTION ( 'NONE',  ( 0.0000000000000000000, 0.0000000000000000000, 1.000000000000000000 ) ) ;
#2974 = EDGE_LOOP ( 'NONE', ( #491, #493, #3342, #4353 ) ) ;
#2975 = EDGE_CURVE ( 'NONE', #4303, #1168, #4041, .T. ) ;
#2976 = ORIENTED_EDGE ( 'NONE', *, *, #4178, .F. ) ;
#2977 = CYLINDRICAL_SURFACE ( 'NONE', #619, 0.08000000000000086200 ) ;
#2978 = DIRECTION ( 'NONE',  ( 0.0000000000000000000, 1.000000000000000000, 0.0000000000000000000 ) ) ;
#2979 = EDGE_LOOP ( 'NONE', ( #1150, #824, #4068, #4028 ) ) ;
#2980 = CARTESIAN_POINT ( 'NONE',  ( 6.200000000000000200, 0.0000000000000000000, -6.999999999999964500 ) ) ;
#2981 = CARTESIAN_POINT ( 'NONE',  ( -3.429999999999999700, 4.094999999999999800, -9.400000000000000400 ) ) ;
#2982 = ORIENTED_EDGE ( 'NONE', *, *, #3266, .T. ) ;
#2983 = VERTEX_POINT ( 'NONE', #1581 ) ;
#2984 = PLANE ( 'NONE',  #3840 ) ;
#2985 = CARTESIAN_POINT ( 'NONE',  ( -5.299999999999996300, 0.4000000000000000200, -6.999999999999964500 ) ) ;
#2986 = VECTOR ( 'NONE', #1668, 1000.000000000000000 ) ;
#2987 = ORIENTED_EDGE ( 'NONE', *, *, #2618, .T. ) ;
#2988 = PLANE ( 'NONE',  #1390 ) ;
#2989 = LINE ( 'NONE', #1783, #1921 ) ;
#2990 = AXIS2_PLACEMENT_3D ( 'NONE', #2075, #319, #2050 ) ;
#2991 = PLANE ( 'NONE',  #2741 ) ;
#2992 = ORIENTED_EDGE ( 'NONE', *, *, #2099, .F. ) ;
#2993 = ORIENTED_EDGE ( 'NONE', *, *, #721, .T. ) ;
#2994 = VECTOR ( 'NONE', #2831, 1000.000000000000000 ) ;
#2995 = LINE ( 'NONE', #2400, #1125 ) ;
#2996 = SURFACE_STYLE_USAGE ( .BOTH. , #3326 ) ;
#2997 = EDGE_LOOP ( 'NONE', ( #2927, #3702, #1686, #3747 ) ) ;
#2998 = LINE ( 'NONE', #3971, #2716 ) ;
#2999 = DIRECTION ( 'NONE',  ( -0.0000000000000000000, 2.843808977011158800E-015, 1.000000000000000000 ) ) ;
#3000 = LINE ( 'NONE', #1285, #1939 ) ;
#3001 = CARTESIAN_POINT ( 'NONE',  ( 4.069999999999999400, 2.774999999999999500, 2.169999999999990200 ) ) ;
#3002 = CARTESIAN_POINT ( 'NONE',  ( 0.0000000000000000000, -3.399999999999999500, -1.925000000000008900 ) ) ;
#3003 = CARTESIAN_POINT ( 'NONE',  ( 3.750000000000000400, 2.775000000000000800, 0.8499999999999914300 ) ) ;
#3004 = CARTESIAN_POINT ( 'NONE',  ( 3.919999999999999000, 0.0000000000000000000, -5.550000000000008700 ) ) ;
#3005 = FACE_OUTER_BOUND ( 'NONE', #180, .T. ) ;
#3006 = ORIENTED_EDGE ( 'NONE', *, *, #2523, .T. ) ;
#3007 = ADVANCED_FACE ( 'NONE', ( #304 ), #2991, .T. ) ;
#3008 = CARTESIAN_POINT ( 'NONE',  ( 3.429999999999999700, -3.399999999999998600, 2.169999999999991000 ) ) ;
#3009 = EDGE_CURVE ( 'NONE', #270, #1699, #2807, .T. ) ;
#3010 = DIRECTION ( 'NONE',  ( -1.000000000000000000, 0.0000000000000000000, 0.0000000000000000000 ) ) ;
#3011 = CARTESIAN_POINT ( 'NONE',  ( -5.349999999999999600, 5.275000000000011000, -4.700000000000000200 ) ) ;
#3012 = DIRECTION ( 'NONE',  ( 1.000000000000000000, 0.0000000000000000000, 0.0000000000000000000 ) ) ;
#3013 = LINE ( 'NONE', #4341, #3745 ) ;
#3014 = EDGE_LOOP ( 'NONE', ( #1328, #1973, #4275, #4295 ) ) ;
#3015 = CARTESIAN_POINT ( 'NONE',  ( -3.000000000000000900, 0.0000000000000000000, -5.999999999999964500 ) ) ;
#3016 = EDGE_CURVE ( 'NONE', #3353, #4482, #3711, .T. ) ;
#3017 = CARTESIAN_POINT ( 'NONE',  ( 3.580000000000000500, -3.399999999999999000, 2.019999999999989800 ) ) ;
#3018 = ORIENTED_EDGE ( 'NONE', *, *, #3946, .F. ) ;
#3019 = CARTESIAN_POINT ( 'NONE',  ( 6.200000000000000200, 0.0000000000000000000, 0.0000000000000000000 ) ) ;
#3020 = CARTESIAN_POINT ( 'NONE',  ( 5.349999999999999600, 5.275000000000011000, 0.0000000000000000000 ) ) ;
#3021 = DIRECTION ( 'NONE',  ( 0.0000000000000000000, 0.0000000000000000000, -1.000000000000000000 ) ) ;
#3022 = VERTEX_POINT ( 'NONE', #1046 ) ;
#3023 = DIRECTION ( 'NONE',  ( -0.0000000000000000000, 1.000000000000000000, -0.0000000000000000000 ) ) ;
#3024 = DIRECTION ( 'NONE',  ( 1.000000000000000000, 0.0000000000000000000, 0.0000000000000000000 ) ) ;
#3025 = CARTESIAN_POINT ( 'NONE',  ( -3.549999999999999400, 1.301022143997296400, -3.699999999999991700 ) ) ;
#3026 = CARTESIAN_POINT ( 'NONE',  ( 4.069999999999999400, 2.775000000000000800, 0.8499999999999914300 ) ) ;
#3027 = ORIENTED_EDGE ( 'NONE', *, *, #3818, .T. ) ;
#3028 = VERTEX_POINT ( 'NONE', #4026 ) ;
#3029 = ORIENTED_EDGE ( 'NONE', *, *, #1894, .F. ) ;
#3030 = VERTEX_POINT ( 'NONE', #796 ) ;
#3031 = DIRECTION ( 'NONE',  ( 1.000000000000000000, 0.0000000000000000000, 0.0000000000000000000 ) ) ;
#3032 = ADVANCED_FACE ( 'NONE', ( #4095 ), #2977, .F. ) ;
#3033 = ORIENTED_EDGE ( 'NONE', *, *, #3497, .T. ) ;
#3034 = CARTESIAN_POINT ( 'NONE',  ( -3.429999999999999700, 0.0000000000000000000, -5.999999999999964500 ) ) ;
#3035 = ORIENTED_EDGE ( 'NONE', *, *, #1751, .F. ) ;
#3036 = CARTESIAN_POINT ( 'NONE',  ( -0.5000000000000008900, 6.100000000000000500, -5.999999999999964500 ) ) ;
#3037 = FACE_OUTER_BOUND ( 'NONE', #1646, .T. ) ;
#3038 = EDGE_CURVE ( 'NONE', #4033, #238, #1803, .T. ) ;
#3039 = VERTEX_POINT ( 'NONE', #1771 ) ;
#3040 = EDGE_CURVE ( 'NONE', #76, #1647, #582, .T. ) ;
#3041 = ORIENTED_EDGE ( 'NONE', *, *, #3119, .F. ) ;
#3042 = VERTEX_POINT ( 'NONE', #1064 ) ;
#3043 = FACE_BOUND ( 'NONE', #4175, .T. ) ;
#3044 = ORIENTED_EDGE ( 'NONE', *, *, #2130, .F. ) ;
#3045 = PRODUCT_DEFINITION_CONTEXT ( 'detailed design', #1685, 'design' ) ;
#3046 = EDGE_CURVE ( 'NONE', #191, #3207, #407, .T. ) ;
#3047 = LINE ( 'NONE', #4335, #362 ) ;
#3048 = AXIS2_PLACEMENT_3D ( 'NONE', #4, #2018, #1335 ) ;
#3049 = ORIENTED_EDGE ( 'NONE', *, *, #4220, .T. ) ;
#3050 = AXIS2_PLACEMENT_3D ( 'NONE', #1661, #641, #976 ) ;
#3051 = DIRECTION ( 'NONE',  ( 1.000000000000000000, 0.0000000000000000000, 0.0000000000000000000 ) ) ;
#3052 = FACE_OUTER_BOUND ( 'NONE', #2593, .T. ) ;
#3053 = VECTOR ( 'NONE', #3573, 1000.000000000000000 ) ;
#3054 = ORIENTED_EDGE ( 'NONE', *, *, #486, .F. ) ;
#3055 = VECTOR ( 'NONE', #2508, 1000.000000000000000 ) ;
#3056 = ORIENTED_EDGE ( 'NONE', *, *, #2386, .F. ) ;
#3057 = VERTEX_POINT ( 'NONE', #1431 ) ;
#3058 = CARTESIAN_POINT ( 'NONE',  ( 6.200000000000000200, 0.0000000000000000000, -6.999999999999964500 ) ) ;
#3059 = DIRECTION ( 'NONE',  ( 1.000000000000000000, 0.0000000000000000000, 0.0000000000000000000 ) ) ;
#3060 = VECTOR ( 'NONE', #2022, 1000.000000000000000 ) ;
#3061 = VECTOR ( 'NONE', #3626, 1000.000000000000000 ) ;
#3062 = DIRECTION ( 'NONE',  ( -1.000000000000000000, 0.0000000000000000000, 0.0000000000000000000 ) ) ;
#3063 = VECTOR ( 'NONE', #3931, 1000.000000000000000 ) ;
#3064 = PRODUCT_DEFINITION ( 'UNKNOWN', '', #546, #3045 ) ;
#3065 = LINE ( 'NONE', #2428, #3289 ) ;
#3066 = DIRECTION ( 'NONE',  ( 0.0000000000000000000, -0.9276100592987810400, -0.3735499670562316700 ) ) ;
#3067 = LINE ( 'NONE', #2841, #2103 ) ;
#3068 = CARTESIAN_POINT ( 'NONE',  ( 4.069999999999999400, 3.454999999999999600, -9.400000000000000400 ) ) ;
#3069 = ORIENTED_EDGE ( 'NONE', *, *, #1830, .T. ) ;
#3070 = EDGE_CURVE ( 'NONE', #467, #2476, #3138, .T. ) ;
#3071 = EDGE_CURVE ( 'NONE', #342, #1464, #1851, .T. ) ;
#3072 = DIRECTION ( 'NONE',  ( 0.0000000000000000000, 1.404634393503487300E-016, 1.000000000000000000 ) ) ;
#3073 = CARTESIAN_POINT ( 'NONE',  ( -4.069999999999999400, 0.0000000000000000000, -5.999999999999964500 ) ) ;
#3074 = DIRECTION ( 'NONE',  ( 0.0000000000000000000, 0.0000000000000000000, -1.000000000000000000 ) ) ;
#3075 = CIRCLE ( 'NONE', #950, 0.1000000000000241100 ) ;
#3076 = EDGE_CURVE ( 'NONE', #270, #4279, #82, .T. ) ;
#3077 = STYLED_ITEM ( 'NONE', ( #102 ), #274 ) ;
#3078 = CARTESIAN_POINT ( 'NONE',  ( 3.429999999999999700, -2.017762384446307500, 1.875791195256087500 ) ) ;
#3079 =( GEOMETRIC_REPRESENTATION_CONTEXT ( 3 ) GLOBAL_UNCERTAINTY_ASSIGNED_CONTEXT ( ( #1008 ) ) GLOBAL_UNIT_ASSIGNED_CONTEXT ( ( #1935, #164, #4338 ) ) REPRESENTATION_CONTEXT ( 'NONE', 'WORKASPACE' ) );
#3080 = CARTESIAN_POINT ( 'NONE',  ( -4.099999999999993400, 6.100000000000000500, -0.7866025403784318000 ) ) ;
#3081 = AXIS2_PLACEMENT_3D ( 'NONE', #3425, #3137, #4480 ) ;
#3082 = EDGE_LOOP ( 'NONE', ( #2936, #4083, #1449, #11 ) ) ;
#3083 = VERTEX_POINT ( 'NONE', #2465 ) ;
#3084 = DIRECTION ( 'NONE',  ( 1.000000000000000000, 0.0000000000000000000, -5.782411586589432600E-016 ) ) ;
#3085 = ORIENTED_EDGE ( 'NONE', *, *, #2399, .F. ) ;
#3086 = VERTEX_POINT ( 'NONE', #2394 ) ;
#3087 = VECTOR ( 'NONE', #3312, 1000.000000000000000 ) ;
#3088 = VECTOR ( 'NONE', #2684, 1000.000000000000000 ) ;
#3089 = CARTESIAN_POINT ( 'NONE',  ( 1.570000000000000300, 0.0000000000000000000, -5.999999999999964500 ) ) ;
#3090 = ORIENTED_EDGE ( 'NONE', *, *, #4239, .T. ) ;
#3091 = DIRECTION ( 'NONE',  ( 1.000000000000000000, -0.0000000000000000000, -0.0000000000000000000 ) ) ;
#3092 = ORIENTED_EDGE ( 'NONE', *, *, #1416, .F. ) ;
#3093 = VECTOR ( 'NONE', #3764, 1000.000000000000000 ) ;
#3094 = EDGE_LOOP ( 'NONE', ( #100, #3408, #3809, #1320 ) ) ;
#3095 = ORIENTED_EDGE ( 'NONE', *, *, #1727, .F. ) ;
#3096 = ORIENTED_EDGE ( 'NONE', *, *, #3999, .T. ) ;
#3097 = EDGE_CURVE ( 'NONE', #1375, #2455, #1915, .T. ) ;
#3098 = VECTOR ( 'NONE', #3384, 1000.000000000000000 ) ;
#3099 = EDGE_CURVE ( 'NONE', #1474, #3937, #1327, .T. ) ;
#3100 = ADVANCED_FACE ( 'NONE', ( #2189 ), #3478, .F. ) ;
#3101 = ORIENTED_EDGE ( 'NONE', *, *, #2577, .F. ) ;
#3102 = CARTESIAN_POINT ( 'NONE',  ( -4.250000000000001800, 6.100000000000000500, 0.0000000000000000000 ) ) ;
#3103 = EDGE_CURVE ( 'NONE', #3640, #514, #1600, .T. ) ;
#3104 = VECTOR ( 'NONE', #3499, 1000.000000000000000 ) ;
#3105 = VECTOR ( 'NONE', #2161, 1000.000000000000000 ) ;
#3106 = LINE ( 'NONE', #3977, #651 ) ;
#3107 = CARTESIAN_POINT ( 'NONE',  ( -6.200000000000000200, 0.0000000000000000000, 0.0000000000000000000 ) ) ;
#3108 = DIRECTION ( 'NONE',  ( -1.000000000000000000, -0.0000000000000000000, -0.0000000000000000000 ) ) ;
#3109 = DIRECTION ( 'NONE',  ( 0.0000000000000000000, 0.0000000000000000000, -1.000000000000000000 ) ) ;
#3110 = PLANE ( 'NONE',  #1275 ) ;
#3111 = AXIS2_PLACEMENT_3D ( 'NONE', #3641, #4029, #1574 ) ;
#3112 = DIRECTION ( 'NONE',  ( 0.8660254037844444800, 0.0000000000000000000, 0.4999999999999897900 ) ) ;
#3113 = VERTEX_POINT ( 'NONE', #1035 ) ;
#3114 = DIRECTION ( 'NONE',  ( 0.0000000000000000000, -1.000000000000000000, 2.245376765908615400E-016 ) ) ;
#3115 = VERTEX_POINT ( 'NONE', #1683 ) ;
#3116 = APPLICATION_PROTOCOL_DEFINITION ( 'draft international standard', 'automotive_design', 1998, #3456 ) ;
#3117 = EDGE_LOOP ( 'NONE', ( #83, #479, #4242, #537 ) ) ;
#3118 = DIRECTION ( 'NONE',  ( 1.000000000000000000, 0.0000000000000000000, 0.0000000000000000000 ) ) ;
#3119 = EDGE_CURVE ( 'NONE', #2016, #2066, #2136, .T. ) ;
#3120 = DIRECTION ( 'NONE',  ( -0.0000000000000000000, -0.0000000000000000000, 1.000000000000000000 ) ) ;
#3121 = DIRECTION ( 'NONE',  ( 0.0000000000000000000, -0.0000000000000000000, -1.000000000000000000 ) ) ;
#3122 = CARTESIAN_POINT ( 'NONE',  ( -5.349999999999999600, 4.575000000000018800, -2.400000000000010600 ) ) ;
#3123 = ORIENTED_EDGE ( 'NONE', *, *, #1238, .F. ) ;
#3124 = CARTESIAN_POINT ( 'NONE',  ( 4.069999999999999400, 4.094999999999999800, 0.8499999999999907600 ) ) ;
#3125 = EDGE_LOOP ( 'NONE', ( #2551, #2702, #2821, #905, #4425, #2388 ) ) ;
#3126 = DIRECTION ( 'NONE',  ( 0.0000000000000000000, 0.0000000000000000000, 1.000000000000000000 ) ) ;
#3127 = DIRECTION ( 'NONE',  ( 1.000000000000000000, -0.0000000000000000000, -0.0000000000000000000 ) ) ;
#3128 = AXIS2_PLACEMENT_3D ( 'NONE', #3973, #2236, #2968 ) ;
#3129 = ORIENTED_EDGE ( 'NONE', *, *, #372, .F. ) ;
#3130 = ORIENTED_EDGE ( 'NONE', *, *, #3526, .F. ) ;
#3131 = DIRECTION ( 'NONE',  ( 0.3236155771181871700, -0.3236155771181871700, 0.8891264907159864800 ) ) ;
#3132 = ORIENTED_EDGE ( 'NONE', *, *, #748, .F. ) ;
#3133 = PLANE ( 'NONE',  #1645 ) ;
#3134 = ORIENTED_EDGE ( 'NONE', *, *, #283, .T. ) ;
#3135 = VECTOR ( 'NONE', #3713, 1000.000000000000000 ) ;
#3136 = ORIENTED_EDGE ( 'NONE', *, *, #4110, .T. ) ;
#3137 = DIRECTION ( 'NONE',  ( -0.0000000000000000000, -0.9396926207859073200, 0.3420201433256717100 ) ) ;
#3138 = LINE ( 'NONE', #742, #3925 ) ;
#3139 = ORIENTED_EDGE ( 'NONE', *, *, #1991, .T. ) ;
#3140 = VECTOR ( 'NONE', #2838, 1000.000000000000000 ) ;
#3141 = ORIENTED_EDGE ( 'NONE', *, *, #3103, .T. ) ;
#3142 = ORIENTED_EDGE ( 'NONE', *, *, #3882, .F. ) ;
#3143 = LINE ( 'NONE', #2795, #2198 ) ;
#3144 = ORIENTED_EDGE ( 'NONE', *, *, #162, .T. ) ;
#3145 = LINE ( 'NONE', #3591, #2315 ) ;
#3146 = CARTESIAN_POINT ( 'NONE',  ( -4.250000000000001800, 5.275000000000011000, -2.999999999999989300 ) ) ;
#3147 = FILL_AREA_STYLE_COLOUR ( '', #1134 ) ;
#3148 = EDGE_CURVE ( 'NONE', #2786, #564, #355, .T. ) ;
#3149 = ORIENTED_EDGE ( 'NONE', *, *, #257, .F. ) ;
#3150 = AXIS2_PLACEMENT_3D ( 'NONE', #121, #1834, #2896 ) ;
#3151 = LINE ( 'NONE', #3951, #3255 ) ;
#3152 = AXIS2_PLACEMENT_3D ( 'NONE', #1632, #4059, #3427 ) ;
#3153 = LINE ( 'NONE', #1195, #3061 ) ;
#3154 = LINE ( 'NONE', #1630, #1129 ) ;
#3155 = ADVANCED_FACE ( 'NONE', ( #1048 ), #2029, .F. ) ;
#3156 = EDGE_CURVE ( 'NONE', #505, #3806, #1277, .T. ) ;
#3157 = ORIENTED_EDGE ( 'NONE', *, *, #2706, .F. ) ;
#3158 = ADVANCED_FACE ( 'NONE', ( #4136 ), #2247, .F. ) ;
#3159 = DIRECTION ( 'NONE',  ( -0.9396926207859073200, 0.0000000000000000000, 0.3420201433256717100 ) ) ;
#3160 = CARTESIAN_POINT ( 'NONE',  ( -2.800000000000009100, 6.100000000000000500, -3.699999999999991300 ) ) ;
#3161 = DIRECTION ( 'NONE',  ( -0.0000000000000000000, -0.0000000000000000000, 1.000000000000000000 ) ) ;
#3162 = CARTESIAN_POINT ( 'NONE',  ( 6.200000000000000200, 5.148076211353325600, -6.999999999999979600 ) ) ;
#3163 = DIRECTION ( 'NONE',  ( 0.3236155771181851200, -0.8891264907159882600, 0.3236155771181845600 ) ) ;
#3164 = PRODUCT ( 'pin^SxB-XH-A-1(LF)(SN)_bent', 'pin^SxB-XH-A-1(LF)(SN)_bent', '', ( #1051 ) ) ;
#3165 = CARTESIAN_POINT ( 'NONE',  ( -6.200000000000000200, 0.0000000000000000000, 0.0000000000000000000 ) ) ;
#3166 = CIRCLE ( 'NONE', #4058, 0.1000000000000240000 ) ;
#3167 = VERTEX_POINT ( 'NONE', #3320 ) ;
#3168 = CARTESIAN_POINT ( 'NONE',  ( 0.0000000000000000000, 3.605000000000000400, -5.550000000000008700 ) ) ;
#3169 = DIRECTION ( 'NONE',  ( -1.000000000000000000, 0.0000000000000000000, 0.0000000000000000000 ) ) ;
#3170 = CARTESIAN_POINT ( 'NONE',  ( 3.429999999999999700, 3.454999999999999600, -9.400000000000000400 ) ) ;
#3171 = DIRECTION ( 'NONE',  ( 0.3236155771181850000, 0.8891264907159878200, 0.3236155771181858400 ) ) ;
#3172 = DIRECTION ( 'NONE',  ( 0.0000000000000000000, 0.0000000000000000000, -1.000000000000000000 ) ) ;
#3173 = EDGE_CURVE ( 'NONE', #949, #937, #1377, .T. ) ;
#3174 = EDGE_CURVE ( 'NONE', #1785, #4405, #4456, .T. ) ;
#3175 = DIRECTION ( 'NONE',  ( 1.000000000000000000, -0.0000000000000000000, -0.0000000000000000000 ) ) ;
#3176 = CARTESIAN_POINT ( 'NONE',  ( 3.919999999999999000, 3.944999999999999000, -5.550000000000008700 ) ) ;
#3177 = ORIENTED_EDGE ( 'NONE', *, *, #2376, .F. ) ;
#3178 = CARTESIAN_POINT ( 'NONE',  ( 5.299999999999999800, 0.0000000000000000000, 0.0000000000000000000 ) ) ;
#3179 = DIRECTION ( 'NONE',  ( 1.000000000000000000, 0.0000000000000000000, 0.0000000000000000000 ) ) ;
#3180 = ORIENTED_EDGE ( 'NONE', *, *, #3009, .F. ) ;
#3181 = ORIENTED_EDGE ( 'NONE', *, *, #2170, .F. ) ;
#3182 = ORIENTED_EDGE ( 'NONE', *, *, #1877, .T. ) ;
#3183 = ORIENTED_EDGE ( 'NONE', *, *, #2222, .F. ) ;
#3184 = ORIENTED_EDGE ( 'NONE', *, *, #1877, .F. ) ;
#3185 = CARTESIAN_POINT ( 'NONE',  ( 3.429999999999999700, -2.887878387081806800, 1.449999999999991300 ) ) ;
#3186 = ADVANCED_FACE ( 'NONE', ( #2752 ), #684, .F. ) ;
#3187 = DIRECTION ( 'NONE',  ( 0.0000000000000000000, 0.5000000000000008900, 0.8660254037844380400 ) ) ;
#3188 = EDGE_LOOP ( 'NONE', ( #186, #574, #2735, #1079 ) ) ;
#3189 = CIRCLE ( 'NONE', #713, 1.319999999999998700 ) ;
#3190 = FACE_OUTER_BOUND ( 'NONE', #1382, .T. ) ;
#3191 =( NAMED_UNIT ( * ) SI_UNIT ( $, .STERADIAN. ) SOLID_ANGLE_UNIT ( ) );
#3192 = EDGE_LOOP ( 'NONE', ( #2034, #2345, #2176, #3132 ) ) ;
#3193 = PRODUCT_DEFINITION_FORMATION_WITH_SPECIFIED_SOURCE ( 'ANY', '', #2058, .NOT_KNOWN. ) ;
#3194 = DIRECTION ( 'NONE',  ( -1.000000000000000000, 0.0000000000000000000, 0.0000000000000000000 ) ) ;
#3195 = CARTESIAN_POINT ( 'NONE',  ( 3.750000000000000400, 2.775000000000000800, 0.8499999999999914300 ) ) ;
#3196 = ORIENTED_EDGE ( 'NONE', *, *, #1529, .F. ) ;
#3197 = DIRECTION ( 'NONE',  ( 1.000000000000000000, 0.0000000000000000000, 0.0000000000000000000 ) ) ;
#3198 = VECTOR ( 'NONE', #2591, 1000.000000000000000 ) ;
#3199 = FACE_OUTER_BOUND ( 'NONE', #3703, .T. ) ;
#3200 = DIRECTION ( 'NONE',  ( -1.000000000000000000, -0.0000000000000000000, -0.0000000000000000000 ) ) ;
#3201 = VECTOR ( 'NONE', #4208, 1000.000000000000000 ) ;
#3202 = LINE ( 'NONE', #3564, #199 ) ;
#3203 = CARTESIAN_POINT ( 'NONE',  ( -5.349999999999999600, 4.275000000000020800, -3.100000000000001900 ) ) ;
#3204 = DIRECTION ( 'NONE',  ( 0.3236155771181851200, -0.8891264907159882600, 0.3236155771181845600 ) ) ;
#3205 = DIRECTION ( 'NONE',  ( -0.0000000000000000000, 2.843808977011158800E-015, 1.000000000000000000 ) ) ;
#3206 = FACE_OUTER_BOUND ( 'NONE', #603, .T. ) ;
#3207 = VERTEX_POINT ( 'NONE', #1318 ) ;
#3208 = ORIENTED_EDGE ( 'NONE', *, *, #3698, .F. ) ;
#3209 = SURFACE_SIDE_STYLE ('',( #2662 ) ) ;
#3210 = FACE_OUTER_BOUND ( 'NONE', #1644, .T. ) ;
#3211 = LINE ( 'NONE', #488, #3942 ) ;
#3212 = CARTESIAN_POINT ( 'NONE',  ( 3.429999999999999700, -2.887878387081807200, 2.169999999999989700 ) ) ;
#3213 = CARTESIAN_POINT ( 'NONE',  ( -3.000000000000000900, 0.4000000000000000200, -5.999999999999964500 ) ) ;
#3214 = EDGE_CURVE ( 'NONE', #217, #3863, #2416, .T. ) ;
#3215 = PRESENTATION_LAYER_ASSIGNMENT (  '', '', ( #3077 ) ) ;
#3216 = CYLINDRICAL_SURFACE ( 'NONE', #1963, 0.1000000000000240000 ) ;
#3217 = AXIS2_PLACEMENT_3D ( 'NONE', #4125, #2759, #3 ) ;
#3218 = EDGE_LOOP ( 'NONE', ( #1350, #2603, #3056, #1187, #3531, #1359, #1433, #3998, #2877, #898, #1437 ) ) ;
#3219 = PLANE ( 'NONE',  #894 ) ;
#3220 = CARTESIAN_POINT ( 'NONE',  ( 4.069999999999999400, -2.618922410801321800, 2.117879242695111000 ) ) ;
#3221 = AXIS2_PLACEMENT_3D ( 'NONE', #1620, #2775, #23 ) ;
#3222 = ORIENTED_EDGE ( 'NONE', *, *, #221, .F. ) ;
#3223 = DIRECTION ( 'NONE',  ( 0.0000000000000000000, 0.3735499670562311700, 0.9276100592987812600 ) ) ;
#3224 = ORIENTED_EDGE ( 'NONE', *, *, #1774, .F. ) ;
#3225 = DIRECTION ( 'NONE',  ( 0.0000000000000000000, 0.0000000000000000000, 1.000000000000000000 ) ) ;
#3226 = DIRECTION ( 'NONE',  ( -5.782411586589432600E-016, 0.0000000000000000000, -1.000000000000000000 ) ) ;
#3227 = DIRECTION ( 'NONE',  ( -0.0000000000000000000, -0.9396926207859073200, 0.3420201433256717100 ) ) ;
#3228 = ORIENTED_EDGE ( 'NONE', *, *, #1831, .T. ) ;
#3229 = CARTESIAN_POINT ( 'NONE',  ( -6.200000000000000200, 4.275000000000019900, -1.224646799147337900E-016 ) ) ;
#3230 = EDGE_LOOP ( 'NONE', ( #109, #2223, #4285, #3389 ) ) ;
#3231 = DIRECTION ( 'NONE',  ( -0.0000000000000000000, 1.000000000000000000, -0.0000000000000000000 ) ) ;
#3232 =( NAMED_UNIT ( * ) SI_UNIT ( $, .STERADIAN. ) SOLID_ANGLE_UNIT ( ) );
#3233 = EDGE_CURVE ( 'NONE', #1914, #886, #3446, .T. ) ;
#3234 = AXIS2_PLACEMENT_3D ( 'NONE', #1657, #1693, #2045 ) ;
#3235 = ORIENTED_EDGE ( 'NONE', *, *, #3850, .T. ) ;
#3236 = CARTESIAN_POINT ( 'NONE',  ( -3.429999999999999700, 4.094999999999999800, -5.999999999999964500 ) ) ;
#3237 = DIRECTION ( 'NONE',  ( 0.0000000000000000000, 1.000000000000000000, 8.163404592832033600E-015 ) ) ;
#3238 = ORIENTED_EDGE ( 'NONE', *, *, #1088, .F. ) ;
#3239 = EDGE_CURVE ( 'NONE', #2888, #1078, #1161, .T. ) ;
#3240 = ORIENTED_EDGE ( 'NONE', *, *, #1033, .T. ) ;
#3241 = LINE ( 'NONE', #3011, #181 ) ;
#3242 = EDGE_LOOP ( 'NONE', ( #2467, #1112, #1324, #472 ) ) ;
#3243 = AXIS2_PLACEMENT_3D ( 'NONE', #2445, #1076, #1105 ) ;
#3244 = DIRECTION ( 'NONE',  ( -0.0000000000000000000, 0.0000000000000000000, 1.000000000000000000 ) ) ;
#3245 = VECTOR ( 'NONE', #3084, 1000.000000000000000 ) ;
#3246 = ORIENTED_EDGE ( 'NONE', *, *, #2685, .F. ) ;
#3247 =( NAMED_UNIT ( * ) SI_UNIT ( $, .STERADIAN. ) SOLID_ANGLE_UNIT ( ) );
#3248 = VECTOR ( 'NONE', #3237, 1000.000000000000000 ) ;
#3249 = CARTESIAN_POINT ( 'NONE',  ( -4.250000000000001800, 6.100000000000000500, -0.4690598923241183800 ) ) ;
#3250 = VECTOR ( 'NONE', #1286, 1000.000000000000100 ) ;
#3251 = LINE ( 'NONE', #2615, #31 ) ;
#3252 = DIRECTION ( 'NONE',  ( -0.0000000000000000000, 1.000000000000000000, -0.0000000000000000000 ) ) ;
#3253 = FACE_BOUND ( 'NONE', #3705, .T. ) ;
#3254 = ORIENTED_EDGE ( 'NONE', *, *, #1357, .F. ) ;
#3255 = VECTOR ( 'NONE', #2575, 1000.000000000000100 ) ;
#3256 = CARTESIAN_POINT ( 'NONE',  ( -2.000000000000001300, 6.100000000000000500, -5.999999999999964500 ) ) ;
#3257 = EDGE_CURVE ( 'NONE', #2118, #990, #2074, .T. ) ;
#3258 = LINE ( 'NONE', #1210, #3512 ) ;
#3259 = EDGE_CURVE ( 'NONE', #1606, #862, #4452, .T. ) ;
#3260 = LINE ( 'NONE', #4119, #2211 ) ;
#3261 = SURFACE_SIDE_STYLE ('',( #2611 ) ) ;
#3262 =( LENGTH_UNIT ( ) NAMED_UNIT ( * ) SI_UNIT ( .MILLI., .METRE. ) );
#3263 = ORIENTED_EDGE ( 'NONE', *, *, #3946, .T. ) ;
#3264 = PLANE ( 'NONE',  #382 ) ;
#3265 = VERTEX_POINT ( 'NONE', #3725 ) ;
#3266 = EDGE_CURVE ( 'NONE', #1965, #1422, #3488, .T. ) ;
#3267 = DIRECTION ( 'NONE',  ( 0.0000000000000000000, -1.000000000000000000, 0.0000000000000000000 ) ) ;
#3268 = CARTESIAN_POINT ( 'NONE',  ( -4.069999999999999400, 4.094999999999999800, -5.999999999999964500 ) ) ;
#3269 = LINE ( 'NONE', #3078, #1250 ) ;
#3270 =( GEOMETRIC_REPRESENTATION_CONTEXT ( 3 ) GLOBAL_UNCERTAINTY_ASSIGNED_CONTEXT ( ( #4411 ) ) GLOBAL_UNIT_ASSIGNED_CONTEXT ( ( #4339, #594, #3976 ) ) REPRESENTATION_CONTEXT ( 'NONE', 'WORKASPACE' ) );
#3271 = ORIENTED_EDGE ( 'NONE', *, *, #3682, .T. ) ;
#3272 = CARTESIAN_POINT ( 'NONE',  ( 2.800000000000010000, 6.100000000000000500, -3.699999999999992200 ) ) ;
#3273 = PLANE ( 'NONE',  #2657 ) ;
#3274 = PLANE ( 'NONE',  #3507 ) ;
#3275 = CARTESIAN_POINT ( 'NONE',  ( 6.200000000000000200, 4.275000000000020800, -3.100000000000001900 ) ) ;
#3276 = DIRECTION ( 'NONE',  ( -0.0000000000000000000, -0.0000000000000000000, 1.000000000000000000 ) ) ;
#3277 = EDGE_LOOP ( 'NONE', ( #1156, #778, #3604, #1009 ) ) ;
#3278 = CARTESIAN_POINT ( 'NONE',  ( -5.349999999999999600, 5.275000000000011000, 0.0000000000000000000 ) ) ;
#3279 = ORIENTED_EDGE ( 'NONE', *, *, #225, .F. ) ;
#3280 = EDGE_CURVE ( 'NONE', #1428, #3493, #4233, .T. ) ;
#3281 = PLANE ( 'NONE',  #2722 ) ;
#3282 = EDGE_CURVE ( 'NONE', #3057, #1853, #848, .T. ) ;
#3283 = DIRECTION ( 'NONE',  ( 0.3236155771181849500, -0.8891264907159878200, -0.3236155771181858400 ) ) ;
#3284 = VERTEX_POINT ( 'NONE', #1268 ) ;
#3285 = AXIS2_PLACEMENT_3D ( 'NONE', #3545, #4219, #3945 ) ;
#3286 = CARTESIAN_POINT ( 'NONE',  ( -5.349999999999998800, 1.225000000000037600, 0.0000000000000000000 ) ) ;
#3287 = CARTESIAN_POINT ( 'NONE',  ( 6.200000000000000200, 4.575000000000018800, -3.100000000000001900 ) ) ;
#3288 = LINE ( 'NONE', #380, #3595 ) ;
#3289 = VECTOR ( 'NONE', #3462, 1000.000000000000000 ) ;
#3290 = ADVANCED_FACE ( 'NONE', ( #1429 ), #2581, .F. ) ;
#3291 = ORIENTED_EDGE ( 'NONE', *, *, #3458, .T. ) ;
#3292 = LINE ( 'NONE', #3474, #1284 ) ;
#3293 = CARTESIAN_POINT ( 'NONE',  ( 4.499999999999999100, 0.0000000000000000000, -5.999999999999964500 ) ) ;
#3294 = ORIENTED_EDGE ( 'NONE', *, *, #2098, .F. ) ;
#3295 = CARTESIAN_POINT ( 'NONE',  ( 5.299999999999999800, 0.0000000000000000000, 0.0000000000000000000 ) ) ;
#3296 = ORIENTED_EDGE ( 'NONE', *, *, #3872, .T. ) ;
#3297 = LINE ( 'NONE', #1235, #1111 ) ;
#3298 = ORIENTED_EDGE ( 'NONE', *, *, #2165, .T. ) ;
#3299 = ORIENTED_EDGE ( 'NONE', *, *, #1302, .T. ) ;
#3300 = LINE ( 'NONE', #1381, #3452 ) ;
#3301 = FILL_AREA_STYLE ('',( #4223 ) ) ;
#3302 = ADVANCED_BREP_SHAPE_REPRESENTATION ( '', ( #274, #4172 ), #446 ) ;
#3303 = VECTOR ( 'NONE', #724, 1000.000000000000000 ) ;
#3304 = EDGE_LOOP ( 'NONE', ( #1899, #2182, #3035, #2676, #2071, #1801, #2159, #2255, #511, #3054, #450, #2646 ) ) ;
#3305 = VECTOR ( 'NONE', #549, 1000.000000000000000 ) ;
#3306 = CYLINDRICAL_SURFACE ( 'NONE', #2352, 0.7200000000000027500 ) ;
#3307 = VECTOR ( 'NONE', #1228, 1000.000000000000000 ) ;
#3308 = VECTOR ( 'NONE', #3072, 1000.000000000000000 ) ;
#3309 = VECTOR ( 'NONE', #3683, 1000.000000000000000 ) ;
#3310 = EDGE_CURVE ( 'NONE', #76, #3167, #4354, .T. ) ;
#3311 = EDGE_CURVE ( 'NONE', #1853, #728, #4300, .T. ) ;
#3312 = DIRECTION ( 'NONE',  ( 0.3236155771181871700, 0.3236155771181871700, -0.8891264907159864800 ) ) ;
#3313 = DIRECTION ( 'NONE',  ( 1.000000000000000000, 0.0000000000000000000, 0.0000000000000000000 ) ) ;
#3314 = ORIENTED_EDGE ( 'NONE', *, *, #1236, .T. ) ;
#3315 = VECTOR ( 'NONE', #3898, 1000.000000000000000 ) ;
#3316 = CARTESIAN_POINT ( 'NONE',  ( -2.800000000000009100, 1.301022143997296400, -3.699999999999991300 ) ) ;
#3317 = EDGE_CURVE ( 'NONE', #602, #4406, #516, .T. ) ;
#3318 = CARTESIAN_POINT ( 'NONE',  ( 3.429999999999999700, -1.957994389717308700, 1.875791195256086800 ) ) ;
#3319 = ORIENTED_EDGE ( 'NONE', *, *, #3119, .T. ) ;
#3320 = CARTESIAN_POINT ( 'NONE',  ( 6.200000000000000200, 6.100000000000000500, 0.0000000000000000000 ) ) ;
#3321 = AXIS2_PLACEMENT_3D ( 'NONE', #2021, #666, #1030 ) ;
#3322 = DIRECTION ( 'NONE',  ( 0.0000000000000000000, 0.0000000000000000000, -1.000000000000000000 ) ) ;
#3323 = DIRECTION ( 'NONE',  ( -1.000000000000000000, 0.0000000000000000000, 0.0000000000000000000 ) ) ;
#3324 = ADVANCED_FACE ( 'NONE', ( #4090 ), #4481, .T. ) ;
#3325 = AXIS2_PLACEMENT_3D ( 'NONE', #4002, #198, #3664 ) ;
#3326 = SURFACE_SIDE_STYLE ('',( #744 ) ) ;
#3327 = DIRECTION ( 'NONE',  ( 0.0000000000000000000, 0.0000000000000000000, 1.000000000000000000 ) ) ;
#3328 = CARTESIAN_POINT ( 'NONE',  ( 3.429999999999999700, 3.454999999999999600, -5.137878387081817000 ) ) ;
#3329 = CARTESIAN_POINT ( 'NONE',  ( -3.429999999999999700, 3.454999999999999600, -5.999999999999964500 ) ) ;
#3330 = ADVANCED_FACE ( 'NONE', ( #2127 ), #2342, .F. ) ;
#3331 = CARTESIAN_POINT ( 'NONE',  ( 1.999999999999999100, 6.100000000000000500, -5.999999999999964500 ) ) ;
#3332 = ORIENTED_EDGE ( 'NONE', *, *, #2779, .T. ) ;
#3333 = DIRECTION ( 'NONE',  ( -1.000000000000000000, 0.0000000000000000000, 0.0000000000000000000 ) ) ;
#3334 = VERTEX_POINT ( 'NONE', #1854 ) ;
#3335 = CARTESIAN_POINT ( 'NONE',  ( 3.429999999999999700, -2.256834363362295800, 1.282120757304867600 ) ) ;
#3336 = CARTESIAN_POINT ( 'NONE',  ( 3.580000000000000500, 3.944999999999999000, -5.550000000000008700 ) ) ;
#3337 = CARTESIAN_POINT ( 'NONE',  ( -6.200000000000000200, 5.275000000000011000, 9.629649721936179300E-032 ) ) ;
#3338 = ORIENTED_EDGE ( 'NONE', *, *, #2908, .T. ) ;
#3339 = EDGE_CURVE ( 'NONE', #3115, #3022, #991, .T. ) ;
#3340 = EDGE_CURVE ( 'NONE', #1160, #2694, #3648, .T. ) ;
#3341 = CARTESIAN_POINT ( 'NONE',  ( 4.199999999999991300, 5.275000000000011000, -0.5556624327025854200 ) ) ;
#3342 = ORIENTED_EDGE ( 'NONE', *, *, #1450, .T. ) ;
#3343 = VERTEX_POINT ( 'NONE', #3700 ) ;
#3344 = LINE ( 'NONE', #613, #1103 ) ;
#3345 = ORIENTED_EDGE ( 'NONE', *, *, #3233, .F. ) ;
#3346 = EDGE_LOOP ( 'NONE', ( #4254, #1737, #3238, #155 ) ) ;
#3347 = CIRCLE ( 'NONE', #279, 0.1000000000000236800 ) ;
#3348 = DIRECTION ( 'NONE',  ( 0.0000000000000000000, 0.0000000000000000000, -1.000000000000000000 ) ) ;
#3349 = PRESENTATION_LAYER_ASSIGNMENT (  '', '', ( #1069 ) ) ;
#3350 = ORIENTED_EDGE ( 'NONE', *, *, #4131, .F. ) ;
#3351 = CARTESIAN_POINT ( 'NONE',  ( 4.069999999999999400, -2.987878387081803800, 2.169999999999991000 ) ) ;
#3352 = LINE ( 'NONE', #2524, #3248 ) ;
#3353 = VERTEX_POINT ( 'NONE', #3341 ) ;
#3354 = LINE ( 'NONE', #4282, #311 ) ;
#3355 = AXIS2_PLACEMENT_3D ( 'NONE', #2220, #4326, #2901 ) ;
#3356 = ORIENTED_EDGE ( 'NONE', *, *, #3376, .T. ) ;
#3357 = DIRECTION ( 'NONE',  ( -0.0000000000000000000, 1.000000000000000000, -0.0000000000000000000 ) ) ;
#3358 = DIRECTION ( 'NONE',  ( -0.0000000000000000000, 1.000000000000000000, -0.0000000000000000000 ) ) ;
#3359 = VECTOR ( 'NONE', #325, 1000.000000000000000 ) ;
#3360 = VERTEX_POINT ( 'NONE', #2667 ) ;
#3361 = ORIENTED_EDGE ( 'NONE', *, *, #269, .F. ) ;
#3362 = CARTESIAN_POINT ( 'NONE',  ( 3.429999999999999700, -1.356834363362296600, 2.117879242695113600 ) ) ;
#3363 = VECTOR ( 'NONE', #3795, 1000.000000000000000 ) ;
#3364 = FILL_AREA_STYLE_COLOUR ( '', #2599 ) ;
#3365 = CARTESIAN_POINT ( 'NONE',  ( 4.499999999999999100, 6.100000000000000500, -6.999999999999964500 ) ) ;
#3366 = LINE ( 'NONE', #1779, #3614 ) ;
#3367 = VECTOR ( 'NONE', #1446, 1000.000000000000000 ) ;
#3368 = LINE ( 'NONE', #548, #1617 ) ;
#3369 = CARTESIAN_POINT ( 'NONE',  ( 4.069999999999999400, 2.775000000000001200, 2.169999999999990200 ) ) ;
#3370 = CARTESIAN_POINT ( 'NONE',  ( -2.000000000000001300, 0.0000000000000000000, -5.999999999999964500 ) ) ;
#3371 = CARTESIAN_POINT ( 'NONE',  ( 3.993148179717705300, 3.531851820282294200, -6.685115294663171800 ) ) ;
#3372 = CARTESIAN_POINT ( 'NONE',  ( 3.919999999999999000, -3.399999999999999000, 2.169999999999991000 ) ) ;
#3373 = CARTESIAN_POINT ( 'NONE',  ( 3.429999999999999700, -1.718922410801319900, 1.282120757304866700 ) ) ;
#3374 = DIRECTION ( 'NONE',  ( -1.000000000000000000, 0.0000000000000000000, 0.0000000000000000000 ) ) ;
#3375 = ORIENTED_EDGE ( 'NONE', *, *, #3397, .T. ) ;
#3376 = EDGE_CURVE ( 'NONE', #3863, #638, #2409, .T. ) ;
#3377 = VERTEX_POINT ( 'NONE', #1629 ) ;
#3378 = AXIS2_PLACEMENT_3D ( 'NONE', #1005, #698, #3109 ) ;
#3379 = AXIS2_PLACEMENT_3D ( 'NONE', #2862, #2882, #4196 ) ;
#3380 = EDGE_CURVE ( 'NONE', #4265, #2625, #3396, .T. ) ;
#3381 = DIRECTION ( 'NONE',  ( 0.0000000000000000000, 0.0000000000000000000, 1.000000000000000000 ) ) ;
#3382 = ADVANCED_FACE ( 'NONE', ( #679 ), #1578, .F. ) ;
#3383 = CARTESIAN_POINT ( 'NONE',  ( 4.069999999999999400, 4.094999999999999800, -4.700000000000000200 ) ) ;
#3384 = DIRECTION ( 'NONE',  ( 1.000000000000000000, 0.0000000000000000000, 0.0000000000000000000 ) ) ;
#3385 = DIRECTION ( 'NONE',  ( 0.0000000000000000000, 0.0000000000000000000, 1.000000000000000000 ) ) ;
#3386 = DIRECTION ( 'NONE',  ( -1.000000000000000000, 0.0000000000000000000, 0.0000000000000000000 ) ) ;
#3387 = DIRECTION ( 'NONE',  ( 1.000000000000000000, 0.0000000000000000000, 0.0000000000000000000 ) ) ;
#3388 = DIRECTION ( 'NONE',  ( 0.0000000000000000000, -1.000000000000000000, -0.0000000000000000000 ) ) ;
#3389 = ORIENTED_EDGE ( 'NONE', *, *, #3788, .T. ) ;
#3390 = PRODUCT_DEFINITION_SHAPE ( 'NONE', 'NONE',  #4486 ) ;
#3391 = ORIENTED_EDGE ( 'NONE', *, *, #2396, .F. ) ;
#3392 = ORIENTED_EDGE ( 'NONE', *, *, #4006, .F. ) ;
#3393 = DIRECTION ( 'NONE',  ( -0.0000000000000000000, -0.0000000000000000000, 1.000000000000000000 ) ) ;
#3394 = VECTOR ( 'NONE', #2290, 1000.000000000000000 ) ;
#3395 = EDGE_LOOP ( 'NONE', ( #2970, #3558, #344, #1287 ) ) ;
#3396 = LINE ( 'NONE', #1616, #405 ) ;
#3397 = EDGE_CURVE ( 'NONE', #1062, #1791, #1648, .T. ) ;
#3398 = CARTESIAN_POINT ( 'NONE',  ( 5.299999999999999800, 0.0000000000000000000, -6.999999999999964500 ) ) ;
#3399 = EDGE_CURVE ( 'NONE', #1936, #4133, #296, .T. ) ;
#3400 = CARTESIAN_POINT ( 'NONE',  ( 3.429999999999999700, 4.094999999999999800, -9.400000000000000400 ) ) ;
#3401 = LINE ( 'NONE', #2391, #1383 ) ;
#3402 = EDGE_LOOP ( 'NONE', ( #2359, #741, #4360, #509 ) ) ;
#3403 = EDGE_LOOP ( 'NONE', ( #3085, #242, #3157, #1472 ) ) ;
#3404 = EDGE_CURVE ( 'NONE', #3377, #2527, #1695, .T. ) ;
#3405 = VERTEX_POINT ( 'NONE', #570 ) ;
#3406 = ORIENTED_EDGE ( 'NONE', *, *, #3936, .T. ) ;
#3407 = FACE_OUTER_BOUND ( 'NONE', #2579, .T. ) ;
#3408 = ORIENTED_EDGE ( 'NONE', *, *, #892, .T. ) ;
#3409 = CARTESIAN_POINT ( 'NONE',  ( 3.550000000000000300, 5.275000000000011000, -3.699999999999992600 ) ) ;
#3410 = FACE_OUTER_BOUND ( 'NONE', #2805, .T. ) ;
#3411 = CARTESIAN_POINT ( 'NONE',  ( 6.200000000000000200, 0.0000000000000000000, -6.999999999999964500 ) ) ;
#3412 = EDGE_LOOP ( 'NONE', ( #2737, #1670, #999, #3235 ) ) ;
#3413 = CARTESIAN_POINT ( 'NONE',  ( 3.429999999999999700, 2.774999999999998600, 1.529999999999990000 ) ) ;
#3414 = VECTOR ( 'NONE', #3787, 1000.000000000000000 ) ;
#3415 = VECTOR ( 'NONE', #3533, 1000.000000000000000 ) ;
#3416 = VECTOR ( 'NONE', #163, 1000.000000000000000 ) ;
#3417 = DIRECTION ( 'NONE',  ( -0.0000000000000000000, -0.0000000000000000000, 1.000000000000000000 ) ) ;
#3418 = PLANE ( 'NONE',  #3152 ) ;
#3419 = DIRECTION ( 'NONE',  ( -0.0000000000000000000, 1.000000000000000000, -0.0000000000000000000 ) ) ;
#3420 = CARTESIAN_POINT ( 'NONE',  ( 4.250000000000003600, 6.100000000000000500, -1.040949779275250900E-015 ) ) ;
#3421 = ORIENTED_EDGE ( 'NONE', *, *, #1378, .F. ) ;
#3422 = EDGE_CURVE ( 'NONE', #175, #1078, #3344, .T. ) ;
#3423 = LINE ( 'NONE', #1401, #439 ) ;
#3424 = CARTESIAN_POINT ( 'NONE',  ( 3.429999999999999700, 3.454999999999999200, 0.8499999999999907600 ) ) ;
#3425 = CARTESIAN_POINT ( 'NONE',  ( 0.0000000000000000000, 3.944999999999999000, -5.550000000000008700 ) ) ;
#3426 = EDGE_CURVE ( 'NONE', #3762, #949, #3975, .T. ) ;
#3427 = DIRECTION ( 'NONE',  ( 1.000000000000000000, 0.0000000000000000000, 0.0000000000000000000 ) ) ;
#3428 = ORIENTED_EDGE ( 'NONE', *, *, #752, .T. ) ;
#3429 = CARTESIAN_POINT ( 'NONE',  ( 3.429999999999999700, -2.618922410801320900, 2.117879242695111900 ) ) ;
#3430 = EDGE_CURVE ( 'NONE', #3680, #3865, #1537, .T. ) ;
#3431 = PLANE ( 'NONE',  #4221 ) ;
#3432 = CARTESIAN_POINT ( 'NONE',  ( 2.800000000000010000, 5.275000000000011000, -3.699999999999992200 ) ) ;
#3433 = VERTEX_POINT ( 'NONE', #2691 ) ;
#3434 = DIRECTION ( 'NONE',  ( -1.000000000000000000, 0.0000000000000000000, 0.0000000000000000000 ) ) ;
#3435 = EDGE_LOOP ( 'NONE', ( #4226, #2688, #1964, #1039 ) ) ;
#3436 = ADVANCED_FACE ( 'NONE', ( #784 ), #2302, .T. ) ;
#3437 = DIRECTION ( 'NONE',  ( 0.0000000000000000000, 0.0000000000000000000, -1.000000000000000000 ) ) ;
#3438 = DIRECTION ( 'NONE',  ( 0.0000000000000000000, 0.0000000000000000000, -1.000000000000000000 ) ) ;
#3439 = ORIENTED_EDGE ( 'NONE', *, *, #2338, .F. ) ;
#3440 = ORIENTED_EDGE ( 'NONE', *, *, #1033, .F. ) ;
#3441 = EDGE_LOOP ( 'NONE', ( #1495, #1290, #3696, #2079, #1530, #43, #4277 ) ) ;
#3442 = VECTOR ( 'NONE', #878, 1000.000000000000000 ) ;
#3443 = VECTOR ( 'NONE', #1948, 1000.000000000000100 ) ;
#3444 = DIRECTION ( 'NONE',  ( -0.0000000000000000000, -0.0000000000000000000, -1.000000000000000000 ) ) ;
#3445 = CARTESIAN_POINT ( 'NONE',  ( 6.200000000000000200, 0.0000000000000000000, 0.0000000000000000000 ) ) ;
#3446 = LINE ( 'NONE', #970, #1701 ) ;
#3447 = CARTESIAN_POINT ( 'NONE',  ( 2.800000000000010000, 1.301022143997296400, -3.699999999999992200 ) ) ;
#3448 = ORIENTED_EDGE ( 'NONE', *, *, #4159, .F. ) ;
#3449 = EDGE_CURVE ( 'NONE', #4133, #4253, #2464, .T. ) ;
#3450 = LINE ( 'NONE', #2459, #1705 ) ;
#3451 = MECHANICAL_DESIGN_GEOMETRIC_PRESENTATION_REPRESENTATION (  '', ( #3077 ), #3905 ) ;
#3452 = VECTOR ( 'NONE', #3586, 1000.000000000000000 ) ;
#3453 = ADVANCED_FACE ( 'NONE', ( #3939 ), #4294, .F. ) ;
#3454 = PLANE ( 'NONE',  #1947 ) ;
#3455 = CYLINDRICAL_SURFACE ( 'NONE', #821, 0.07999999999999825300 ) ;
#3456 = APPLICATION_CONTEXT ( 'automotive_design' ) ;
#3457 = LINE ( 'NONE', #2105, #2320 ) ;
#3458 = EDGE_CURVE ( 'NONE', #303, #1794, #3867, .T. ) ;
#3459 = LINE ( 'NONE', #3463, #2661 ) ;
#3460 = VECTOR ( 'NONE', #719, 1000.000000000000000 ) ;
#3461 = AXIS2_PLACEMENT_3D ( 'NONE', #754, #2155, #3881 ) ;
#3462 = DIRECTION ( 'NONE',  ( 0.0000000000000000000, 0.0000000000000000000, -1.000000000000000000 ) ) ;
#3463 = CARTESIAN_POINT ( 'NONE',  ( 3.429999999999999700, -2.256834363362296700, 1.282120757304868100 ) ) ;
#3464 = LINE ( 'NONE', #494, #2546 ) ;
#3465 = LINE ( 'NONE', #809, #3063 ) ;
#3466 = CARTESIAN_POINT ( 'NONE',  ( -5.299999999999999800, 2.549999999999999800, -11.49999999999999600 ) ) ;
#3467 = CARTESIAN_POINT ( 'NONE',  ( -3.549999999999999400, 5.275000000000011000, -3.699999999999991700 ) ) ;
#3468 = CARTESIAN_POINT ( 'NONE',  ( 6.200000000000000200, 0.0000000000000000000, 0.0000000000000000000 ) ) ;
#3469 = VERTEX_POINT ( 'NONE', #2323 ) ;
#3470 = ORIENTED_EDGE ( 'NONE', *, *, #1813, .T. ) ;
#3471 = CARTESIAN_POINT ( 'NONE',  ( 0.9300000000000002700, 4.094999999999999800, -9.400000000000000400 ) ) ;
#3472 = EDGE_CURVE ( 'NONE', #1317, #960, #576, .T. ) ;
#3473 = EDGE_CURVE ( 'NONE', #1484, #3599, #943, .T. ) ;
#3474 = CARTESIAN_POINT ( 'NONE',  ( 5.349999999999999600, 5.275000000000011000, -4.700000000000000200 ) ) ;
#3475 = ORIENTED_EDGE ( 'NONE', *, *, #2828, .T. ) ;
#3476 = ADVANCED_FACE ( 'NONE', ( #1479 ), #4000, .F. ) ;
#3477 = EDGE_CURVE ( 'NONE', #675, #602, #3189, .T. ) ;
#3478 = PLANE ( 'NONE',  #389 ) ;
#3479 = CARTESIAN_POINT ( 'NONE',  ( -4.500000000000001800, 0.0000000000000000000, -6.999999999999964500 ) ) ;
#3480 = APPLICATION_PROTOCOL_DEFINITION ( 'draft international standard', 'automotive_design', 1998, #2800 ) ;
#3481 = ORIENTED_EDGE ( 'NONE', *, *, #1146, .F. ) ;
#3482 = CARTESIAN_POINT ( 'NONE',  ( -3.549999999999999400, 1.301022143997296400, -3.699999999999991700 ) ) ;
#3483 = AXIS2_PLACEMENT_3D ( 'NONE', #3807, #702, #685 ) ;
#3484 = CARTESIAN_POINT ( 'NONE',  ( 4.069999999999999400, -2.887878387081807200, 1.529999999999989600 ) ) ;
#3485 = CARTESIAN_POINT ( 'NONE',  ( 3.580000000000000500, 0.0000000000000000000, -5.550000000000008700 ) ) ;
#3486 = CARTESIAN_POINT ( 'NONE',  ( -5.299999999999996300, 0.0000000000000000000, 0.0000000000000000000 ) ) ;
#3487 = DIRECTION ( 'NONE',  ( 0.0000000000000000000, 0.0000000000000000000, -1.000000000000000000 ) ) ;
#3488 = LINE ( 'NONE', #586, #737 ) ;
#3489 = CIRCLE ( 'NONE', #701, 0.7199999999999979700 ) ;
#3490 = CARTESIAN_POINT ( 'NONE',  ( -0.9299999999999998300, 3.454999999999999600, -9.400000000000000400 ) ) ;
#3491 = CARTESIAN_POINT ( 'NONE',  ( 2.800000000000010000, 5.275000000000011000, -3.699999999999992200 ) ) ;
#3492 = DIRECTION ( 'NONE',  ( 0.0000000000000000000, -1.000000000000000000, 0.0000000000000000000 ) ) ;
#3493 = VERTEX_POINT ( 'NONE', #3362 ) ;
#3494 = FACE_OUTER_BOUND ( 'NONE', #3412, .T. ) ;
#3495 = VERTEX_POINT ( 'NONE', #2670 ) ;
#3496 = ORIENTED_EDGE ( 'NONE', *, *, #318, .F. ) ;
#3497 = EDGE_CURVE ( 'NONE', #1621, #1850, #2854, .T. ) ;
#3498 = CARTESIAN_POINT ( 'NONE',  ( 4.069999999999999400, 4.094999999999999800, -4.700000000000000200 ) ) ;
#3499 = DIRECTION ( 'NONE',  ( -0.0000000000000000000, -0.0000000000000000000, 1.000000000000000000 ) ) ;
#3500 = ORIENTED_EDGE ( 'NONE', *, *, #378, .F. ) ;
#3501 = VECTOR ( 'NONE', #55, 1000.000000000000000 ) ;
#3502 = ORIENTED_EDGE ( 'NONE', *, *, #873, .T. ) ;
#3503 = DIRECTION ( 'NONE',  ( 0.0000000000000000000, 0.0000000000000000000, 1.000000000000000000 ) ) ;
#3504 = DIRECTION ( 'NONE',  ( 1.000000000000000000, 0.0000000000000000000, -1.172110456741088500E-016 ) ) ;
#3505 = EDGE_CURVE ( 'NONE', #1789, #3343, #3241, .T. ) ;
#3506 = ORIENTED_EDGE ( 'NONE', *, *, #3625, .T. ) ;
#3507 = AXIS2_PLACEMENT_3D ( 'NONE', #489, #1916, #3635 ) ;
#3508 = VECTOR ( 'NONE', #3621, 1000.000000000000000 ) ;
#3509 = ORIENTED_EDGE ( 'NONE', *, *, #2680, .T. ) ;
#3510 = DIRECTION ( 'NONE',  ( 0.0000000000000000000, 0.0000000000000000000, -1.000000000000000000 ) ) ;
#3511 = VECTOR ( 'NONE', #1016, 1000.000000000000000 ) ;
#3512 = VECTOR ( 'NONE', #502, 1000.000000000000000 ) ;
#3513 = FACE_OUTER_BOUND ( 'NONE', #2108, .T. ) ;
#3514 = DIRECTION ( 'NONE',  ( 1.000000000000000000, 0.0000000000000000000, 0.0000000000000000000 ) ) ;
#3515 = CARTESIAN_POINT ( 'NONE',  ( 3.429999999999999700, -2.987878387081803800, 1.529999999999990900 ) ) ;
#3516 = VECTOR ( 'NONE', #202, 1000.000000000000000 ) ;
#3517 = CARTESIAN_POINT ( 'NONE',  ( 4.069999999999999400, 3.454999999999999600, -4.700000000000000200 ) ) ;
#3518 = ADVANCED_FACE ( 'NONE', ( #4130 ), #3689, .T. ) ;
#3519 = PLANE ( 'NONE',  #1972 ) ;
#3520 = CARTESIAN_POINT ( 'NONE',  ( -6.200000000000000200, 6.100000000000000500, 0.0000000000000000000 ) ) ;
#3521 = VECTOR ( 'NONE', #875, 1000.000000000000000 ) ;
#3522 = ADVANCED_FACE ( 'NONE', ( #2697 ), #4154, .T. ) ;
#3523 = VERTEX_POINT ( 'NONE', #9 ) ;
#3524 = FACE_OUTER_BOUND ( 'NONE', #2787, .T. ) ;
#3525 = CARTESIAN_POINT ( 'NONE',  ( 3.429999999999999700, -1.987878387081806400, 1.949999999999991700 ) ) ;
#3526 = EDGE_CURVE ( 'NONE', #2870, #564, #1371, .T. ) ;
#3527 = EDGE_CURVE ( 'NONE', #638, #2584, #3288, .T. ) ;
#3528 = DIRECTION ( 'NONE',  ( 0.0000000000000000000, 0.0000000000000000000, -1.000000000000000000 ) ) ;
#3529 = CARTESIAN_POINT ( 'NONE',  ( -4.069999999999999400, 3.454999999999999600, -4.700000000000000200 ) ) ;
#3530 = DIRECTION ( 'NONE',  ( 0.0000000000000000000, -1.404634393503487300E-016, -1.000000000000000000 ) ) ;
#3531 = ORIENTED_EDGE ( 'NONE', *, *, #1831, .F. ) ;
#3532 = EDGE_CURVE ( 'NONE', #1045, #217, #2017, .T. ) ;
#3533 = DIRECTION ( 'NONE',  ( -0.0000000000000000000, -0.0000000000000000000, 1.000000000000000000 ) ) ;
#3534 = ORIENTED_EDGE ( 'NONE', *, *, #492, .T. ) ;
#3535 = AXIS2_PLACEMENT_3D ( 'NONE', #285, #3782, #1697 ) ;
#3536 = EDGE_LOOP ( 'NONE', ( #4293, #769, #4459, #1776 ) ) ;
#3537 = ADVANCED_FACE ( 'NONE', ( #2518 ), #3454, .T. ) ;
#3538 = DIRECTION ( 'NONE',  ( -1.000000000000000000, 0.0000000000000000000, 0.0000000000000000000 ) ) ;
#3539 = CARTESIAN_POINT ( 'NONE',  ( 1.999999999999999100, 3.454999999999999600, -5.999999999999964500 ) ) ;
#3540 = ORIENTED_EDGE ( 'NONE', *, *, #2288, .T. ) ;
#3541 = ORIENTED_EDGE ( 'NONE', *, *, #847, .T. ) ;
#3542 = VECTOR ( 'NONE', #190, 1000.000000000000000 ) ;
#3543 = CARTESIAN_POINT ( 'NONE',  ( 6.200000000000000200, 4.575000000000018800, -3.100000000000001900 ) ) ;
#3544 = ORIENTED_EDGE ( 'NONE', *, *, #4451, .T. ) ;
#3545 = CARTESIAN_POINT ( 'NONE',  ( -4.149999999999978200, 1.301022143997296400, -0.4690598923241185400 ) ) ;
#3546 = ORIENTED_EDGE ( 'NONE', *, *, #283, .F. ) ;
#3547 = ORIENTED_EDGE ( 'NONE', *, *, #2288, .F. ) ;
#3548 = VECTOR ( 'NONE', #4298, 1000.000000000000000 ) ;
#3549 = DIRECTION ( 'NONE',  ( -0.0000000000000000000, -1.000000000000000000, -0.0000000000000000000 ) ) ;
#3550 = LINE ( 'NONE', #1808, #1054 ) ;
#3551 = DIRECTION ( 'NONE',  ( 0.0000000000000000000, -1.000000000000000000, 0.0000000000000000000 ) ) ;
#3552 = CARTESIAN_POINT ( 'NONE',  ( -3.000000000000000900, 6.100000000000000500, -5.999999999999964500 ) ) ;
#3553 = EDGE_CURVE ( 'NONE', #3947, #1160, #1113, .T. ) ;
#3554 = ORIENTED_EDGE ( 'NONE', *, *, #3473, .F. ) ;
#3555 = EDGE_CURVE ( 'NONE', #2888, #2415, #2353, .T. ) ;
#3556 = LINE ( 'NONE', #829, #1810 ) ;
#3557 = EDGE_CURVE ( 'NONE', #233, #2983, #4182, .T. ) ;
#3558 = ORIENTED_EDGE ( 'NONE', *, *, #672, .T. ) ;
#3559 = PLANE ( 'NONE',  #490 ) ;
#3560 = VERTEX_POINT ( 'NONE', #705 ) ;
#3561 = DIRECTION ( 'NONE',  ( 0.0000000000000000000, 0.3735499670562326700, -0.9276100592987807100 ) ) ;
#3562 = VECTOR ( 'NONE', #3187, 1000.000000000000200 ) ;
#3563 = ORIENTED_EDGE ( 'NONE', *, *, #4249, .F. ) ;
#3564 = CARTESIAN_POINT ( 'NONE',  ( 3.429999999999999700, 3.454999999999999600, -5.137878387081817000 ) ) ;
#3565 = LINE ( 'NONE', #4109, #2272 ) ;
#3566 = CARTESIAN_POINT ( 'NONE',  ( 0.0000000000000000000, 3.944999999999999000, -5.550000000000008700 ) ) ;
#3567 = DIRECTION ( 'NONE',  ( -0.0000000000000000000, 1.000000000000000000, -0.0000000000000000000 ) ) ;
#3568 = ORIENTED_EDGE ( 'NONE', *, *, #3794, .T. ) ;
#3569 = PLANE ( 'NONE',  #2109 ) ;
#3570 = EDGE_CURVE ( 'NONE', #781, #1936, #1907, .T. ) ;
#3571 = VECTOR ( 'NONE', #4319, 1000.000000000000000 ) ;
#3572 = LINE ( 'NONE', #2051, #4416 ) ;
#3573 = DIRECTION ( 'NONE',  ( -0.0000000000000000000, -0.0000000000000000000, 1.000000000000000000 ) ) ;
#3574 = CARTESIAN_POINT ( 'NONE',  ( 4.069999999999999400, -1.087878387081807200, 1.449999999999991300 ) ) ;
#3575 = CARTESIAN_POINT ( 'NONE',  ( 3.429999999999999700, -1.356834363362295500, 2.117879242695111000 ) ) ;
#3576 = CARTESIAN_POINT ( 'NONE',  ( -2.000000000000001300, 0.0000000000000000000, -6.999999999999964500 ) ) ;
#3577 = PLANE ( 'NONE',  #4259 ) ;
#3578 = CARTESIAN_POINT ( 'NONE',  ( 1.999999999999999100, 0.4000000000000000200, 0.0000000000000000000 ) ) ;
#3579 = ORIENTED_EDGE ( 'NONE', *, *, #4187, .T. ) ;
#3580 =( LENGTH_UNIT ( ) NAMED_UNIT ( * ) SI_UNIT ( .MILLI., .METRE. ) );
#3581 = EDGE_CURVE ( 'NONE', #505, #4454, #3919, .T. ) ;
#3582 = EDGE_LOOP ( 'NONE', ( #1363, #3861, #1642, #2992 ) ) ;
#3583 = CARTESIAN_POINT ( 'NONE',  ( -4.199999999999989500, 5.275000000000011000, -0.5556624327025836400 ) ) ;
#3584 = ORIENTED_EDGE ( 'NONE', *, *, #2828, .F. ) ;
#3585 = CARTESIAN_POINT ( 'NONE',  ( 3.919999999999999000, -3.399999999999999000, 2.019999999999989800 ) ) ;
#3586 = DIRECTION ( 'NONE',  ( -1.000000000000000000, 0.0000000000000000000, 0.0000000000000000000 ) ) ;
#3587 = EDGE_LOOP ( 'NONE', ( #1913, #454, #3643, #3875 ) ) ;
#3588 = ADVANCED_FACE ( 'NONE', ( #1594 ), #3913, .F. ) ;
#3589 = EDGE_CURVE ( 'NONE', #2120, #1256, #707, .T. ) ;
#3590 = ORIENTED_EDGE ( 'NONE', *, *, #892, .F. ) ;
#3591 = CARTESIAN_POINT ( 'NONE',  ( 6.200000000000000200, 6.100000000000000500, -6.999999999999982200 ) ) ;
#3592 = ORIENTED_EDGE ( 'NONE', *, *, #4187, .F. ) ;
#3593 = AXIS2_PLACEMENT_3D ( 'NONE', #565, #869, #1519 ) ;
#3594 = CARTESIAN_POINT ( 'NONE',  ( 5.299999999999999800, 0.0000000000000000000, -11.50000000000001800 ) ) ;
#3595 = VECTOR ( 'NONE', #2061, 1000.000000000000000 ) ;
#3596 = SURFACE_SIDE_STYLE ('',( #532 ) ) ;
#3597 = EDGE_LOOP ( 'NONE', ( #1102, #433, #2969, #3869 ) ) ;
#3598 = VECTOR ( 'NONE', #2765, 1000.000000000000000 ) ;
#3599 = VERTEX_POINT ( 'NONE', #3268 ) ;
#3600 = CARTESIAN_POINT ( 'NONE',  ( 5.299999999999999800, 2.549999999999999800, -11.49999999999999600 ) ) ;
#3601 = ORIENTED_EDGE ( 'NONE', *, *, #1922, .F. ) ;
#3602 = DIRECTION ( 'NONE',  ( -1.000000000000000000, 0.0000000000000000000, 0.0000000000000000000 ) ) ;
#3603 = LINE ( 'NONE', #581, #3877 ) ;
#3604 = ORIENTED_EDGE ( 'NONE', *, *, #2165, .F. ) ;
#3605 = DIRECTION ( 'NONE',  ( 0.0000000000000000000, 0.0000000000000000000, -1.000000000000000000 ) ) ;
#3606 = FACE_OUTER_BOUND ( 'NONE', #3922, .T. ) ;
#3607 = LINE ( 'NONE', #2609, #1760 ) ;
#3608 = ORIENTED_EDGE ( 'NONE', *, *, #2073, .F. ) ;
#3609 = CARTESIAN_POINT ( 'NONE',  ( 4.199999999999991300, 6.100000000000000500, -0.8443375672973915100 ) ) ;
#3610 = DIRECTION ( 'NONE',  ( 0.0000000000000000000, -2.710505431213731700E-014, 1.000000000000000000 ) ) ;
#3611 = ADVANCED_FACE ( 'NONE', ( #4476 ), #3953, .F. ) ;
#3612 = EDGE_CURVE ( 'NONE', #2694, #1696, #3615, .T. ) ;
#3613 = LINE ( 'NONE', #1404, #4199 ) ;
#3614 = VECTOR ( 'NONE', #3163, 1000.000000000000100 ) ;
#3615 = LINE ( 'NONE', #2604, #2326 ) ;
#3616 = EDGE_CURVE ( 'NONE', #411, #2948, #3676, .T. ) ;
#3617 = DIRECTION ( 'NONE',  ( -0.0000000000000000000, 1.000000000000000000, -0.0000000000000000000 ) ) ;
#3618 = VECTOR ( 'NONE', #2774, 1000.000000000000000 ) ;
#3619 = CARTESIAN_POINT ( 'NONE',  ( 5.349999999999999600, 5.275000000000011000, -4.700000000000000200 ) ) ;
#3620 = LINE ( 'NONE', #3961, #3305 ) ;
#3621 = DIRECTION ( 'NONE',  ( -1.000000000000000000, 0.0000000000000000000, 0.0000000000000000000 ) ) ;
#3622 = CARTESIAN_POINT ( 'NONE',  ( 3.550000000000000300, 1.301022143997296400, -2.999999999999990200 ) ) ;
#3623 = DIRECTION ( 'NONE',  ( 0.0000000000000000000, -0.0000000000000000000, 1.000000000000000000 ) ) ;
#3624 = LINE ( 'NONE', #3646, #1453 ) ;
#3625 = EDGE_CURVE ( 'NONE', #1375, #3086, #912, .T. ) ;
#3626 = DIRECTION ( 'NONE',  ( 0.0000000000000000000, 1.404634393503487300E-016, 1.000000000000000000 ) ) ;
#3627 = AXIS2_PLACEMENT_3D ( 'NONE', #3468, #2384, #301 ) ;
#3628 = PLANE ( 'NONE',  #275 ) ;
#3629 = VECTOR ( 'NONE', #2962, 1000.000000000000000 ) ;
#3630 = CARTESIAN_POINT ( 'NONE',  ( 3.429999999999999700, 4.094999999999999800, 0.8499999999999908700 ) ) ;
#3631 = DIRECTION ( 'NONE',  ( -1.000000000000000000, 0.0000000000000000000, 0.0000000000000000000 ) ) ;
#3632 = PRODUCT_RELATED_PRODUCT_CATEGORY ( 'part', '', ( #299 ) ) ;
#3633 = SURFACE_SIDE_STYLE ('',( #1603 ) ) ;
#3634 = LINE ( 'NONE', #3168, #827 ) ;
#3635 = DIRECTION ( 'NONE',  ( 0.0000000000000000000, 0.0000000000000000000, -1.000000000000000000 ) ) ;
#3636 = ADVANCED_FACE ( 'NONE', ( #267 ), #854, .T. ) ;
#3637 = ORIENTED_EDGE ( 'NONE', *, *, #1639, .T. ) ;
#3638 = ORIENTED_EDGE ( 'NONE', *, *, #818, .T. ) ;
#3639 = CARTESIAN_POINT ( 'NONE',  ( -0.9299999999999998300, 3.454999999999999600, -9.400000000000000400 ) ) ;
#3640 = VERTEX_POINT ( 'NONE', #3609 ) ;
#3641 = CARTESIAN_POINT ( 'NONE',  ( -5.000000000000000000, 4.786715149995065400E-016, -6.938893903907227100E-017 ) ) ;
#3642 = EDGE_CURVE ( 'NONE', #1699, #365, #1176, .T. ) ;
#3643 = ORIENTED_EDGE ( 'NONE', *, *, #2730, .F. ) ;
#3644 = DIRECTION ( 'NONE',  ( 0.0000000000000000000, -1.000000000000000000, 2.843808977011158800E-015 ) ) ;
#3645 = EDGE_LOOP ( 'NONE', ( #518, #3006, #617, #3769 ) ) ;
#3646 = CARTESIAN_POINT ( 'NONE',  ( 4.069999999999999400, 3.454999999999999600, -9.400000000000000400 ) ) ;
#3647 = ORIENTED_EDGE ( 'NONE', *, *, #2652, .T. ) ;
#3648 = CIRCLE ( 'NONE', #87, 0.09999999999999993600 ) ;
#3649 = CARTESIAN_POINT ( 'NONE',  ( 4.069999999999999400, -2.987878387081803800, 1.529999999999990900 ) ) ;
#3650 = DIRECTION ( 'NONE',  ( -0.0000000000000000000, -0.0000000000000000000, -1.000000000000000000 ) ) ;
#3651 = LINE ( 'NONE', #4042, #1597 ) ;
#3652 = ORIENTED_EDGE ( 'NONE', *, *, #1353, .T. ) ;
#3653 = EDGE_LOOP ( 'NONE', ( #3332, #4385, #857, #3652 ) ) ;
#3654 = VERTEX_POINT ( 'NONE', #2249 ) ;
#3655 = VECTOR ( 'NONE', #379, 1000.000000000000000 ) ;
#3656 = ORIENTED_EDGE ( 'NONE', *, *, #1119, .T. ) ;
#3657 = ADVANCED_FACE ( 'NONE', ( #4052 ), #3281, .F. ) ;
#3658 = CARTESIAN_POINT ( 'NONE',  ( 4.069999999999999400, -2.017762384446307500, 1.875791195256087500 ) ) ;
#3659 = DIRECTION ( 'NONE',  ( 0.0000000000000000000, -1.000000000000000000, 1.404634393503487000E-016 ) ) ;
#3660 = ADVANCED_FACE ( 'NONE', ( #1128 ), #2207, .F. ) ;
#3661 = FACE_OUTER_BOUND ( 'NONE', #1466, .T. ) ;
#3662 = CARTESIAN_POINT ( 'NONE',  ( 4.149999999999979900, 6.100000000000000500, -0.4690598923241194900 ) ) ;
#3663 = CARTESIAN_POINT ( 'NONE',  ( -3.000000000000000900, 4.094999999999999800, -5.999999999999964500 ) ) ;
#3664 = DIRECTION ( 'NONE',  ( 1.000000000000000000, 0.0000000000000000000, 0.0000000000000000000 ) ) ;
#3665 = AXIS2_PLACEMENT_3D ( 'NONE', #1768, #2480, #3487 ) ;
#3666 = VECTOR ( 'NONE', #3161, 1000.000000000000000 ) ;
#3667 = EDGE_LOOP ( 'NONE', ( #2002, #1535, #977, #2501 ) ) ;
#3668 = EDGE_LOOP ( 'NONE', ( #3656, #3136, #4043, #1197 ) ) ;
#3669 = CARTESIAN_POINT ( 'NONE',  ( 3.429999999999999700, -2.857994389717310100, 1.524208804743891300 ) ) ;
#3670 = LINE ( 'NONE', #4064, #4147 ) ;
#3671 = LINE ( 'NONE', #2964, #2769 ) ;
#3672 = VECTOR ( 'NONE', #335, 1000.000000000000000 ) ;
#3673 = ORIENTED_EDGE ( 'NONE', *, *, #3642, .T. ) ;
#3674 = PLANE ( 'NONE',  #2351 ) ;
#3675 = ORIENTED_EDGE ( 'NONE', *, *, #4382, .T. ) ;
#3676 = LINE ( 'NONE', #2187, #1018 ) ;
#3677 = DIRECTION ( 'NONE',  ( 1.000000000000000000, -0.0000000000000000000, -0.0000000000000000000 ) ) ;
#3678 = LINE ( 'NONE', #2624, #268 ) ;
#3679 = EDGE_CURVE ( 'NONE', #238, #3906, #98, .T. ) ;
#3680 = VERTEX_POINT ( 'NONE', #482 ) ;
#3681 = CARTESIAN_POINT ( 'NONE',  ( -3.429999999999999700, 3.454999999999999600, -9.400000000000000400 ) ) ;
#3682 = EDGE_CURVE ( 'NONE', #797, #2175, #2431, .T. ) ;
#3683 = DIRECTION ( 'NONE',  ( -0.0000000000000000000, -0.0000000000000000000, 1.000000000000000000 ) ) ;
#3684 = ADVANCED_FACE ( 'NONE', ( #1665 ), #2607, .T. ) ;
#3685 = DIRECTION ( 'NONE',  ( 1.000000000000000000, -0.0000000000000000000, -0.0000000000000000000 ) ) ;
#3686 = ORIENTED_EDGE ( 'NONE', *, *, #2435, .F. ) ;
#3687 = VECTOR ( 'NONE', #4419, 1000.000000000000000 ) ;
#3688 = CARTESIAN_POINT ( 'NONE',  ( 6.200000000000000200, 6.100000000000000500, 0.0000000000000000000 ) ) ;
#3689 = PLANE ( 'NONE',  #3221 ) ;
#3690 = ORIENTED_EDGE ( 'NONE', *, *, #1780, .T. ) ;
#3691 = CARTESIAN_POINT ( 'NONE',  ( 3.429999999999999700, 2.775000000000001200, 2.169999999999990200 ) ) ;
#3692 = DIRECTION ( 'NONE',  ( 0.0000000000000000000, 0.0000000000000000000, 1.000000000000000000 ) ) ;
#3693 = DIRECTION ( 'NONE',  ( 0.0000000000000000000, 1.000000000000000000, 0.0000000000000000000 ) ) ;
#3694 = DIRECTION ( 'NONE',  ( -1.000000000000000000, -0.0000000000000000000, -0.0000000000000000000 ) ) ;
#3695 = FACE_OUTER_BOUND ( 'NONE', #839, .T. ) ;
#3696 = ORIENTED_EDGE ( 'NONE', *, *, #3849, .F. ) ;
#3697 = DIRECTION ( 'NONE',  ( 1.000000000000000000, 0.0000000000000000000, -0.0000000000000000000 ) ) ;
#3698 = EDGE_CURVE ( 'NONE', #893, #117, #751, .T. ) ;
#3699 = EDGE_CURVE ( 'NONE', #2066, #365, #3464, .T. ) ;
#3700 = CARTESIAN_POINT ( 'NONE',  ( -5.349999999999999600, 5.275000000000011000, -2.400000000000010600 ) ) ;
#3701 = EDGE_LOOP ( 'NONE', ( #3375, #455, #3123, #2920, #959, #3584, #2619, #2451, #1593, #1369, #2252 ) ) ;
#3702 = ORIENTED_EDGE ( 'NONE', *, *, #2317, .T. ) ;
#3703 = EDGE_LOOP ( 'NONE', ( #1781, #3130, #2405, #1481 ) ) ;
#3704 = ORIENTED_EDGE ( 'NONE', *, *, #3581, .F. ) ;
#3705 = EDGE_LOOP ( 'NONE', ( #2341, #330, #1587, #3222 ) ) ;
#3706 = DIRECTION ( 'NONE',  ( -1.000000000000000000, 0.0000000000000000000, -0.0000000000000000000 ) ) ;
#3707 = CARTESIAN_POINT ( 'NONE',  ( -5.349999999999998800, 1.225000000000037600, 0.0000000000000000000 ) ) ;
#3708 = VERTEX_POINT ( 'NONE', #513 ) ;
#3709 = ORIENTED_EDGE ( 'NONE', *, *, #3853, .T. ) ;
#3710 = ORIENTED_EDGE ( 'NONE', *, *, #2731, .F. ) ;
#3711 = CIRCLE ( 'NONE', #2808, 0.1000000000000240000 ) ;
#3712 = DIRECTION ( 'NONE',  ( -1.000000000000000000, 0.0000000000000000000, 0.0000000000000000000 ) ) ;
#3713 = DIRECTION ( 'NONE',  ( 0.0000000000000000000, 1.404634393503487300E-016, 1.000000000000000000 ) ) ;
#3714 = ORIENTED_EDGE ( 'NONE', *, *, #3850, .F. ) ;
#3715 = FACE_OUTER_BOUND ( 'NONE', #794, .T. ) ;
#3716 = ORIENTED_EDGE ( 'NONE', *, *, #3422, .F. ) ;
#3717 = DIRECTION ( 'NONE',  ( 0.0000000000000000000, -1.000000000000000000, 0.0000000000000000000 ) ) ;
#3718 = SHAPE_DEFINITION_REPRESENTATION ( #4168, #952 ) ;
#3719 = ORIENTED_EDGE ( 'NONE', *, *, #3934, .F. ) ;
#3720 = VECTOR ( 'NONE', #1189, 1000.000000000000000 ) ;
#3721 = AXIS2_PLACEMENT_3D ( 'NONE', #4446, #123, #1837 ) ;
#3722 = ORIENTED_EDGE ( 'NONE', *, *, #25, .T. ) ;
#3723 = CARTESIAN_POINT ( 'NONE',  ( -3.429999999999999700, 3.454999999999999600, -4.700000000000000200 ) ) ;
#3724 = VERTEX_POINT ( 'NONE', #1536 ) ;
#3725 = CARTESIAN_POINT ( 'NONE',  ( 6.200000000000000200, 0.0000000000000000000, 0.0000000000000000000 ) ) ;
#3726 = DIRECTION ( 'NONE',  ( 0.0000000000000000000, -1.404634393503487300E-016, -1.000000000000000000 ) ) ;
#3727 = LINE ( 'NONE', #498, #3508 ) ;
#3728 = ORIENTED_EDGE ( 'NONE', *, *, #167, .F. ) ;
#3729 = LINE ( 'NONE', #3089, #2939 ) ;
#3730 = LINE ( 'NONE', #2208, #478 ) ;
#3731 = CARTESIAN_POINT ( 'NONE',  ( 1.999999999999999100, 0.4000000000000000200, -5.999999999999964500 ) ) ;
#3732 = DIRECTION ( 'NONE',  ( -1.000000000000000000, 0.0000000000000000000, 0.0000000000000000000 ) ) ;
#3733 = ADVANCED_FACE ( 'NONE', ( #1066 ), #4307, .F. ) ;
#3734 = CARTESIAN_POINT ( 'NONE',  ( -4.149999999999978200, 6.100000000000000500, -0.4690598923241185400 ) ) ;
#3735 = EDGE_CURVE ( 'NONE', #3856, #2747, #210, .T. ) ;
#3736 = DIRECTION ( 'NONE',  ( 0.0000000000000000000, 0.0000000000000000000, 1.000000000000000000 ) ) ;
#3737 = PLANE ( 'NONE',  #1411 ) ;
#3738 = CARTESIAN_POINT ( 'NONE',  ( 4.149999999999979900, 1.301022143997296400, -0.4690598923241194900 ) ) ;
#3739 = ORIENTED_EDGE ( 'NONE', *, *, #3103, .F. ) ;
#3740 = EDGE_CURVE ( 'NONE', #1266, #118, #3729, .T. ) ;
#3741 = AXIS2_PLACEMENT_3D ( 'NONE', #1194, #4004, #3623 ) ;
#3742 = DIRECTION ( 'NONE',  ( -0.0000000000000000000, -0.9276100592987811500, 0.3735499670562315600 ) ) ;
#3743 = AXIS2_PLACEMENT_3D ( 'NONE', #4112, #3706, #262 ) ;
#3744 = ORIENTED_EDGE ( 'NONE', *, *, #3999, .F. ) ;
#3745 = VECTOR ( 'NONE', #2592, 1000.000000000000000 ) ;
#3746 = DIRECTION ( 'NONE',  ( 1.000000000000000000, 0.0000000000000000000, 0.0000000000000000000 ) ) ;
#3747 = ORIENTED_EDGE ( 'NONE', *, *, #3616, .F. ) ;
#3748 = DIRECTION ( 'NONE',  ( -0.0000000000000000000, 2.843808977011158800E-015, 1.000000000000000000 ) ) ;
#3749 = CARTESIAN_POINT ( 'NONE',  ( 5.299999999999999800, 0.4000000000000000200, 0.0000000000000000000 ) ) ;
#3750 = LINE ( 'NONE', #2340, #2201 ) ;
#3751 = ORIENTED_EDGE ( 'NONE', *, *, #1386, .T. ) ;
#3752 = ORIENTED_EDGE ( 'NONE', *, *, #1813, .F. ) ;
#3753 = DIRECTION ( 'NONE',  ( 0.0000000000000000000, 0.3735499670562311700, 0.9276100592987812600 ) ) ;
#3754 = VECTOR ( 'NONE', #2558, 1000.000000000000000 ) ;
#3755 = ADVANCED_BREP_SHAPE_REPRESENTATION ( '', ( #1196, #4172 ), #1310 ) ;
#3756 = DIRECTION ( 'NONE',  ( -1.000000000000000000, 0.0000000000000000000, -0.0000000000000000000 ) ) ;
#3757 = VERTEX_POINT ( 'NONE', #3731 ) ;
#3758 = VECTOR ( 'NONE', #3901, 1000.000000000000000 ) ;
#3759 = EDGE_CURVE ( 'NONE', #1696, #2799, #3894, .T. ) ;
#3760 = EDGE_CURVE ( 'NONE', #2584, #4296, #1993, .T. ) ;
#3761 = ORIENTED_EDGE ( 'NONE', *, *, #3099, .T. ) ;
#3762 = VERTEX_POINT ( 'NONE', #938 ) ;
#3763 = VECTOR ( 'NONE', #3358, 1000.000000000000000 ) ;
#3764 = DIRECTION ( 'NONE',  ( -0.0000000000000000000, -0.0000000000000000000, 1.000000000000000000 ) ) ;
#3765 = DIRECTION ( 'NONE',  ( 0.0000000000000000000, 2.245376765908615400E-016, 1.000000000000000000 ) ) ;
#3766 = ORIENTED_EDGE ( 'NONE', *, *, #192, .F. ) ;
#3767 = PRODUCT_CONTEXT ( 'NONE', #671, 'mechanical' ) ;
#3768 = EDGE_CURVE ( 'NONE', #2907, #1262, #4261, .T. ) ;
#3769 = ORIENTED_EDGE ( 'NONE', *, *, #2381, .F. ) ;
#3770 = VECTOR ( 'NONE', #4021, 1000.000000000000000 ) ;
#3771 = ORIENTED_EDGE ( 'NONE', *, *, #162, .F. ) ;
#3772 = DIRECTION ( 'NONE',  ( 2.141633920959035500E-016, -1.000000000000000000, 0.0000000000000000000 ) ) ;
#3773 = LINE ( 'NONE', #435, #2869 ) ;
#3774 = ORIENTED_EDGE ( 'NONE', *, *, #2343, .F. ) ;
#3775 = ORIENTED_EDGE ( 'NONE', *, *, #3995, .T. ) ;
#3776 = DIRECTION ( 'NONE',  ( 1.172110456741088500E-016, 0.0000000000000000000, 1.000000000000000000 ) ) ;
#3777 = CARTESIAN_POINT ( 'NONE',  ( 4.069999999999999400, 3.454999999999999600, -4.700000000000000200 ) ) ;
#3778 = VECTOR ( 'NONE', #2491, 1000.000000000000000 ) ;
#3779 = COLOUR_RGB ( '',0.7960784313725489700, 0.8235294117647058400, 0.9372549019607843100 ) ;
#3780 = VECTOR ( 'NONE', #766, 1000.000000000000000 ) ;
#3781 = PRODUCT_RELATED_PRODUCT_CATEGORY ( 'part', '', ( #718 ) ) ;
#3782 = DIRECTION ( 'NONE',  ( -1.000000000000000000, 0.0000000000000000000, -0.0000000000000000000 ) ) ;
#3783 = CARTESIAN_POINT ( 'NONE',  ( 4.069999999999999400, -2.987878387081803800, 1.529999999999990900 ) ) ;
#3784 = VECTOR ( 'NONE', #3276, 1000.000000000000000 ) ;
#3785 = VECTOR ( 'NONE', #1898, 1000.000000000000000 ) ;
#3786 = CARTESIAN_POINT ( 'NONE',  ( -4.199999999999989500, 6.100000000000000500, -0.8443375672973905100 ) ) ;
#3787 = DIRECTION ( 'NONE',  ( -0.0000000000000000000, 1.000000000000000000, -0.0000000000000000000 ) ) ;
#3788 = EDGE_CURVE ( 'NONE', #602, #2870, #152, .T. ) ;
#3789 = ADVANCED_FACE ( 'NONE', ( #866 ), #1248, .F. ) ;
#3790 = ORIENTED_EDGE ( 'NONE', *, *, #201, .F. ) ;
#3791 = DIRECTION ( 'NONE',  ( 0.0000000000000000000, 0.0000000000000000000, 1.000000000000000000 ) ) ;
#3792 = DIRECTION ( 'NONE',  ( -1.000000000000000000, -0.0000000000000000000, -0.0000000000000000000 ) ) ;
#3793 = DIRECTION ( 'NONE',  ( 0.0000000000000000000, -1.404634393503487300E-016, -1.000000000000000000 ) ) ;
#3794 = EDGE_CURVE ( 'NONE', #3265, #4033, #1508, .T. ) ;
#3795 = DIRECTION ( 'NONE',  ( -1.000000000000000000, 0.0000000000000000000, 0.0000000000000000000 ) ) ;
#3796 = VECTOR ( 'NONE', #512, 1000.000000000000100 ) ;
#3797 = AXIS2_PLACEMENT_3D ( 'NONE', #1482, #1444, #3528 ) ;
#3798 = DIRECTION ( 'NONE',  ( -0.0000000000000000000, 1.000000000000000000, -0.0000000000000000000 ) ) ;
#3799 = CARTESIAN_POINT ( 'NONE',  ( 3.429999999999999700, 2.774999999999998600, 2.169999999999990200 ) ) ;
#3800 = DIRECTION ( 'NONE',  ( 0.0000000000000000000, -0.5000000000000008900, -0.8660254037844380400 ) ) ;
#3801 = DIRECTION ( 'NONE',  ( -0.0000000000000000000, 1.000000000000000000, -0.0000000000000000000 ) ) ;
#3802 = EDGE_LOOP ( 'NONE', ( #2961, #4143, #1655, #2216 ) ) ;
#3803 = ORIENTED_EDGE ( 'NONE', *, *, #2009, .F. ) ;
#3804 = ORIENTED_EDGE ( 'NONE', *, *, #692, .T. ) ;
#3805 = DIRECTION ( 'NONE',  ( 0.0000000000000000000, 1.000000000000000000, 8.163404592832033600E-015 ) ) ;
#3806 = VERTEX_POINT ( 'NONE', #835 ) ;
#3807 = CARTESIAN_POINT ( 'NONE',  ( 4.069999999999999400, 2.775000000000000800, 0.8499999999999914300 ) ) ;
#3808 = ORIENTED_EDGE ( 'NONE', *, *, #1179, .T. ) ;
#3809 = ORIENTED_EDGE ( 'NONE', *, *, #1675, .T. ) ;
#3810 = ORIENTED_EDGE ( 'NONE', *, *, #2944, .T. ) ;
#3811 = CARTESIAN_POINT ( 'NONE',  ( 5.349999999999998800, 1.225000000000037600, -4.700000000000000200 ) ) ;
#3812 = DIRECTION ( 'NONE',  ( 1.000000000000000000, 0.0000000000000000000, 0.0000000000000000000 ) ) ;
#3813 = LINE ( 'NONE', #1307, #3135 ) ;
#3814 = VECTOR ( 'NONE', #3798, 1000.000000000000000 ) ;
#3815 = ORIENTED_EDGE ( 'NONE', *, *, #2399, .T. ) ;
#3816 = SURFACE_SIDE_STYLE ('',( #2830 ) ) ;
#3817 = EDGE_LOOP ( 'NONE', ( #3291, #4470, #1687, #2180 ) ) ;
#3818 = EDGE_CURVE ( 'NONE', #3806, #411, #1937, .T. ) ;
#3819 = EDGE_LOOP ( 'NONE', ( #2062, #347, #985, #3838 ) ) ;
#3820 = LINE ( 'NONE', #2557, #85 ) ;
#3821 = AXIS2_PLACEMENT_3D ( 'NONE', #2196, #2850, #2887 ) ;
#3822 = CARTESIAN_POINT ( 'NONE',  ( 6.200000000000000200, 0.0000000000000000000, 0.0000000000000000000 ) ) ;
#3823 = CARTESIAN_POINT ( 'NONE',  ( 4.069999999999999400, -1.087878387081808100, 1.529999999999990900 ) ) ;
#3824 = VECTOR ( 'NONE', #125, 1000.000000000000000 ) ;
#3825 = APPLICATION_PROTOCOL_DEFINITION ( 'draft international standard', 'automotive_design', 1998, #4137 ) ;
#3826 = VERTEX_POINT ( 'NONE', #3963 ) ;
#3827 = LINE ( 'NONE', #738, #1713 ) ;
#3828 = EDGE_CURVE ( 'NONE', #896, #1658, #2998, .T. ) ;
#3829 = VECTOR ( 'NONE', #4264, 1000.000000000000000 ) ;
#3830 = FACE_OUTER_BOUND ( 'NONE', #3117, .T. ) ;
#3831 = CARTESIAN_POINT ( 'NONE',  ( 4.069999999999999400, 4.094999999999999800, -9.400000000000000400 ) ) ;
#3832 = ORIENTED_EDGE ( 'NONE', *, *, #983, .T. ) ;
#3833 = VECTOR ( 'NONE', #4458, 1000.000000000000000 ) ;
#3834 = DIRECTION ( 'NONE',  ( -0.0000000000000000000, 1.000000000000000000, -1.404634393503487300E-016 ) ) ;
#3835 = FACE_OUTER_BOUND ( 'NONE', #3597, .T. ) ;
#3836 = LINE ( 'NONE', #1564, #1766 ) ;
#3837 = CARTESIAN_POINT ( 'NONE',  ( -6.200000000000000200, 4.575000000000018800, -2.400000000000010600 ) ) ;
#3838 = ORIENTED_EDGE ( 'NONE', *, *, #1351, .F. ) ;
#3839 = DIRECTION ( 'NONE',  ( -1.000000000000000000, 0.0000000000000000000, 0.0000000000000000000 ) ) ;
#3840 = AXIS2_PLACEMENT_3D ( 'NONE', #170, #2230, #3985 ) ;
#3841 = ADVANCED_FACE ( 'NONE', ( #3835 ), #4020, .T. ) ;
#3842 = VECTOR ( 'NONE', #2419, 1000.000000000000000 ) ;
#3843 = DIRECTION ( 'NONE',  ( -1.000000000000000000, 0.0000000000000000000, 0.0000000000000000000 ) ) ;
#3844 = ORIENTED_EDGE ( 'NONE', *, *, #2798, .F. ) ;
#3845 = ORIENTED_EDGE ( 'NONE', *, *, #4159, .T. ) ;
#3846 = ORIENTED_EDGE ( 'NONE', *, *, #1922, .T. ) ;
#3847 = CARTESIAN_POINT ( 'NONE',  ( 4.069999999999999400, -2.887878387081807200, 2.169999999999989300 ) ) ;
#3848 = PLANE ( 'NONE',  #4066 ) ;
#3849 = EDGE_CURVE ( 'NONE', #1658, #572, #2042, .T. ) ;
#3850 = EDGE_CURVE ( 'NONE', #1099, #675, #3153, .T. ) ;
#3851 = DIRECTION ( 'NONE',  ( 0.0000000000000000000, 0.0000000000000000000, 1.000000000000000000 ) ) ;
#3852 = CARTESIAN_POINT ( 'NONE',  ( 3.429999999999999700, -2.256834363362295800, 1.282120757304867600 ) ) ;
#3853 = EDGE_CURVE ( 'NONE', #234, #3113, #4155, .T. ) ;
#3854 = DIRECTION ( 'NONE',  ( 0.0000000000000000000, 0.0000000000000000000, -1.000000000000000000 ) ) ;
#3855 = ADVANCED_FACE ( 'NONE', ( #2825 ), #2268, .F. ) ;
#3856 = VERTEX_POINT ( 'NONE', #2938 ) ;
#3857 = ADVANCED_FACE ( 'NONE', ( #1395 ), #2283, .F. ) ;
#3858 = PLANE ( 'NONE',  #3379 ) ;
#3859 = DIRECTION ( 'NONE',  ( 0.0000000000000000000, 0.0000000000000000000, -1.000000000000000000 ) ) ;
#3860 = DIRECTION ( 'NONE',  ( 0.0000000000000000000, -1.000000000000000000, 0.0000000000000000000 ) ) ;
#3861 = ORIENTED_EDGE ( 'NONE', *, *, #2107, .F. ) ;
#3862 =( LENGTH_UNIT ( ) NAMED_UNIT ( * ) SI_UNIT ( .MILLI., .METRE. ) );
#3863 = VERTEX_POINT ( 'NONE', #1229 ) ;
#3864 = ADVANCED_FACE ( 'NONE', ( #1719 ), #2984, .F. ) ;
#3865 = VERTEX_POINT ( 'NONE', #2612 ) ;
#3866 = ORIENTED_EDGE ( 'NONE', *, *, #1522, .F. ) ;
#3867 = CIRCLE ( 'NONE', #1784, 1.319999999999998700 ) ;
#3868 = CARTESIAN_POINT ( 'NONE',  ( 3.580000000000000500, -3.399999999999999000, 2.019999999999989800 ) ) ;
#3869 = ORIENTED_EDGE ( 'NONE', *, *, #2456, .T. ) ;
#3870 = ORIENTED_EDGE ( 'NONE', *, *, #4310, .F. ) ;
#3871 = VECTOR ( 'NONE', #3510, 1000.000000000000000 ) ;
#3872 = EDGE_CURVE ( 'NONE', #661, #4363, #2665, .T. ) ;
#3873 = DIRECTION ( 'NONE',  ( 1.000000000000000000, 0.0000000000000000000, -0.0000000000000000000 ) ) ;
#3874 = ITEM_DEFINED_TRANSFORMATION ( 'NONE', 'NONE', #3325,  #4172 ) ;
#3875 = ORIENTED_EDGE ( 'NONE', *, *, #2083, .F. ) ;
#3876 = ORIENTED_EDGE ( 'NONE', *, *, #752, .F. ) ;
#3877 = VECTOR ( 'NONE', #2703, 1000.000000000000000 ) ;
#3878 = DIRECTION ( 'NONE',  ( -1.000000000000000000, 0.0000000000000000000, 0.0000000000000000000 ) ) ;
#3879 = VERTEX_POINT ( 'NONE', #3329 ) ;
#3880 = ORIENTED_EDGE ( 'NONE', *, *, #2614, .T. ) ;
#3881 = DIRECTION ( 'NONE',  ( 0.0000000000000000000, 0.0000000000000000000, -1.000000000000000000 ) ) ;
#3882 = EDGE_CURVE ( 'NONE', #4279, #2181, #964, .T. ) ;
#3883 = COLOUR_RGB ( '',1.000000000000000000, 1.000000000000000000, 1.000000000000000000 ) ;
#3884 = AXIS2_PLACEMENT_3D ( 'NONE', #236, #887, #3322 ) ;
#3885 = VECTOR ( 'NONE', #3283, 1000.000000000000000 ) ;
#3886 = AXIS2_PLACEMENT_3D ( 'NONE', #787, #3231, #1133 ) ;
#3887 = PRODUCT_DEFINITION_CONTEXT ( 'detailed design', #2800, 'design' ) ;
#3888 = CARTESIAN_POINT ( 'NONE',  ( 4.069999999999999400, 4.094999999999999800, 0.8499999999999914300 ) ) ;
#3889 = LINE ( 'NONE', #397, #3104 ) ;
#3890 = FACE_OUTER_BOUND ( 'NONE', #3645, .T. ) ;
#3891 = FACE_OUTER_BOUND ( 'NONE', #2383, .T. ) ;
#3892 = ORIENTED_EDGE ( 'NONE', *, *, #148, .F. ) ;
#3893 = AXIS2_PLACEMENT_3D ( 'NONE', #3485, #1407, #1747 ) ;
#3894 = CIRCLE ( 'NONE', #4206, 0.09999999999999993600 ) ;
#3895 = FACE_OUTER_BOUND ( 'NONE', #3435, .T. ) ;
#3896 = DIRECTION ( 'NONE',  ( 0.0000000000000000000, 0.0000000000000000000, 1.000000000000000000 ) ) ;
#3897 = DIRECTION ( 'NONE',  ( 0.0000000000000000000, 0.8660254037844381500, -0.5000000000000010000 ) ) ;
#3898 = DIRECTION ( 'NONE',  ( -0.0000000000000000000, 1.000000000000000000, -0.0000000000000000000 ) ) ;
#3899 = LINE ( 'NONE', #96, #4113 ) ;
#3900 = ADVANCED_BREP_SHAPE_REPRESENTATION ( '', ( #2003, #4172 ), #2865 ) ;
#3901 = DIRECTION ( 'NONE',  ( -1.172110456741088500E-016, 0.0000000000000000000, -1.000000000000000000 ) ) ;
#3902 = FACE_OUTER_BOUND ( 'NONE', #1488, .T. ) ;
#3903 = DIRECTION ( 'NONE',  ( -0.0000000000000000000, 1.000000000000000000, -0.0000000000000000000 ) ) ;
#3904 = EDGE_CURVE ( 'NONE', #1840, #1520, #3258, .T. ) ;
#3905 =( GEOMETRIC_REPRESENTATION_CONTEXT ( 3 ) GLOBAL_UNCERTAINTY_ASSIGNED_CONTEXT ( ( #1145 ) ) GLOBAL_UNIT_ASSIGNED_CONTEXT ( ( #3862, #1734, #4164 ) ) REPRESENTATION_CONTEXT ( 'NONE', 'WORKASPACE' ) );
#3906 = VERTEX_POINT ( 'NONE', #141 ) ;
#3907 = CARTESIAN_POINT ( 'NONE',  ( -0.9299999999999998300, 3.454999999999999600, -5.999999999999964500 ) ) ;
#3908 = ORIENTED_EDGE ( 'NONE', *, *, #873, .F. ) ;
#3909 = VERTEX_POINT ( 'NONE', #2954 ) ;
#3910 = EDGE_CURVE ( 'NONE', #852, #2301, #2095, .T. ) ;
#3911 = CARTESIAN_POINT ( 'NONE',  ( 0.9300000000000002700, 3.454999999999999600, -4.700000000000000200 ) ) ;
#3912 = ORIENTED_EDGE ( 'NONE', *, *, #777, .F. ) ;
#3913 = PLANE ( 'NONE',  #2664 ) ;
#3914 = VERTEX_POINT ( 'NONE', #2573 ) ;
#3915 = ORIENTED_EDGE ( 'NONE', *, *, #225, .T. ) ;
#3916 =( LENGTH_UNIT ( ) NAMED_UNIT ( * ) SI_UNIT ( .MILLI., .METRE. ) );
#3917 = ORIENTED_EDGE ( 'NONE', *, *, #1612, .T. ) ;
#3918 = ORIENTED_EDGE ( 'NONE', *, *, #497, .F. ) ;
#3919 = LINE ( 'NONE', #3479, #4036 ) ;
#3920 = CIRCLE ( 'NONE', #3378, 0.6999999999999914100 ) ;
#3921 = DIRECTION ( 'NONE',  ( 0.0000000000000000000, 0.5000000000000008900, 0.8660254037844380400 ) ) ;
#3922 = EDGE_LOOP ( 'NONE', ( #3709, #2379, #3637, #246 ) ) ;
#3923 = CARTESIAN_POINT ( 'NONE',  ( 3.580000000000000500, 0.0000000000000000000, -5.550000000000008700 ) ) ;
#3924 = VERTEX_POINT ( 'NONE', #562 ) ;
#3925 = VECTOR ( 'NONE', #1080, 1000.000000000000100 ) ;
#3926 = CARTESIAN_POINT ( 'NONE',  ( 3.429999999999999700, -3.399999999999998600, 2.169999999999991000 ) ) ;
#3927 = ORIENTED_EDGE ( 'NONE', *, *, #2712, .F. ) ;
#3928 = ORIENTED_EDGE ( 'NONE', *, *, #1615, .F. ) ;
#3929 = VECTOR ( 'NONE', #1692, 1000.000000000000000 ) ;
#3930 = EDGE_LOOP ( 'NONE', ( #1971, #1082, #2296, #2374 ) ) ;
#3931 = DIRECTION ( 'NONE',  ( 1.000000000000000000, 0.0000000000000000000, 0.0000000000000000000 ) ) ;
#3932 = EDGE_LOOP ( 'NONE', ( #331, #3690, #2700, #2246 ) ) ;
#3933 = ADVANCED_FACE ( 'NONE', ( #373 ), #864, .T. ) ;
#3934 = EDGE_CURVE ( 'NONE', #238, #2756, #811, .T. ) ;
#3935 = LINE ( 'NONE', #4323, #2928 ) ;
#3936 = EDGE_CURVE ( 'NONE', #1266, #4192, #3948, .T. ) ;
#3937 = VERTEX_POINT ( 'NONE', #273 ) ;
#3938 = FILL_AREA_STYLE ('',( #2515 ) ) ;
#3939 = FACE_OUTER_BOUND ( 'NONE', #600, .T. ) ;
#3940 = DIRECTION ( 'NONE',  ( 0.0000000000000000000, -0.0000000000000000000, -1.000000000000000000 ) ) ;
#3941 = CARTESIAN_POINT ( 'NONE',  ( 4.069999999999999400, -1.117762384446306000, 1.524208804743890400 ) ) ;
#3942 = VECTOR ( 'NONE', #1182, 1000.000000000000100 ) ;
#3943 = DIRECTION ( 'NONE',  ( -0.0000000000000000000, 0.0000000000000000000, -1.000000000000000000 ) ) ;
#3944 = EDGE_LOOP ( 'NONE', ( #2736, #2037, #33, #134 ) ) ;
#3945 = DIRECTION ( 'NONE',  ( 0.0000000000000000000, 0.0000000000000000000, 1.000000000000000000 ) ) ;
#3946 = EDGE_CURVE ( 'NONE', #2983, #1375, #4376, .T. ) ;
#3947 = VERTEX_POINT ( 'NONE', #4037 ) ;
#3948 = LINE ( 'NONE', #2594, #2158 ) ;
#3949 = LINE ( 'NONE', #2649, #2778 ) ;
#3950 = AXIS2_PLACEMENT_3D ( 'NONE', #1467, #2213, #3878 ) ;
#3951 = CARTESIAN_POINT ( 'NONE',  ( 4.069999999999999400, -2.987878387081803800, 2.169999999999991000 ) ) ;
#3952 = CARTESIAN_POINT ( 'NONE',  ( 0.0000000000000000000, 3.944999999999999000, -5.550000000000008700 ) ) ;
#3953 = PLANE ( 'NONE',  #2087 ) ;
#3954 = DIRECTION ( 'NONE',  ( 1.000000000000000000, -0.0000000000000000000, -0.0000000000000000000 ) ) ;
#3955 = AXIS2_PLACEMENT_3D ( 'NONE', #3008, #4056, #3659 ) ;
#3956 = AXIS2_PLACEMENT_3D ( 'NONE', #103, #813, #2212 ) ;
#3957 = DIRECTION ( 'NONE',  ( 0.0000000000000000000, 0.0000000000000000000, -1.000000000000000000 ) ) ;
#3958 = VERTEX_POINT ( 'NONE', #4409 ) ;
#3959 = PLANE ( 'NONE',  #227 ) ;
#3960 = LINE ( 'NONE', #3316, #3521 ) ;
#3961 = CARTESIAN_POINT ( 'NONE',  ( -5.299999999999996300, 0.4000000000000000200, 0.0000000000000000000 ) ) ;
#3962 = LINE ( 'NONE', #3786, #2952 ) ;
#3963 = CARTESIAN_POINT ( 'NONE',  ( -0.5000000000000008900, 6.100000000000000500, -6.999999999999964500 ) ) ;
#3964 = LINE ( 'NONE', #3578, #767 ) ;
#3965 = VECTOR ( 'NONE', #73, 1000.000000000000000 ) ;
#3966 = EDGE_CURVE ( 'NONE', #1168, #862, #1060, .T. ) ;
#3967 = DIRECTION ( 'NONE',  ( -0.0000000000000000000, -0.0000000000000000000, -1.000000000000000000 ) ) ;
#3968 = ORIENTED_EDGE ( 'NONE', *, *, #1672, .F. ) ;
#3969 = AXIS2_PLACEMENT_3D ( 'NONE', #1689, #4475, #3118 ) ;
#3970 = VERTEX_POINT ( 'NONE', #2687 ) ;
#3971 = CARTESIAN_POINT ( 'NONE',  ( 5.349999999999999600, 5.275000000000011000, -4.700000000000000200 ) ) ;
#3972 = CARTESIAN_POINT ( 'NONE',  ( 4.069999999999999400, -3.399999999999999000, 1.529999999999990900 ) ) ;
#3973 = CARTESIAN_POINT ( 'NONE',  ( -3.549999999999999400, 6.100000000000000500, -2.999999999999989300 ) ) ;
#3974 = ORIENTED_EDGE ( 'NONE', *, *, #2438, .F. ) ;
#3975 = LINE ( 'NONE', #4352, #3542 ) ;
#3976 =( NAMED_UNIT ( * ) SI_UNIT ( $, .STERADIAN. ) SOLID_ANGLE_UNIT ( ) );
#3977 = CARTESIAN_POINT ( 'NONE',  ( 5.349999999999999600, 5.275000000000011000, 0.0000000000000000000 ) ) ;
#3978 = ORIENTED_EDGE ( 'NONE', *, *, #395, .F. ) ;
#3979 = LINE ( 'NONE', #3272, #3548 ) ;
#3980 = AXIS2_PLACEMENT_3D ( 'NONE', #1265, #592, #3244 ) ;
#3981 = CARTESIAN_POINT ( 'NONE',  ( -2.000000000000001300, 6.100000000000000500, -5.999999999999964500 ) ) ;
#3982 = CARTESIAN_POINT ( 'NONE',  ( 3.429999999999999700, -1.087878387081807200, 1.449999999999991300 ) ) ;
#3983 = CARTESIAN_POINT ( 'NONE',  ( 4.499999999999999100, 0.0000000000000000000, -5.999999999999964500 ) ) ;
#3984 = ORIENTED_EDGE ( 'NONE', *, *, #140, .F. ) ;
#3985 = DIRECTION ( 'NONE',  ( 0.0000000000000000000, 0.0000000000000000000, 1.000000000000000000 ) ) ;
#3986 = VECTOR ( 'NONE', #510, 1000.000000000000000 ) ;
#3987 = ORIENTED_EDGE ( 'NONE', *, *, #4440, .F. ) ;
#3988 = EDGE_LOOP ( 'NONE', ( #2959, #1220, #4152, #2106 ) ) ;
#3989 = PLANE ( 'NONE',  #4383 ) ;
#3990 = VERTEX_POINT ( 'NONE', #3080 ) ;
#3991 = PRESENTATION_STYLE_ASSIGNMENT (( #1724 ) ) ;
#3992 = DIRECTION ( 'NONE',  ( -1.000000000000000000, 0.0000000000000000000, -0.0000000000000000000 ) ) ;
#3993 = ORIENTED_EDGE ( 'NONE', *, *, #2083, .T. ) ;
#3994 = DIRECTION ( 'NONE',  ( -0.0000000000000000000, -0.0000000000000000000, 1.000000000000000000 ) ) ;
#3995 = EDGE_CURVE ( 'NONE', #2983, #2175, #2934, .T. ) ;
#3996 = VECTOR ( 'NONE', #3108, 1000.000000000000000 ) ;
#3997 = FACE_OUTER_BOUND ( 'NONE', #3582, .T. ) ;
#3998 = ORIENTED_EDGE ( 'NONE', *, *, #2314, .T. ) ;
#3999 = EDGE_CURVE ( 'NONE', #4003, #893, #3813, .T. ) ;
#4000 = PLANE ( 'NONE',  #469 ) ;
#4001 = FACE_OUTER_BOUND ( 'NONE', #1981, .T. ) ;
#4002 = CARTESIAN_POINT ( 'NONE',  ( -7.500000000000000000, 7.180072724992597600E-016, -1.040834085586084000E-016 ) ) ;
#4003 = VERTEX_POINT ( 'NONE', #245 ) ;
#4004 = DIRECTION ( 'NONE',  ( 0.0000000000000000000, 1.000000000000000000, 0.0000000000000000000 ) ) ;
#4005 = VECTOR ( 'NONE', #4019, 1000.000000000000000 ) ;
#4006 = EDGE_CURVE ( 'NONE', #3865, #2120, #477, .T. ) ;
#4007 = ORIENTED_EDGE ( 'NONE', *, *, #758, .T. ) ;
#4008 = DIRECTION ( 'NONE',  ( 0.0000000000000000000, 0.0000000000000000000, 1.000000000000000000 ) ) ;
#4009 = AXIS2_PLACEMENT_3D ( 'NONE', #1340, #972, #3756 ) ;
#4010 = VERTEX_POINT ( 'NONE', #1969 ) ;
#4011 = VERTEX_POINT ( 'NONE', #4399 ) ;
#4012 = DIRECTION ( 'NONE',  ( -1.000000000000000000, 0.0000000000000000000, 0.0000000000000000000 ) ) ;
#4013 = FACE_OUTER_BOUND ( 'NONE', #3930, .T. ) ;
#4014 = ORIENTED_EDGE ( 'NONE', *, *, #2706, .T. ) ;
#4015 = AXIS2_PLACEMENT_3D ( 'NONE', #216, #2651, #3012 ) ;
#4016 =( NAMED_UNIT ( * ) SI_UNIT ( $, .STERADIAN. ) SOLID_ANGLE_UNIT ( ) );
#4017 = LINE ( 'NONE', #662, #2169 ) ;
#4018 = CYLINDRICAL_SURFACE ( 'NONE', #3886, 0.1000000000000000500 ) ;
#4019 = DIRECTION ( 'NONE',  ( 0.0000000000000000000, -1.404634393503487300E-016, -1.000000000000000000 ) ) ;
#4020 = PLANE ( 'NONE',  #660 ) ;
#4021 = DIRECTION ( 'NONE',  ( -1.000000000000000000, 0.0000000000000000000, 0.0000000000000000000 ) ) ;
#4022 = EDGE_CURVE ( 'NONE', #2923, #1474, #3347, .T. ) ;
#4023 = EDGE_LOOP ( 'NONE', ( #14, #79, #2474, #3509 ) ) ;
#4024 = CARTESIAN_POINT ( 'NONE',  ( 4.069999999999999400, -1.087878387081808100, 2.169999999999991000 ) ) ;
#4025 = ADVANCED_FACE ( 'NONE', ( #3895 ), #2660, .F. ) ;
#4026 = CARTESIAN_POINT ( 'NONE',  ( 6.200000000000000200, 5.275000000000011000, 9.629649721936179300E-032 ) ) ;
#4027 = CARTESIAN_POINT ( 'NONE',  ( 4.069999999999999400, 3.454999999999999600, -5.999999999999964500 ) ) ;
#4028 = ORIENTED_EDGE ( 'NONE', *, *, #589, .T. ) ;
#4029 = DIRECTION ( 'NONE',  ( 0.0000000000000000000, 0.0000000000000000000, 1.000000000000000000 ) ) ;
#4030 = ORIENTED_EDGE ( 'NONE', *, *, #4081, .T. ) ;
#4031 = CARTESIAN_POINT ( 'NONE',  ( 5.349999999999992500, 5.275000000000011000, -2.400000000000010600 ) ) ;
#4032 = VERTEX_POINT ( 'NONE', #4364 ) ;
#4033 = VERTEX_POINT ( 'NONE', #230 ) ;
#4034 = ORIENTED_EDGE ( 'NONE', *, *, #611, .T. ) ;
#4035 = ORIENTED_EDGE ( 'NONE', *, *, #3625, .F. ) ;
#4036 = VECTOR ( 'NONE', #2532, 1000.000000000000000 ) ;
#4037 = CARTESIAN_POINT ( 'NONE',  ( 4.199999999999991300, 5.275000000000011000, -0.8443375672973912900 ) ) ;
#4038 = FACE_OUTER_BOUND ( 'NONE', #2616, .T. ) ;
#4039 = ORIENTED_EDGE ( 'NONE', *, *, #452, .T. ) ;
#4040 = CARTESIAN_POINT ( 'NONE',  ( -4.069999999999999400, 3.454999999999999600, -9.400000000000000400 ) ) ;
#4041 = LINE ( 'NONE', #540, #1976 ) ;
#4042 = CARTESIAN_POINT ( 'NONE',  ( 6.200000000000000200, 0.0000000000000000000, 0.0000000000000000000 ) ) ;
#4043 = ORIENTED_EDGE ( 'NONE', *, *, #3936, .F. ) ;
#4044 = LINE ( 'NONE', #2104, #1165 ) ;
#4045 = ORIENTED_EDGE ( 'NONE', *, *, #25, .F. ) ;
#4046 = ORIENTED_EDGE ( 'NONE', *, *, #1357, .T. ) ;
#4047 = LINE ( 'NONE', #4368, #3250 ) ;
#4048 = FACE_BOUND ( 'NONE', #4471, .T. ) ;
#4049 = LINE ( 'NONE', #3575, #2762 ) ;
#4050 = VECTOR ( 'NONE', #4317, 1000.000000000000000 ) ;
#4051 = LINE ( 'NONE', #3852, #4197 ) ;
#4052 = FACE_OUTER_BOUND ( 'NONE', #2682, .T. ) ;
#4053 = CARTESIAN_POINT ( 'NONE',  ( -6.200000000000000200, 5.275000000000011000, 9.629649721936179300E-032 ) ) ;
#4054 = LINE ( 'NONE', #1152, #2432 ) ;
#4055 = DIRECTION ( 'NONE',  ( 0.8660254037844424800, 0.0000000000000000000, -0.4999999999999933400 ) ) ;
#4056 = DIRECTION ( 'NONE',  ( -0.0000000000000000000, 1.404634393503487000E-016, 1.000000000000000000 ) ) ;
#4057 = EDGE_CURVE ( 'NONE', #893, #3654, #348, .T. ) ;
#4058 = AXIS2_PLACEMENT_3D ( 'NONE', #2156, #416, #460 ) ;
#4059 = DIRECTION ( 'NONE',  ( 0.0000000000000000000, -0.3420201433256687100, -0.9396926207859084300 ) ) ;
#4060 = DIRECTION ( 'NONE',  ( -1.000000000000000000, 0.0000000000000000000, -0.0000000000000000000 ) ) ;
#4061 = PLANE ( 'NONE',  #1728 ) ;
#4062 = EDGE_CURVE ( 'NONE', #3879, #1484, #853, .T. ) ;
#4063 = DIRECTION ( 'NONE',  ( 0.0000000000000000000, 1.000000000000000000, -0.0000000000000000000 ) ) ;
#4064 = CARTESIAN_POINT ( 'NONE',  ( -5.299999999999996300, 0.4000000000000000200, 0.0000000000000000000 ) ) ;
#4065 = AXIS2_PLACEMENT_3D ( 'NONE', #1865, #4315, #1544 ) ;
#4066 = AXIS2_PLACEMENT_3D ( 'NONE', #1118, #2843, #2472 ) ;
#4067 = LINE ( 'NONE', #114, #3796 ) ;
#4068 = ORIENTED_EDGE ( 'NONE', *, *, #927, .T. ) ;
#4069 = VECTOR ( 'NONE', #169, 1000.000000000000000 ) ;
#4070 = DIRECTION ( 'NONE',  ( -0.0000000000000000000, 1.000000000000000000, -0.0000000000000000000 ) ) ;
#4071 = DIRECTION ( 'NONE',  ( 0.0000000000000000000, 0.3735499670562287300, -0.9276100592987822600 ) ) ;
#4072 = PLANE ( 'NONE',  #2889 ) ;
#4073 = AXIS2_PLACEMENT_3D ( 'NONE', #956, #3685, #2720 ) ;
#4074 = CARTESIAN_POINT ( 'NONE',  ( -4.149999999999978200, 6.100000000000000500, -0.9309401076758562200 ) ) ;
#4075 = EDGE_LOOP ( 'NONE', ( #1108, #2965, #1694, #3876 ) ) ;
#4076 = ORIENTED_EDGE ( 'NONE', *, *, #3477, .F. ) ;
#4077 = DIRECTION ( 'NONE',  ( 0.0000000000000000000, 1.000000000000000000, 0.0000000000000000000 ) ) ;
#4078 = CARTESIAN_POINT ( 'NONE',  ( 3.429999999999999700, 4.094999999999999800, 0.8499999999999914300 ) ) ;
#4079 = ORIENTED_EDGE ( 'NONE', *, *, #1038, .T. ) ;
#4080 = ORIENTED_EDGE ( 'NONE', *, *, #2559, .T. ) ;
#4081 = EDGE_CURVE ( 'NONE', #2301, #2415, #599, .T. ) ;
#4082 = EDGE_CURVE ( 'NONE', #2052, #1317, #749, .T. ) ;
#4083 = ORIENTED_EDGE ( 'NONE', *, *, #836, .T. ) ;
#4084 = EDGE_LOOP ( 'NONE', ( #178, #253, #3608, #4129 ) ) ;
#4085 = CARTESIAN_POINT ( 'NONE',  ( 4.069999999999999400, -1.987878387081806400, 1.949999999999991700 ) ) ;
#4086 = ORIENTED_EDGE ( 'NONE', *, *, #3910, .F. ) ;
#4087 = CARTESIAN_POINT ( 'NONE',  ( -3.549999999999999400, 6.100000000000000500, -3.699999999999991700 ) ) ;
#4088 = VERTEX_POINT ( 'NONE', #2791 ) ;
#4089 = EDGE_CURVE ( 'NONE', #720, #292, #3670, .T. ) ;
#4090 = FACE_OUTER_BOUND ( 'NONE', #4273, .T. ) ;
#4091 = FACE_OUTER_BOUND ( 'NONE', #4272, .T. ) ;
#4092 = ORIENTED_EDGE ( 'NONE', *, *, #2287, .T. ) ;
#4093 = ORIENTED_EDGE ( 'NONE', *, *, #2129, .T. ) ;
#4094 = ORIENTED_EDGE ( 'NONE', *, *, #3097, .F. ) ;
#4095 = FACE_OUTER_BOUND ( 'NONE', #1812, .T. ) ;
#4096 = EDGE_LOOP ( 'NONE', ( #1312, #2655, #2294, #1469 ) ) ;
#4097 = ORIENTED_EDGE ( 'NONE', *, *, #51, .F. ) ;
#4098 = LINE ( 'NONE', #3952, #3098 ) ;
#4099 = DIRECTION ( 'NONE',  ( 0.0000000000000000000, 2.797941090285171100E-016, -1.000000000000000000 ) ) ;
#4100 = LINE ( 'NONE', #3888, #2930 ) ;
#4101 = VECTOR ( 'NONE', #3921, 1000.000000000000200 ) ;
#4102 = PRODUCT_DEFINITION_SHAPE ( 'NONE', 'NONE',  #4487 ) ;
#4103 = LINE ( 'NONE', #30, #650 ) ;
#4104 = ORIENTED_EDGE ( 'NONE', *, *, #2528, .F. ) ;
#4105 = VECTOR ( 'NONE', #2511, 1000.000000000000100 ) ;
#4106 = LINE ( 'NONE', #3372, #3308 ) ;
#4107 = CARTESIAN_POINT ( 'NONE',  ( 3.580000000000000500, -3.399999999999999000, 1.679999999999991700 ) ) ;
#4108 = PLANE ( 'NONE',  #1836 ) ;
#4109 = CARTESIAN_POINT ( 'NONE',  ( -0.9299999999999998300, 3.454999999999999600, -4.700000000000000200 ) ) ;
#4110 = EDGE_CURVE ( 'NONE', #1272, #4192, #1452, .T. ) ;
#4111 = ADVANCED_FACE ( 'NONE', ( #2426, #39, #3253, #1498, #4373 ), #1679, .T. ) ;
#4112 = CARTESIAN_POINT ( 'NONE',  ( 0.4999999999999987200, 0.0000000000000000000, -5.999999999999964500 ) ) ;
#4113 = VECTOR ( 'NONE', #2525, 1000.000000000000000 ) ;
#4114 = EDGE_LOOP ( 'NONE', ( #806, #3096, #176, #3714 ) ) ;
#4115 = APPLICATION_PROTOCOL_DEFINITION ( 'draft international standard', 'automotive_design', 1998, #1685 ) ;
#4116 = CARTESIAN_POINT ( 'NONE',  ( 4.199999999999991300, 1.301022143997296400, -0.5556624327025852000 ) ) ;
#4117 = CARTESIAN_POINT ( 'NONE',  ( 4.069999999999999400, -1.356834363362294600, 2.117879242695110500 ) ) ;
#4118 = ORIENTED_EDGE ( 'NONE', *, *, #131, .T. ) ;
#4119 = CARTESIAN_POINT ( 'NONE',  ( 3.429999999999999700, -1.117762384446306900, 1.524208804743891800 ) ) ;
#4120 = CARTESIAN_POINT ( 'NONE',  ( 4.069999999999999400, -1.087878387081808100, 2.169999999999991000 ) ) ;
#4121 = EDGE_LOOP ( 'NONE', ( #1282, #1585, #1640, #2758 ) ) ;
#4122 = CARTESIAN_POINT ( 'NONE',  ( -3.000000000000000900, 3.454999999999999600, -5.999999999999964500 ) ) ;
#4123 = ORIENTED_EDGE ( 'NONE', *, *, #1130, .T. ) ;
#4124 = ORIENTED_EDGE ( 'NONE', *, *, #3904, .F. ) ;
#4125 = CARTESIAN_POINT ( 'NONE',  ( 5.349999999999999600, 4.575000000000018800, -2.400000000000010600 ) ) ;
#4126 = ADVANCED_FACE ( 'NONE', ( #1763 ), #4108, .F. ) ;
#4127 = ORIENTED_EDGE ( 'NONE', *, *, #3233, .T. ) ;
#4128 = EDGE_LOOP ( 'NONE', ( #1735, #295, #2941, #1339 ) ) ;
#4129 = ORIENTED_EDGE ( 'NONE', *, *, #194, .T. ) ;
#4130 = FACE_OUTER_BOUND ( 'NONE', #4114, .T. ) ;
#4131 = EDGE_CURVE ( 'NONE', #2204, #728, #3459, .T. ) ;
#4132 = LINE ( 'NONE', #1892, #19 ) ;
#4133 = VERTEX_POINT ( 'NONE', #996 ) ;
#4134 = CARTESIAN_POINT ( 'NONE',  ( 3.429999999999999700, 3.454999999999999600, 0.8499999999999914300 ) ) ;
#4135 = ORIENTED_EDGE ( 'NONE', *, *, #1000, .T. ) ;
#4136 = FACE_OUTER_BOUND ( 'NONE', #4238, .T. ) ;
#4137 = APPLICATION_CONTEXT ( 'automotive_design' ) ;
#4138 = EDGE_CURVE ( 'NONE', #292, #191, #865, .T. ) ;
#4139 = ORIENTED_EDGE ( 'NONE', *, *, #3239, .F. ) ;
#4140 = LINE ( 'NONE', #1140, #247 ) ;
#4141 = CARTESIAN_POINT ( 'NONE',  ( 4.069999999999999400, -1.356834363362294600, 2.117879242695110500 ) ) ;
#4142 = CARTESIAN_POINT ( 'NONE',  ( 4.069999999999999400, 3.454999999999999200, 0.8499999999999907600 ) ) ;
#4143 = ORIENTED_EDGE ( 'NONE', *, *, #2975, .T. ) ;
#4144 = LINE ( 'NONE', #251, #1494 ) ;
#4145 = CARTESIAN_POINT ( 'NONE',  ( 0.4999999999999987200, 6.100000000000000500, -5.999999999999964500 ) ) ;
#4146 = CARTESIAN_POINT ( 'NONE',  ( 5.299999999999999800, 0.0000000000000000000, -11.50000000000001800 ) ) ;
#4147 = VECTOR ( 'NONE', #1029, 1000.000000000000000 ) ;
#4148 = LINE ( 'NONE', #3515, #92 ) ;
#4149 = ORIENTED_EDGE ( 'NONE', *, *, #140, .T. ) ;
#4150 = VECTOR ( 'NONE', #1109, 1000.000000000000000 ) ;
#4151 = CARTESIAN_POINT ( 'NONE',  ( 3.429999999999999700, -2.887878387081807200, 1.529999999999989600 ) ) ;
#4152 = ORIENTED_EDGE ( 'NONE', *, *, #3472, .T. ) ;
#4153 = CARTESIAN_POINT ( 'NONE',  ( -5.299999999999999800, 2.549999999999999800, -11.49999999999999600 ) ) ;
#4154 = PLANE ( 'NONE',  #1017 ) ;
#4155 = LINE ( 'NONE', #1872, #3571 ) ;
#4156 = VECTOR ( 'NONE', #3051, 1000.000000000000000 ) ;
#4157 = CARTESIAN_POINT ( 'NONE',  ( 4.069999999999999400, -1.957994389717308700, 1.875791195256086800 ) ) ;
#4158 = CARTESIAN_POINT ( 'NONE',  ( 4.499999999999999100, 6.100000000000000500, -5.999999999999964500 ) ) ;
#4159 = EDGE_CURVE ( 'NONE', #3599, #1256, #2485, .T. ) ;
#4160 = DIRECTION ( 'NONE',  ( 0.0000000000000000000, -2.710505431213731700E-014, 1.000000000000000000 ) ) ;
#4161 = AXIS2_PLACEMENT_3D ( 'NONE', #2535, #2471, #396 ) ;
#4162 = FACE_OUTER_BOUND ( 'NONE', #2318, .T. ) ;
#4163 = DIRECTION ( 'NONE',  ( -1.000000000000000000, -0.0000000000000000000, -0.0000000000000000000 ) ) ;
#4164 =( NAMED_UNIT ( * ) SI_UNIT ( $, .STERADIAN. ) SOLID_ANGLE_UNIT ( ) );
#4165 = VERTEX_POINT ( 'NONE', #3799 ) ;
#4166 = VECTOR ( 'NONE', #4332, 1000.000000000000100 ) ;
#4167 = LINE ( 'NONE', #4087, #3687 ) ;
#4168 = PRODUCT_DEFINITION_SHAPE ( 'NONE', 'NONE',  #3064 ) ;
#4169 = AXIS2_PLACEMENT_3D ( 'NONE', #2864, #4225, #1137 ) ;
#4170 = DIRECTION ( 'NONE',  ( -0.0000000000000000000, 1.000000000000000000, -0.0000000000000000000 ) ) ;
#4171 = AXIS2_PLACEMENT_3D ( 'NONE', #1631, #1270, #1977 ) ;
#4172 = AXIS2_PLACEMENT_3D ( 'NONE', #2167, #485, #91 ) ;
#4173 = PLANE ( 'NONE',  #3461 ) ;
#4174 = DIRECTION ( 'NONE',  ( -0.0000000000000000000, -0.9276100592987811500, 0.3735499670562315600 ) ) ;
#4175 = EDGE_LOOP ( 'NONE', ( #3428, #3314, #789, #2134 ) ) ;
#4176 = ORIENTED_EDGE ( 'NONE', *, *, #51, .T. ) ;
#4177 = ORIENTED_EDGE ( 'NONE', *, *, #721, .F. ) ;
#4178 = EDGE_CURVE ( 'NONE', #1260, #4250, #1815, .T. ) ;
#4179 = CARTESIAN_POINT ( 'NONE',  ( -4.149999999999992400, 5.275000000000011000, -0.6999999999999873000 ) ) ;
#4180 = DIRECTION ( 'NONE',  ( 1.000000000000000000, 0.0000000000000000000, 0.0000000000000000000 ) ) ;
#4181 = ORIENTED_EDGE ( 'NONE', *, *, #1529, .T. ) ;
#4182 = LINE ( 'NONE', #1037, #1269 ) ;
#4183 = LINE ( 'NONE', #3691, #3088 ) ;
#4184 =( NAMED_UNIT ( * ) PLANE_ANGLE_UNIT ( ) SI_UNIT ( $, .RADIAN. ) );
#4185 = CARTESIAN_POINT ( 'NONE',  ( 3.429999999999999700, -1.987878387081806400, 1.949999999999991700 ) ) ;
#4186 = DIRECTION ( 'NONE',  ( 1.000000000000000000, -0.0000000000000000000, -0.0000000000000000000 ) ) ;
#4187 = EDGE_CURVE ( 'NONE', #2242, #896, #1608, .T. ) ;
#4188 = VECTOR ( 'NONE', #716, 1000.000000000000000 ) ;
#4189 = AXIS2_PLACEMENT_3D ( 'NONE', #2632, #2339, #4099 ) ;
#4190 = ORIENTED_EDGE ( 'NONE', *, *, #440, .T. ) ;
#4191 = VECTOR ( 'NONE', #3805, 1000.000000000000000 ) ;
#4192 = VERTEX_POINT ( 'NONE', #309 ) ;
#4193 = VECTOR ( 'NONE', #2521, 1000.000000000000000 ) ;
#4194 = DIRECTION ( 'NONE',  ( -0.0000000000000000000, 1.000000000000000000, -0.0000000000000000000 ) ) ;
#4195 = ORIENTED_EDGE ( 'NONE', *, *, #3698, .T. ) ;
#4196 = DIRECTION ( 'NONE',  ( 0.0000000000000000000, 0.0000000000000000000, -1.000000000000000000 ) ) ;
#4197 = VECTOR ( 'NONE', #4174, 1000.000000000000100 ) ;
#4198 = PLANE ( 'NONE',  #2689 ) ;
#4199 = VECTOR ( 'NONE', #1055, 1000.000000000000000 ) ;
#4200 = CARTESIAN_POINT ( 'NONE',  ( 4.250000000000003600, 1.301022143997296400, -1.040949779275250900E-015 ) ) ;
#4201 = LINE ( 'NONE', #3983, #3516 ) ;
#4202 = VECTOR ( 'NONE', #137, 1000.000000000000000 ) ;
#4203 = DIRECTION ( 'NONE',  ( 1.000000000000000000, -0.0000000000000000000, -0.0000000000000000000 ) ) ;
#4204 = DIRECTION ( 'NONE',  ( -0.0000000000000000000, 1.000000000000000000, -0.0000000000000000000 ) ) ;
#4205 = VECTOR ( 'NONE', #3839, 1000.000000000000000 ) ;
#4206 = AXIS2_PLACEMENT_3D ( 'NONE', #442, #1071, #556 ) ;
#4207 = LINE ( 'NONE', #1917, #46 ) ;
#4208 = DIRECTION ( 'NONE',  ( 0.0000000000000000000, -1.000000000000000000, 2.245376765908615400E-016 ) ) ;
#4209 = ADVANCED_FACE ( 'NONE', ( #2269 ), #354, .T. ) ;
#4210 = CARTESIAN_POINT ( 'NONE',  ( 3.429999999999999700, -2.987878387081803800, 1.529999999999990900 ) ) ;
#4211 = ORIENTED_EDGE ( 'NONE', *, *, #748, .T. ) ;
#4212 = ORIENTED_EDGE ( 'NONE', *, *, #2194, .F. ) ;
#4213 = DIRECTION ( 'NONE',  ( 0.0000000000000000000, 0.0000000000000000000, 1.000000000000000000 ) ) ;
#4214 = ADVANCED_FACE ( 'NONE', ( #4414 ), #697, .F. ) ;
#4215 = CARTESIAN_POINT ( 'NONE',  ( -0.9299999999999998300, 0.0000000000000000000, -5.999999999999964500 ) ) ;
#4216 = CARTESIAN_POINT ( 'NONE',  ( -2.800000000000008300, 5.275000000000011000, -3.699999999999991300 ) ) ;
#4217 = EDGE_CURVE ( 'NONE', #3958, #2636, #2538, .T. ) ;
#4218 = EDGE_CURVE ( 'NONE', #3405, #937, #4252, .T. ) ;
#4219 = DIRECTION ( 'NONE',  ( -0.0000000000000000000, 1.000000000000000000, -0.0000000000000000000 ) ) ;
#4220 = EDGE_CURVE ( 'NONE', #2476, #1853, #1929, .T. ) ;
#4221 = AXIS2_PLACEMENT_3D ( 'NONE', #3447, #2401, #3776 ) ;
#4222 = DIRECTION ( 'NONE',  ( -0.0000000000000000000, 1.000000000000000000, -0.0000000000000000000 ) ) ;
#4223 = FILL_AREA_STYLE_COLOUR ( '', #1492 ) ;
#4224 = ORIENTED_EDGE ( 'NONE', *, *, #1510, .F. ) ;
#4225 = DIRECTION ( 'NONE',  ( -0.0000000000000000000, -1.000000000000000000, -0.0000000000000000000 ) ) ;
#4226 = ORIENTED_EDGE ( 'NONE', *, *, #1130, .F. ) ;
#4227 = PRODUCT_DEFINITION ( 'UNKNOWN', '', #3193, #3887 ) ;
#4228 = EDGE_LOOP ( 'NONE', ( #3240, #2, #1314, #3638 ) ) ;
#4229 = CARTESIAN_POINT ( 'NONE',  ( -4.250000000000001800, 5.275000000000011000, -0.4690598923241183800 ) ) ;
#4230 = VERTEX_POINT ( 'NONE', #3420 ) ;
#4231 = VERTEX_POINT ( 'NONE', #1040 ) ;
#4232 = VERTEX_POINT ( 'NONE', #1708 ) ;
#4233 = LINE ( 'NONE', #2708, #2971 ) ;
#4234 = CARTESIAN_POINT ( 'NONE',  ( 6.200000000000000200, 6.100000000000000500, -6.999999999999982200 ) ) ;
#4235 = VECTOR ( 'NONE', #4070, 1000.000000000000000 ) ;
#4236 = ORIENTED_EDGE ( 'NONE', *, *, #2685, .T. ) ;
#4237 = VECTOR ( 'NONE', #987, 1000.000000000000000 ) ;
#4238 = EDGE_LOOP ( 'NONE', ( #681, #3534, #3141, #2734 ) ) ;
#4239 = EDGE_CURVE ( 'NONE', #593, #1505, #1664, .T. ) ;
#4240 = DIRECTION ( 'NONE',  ( 0.0000000000000000000, 1.000000000000000000, 0.0000000000000000000 ) ) ;
#4241 = DIRECTION ( 'NONE',  ( 1.000000000000000000, -0.0000000000000000000, -0.0000000000000000000 ) ) ;
#4242 = ORIENTED_EDGE ( 'NONE', *, *, #2953, .F. ) ;
#4243 = EDGE_LOOP ( 'NONE', ( #1131, #2509, #841, #2987 ) ) ;
#4244 = VECTOR ( 'NONE', #1848, 1000.000000000000000 ) ;
#4245 = DIRECTION ( 'NONE',  ( 1.000000000000000000, -0.0000000000000000000, -0.0000000000000000000 ) ) ;
#4246 = EDGE_LOOP ( 'NONE', ( #237, #1540, #1723, #2755 ) ) ;
#4247 = CARTESIAN_POINT ( 'NONE',  ( 1.999999999999999100, 0.0000000000000000000, -5.999999999999964500 ) ) ;
#4248 = DIRECTION ( 'NONE',  ( 0.0000000000000000000, 0.0000000000000000000, -1.000000000000000000 ) ) ;
#4249 = EDGE_CURVE ( 'NONE', #2016, #2010, #2872, .T. ) ;
#4250 = VERTEX_POINT ( 'NONE', #2054 ) ;
#4251 = AXIS2_PLACEMENT_3D ( 'NONE', #50, #1041, #4160 ) ;
#4252 = LINE ( 'NONE', #677, #3511 ) ;
#4253 = VERTEX_POINT ( 'NONE', #2414 ) ;
#4254 = ORIENTED_EDGE ( 'NONE', *, *, #3070, .T. ) ;
#4255 = VECTOR ( 'NONE', #337, 1000.000000000000000 ) ;
#4256 = ADVANCED_FACE ( 'NONE', ( #1714 ), #981, .F. ) ;
#4257 = ORIENTED_EDGE ( 'NONE', *, *, #4390, .T. ) ;
#4258 = DIRECTION ( 'NONE',  ( -0.0000000000000000000, 1.000000000000000000, -0.0000000000000000000 ) ) ;
#4259 = AXIS2_PLACEMENT_3D ( 'NONE', #474, #107, #3943 ) ;
#4260 = LINE ( 'NONE', #984, #3060 ) ;
#4261 = LINE ( 'NONE', #2666, #3367 ) ;
#4262 = LINE ( 'NONE', #4122, #153 ) ;
#4263 =( GEOMETRIC_REPRESENTATION_CONTEXT ( 3 ) GLOBAL_UNCERTAINTY_ASSIGNED_CONTEXT ( ( #2919 ) ) GLOBAL_UNIT_ASSIGNED_CONTEXT ( ( #2638, #895, #4016 ) ) REPRESENTATION_CONTEXT ( 'NONE', 'WORKASPACE' ) );
#4264 = DIRECTION ( 'NONE',  ( -0.0000000000000000000, 2.797941090285171100E-016, -1.000000000000000000 ) ) ;
#4265 = VERTEX_POINT ( 'NONE', #333 ) ;
#4266 = CARTESIAN_POINT ( 'NONE',  ( 5.349999999999996100, 4.275000000000019900, -1.224646799147337900E-016 ) ) ;
#4267 = CARTESIAN_POINT ( 'NONE',  ( 3.993148179717705300, 3.531851820282294200, -6.685115294663171800 ) ) ;
#4268 = DIRECTION ( 'NONE',  ( -1.000000000000000000, 0.0000000000000000000, 0.0000000000000000000 ) ) ;
#4269 = DIRECTION ( 'NONE',  ( 0.0000000000000000000, 0.0000000000000000000, 1.000000000000000000 ) ) ;
#4270 = CARTESIAN_POINT ( 'NONE',  ( 3.429999999999999700, 3.454999999999999600, -5.137878387081817000 ) ) ;
#4271 = CARTESIAN_POINT ( 'NONE',  ( -4.199999999999989500, 1.301022143997296400, -0.8443375672973908500 ) ) ;
#4272 = EDGE_LOOP ( 'NONE', ( #3475, #3184, #2890, #2840 ) ) ;
#4273 = EDGE_LOOP ( 'NONE', ( #1902, #3987, #678, #399 ) ) ;
#4274 = ADVANCED_FACE ( 'NONE', ( #4469 ), #4198, .T. ) ;
#4275 = ORIENTED_EDGE ( 'NONE', *, *, #2967, .T. ) ;
#4276 = CIRCLE ( 'NONE', #780, 0.1000000000000000500 ) ;
#4277 = ORIENTED_EDGE ( 'NONE', *, *, #2435, .T. ) ;
#4278 = EDGE_CURVE ( 'NONE', #4088, #2728, #1557, .T. ) ;
#4279 = VERTEX_POINT ( 'NONE', #4216 ) ;
#4280 = EDGE_CURVE ( 'NONE', #2870, #2747, #542, .T. ) ;
#4281 = ADVANCED_FACE ( 'NONE', ( #1011 ), #3848, .F. ) ;
#4282 = CARTESIAN_POINT ( 'NONE',  ( 3.550000000000000300, 6.100000000000000500, -3.699999999999992600 ) ) ;
#4283 = AXIS2_PLACEMENT_3D ( 'NONE', #1528, #138, #2627 ) ;
#4284 = DIRECTION ( 'NONE',  ( -0.0000000000000000000, -1.000000000000000000, -0.0000000000000000000 ) ) ;
#4285 = ORIENTED_EDGE ( 'NONE', *, *, #3317, .F. ) ;
#4286 = CARTESIAN_POINT ( 'NONE',  ( 5.349999999999999600, 5.275000000000011000, -4.700000000000000200 ) ) ;
#4287 = ORIENTED_EDGE ( 'NONE', *, *, #3380, .F. ) ;
#4288 = EDGE_CURVE ( 'NONE', #4165, #4133, #4103, .T. ) ;
#4289 = ORIENTED_EDGE ( 'NONE', *, *, #3310, .F. ) ;
#4290 = DIRECTION ( 'NONE',  ( 0.0000000000000000000, 0.0000000000000000000, 1.000000000000000000 ) ) ;
#4291 = ADVANCED_FACE ( 'NONE', ( #3206 ), #3306, .T. ) ;
#4292 = ORIENTED_EDGE ( 'NONE', *, *, #3430, .F. ) ;
#4293 = ORIENTED_EDGE ( 'NONE', *, *, #132, .T. ) ;
#4294 = PLANE ( 'NONE',  #3956 ) ;
#4295 = ORIENTED_EDGE ( 'NONE', *, *, #1780, .F. ) ;
#4296 = VERTEX_POINT ( 'NONE', #2101 ) ;
#4297 = DIRECTION ( 'NONE',  ( 1.000000000000000000, 0.0000000000000000000, 0.0000000000000000000 ) ) ;
#4298 = DIRECTION ( 'NONE',  ( 1.172110456741088500E-016, 0.0000000000000000000, 1.000000000000000000 ) ) ;
#4299 = CARTESIAN_POINT ( 'NONE',  ( 5.299999999999999800, 2.549999999999999800, -11.49999999999999600 ) ) ;
#4300 = CIRCLE ( 'NONE', #4424, 0.7200000000000026400 ) ;
#4301 = DIRECTION ( 'NONE',  ( -0.0000000000000000000, 2.843808977011158800E-015, 1.000000000000000000 ) ) ;
#4302 = ORIENTED_EDGE ( 'NONE', *, *, #402, .T. ) ;
#4303 = VERTEX_POINT ( 'NONE', #3517 ) ;
#4304 = VERTEX_POINT ( 'NONE', #2836 ) ;
#4305 = LINE ( 'NONE', #1711, #3929 ) ;
#4306 = ORIENTED_EDGE ( 'NONE', *, *, #2049, .F. ) ;
#4307 = PLANE ( 'NONE',  #3980 ) ;
#4308 = SHAPE_DEFINITION_REPRESENTATION ( #2362, #2794 ) ;
#4309 = VERTEX_POINT ( 'NONE', #1419 ) ;
#4310 = EDGE_CURVE ( 'NONE', #638, #3724, #3613, .T. ) ;
#4311 = LINE ( 'NONE', #4349, #3720 ) ;
#4312 = EDGE_CURVE ( 'NONE', #1374, #3433, #314, .T. ) ;
#4313 = PRESENTATION_STYLE_ASSIGNMENT (( #2996 ) ) ;
#4314 = VECTOR ( 'NONE', #2160, 1000.000000000000000 ) ;
#4315 = DIRECTION ( 'NONE',  ( 0.0000000000000000000, 0.0000000000000000000, -1.000000000000000000 ) ) ;
#4316 = PLANE ( 'NONE',  #3741 ) ;
#4317 = DIRECTION ( 'NONE',  ( -0.0000000000000000000, 2.797941090285171100E-016, -1.000000000000000000 ) ) ;
#4318 = EDGE_CURVE ( 'NONE', #116, #3042, #426, .T. ) ;
#4319 = DIRECTION ( 'NONE',  ( 0.0000000000000000000, -1.000000000000000000, 0.0000000000000000000 ) ) ;
#4320 = VECTOR ( 'NONE', #1376, 1000.000000000000000 ) ;
#4321 = VECTOR ( 'NONE', #2282, 1000.000000000000000 ) ;
#4322 = LINE ( 'NONE', #1773, #2608 ) ;
#4323 = CARTESIAN_POINT ( 'NONE',  ( 3.429999999999999700, 0.0000000000000000000, -5.999999999999964500 ) ) ;
#4324 = DIRECTION ( 'NONE',  ( 0.0000000000000000000, 0.0000000000000000000, -1.000000000000000000 ) ) ;
#4325 = DIRECTION ( 'NONE',  ( 1.000000000000000000, 0.0000000000000000000, 0.0000000000000000000 ) ) ;
#4326 = DIRECTION ( 'NONE',  ( 1.000000000000000000, 0.0000000000000000000, -0.0000000000000000000 ) ) ;
#4327 = LINE ( 'NONE', #3398, #2380 ) ;
#4328 = PLANE ( 'NONE',  #4442 ) ;
#4329 = AXIS2_PLACEMENT_3D ( 'NONE', #1223, #911, #1602 ) ;
#4330 = DIRECTION ( 'NONE',  ( 1.387778780781445700E-017, 4.010379510441524600E-017, -1.000000000000000200 ) ) ;
#4331 = DIRECTION ( 'NONE',  ( -1.000000000000000000, 0.0000000000000000000, 0.0000000000000000000 ) ) ;
#4332 = DIRECTION ( 'NONE',  ( 0.0000000000000000000, -0.3735499670562313900, -0.9276100592987812600 ) ) ;
#4333 = CARTESIAN_POINT ( 'NONE',  ( 3.429999999999999700, -1.987878387081806400, 1.949999999999991700 ) ) ;
#4334 = CARTESIAN_POINT ( 'NONE',  ( -2.800000000000009100, 6.100000000000000500, -3.699999999999991300 ) ) ;
#4335 = CARTESIAN_POINT ( 'NONE',  ( 4.250000000000003600, 1.301022143997296400, -0.9309401076758571100 ) ) ;
#4336 = EDGE_CURVE ( 'NONE', #2371, #1266, #804, .T. ) ;
#4337 = DIRECTION ( 'NONE',  ( -0.0000000000000000000, -0.0000000000000000000, 1.000000000000000000 ) ) ;
#4338 =( NAMED_UNIT ( * ) SI_UNIT ( $, .STERADIAN. ) SOLID_ANGLE_UNIT ( ) );
#4339 =( LENGTH_UNIT ( ) NAMED_UNIT ( * ) SI_UNIT ( .MILLI., .METRE. ) );
#4340 = EDGE_CURVE ( 'NONE', #2139, #3028, #3889, .T. ) ;
#4341 = CARTESIAN_POINT ( 'NONE',  ( 4.250000000000003600, 6.100000000000000500, -1.040949779275250900E-015 ) ) ;
#4342 = AXIS2_PLACEMENT_3D ( 'NONE', #1073, #3205, #12 ) ;
#4343 = PLANE ( 'NONE',  #1756 ) ;
#4344 = CARTESIAN_POINT ( 'NONE',  ( 6.200000000000000200, 0.0000000000000000000, 0.0000000000000000000 ) ) ;
#4345 = CARTESIAN_POINT ( 'NONE',  ( 4.069999999999999400, 2.775000000000000800, 1.529999999999990000 ) ) ;
#4346 = DIRECTION ( 'NONE',  ( 1.172110456741088500E-016, -0.0000000000000000000, 1.000000000000000000 ) ) ;
#4347 = ORIENTED_EDGE ( 'NONE', *, *, #1441, .F. ) ;
#4348 = CARTESIAN_POINT ( 'NONE',  ( 0.0000000000000000000, -3.399999999999999500, -1.925000000000008900 ) ) ;
#4349 = CARTESIAN_POINT ( 'NONE',  ( -1.569999999999999800, 3.454999999999999600, -4.700000000000000200 ) ) ;
#4350 = ORIENTED_EDGE ( 'NONE', *, *, #1859, .T. ) ;
#4351 = AXIS2_PLACEMENT_3D ( 'NONE', #1388, #1702, #4448 ) ;
#4352 = CARTESIAN_POINT ( 'NONE',  ( -6.200000000000000200, 4.275000000000020800, -3.100000000000001900 ) ) ;
#4353 = ORIENTED_EDGE ( 'NONE', *, *, #4062, .T. ) ;
#4354 = LINE ( 'NONE', #3688, #890 ) ;
#4355 = LINE ( 'NONE', #1237, #2186 ) ;
#4357 = ORIENTED_EDGE ( 'NONE', *, *, #1555, .F. ) ;
#4356 = PLANE ( 'NONE',  #144 ) ;
#4358 = DIRECTION ( 'NONE',  ( -0.0000000000000000000, 0.0000000000000000000, -1.000000000000000000 ) ) ;
#4359 = CARTESIAN_POINT ( 'NONE',  ( 3.429999999999999700, 2.775000000000000800, 0.8499999999999914300 ) ) ;
#4360 = ORIENTED_EDGE ( 'NONE', *, *, #2404, .T. ) ;
#4361 = VECTOR ( 'NONE', #3438, 1000.000000000000000 ) ;
#4362 = ORIENTED_EDGE ( 'NONE', *, *, #3173, .T. ) ;
#4363 = VERTEX_POINT ( 'NONE', #774 ) ;
#4364 = CARTESIAN_POINT ( 'NONE',  ( 4.499999999999999100, 0.3999999999999999100, -6.999999999999964500 ) ) ;
#4365 = VECTOR ( 'NONE', #4203, 1000.000000000000000 ) ;
#4366 = ORIENTED_EDGE ( 'NONE', *, *, #4249, .T. ) ;
#4367 = ORIENTED_EDGE ( 'NONE', *, *, #1991, .F. ) ;
#4368 = CARTESIAN_POINT ( 'NONE',  ( 4.199999999999991300, 6.100000000000000500, -0.5556624327025852000 ) ) ;
#4369 = ITEM_DEFINED_TRANSFORMATION ( 'NONE', 'NONE', #934,  #4172 ) ;
#4370 = VECTOR ( 'NONE', #1513, 1000.000000000000000 ) ;
#4371 = DIRECTION ( 'NONE',  ( 0.0000000000000000000, 8.163404592832033600E-015, -1.000000000000000000 ) ) ;
#4372 = EDGE_CURVE ( 'NONE', #3030, #1647, #2035, .T. ) ;
#4373 = FACE_OUTER_BOUND ( 'NONE', #1417, .T. ) ;
#4374 = LINE ( 'NONE', #1821, #1930 ) ;
#4375 = AXIS2_PLACEMENT_3D ( 'NONE', #1264, #4324, #3992 ) ;
#4376 = LINE ( 'NONE', #1998, #746 ) ;
#4377 = FILL_AREA_STYLE ('',( #3364 ) ) ;
#4378 = LINE ( 'NONE', #2295, #2545 ) ;
#4379 = VECTOR ( 'NONE', #3197, 1000.000000000000000 ) ;
#4380 = CARTESIAN_POINT ( 'NONE',  ( 4.250000000000003600, 5.275000000000011000, -1.040949779275250900E-015 ) ) ;
#4381 = VECTOR ( 'NONE', #539, 1000.000000000000100 ) ;
#4382 = EDGE_CURVE ( 'NONE', #3167, #4230, #204, .T. ) ;
#4383 = AXIS2_PLACEMENT_3D ( 'NONE', #552, #277, #2312 ) ;
#4384 = DIRECTION ( 'NONE',  ( -0.0000000000000000000, 1.000000000000000000, -0.0000000000000000000 ) ) ;
#4385 = ORIENTED_EDGE ( 'NONE', *, *, #1582, .F. ) ;
#4386 = VERTEX_POINT ( 'NONE', #2806 ) ;
#4387 = DIRECTION ( 'NONE',  ( -0.0000000000000000000, 1.000000000000000000, -0.0000000000000000000 ) ) ;
#4388 = EDGE_LOOP ( 'NONE', ( #2137, #3139, #1222, #414 ) ) ;
#4389 = CARTESIAN_POINT ( 'NONE',  ( 4.250000000000003600, 6.100000000000000500, -2.999999999999990200 ) ) ;
#4390 = EDGE_CURVE ( 'NONE', #175, #4309, #2203, .T. ) ;
#4391 = PLANE ( 'NONE',  #3743 ) ;
#4392 = ORIENTED_EDGE ( 'NONE', *, *, #1038, .F. ) ;
#4393 = ADVANCED_FACE ( 'NONE', ( #2377 ), #364, .F. ) ;
#4394 = EDGE_CURVE ( 'NONE', #249, #3377, #2481, .T. ) ;
#4395 = AXIS2_PLACEMENT_3D ( 'NONE', #1226, #4268, #2556 ) ;
#4396 = ORIENTED_EDGE ( 'NONE', *, *, #3966, .T. ) ;
#4397 = DIRECTION ( 'NONE',  ( 1.000000000000000000, -0.0000000000000000000, 0.0000000000000000000 ) ) ;
#4398 = ORIENTED_EDGE ( 'NONE', *, *, #492, .F. ) ;
#4399 = CARTESIAN_POINT ( 'NONE',  ( 4.069999999999999400, -2.987878387081807300, 2.169999999999989700 ) ) ;
#4400 = VECTOR ( 'NONE', #3024, 1000.000000000000000 ) ;
#4401 = ORIENTED_EDGE ( 'NONE', *, *, #1960, .F. ) ;
#4402 = CARTESIAN_POINT ( 'NONE',  ( 3.429999999999999700, -1.087878387081808100, 2.169999999999991000 ) ) ;
#4403 = VECTOR ( 'NONE', #2055, 1000.000000000000100 ) ;
#4404 = EDGE_LOOP ( 'NONE', ( #932, #3544, #2642, #2516 ) ) ;
#4405 = VERTEX_POINT ( 'NONE', #3160 ) ;
#4406 = VERTEX_POINT ( 'NONE', #2893 ) ;
#4407 = LINE ( 'NONE', #4413, #2475 ) ;
#4408 = ORIENTED_EDGE ( 'NONE', *, *, #1622, .F. ) ;
#4409 = CARTESIAN_POINT ( 'NONE',  ( 0.9300000000000002700, 4.094999999999999800, -5.999999999999964500 ) ) ;
#4410 = ORIENTED_EDGE ( 'NONE', *, *, #4082, .T. ) ;
#4411 = UNCERTAINTY_MEASURE_WITH_UNIT (LENGTH_MEASURE( 1.000000000000000100E-005 ), #4339, 'distance_accuracy_value', 'NONE');
#4412 = LINE ( 'NONE', #94, #4193 ) ;
#4413 = CARTESIAN_POINT ( 'NONE',  ( 1.999999999999999100, 6.100000000000000500, -5.999999999999964500 ) ) ;
#4414 = FACE_OUTER_BOUND ( 'NONE', #1568, .T. ) ;
#4415 = VECTOR ( 'NONE', #4346, 1000.000000000000000 ) ;
#4416 = VECTOR ( 'NONE', #4465, 1000.000000000000000 ) ;
#4417 = ADVANCED_FACE ( 'NONE', ( #1447 ), #2583, .T. ) ;
#4418 = EDGE_CURVE ( 'NONE', #3405, #3762, #2258, .T. ) ;
#4419 = DIRECTION ( 'NONE',  ( -1.000000000000000000, -0.0000000000000000000, -5.782411586589432600E-016 ) ) ;
#4420 = FACE_OUTER_BOUND ( 'NONE', #2926, .T. ) ;
#4421 = AXIS2_PLACEMENT_3D ( 'NONE', #2335, #1311, #704 ) ;
#4422 = CARTESIAN_POINT ( 'NONE',  ( 4.069999999999999400, 3.454999999999999600, 0.8499999999999914300 ) ) ;
#4423 = CARTESIAN_POINT ( 'NONE',  ( 3.429999999999999700, -1.718922410801319900, 1.282120757304866700 ) ) ;
#4424 = AXIS2_PLACEMENT_3D ( 'NONE', #4085, #3386, #4071 ) ;
#4425 = ORIENTED_EDGE ( 'NONE', *, *, #3449, .F. ) ;
#4426 = CARTESIAN_POINT ( 'NONE',  ( 4.069999999999999400, 3.454999999999999600, -5.137878387081817000 ) ) ;
#4427 = CARTESIAN_POINT ( 'NONE',  ( 3.509469996326132900, 3.534469996326132300, -6.677921915102568400 ) ) ;
#4428 = DIRECTION ( 'NONE',  ( 0.0000000000000000000, -0.3735499670562327200, -0.9276100592987806000 ) ) ;
#4429 = CARTESIAN_POINT ( 'NONE',  ( -4.099999999999993400, 5.275000000000011000, -0.6133974596215428000 ) ) ;
#4430 = ADVANCED_FACE ( 'NONE', ( #3052 ), #1476, .F. ) ;
#4431 = DIRECTION ( 'NONE',  ( 0.0000000000000000000, 1.000000000000000000, -2.843808977011158800E-015 ) ) ;
#4432 = ORIENTED_EDGE ( 'NONE', *, *, #3904, .T. ) ;
#4433 = DIRECTION ( 'NONE',  ( 0.8660254037844444800, 0.0000000000000000000, 0.4999999999999898400 ) ) ;
#4434 = PLANE ( 'NONE',  #1502 ) ;
#4435 = DIRECTION ( 'NONE',  ( -1.000000000000000000, -2.141633920959035500E-016, 0.0000000000000000000 ) ) ;
#4436 = EDGE_LOOP ( 'NONE', ( #3892, #634, #1485, #1882 ) ) ;
#4437 = CARTESIAN_POINT ( 'NONE',  ( 1.570000000000000300, 3.454999999999999600, -4.700000000000000200 ) ) ;
#4438 = PLANE ( 'NONE',  #4009 ) ;
#4439 = ORIENTED_EDGE ( 'NONE', *, *, #2325, .T. ) ;
#4440 = EDGE_CURVE ( 'NONE', #3493, #467, #4049, .T. ) ;
#4441 = VERTEX_POINT ( 'NONE', #2192 ) ;
#4442 = AXIS2_PLACEMENT_3D ( 'NONE', #948, #4358, #1633 ) ;
#4443 = ORIENTED_EDGE ( 'NONE', *, *, #3311, .T. ) ;
#4444 = ORIENTED_EDGE ( 'NONE', *, *, #436, .F. ) ;
#4445 = DIRECTION ( 'NONE',  ( -0.0000000000000000000, -0.0000000000000000000, -1.000000000000000000 ) ) ;
#4446 = CARTESIAN_POINT ( 'NONE',  ( 1.570000000000000300, 3.454999999999999600, -9.400000000000000400 ) ) ;
#4447 = CARTESIAN_POINT ( 'NONE',  ( -5.349999999999998800, 1.225000000000037600, -4.700000000000000200 ) ) ;
#4448 = DIRECTION ( 'NONE',  ( 0.0000000000000000000, -0.0000000000000000000, 1.000000000000000000 ) ) ;
#4449 =( REPRESENTATION_RELATIONSHIP ('NONE','NONE', #1207, #2785 ) REPRESENTATION_RELATIONSHIP_WITH_TRANSFORMATION ( #2813 )SHAPE_REPRESENTATION_RELATIONSHIP( ) );
#4450 = ORIENTED_EDGE ( 'NONE', *, *, #978, .T. ) ;
#4451 = EDGE_CURVE ( 'NONE', #575, #4230, #310, .T. ) ;
#4452 = LINE ( 'NONE', #3400, #1209 ) ;
#4453 = ORIENTED_EDGE ( 'NONE', *, *, #2012, .F. ) ;
#4454 = VERTEX_POINT ( 'NONE', #444 ) ;
#4455 = EDGE_LOOP ( 'NONE', ( #1026, #3271, #500, #1741 ) ) ;
#4456 = LINE ( 'NONE', #4334, #790 ) ;
#4457 = CARTESIAN_POINT ( 'NONE',  ( 6.200000000000000200, 6.100000000000000500, -6.999999999999982200 ) ) ;
#4458 = DIRECTION ( 'NONE',  ( 1.000000000000000000, -0.0000000000000000000, -0.0000000000000000000 ) ) ;
#4459 = ORIENTED_EDGE ( 'NONE', *, *, #312, .F. ) ;
#4460 = VECTOR ( 'NONE', #80, 1000.000000000000000 ) ;
#4461 = DIRECTION ( 'NONE',  ( 0.0000000000000000000, 1.000000000000000000, -1.404634393503487000E-016 ) ) ;
#4462 = STYLED_ITEM ( 'NONE', ( #1752 ), #3755 ) ;
#4463 = DIRECTION ( 'NONE',  ( 1.000000000000000000, 0.0000000000000000000, 0.0000000000000000000 ) ) ;
#4464 = FACE_OUTER_BOUND ( 'NONE', #3402, .T. ) ;
#4465 = DIRECTION ( 'NONE',  ( -0.0000000000000000000, -0.0000000000000000000, 1.000000000000000000 ) ) ;
#4466 = LINE ( 'NONE', #763, #3303 ) ;
#4467 = APPLICATION_CONTEXT ( 'automotive_design' ) ;
#4468 = ORIENTED_EDGE ( 'NONE', *, *, #1830, .F. ) ;
#4469 = FACE_OUTER_BOUND ( 'NONE', #1968, .T. ) ;
#4470 = ORIENTED_EDGE ( 'NONE', *, *, #346, .F. ) ;
#4471 = EDGE_LOOP ( 'NONE', ( #3134, #3338, #2319, #3808 ) ) ;
#4472 = LINE ( 'NONE', #4270, #4202 ) ;
#4473 = DIRECTION ( 'NONE',  ( 0.0000000000000000000, 0.0000000000000000000, 1.000000000000000000 ) ) ;
#4474 = ORIENTED_EDGE ( 'NONE', *, *, #3380, .T. ) ;
#4475 = DIRECTION ( 'NONE',  ( -0.0000000000000000000, 0.0000000000000000000, 1.000000000000000000 ) ) ;
#4476 = FACE_OUTER_BOUND ( 'NONE', #264, .T. ) ;
#4477 = LINE ( 'NONE', #1218, #1666 ) ;
#4478 = CARTESIAN_POINT ( 'NONE',  ( 0.4999999999999987200, 0.0000000000000000000, -6.999999999999964500 ) ) ;
#4479 = CARTESIAN_POINT ( 'NONE',  ( 5.299999999999999800, 2.549999999999999800, -11.49999999999999600 ) ) ;
#4480 = DIRECTION ( 'NONE',  ( 1.000000000000000000, -0.0000000000000000000, 0.0000000000000000000 ) ) ;
#4481 = PLANE ( 'NONE',  #172 ) ;
#4482 = VERTEX_POINT ( 'NONE', #2905 ) ;
#4483 = NEXT_ASSEMBLY_USAGE_OCCURRENCE ( 'NAUO1', ' ', ' ', #4227, #3064, $ ) ;
#4484 = NEXT_ASSEMBLY_USAGE_OCCURRENCE ( 'NAUO2', ' ', ' ', #4227, #2001, $ ) ;
#4485 = NEXT_ASSEMBLY_USAGE_OCCURRENCE ( 'NAUO3', ' ', ' ', #4227, #620, $ ) ;
#4486 = NEXT_ASSEMBLY_USAGE_OCCURRENCE ( 'NAUO4', ' ', ' ', #4227, #620, $ ) ;
#4487 = NEXT_ASSEMBLY_USAGE_OCCURRENCE ( 'NAUO5', ' ', ' ', #4227, #2001, $ ) ;
ENDSEC;
END-ISO-10303-21;
