ISO-10303-21;
HEADER;
FILE_DESCRIPTION (( 'STEP AP214' ),
    '1' );
FILE_NAME ('SIR681DP-T1-RE3.STEP',
    '2025-07-17T05:56:00',
    ( '' ),
    ( '' ),
    'SwSTEP 2.0',
    'SolidWorks 2023',
    '' );
FILE_SCHEMA (( 'AUTOMOTIVE_DESIGN' ));
ENDSEC;

DATA;
#1 = ORIENTED_EDGE ( 'NONE', *, *, #1394, .T. ) ;
#2 = STYLED_ITEM ( 'NONE', ( #2034 ), #4167 ) ;
#3 = VECTOR ( 'NONE', #3921, 1000.000000000000000 ) ;
#4 = VECTOR ( 'NONE', #2762, 999.9999999999998863 ) ;
#5 = EDGE_CURVE ( 'NONE', #6948, #1367, #634, .T. ) ;
#6 = LINE ( 'NONE', #5011, #5071 ) ;
#7 = LINE ( 'NONE', #1182, #6918 ) ;
#8 = ORIENTED_EDGE ( 'NONE', *, *, #4136, .T. ) ;
#9 = DIRECTION ( 'NONE',  ( 0.000000000000000000, 0.000000000000000000, -1.000000000000000000 ) ) ;
#10 = CARTESIAN_POINT ( 'NONE',  ( -2.895000000000000018, 0.4049999999999999711, 0.000000000000000000 ) ) ;
#11 = VECTOR ( 'NONE', #5322, 1000.000000000000000 ) ;
#12 = ADVANCED_FACE ( 'NONE', ( #669 ), #6167, .F. ) ;
#13 = PLANE ( 'NONE',  #6930 ) ;
#14 = ORIENTED_EDGE ( 'NONE', *, *, #5387, .F. ) ;
#15 = LINE ( 'NONE', #3472, #2339 ) ;
#16 = EDGE_LOOP ( 'NONE', ( #3680, #6145, #3355, #2382 ) ) ;
#17 = DIRECTION ( 'NONE',  ( -1.000000000000000000, 0.000000000000000000, 0.000000000000000000 ) ) ;
#18 = MECHANICAL_DESIGN_GEOMETRIC_PRESENTATION_REPRESENTATION (  '', ( #472 ), #3470 ) ;
#19 = ORIENTED_EDGE ( 'NONE', *, *, #3052, .T. ) ;
#20 = FACE_OUTER_BOUND ( 'NONE', #2061, .T. ) ;
#21 = DIRECTION ( 'NONE',  ( 0.000000000000000000, 0.000000000000000000, 1.000000000000000000 ) ) ;
#22 = CARTESIAN_POINT ( 'NONE',  ( 2.465000000000000302, -0.4550000000000000155, 0.000000000000000000 ) ) ;
#23 = ORIENTED_EDGE ( 'NONE', *, *, #5375, .F. ) ;
#24 = FACE_OUTER_BOUND ( 'NONE', #38, .T. ) ;
#25 = CARTESIAN_POINT ( 'NONE',  ( -2.945000000000000284, 2.449999999999999734, 0.000000000000000000 ) ) ;
#26 = COLOUR_RGB ( '',0.2862745098039215508, 0.2862745098039215508, 0.2862745098039215508 ) ;
#27 = SURFACE_STYLE_USAGE ( .BOTH. , #531 ) ;
#28 = DIRECTION ( 'NONE',  ( 1.132880637372609972E-16, -1.000000000000000000, 0.000000000000000000 ) ) ;
#29 = ORIENTED_EDGE ( 'NONE', *, *, #4063, .F. ) ;
#30 = PLANE ( 'NONE',  #3098 ) ;
#31 = COLOUR_RGB ( '',0.2862745098039215508, 0.2862745098039215508, 0.2862745098039215508 ) ;
#32 =( NAMED_UNIT ( * ) SI_UNIT ( $, .STERADIAN. ) SOLID_ANGLE_UNIT ( ) );
#33 = EDGE_CURVE ( 'NONE', #641, #1521, #309, .T. ) ;
#34 = DIRECTION ( 'NONE',  ( -0.7071067811865380248, -0.7071067811865570096, 0.000000000000000000 ) ) ;
#35 =( NAMED_UNIT ( * ) PLANE_ANGLE_UNIT ( ) SI_UNIT ( $, .RADIAN. ) );
#36 = VERTEX_POINT ( 'NONE', #5080 ) ;
#37 = AXIS2_PLACEMENT_3D ( 'NONE', #1773, #4571, #6176 ) ;
#38 = EDGE_LOOP ( 'NONE', ( #3149, #3697, #4321, #6263 ) ) ;
#39 = CARTESIAN_POINT ( 'NONE',  ( 2.945000000000000284, -1.775000000000000133, 0.3800000000000000044 ) ) ;
#40 = PRESENTATION_LAYER_ASSIGNMENT (  '', '', ( #3841 ) ) ;
#41 = DIRECTION ( 'NONE',  ( 1.000000000000000000, 0.000000000000000000, 0.000000000000000000 ) ) ;
#42 = ORIENTED_EDGE ( 'NONE', *, *, #5247, .T. ) ;
#43 = FILL_AREA_STYLE_COLOUR ( '', #5316 ) ;
#44 = VECTOR ( 'NONE', #517, 1000.000000000000000 ) ;
#45 = CARTESIAN_POINT ( 'NONE',  ( -2.465000000000000302, -1.067500000000000115, 0.000000000000000000 ) ) ;
#46 = EDGE_CURVE ( 'NONE', #6526, #1780, #6928, .T. ) ;
#47 = ORIENTED_EDGE ( 'NONE', *, *, #7149, .T. ) ;
#48 = DIRECTION ( 'NONE',  ( 0.000000000000000000, 1.000000000000000000, 0.000000000000000000 ) ) ;
#49 = VERTEX_POINT ( 'NONE', #4663 ) ;
#50 = VECTOR ( 'NONE', #2561, 1000.000000000000000 ) ;
#51 = CARTESIAN_POINT ( 'NONE',  ( -2.729999999999999982, -2.299999999999999822, 0.000000000000000000 ) ) ;
#52 = EDGE_CURVE ( 'NONE', #261, #792, #1422, .T. ) ;
#53 = ORIENTED_EDGE ( 'NONE', *, *, #2999, .F. ) ;
#54 = DIRECTION ( 'NONE',  ( 0.000000000000000000, 1.000000000000000000, 0.000000000000000000 ) ) ;
#55 = DIRECTION ( 'NONE',  ( 0.1039620511844979861, -0.1039620511844979861, -0.9891328443778538704 ) ) ;
#56 = FILL_AREA_STYLE_COLOUR ( '', #4170 ) ;
#57 = PRODUCT_DEFINITION_FORMATION_WITH_SPECIFIED_SOURCE ( 'ANY', '', #5105, .NOT_KNOWN. ) ;
#58 = VERTEX_POINT ( 'NONE', #1722 ) ;
#60 = ORIENTED_EDGE ( 'NONE', *, *, #1028, .T. ) ;
#59 =( NAMED_UNIT ( * ) PLANE_ANGLE_UNIT ( ) SI_UNIT ( $, .RADIAN. ) );
#61 = EDGE_CURVE ( 'NONE', #6572, #1806, #1796, .T. ) ;
#62 = LINE ( 'NONE', #6666, #671 ) ;
#63 = CARTESIAN_POINT ( 'NONE',  ( 3.075000000000000178, 0.7649999999999999023, 0.000000000000000000 ) ) ;
#64 = DIRECTION ( 'NONE',  ( 0.000000000000000000, 0.000000000000000000, 1.000000000000000000 ) ) ;
#65 = CARTESIAN_POINT ( 'NONE',  ( 1.447500000000000009, -0.4550000000000000155, 0.000000000000000000 ) ) ;
#66 = FILL_AREA_STYLE_COLOUR ( '', #788 ) ;
#67 = ITEM_DEFINED_TRANSFORMATION ( 'NONE', 'NONE', #6047,  #5705 ) ;
#68 =( LENGTH_UNIT ( ) NAMED_UNIT ( * ) SI_UNIT ( .MILLI., .METRE. ) );
#69 = CARTESIAN_POINT ( 'NONE',  ( -2.945000000000000284, -2.084999999999999964, 0.3300000000000000155 ) ) ;
#70 = EDGE_CURVE ( 'NONE', #7085, #1816, #4490, .T. ) ;
#71 =( LENGTH_UNIT ( ) NAMED_UNIT ( * ) SI_UNIT ( .MILLI., .METRE. ) );
#72 = ORIENTED_EDGE ( 'NONE', *, *, #409, .T. ) ;
#73 =( NAMED_UNIT ( * ) SI_UNIT ( $, .STERADIAN. ) SOLID_ANGLE_UNIT ( ) );
#74 = DIRECTION ( 'NONE',  ( 0.000000000000000000, 0.000000000000000000, 1.000000000000000000 ) ) ;
#75 = CARTESIAN_POINT ( 'NONE',  ( 1.195000000000000062, 1.989999999999999991, 0.000000000000000000 ) ) ;
#76 = EDGE_LOOP ( 'NONE', ( #132, #3891, #1478, #7101 ) ) ;
#77 = CARTESIAN_POINT ( 'NONE',  ( -2.465000000000000302, 1.879999999999999893, 0.000000000000000000 ) ) ;
#78 = SURFACE_STYLE_FILL_AREA ( #5016 ) ;
#79 = SURFACE_STYLE_USAGE ( .BOTH. , #6103 ) ;
#80 = VERTEX_POINT ( 'NONE', #69 ) ;
#81 = FACE_OUTER_BOUND ( 'NONE', #5197, .T. ) ;
#82 = ORIENTED_EDGE ( 'NONE', *, *, #5121, .T. ) ;
#83 = DIRECTION ( 'NONE',  ( 0.000000000000000000, 0.000000000000000000, 1.000000000000000000 ) ) ;
#84 = ORIENTED_EDGE ( 'NONE', *, *, #5449, .F. ) ;
#85 = CARTESIAN_POINT ( 'NONE',  ( -3.075000000000000178, -2.084999999999999964, 0.3800000000000000044 ) ) ;
#86 = SURFACE_STYLE_FILL_AREA ( #626 ) ;
#87 = ORIENTED_EDGE ( 'NONE', *, *, #5941, .F. ) ;
#89 = VERTEX_POINT ( 'NONE', #1175 ) ;
#88 = DIRECTION ( 'NONE',  ( 0.000000000000000000, 1.000000000000000000, 0.000000000000000000 ) ) ;
#90 = MECHANICAL_DESIGN_GEOMETRIC_PRESENTATION_REPRESENTATION (  '', ( #428 ), #4801 ) ;
#91 =( LENGTH_UNIT ( ) NAMED_UNIT ( * ) SI_UNIT ( .MILLI., .METRE. ) );
#92 = LINE ( 'NONE', #6158, #219 ) ;
#93 = EDGE_CURVE ( 'NONE', #1524, #6360, #5589, .T. ) ;
#94 = DIRECTION ( 'NONE',  ( 1.000000000000000000, 0.000000000000000000, 0.000000000000000000 ) ) ;
#95 = LINE ( 'NONE', #4806, #6599 ) ;
#96 = VECTOR ( 'NONE', #4365, 1000.000000000000000 ) ;
#97 = COLOUR_RGB ( '',0.2862745098039215508, 0.2862745098039215508, 0.2862745098039215508 ) ;
#98 = EDGE_CURVE ( 'NONE', #2156, #5344, #5621, .T. ) ;
#99 = CARTESIAN_POINT ( 'NONE',  ( 2.895000000000000018, -2.135000000000000231, 0.000000000000000000 ) ) ;
#100 = DIRECTION ( 'NONE',  ( -0.7071067811865441310, 0.7071067811865510144, 0.000000000000000000 ) ) ;
#101 = VECTOR ( 'NONE', #3807, 1000.000000000000000 ) ;
#102 =( GEOMETRIC_REPRESENTATION_CONTEXT ( 3 ) GLOBAL_UNCERTAINTY_ASSIGNED_CONTEXT ( ( #5250 ) ) GLOBAL_UNIT_ASSIGNED_CONTEXT ( ( #315, #6869, #4166 ) ) REPRESENTATION_CONTEXT ( 'NONE', 'WORKASPACE' ) );
#103 = LINE ( 'NONE', #2296, #4242 ) ;
#104 = DIRECTION ( 'NONE',  ( 0.000000000000000000, 0.000000000000000000, 1.000000000000000000 ) ) ;
#105 = UNCERTAINTY_MEASURE_WITH_UNIT (LENGTH_MEASURE( 1.000000000000000082E-05 ), #4402, 'distance_accuracy_value', 'NONE');
#106 = MECHANICAL_DESIGN_GEOMETRIC_PRESENTATION_REPRESENTATION (  '', ( #1831 ), #561 ) ;
#107 = VECTOR ( 'NONE', #6298, 1000.000000000000000 ) ;
#108 = AXIS2_PLACEMENT_3D ( 'NONE', #4122, #6378, #2571 ) ;
#109 = PLANE ( 'NONE',  #1609 ) ;
#110 = ORIENTED_EDGE ( 'NONE', *, *, #655, .T. ) ;
#111 = DIRECTION ( 'NONE',  ( 0.7071067811865475727, -0.7071067811865475727, 0.000000000000000000 ) ) ;
#112 = CARTESIAN_POINT ( 'NONE',  ( 1.195000000000000062, -1.989999999999999991, 0.000000000000000000 ) ) ;
#113 = AXIS2_PLACEMENT_3D ( 'NONE', #6319, #1356, #3576 ) ;
#114 = CARTESIAN_POINT ( 'NONE',  ( -0.5799999999999999600, 2.575000000000000178, 0.3300000000000000155 ) ) ;
#115 = STYLED_ITEM ( 'NONE', ( #771 ), #724 ) ;
#116 = VECTOR ( 'NONE', #83, 1000.000000000000000 ) ;
#117 = ORIENTED_EDGE ( 'NONE', *, *, #576, .F. ) ;
#118 = FACE_OUTER_BOUND ( 'NONE', #6873, .T. ) ;
#119 = AXIS2_PLACEMENT_3D ( 'NONE', #1241, #2404, #744 ) ;
#120 = CARTESIAN_POINT ( 'NONE',  ( -3.075000000000000178, -1.775000000000000133, 0.000000000000000000 ) ) ;
#121 = STYLED_ITEM ( 'NONE', ( #2453 ), #879 ) ;
#122 = AXIS2_PLACEMENT_3D ( 'NONE', #3276, #4419, #3886 ) ;
#123 = ORIENTED_EDGE ( 'NONE', *, *, #6453, .T. ) ;
#124 = DIRECTION ( 'NONE',  ( -1.000000000000000000, 0.000000000000000000, 0.000000000000000000 ) ) ;
#125 = VERTEX_POINT ( 'NONE', #3983 ) ;
#126 = DIRECTION ( 'NONE',  ( 1.000000000000000000, 0.000000000000000000, 0.000000000000000000 ) ) ;
#127 = EDGE_CURVE ( 'NONE', #3057, #6840, #3015, .T. ) ;
#128 = ORIENTED_EDGE ( 'NONE', *, *, #1788, .T. ) ;
#129 = CARTESIAN_POINT ( 'NONE',  ( -2.945000000000000284, -1.775000000000000133, 0.3800000000000000044 ) ) ;
#130 = CARTESIAN_POINT ( 'NONE',  ( -2.945000000000000284, 0.4550000000000000155, 0.3800000000000000044 ) ) ;
#131 = CARTESIAN_POINT ( 'NONE',  ( -3.075000000000000178, -1.775000000000000133, 0.3800000000000000044 ) ) ;
#132 = ORIENTED_EDGE ( 'NONE', *, *, #3919, .T. ) ;
#133 = VECTOR ( 'NONE', #3512, 1000.000000000000000 ) ;
#135 = EDGE_LOOP ( 'NONE', ( #5059, #2246, #5124, #3506 ) ) ;
#134 = FILL_AREA_STYLE ('',( #166 ) ) ;
#136 =( NAMED_UNIT ( * ) SI_UNIT ( $, .STERADIAN. ) SOLID_ANGLE_UNIT ( ) );
#137 = LINE ( 'NONE', #63, #1385 ) ;
#138 =( LENGTH_UNIT ( ) NAMED_UNIT ( * ) SI_UNIT ( .MILLI., .METRE. ) );
#139 = PRESENTATION_STYLE_ASSIGNMENT (( #602 ) ) ;
#140 =( NAMED_UNIT ( * ) PLANE_ANGLE_UNIT ( ) SI_UNIT ( $, .RADIAN. ) );
#141 = VECTOR ( 'NONE', #3079, 1000.000000000000000 ) ;
#142 = EDGE_CURVE ( 'NONE', #794, #474, #6756, .T. ) ;
#143 = EDGE_CURVE ( 'NONE', #1697, #4996, #2469, .T. ) ;
#144 = CARTESIAN_POINT ( 'NONE',  ( -2.465000000000000302, -1.724999999999999867, 0.3300000000000000155 ) ) ;
#145 = LINE ( 'NONE', #2336, #5872 ) ;
#146 = ORIENTED_EDGE ( 'NONE', *, *, #1501, .T. ) ;
#147 = LINE ( 'NONE', #5010, #1185 ) ;
#148 = PLANE ( 'NONE',  #5746 ) ;
#149 = ORIENTED_EDGE ( 'NONE', *, *, #2027, .F. ) ;
#150 = VECTOR ( 'NONE', #1336, 1000.000000000000000 ) ;
#151 = ADVANCED_FACE ( 'NONE', ( #6552 ), #5907, .T. ) ;
#152 = FILL_AREA_STYLE ('',( #5088 ) ) ;
#153 = VERTEX_POINT ( 'NONE', #4198 ) ;
#154 = CARTESIAN_POINT ( 'NONE',  ( 2.465000000000000302, 2.084999999999999964, 0.000000000000000000 ) ) ;
#155 = VECTOR ( 'NONE', #831, 1000.000000000000000 ) ;
#156 = VERTEX_POINT ( 'NONE', #5388 ) ;
#157 = LINE ( 'NONE', #6769, #3142 ) ;
#158 = ORIENTED_EDGE ( 'NONE', *, *, #3615, .F. ) ;
#159 = LINE ( 'NONE', #6626, #2995 ) ;
#160 = ORIENTED_EDGE ( 'NONE', *, *, #2143, .T. ) ;
#161 = SURFACE_SIDE_STYLE ('',( #801 ) ) ;
#162 = DIRECTION ( 'NONE',  ( 1.000000000000000000, 0.000000000000000000, 0.000000000000000000 ) ) ;
#163 = PLANE ( 'NONE',  #2562 ) ;
#164 = VERTEX_POINT ( 'NONE', #1455 ) ;
#165 = PRESENTATION_LAYER_ASSIGNMENT (  '', '', ( #615 ) ) ;
#167 = VERTEX_POINT ( 'NONE', #6414 ) ;
#166 = FILL_AREA_STYLE_COLOUR ( '', #770 ) ;
#168 = SURFACE_STYLE_FILL_AREA ( #3443 ) ;
#169 = CARTESIAN_POINT ( 'NONE',  ( 2.895000000000000018, -1.724999999999999867, 0.3800000000000000044 ) ) ;
#170 = LINE ( 'NONE', #5660, #2423 ) ;
#171 = AXIS2_PLACEMENT_3D ( 'NONE', #256, #3574, #5787 ) ;
#172 = CARTESIAN_POINT ( 'NONE',  ( 2.945000000000000284, 2.034999999999999698, 0.000000000000000000 ) ) ;
#173 = CARTESIAN_POINT ( 'NONE',  ( 2.895000000000000018, -0.8649999999999999911, 0.000000000000000000 ) ) ;
#174 = SURFACE_STYLE_USAGE ( .BOTH. , #6126 ) ;
#175 =( NAMED_UNIT ( * ) SI_UNIT ( $, .STERADIAN. ) SOLID_ANGLE_UNIT ( ) );
#176 = DIRECTION ( 'NONE',  ( 0.000000000000000000, 0.000000000000000000, 1.000000000000000000 ) ) ;
#177 = EDGE_CURVE ( 'NONE', #2740, #521, #3077, .T. ) ;
#178 = LINE ( 'NONE', #6283, #5656 ) ;
#179 = ORIENTED_EDGE ( 'NONE', *, *, #5339, .F. ) ;
#180 = PLANE ( 'NONE',  #395 ) ;
#181 = PLANE ( 'NONE',  #664 ) ;
#182 = FILL_AREA_STYLE_COLOUR ( '', #4925 ) ;
#183 = CARTESIAN_POINT ( 'NONE',  ( 2.945000000000000284, -2.084999999999999964, 0.000000000000000000 ) ) ;
#184 = ORIENTED_EDGE ( 'NONE', *, *, #1365, .F. ) ;
#185 = ADVANCED_FACE ( 'NONE', ( #6967, #5969 ), #2541, .T. ) ;
#186 = LINE ( 'NONE', #1938, #4970 ) ;
#187 = EDGE_CURVE ( 'NONE', #1331, #5826, #3224, .T. ) ;
#188 = LINE ( 'NONE', #644, #4946 ) ;
#189 = ORIENTED_EDGE ( 'NONE', *, *, #2614, .T. ) ;
#190 = CARTESIAN_POINT ( 'NONE',  ( 2.895000000000000018, -1.724999999999999867, 0.000000000000000000 ) ) ;
#191 = ORIENTED_EDGE ( 'NONE', *, *, #1091, .F. ) ;
#192 =( NAMED_UNIT ( * ) PLANE_ANGLE_UNIT ( ) SI_UNIT ( $, .RADIAN. ) );
#193 = ORIENTED_EDGE ( 'NONE', *, *, #5000, .F. ) ;
#194 =( NAMED_UNIT ( * ) SI_UNIT ( $, .STERADIAN. ) SOLID_ANGLE_UNIT ( ) );
#195 = CARTESIAN_POINT ( 'NONE',  ( 0.8299999999999999600, 2.575000000000000178, 0.3800000000000000044 ) ) ;
#196 = DIRECTION ( 'NONE',  ( -1.132880637372609972E-16, 1.000000000000000000, -1.077863926709489990E-15 ) ) ;
#197 = VERTEX_POINT ( 'NONE', #4804 ) ;
#199 = ORIENTED_EDGE ( 'NONE', *, *, #2504, .F. ) ;
#198 = LINE ( 'NONE', #6334, #1817 ) ;
#200 = LINE ( 'NONE', #6076, #1833 ) ;
#201 = UNCERTAINTY_MEASURE_WITH_UNIT (LENGTH_MEASURE( 1.000000000000000082E-05 ), #4168, 'distance_accuracy_value', 'NONE');
#202 = CARTESIAN_POINT ( 'NONE',  ( 2.465000000000000302, 1.675000000000000044, 0.000000000000000000 ) ) ;
#203 = EDGE_CURVE ( 'NONE', #7127, #6154, #2573, .T. ) ;
#204 = CARTESIAN_POINT ( 'NONE',  ( 3.075000000000000178, -0.8149999999999999467, 0.000000000000000000 ) ) ;
#205 = CARTESIAN_POINT ( 'NONE',  ( 0.4449999999999999512, 2.189999999999999947, 0.000000000000000000 ) ) ;
#206 = CARTESIAN_POINT ( 'NONE',  ( -2.945000000000000284, 0.7649999999999999023, 0.000000000000000000 ) ) ;
#207 = DIRECTION ( 'NONE',  ( 0.000000000000000000, 0.000000000000000000, 1.000000000000000000 ) ) ;
#208 = EDGE_CURVE ( 'NONE', #5102, #6011, #6446, .T. ) ;
#209 = CLOSED_SHELL ( 'NONE', ( #5564, #931, #386, #5027, #2912, #3393, #4529, #6949, #151, #1052 ) ) ;
#210 = CARTESIAN_POINT ( 'NONE',  ( -2.945000000000000284, 0.7649999999999999023, 0.000000000000000000 ) ) ;
#211 = VECTOR ( 'NONE', #6203, 1000.000000000000000 ) ;
#212 = VERTEX_POINT ( 'NONE', #3733 ) ;
#213 =( LENGTH_UNIT ( ) NAMED_UNIT ( * ) SI_UNIT ( .MILLI., .METRE. ) );
#214 = EDGE_CURVE ( 'NONE', #1383, #5644, #1493, .T. ) ;
#215 = DIRECTION ( 'NONE',  ( 1.000000000000000000, 0.000000000000000000, 0.000000000000000000 ) ) ;
#216 =( LENGTH_UNIT ( ) NAMED_UNIT ( * ) SI_UNIT ( .MILLI., .METRE. ) );
#217 = CARTESIAN_POINT ( 'NONE',  ( -2.465000000000000302, 0.8149999999999999467, 0.000000000000000000 ) ) ;
#218 = ORIENTED_EDGE ( 'NONE', *, *, #142, .T. ) ;
#219 = VECTOR ( 'NONE', #1199, 1000.000000000000000 ) ;
#220 = VECTOR ( 'NONE', #1393, 1000.000000000000000 ) ;
#221 = CARTESIAN_POINT ( 'NONE',  ( -0.9650000000000000799, -0.9949999999999999956, 0.000000000000000000 ) ) ;
#222 = SURFACE_SIDE_STYLE ('',( #685 ) ) ;
#223 = ORIENTED_EDGE ( 'NONE', *, *, #3080, .F. ) ;
#224 = DIRECTION ( 'NONE',  ( 0.7071067811865550112, -0.7071067811865400232, 0.000000000000000000 ) ) ;
#225 = EDGE_CURVE ( 'NONE', #6292, #1190, #7028, .T. ) ;
#226 = ORIENTED_EDGE ( 'NONE', *, *, #5295, .F. ) ;
#227 = STYLED_ITEM ( 'NONE', ( #2972 ), #586 ) ;
#228 = PLANE ( 'NONE',  #3107 ) ;
#229 = ORIENTED_EDGE ( 'NONE', *, *, #882, .T. ) ;
#230 = ADVANCED_FACE ( 'NONE', ( #3633 ), #2066, .T. ) ;
#231 = EDGE_CURVE ( 'NONE', #5043, #5974, #981, .T. ) ;
#232 = LINE ( 'NONE', #6959, #2857 ) ;
#233 = DIRECTION ( 'NONE',  ( 0.000000000000000000, 0.000000000000000000, -1.000000000000000000 ) ) ;
#234 = CARTESIAN_POINT ( 'NONE',  ( 1.232500000000000151, 1.879999999999999893, 0.000000000000000000 ) ) ;
#235 = PRESENTATION_LAYER_ASSIGNMENT (  '', '', ( #3693 ) ) ;
#236 =( GEOMETRIC_REPRESENTATION_CONTEXT ( 3 ) GLOBAL_UNCERTAINTY_ASSIGNED_CONTEXT ( ( #6370 ) ) GLOBAL_UNIT_ASSIGNED_CONTEXT ( ( #6875, #896, #3199 ) ) REPRESENTATION_CONTEXT ( 'NONE', 'WORKASPACE' ) );
#237 = ORIENTED_EDGE ( 'NONE', *, *, #437, .F. ) ;
#239 = ORIENTED_EDGE ( 'NONE', *, *, #1216, .T. ) ;
#238 = DIRECTION ( 'NONE',  ( -1.000000000000000000, 0.000000000000000000, 0.000000000000000000 ) ) ;
#240 = AXIS2_PLACEMENT_3D ( 'NONE', #3556, #2435, #6415 ) ;
#241 = CARTESIAN_POINT ( 'NONE',  ( 2.945000000000000284, -2.084999999999999964, 0.3800000000000000044 ) ) ;
#242 = DIRECTION ( 'NONE',  ( -1.000000000000000000, -9.424643672539529398E-17, -8.966949475172358999E-16 ) ) ;
#243 = FACE_OUTER_BOUND ( 'NONE', #4009, .T. ) ;
#244 = CARTESIAN_POINT ( 'NONE',  ( 2.465000000000000302, 0.4049999999999999711, 0.000000000000000000 ) ) ;
#245 = EDGE_LOOP ( 'NONE', ( #4953, #3129, #2427, #6405 ) ) ;
#246 = VECTOR ( 'NONE', #1854, 1000.000000000000000 ) ;
#247 =( NAMED_UNIT ( * ) PLANE_ANGLE_UNIT ( ) SI_UNIT ( $, .RADIAN. ) );
#248 = LINE ( 'NONE', #1461, #1576 ) ;
#249 = CARTESIAN_POINT ( 'NONE',  ( 0.5799999999999999600, -2.575000000000000178, 0.000000000000000000 ) ) ;
#250 = AXIS2_PLACEMENT_3D ( 'NONE', #1335, #4726, #2963 ) ;
#251 = DIRECTION ( 'NONE',  ( 0.000000000000000000, 0.000000000000000000, -1.000000000000000000 ) ) ;
#252 = ADVANCED_FACE ( 'NONE', ( #3182 ), #4507, .T. ) ;
#253 = VECTOR ( 'NONE', #461, 1000.000000000000114 ) ;
#254 =( LENGTH_UNIT ( ) NAMED_UNIT ( * ) SI_UNIT ( .MILLI., .METRE. ) );
#255 = ORIENTED_EDGE ( 'NONE', *, *, #4265, .F. ) ;
#256 = CARTESIAN_POINT ( 'NONE',  ( 0.000000000000000000, -2.775557561562889872E-16, 1.119900000000000118 ) ) ;
#257 = CARTESIAN_POINT ( 'NONE',  ( -2.895000000000000018, -0.4550000000000000155, 0.000000000000000000 ) ) ;
#258 = VERTEX_POINT ( 'NONE', #3935 ) ;
#259 = DIRECTION ( 'NONE',  ( 0.000000000000000000, -1.000000000000000000, 0.000000000000000000 ) ) ;
#260 = DIRECTION ( 'NONE',  ( 0.000000000000000000, 0.000000000000000000, -1.000000000000000000 ) ) ;
#261 = VERTEX_POINT ( 'NONE', #624 ) ;
#262 = DIRECTION ( 'NONE',  ( 0.000000000000000000, 1.000000000000000000, 0.000000000000000000 ) ) ;
#263 = EDGE_LOOP ( 'NONE', ( #439, #4082, #5378, #6742 ) ) ;
#264 =( LENGTH_UNIT ( ) NAMED_UNIT ( * ) SI_UNIT ( .MILLI., .METRE. ) );
#265 = EDGE_LOOP ( 'NONE', ( #4959, #6592, #4823, #2227 ) ) ;
#266 = CARTESIAN_POINT ( 'NONE',  ( -2.465000000000000302, -2.135000000000000231, 0.3300000000000000155 ) ) ;
#267 = ADVANCED_FACE ( 'NONE', ( #20 ), #1702, .T. ) ;
#268 = PRESENTATION_LAYER_ASSIGNMENT (  '', '', ( #2334 ) ) ;
#269 = SURFACE_STYLE_FILL_AREA ( #2530 ) ;
#270 = EDGE_CURVE ( 'NONE', #4859, #4073, #5060, .T. ) ;
#271 = ORIENTED_EDGE ( 'NONE', *, *, #1921, .F. ) ;
#273 = ORIENTED_EDGE ( 'NONE', *, *, #6775, .F. ) ;
#272 = CARTESIAN_POINT ( 'NONE',  ( -2.895000000000000018, -0.8649999999999999911, 0.000000000000000000 ) ) ;
#274 = AXIS2_PLACEMENT_3D ( 'NONE', #6058, #3301, #5005 ) ;
#275 = DIRECTION ( 'NONE',  ( 0.000000000000000000, 0.000000000000000000, 1.000000000000000000 ) ) ;
#276 = CARTESIAN_POINT ( 'NONE',  ( -1.318523908571979986, -1.577678628662990024, 0.000000000000000000 ) ) ;
#277 = DIRECTION ( 'NONE',  ( 0.000000000000000000, 0.000000000000000000, 1.000000000000000000 ) ) ;
#278 = DIRECTION ( 'NONE',  ( -0.7071067811865550112, -0.7071067811865400232, 0.000000000000000000 ) ) ;
#279 = EDGE_CURVE ( 'NONE', #3394, #5613, #5463, .T. ) ;
#280 = LINE ( 'NONE', #2032, #6252 ) ;
#281 = UNCERTAINTY_MEASURE_WITH_UNIT (LENGTH_MEASURE( 1.000000000000000082E-05 ), #91, 'distance_accuracy_value', 'NONE');
#282 = MECHANICAL_DESIGN_GEOMETRIC_PRESENTATION_REPRESENTATION (  '', ( #615 ), #958 ) ;
#283 = CARTESIAN_POINT ( 'NONE',  ( 2.895000000000000018, 2.084999999999999964, 0.000000000000000000 ) ) ;
#284 = EDGE_CURVE ( 'NONE', #5415, #5107, #6072, .T. ) ;
#285 = LINE ( 'NONE', #5873, #4916 ) ;
#286 = FACE_OUTER_BOUND ( 'NONE', #6355, .T. ) ;
#287 = EDGE_LOOP ( 'NONE', ( #2796, #1615, #2357, #3587, #421, #5652, #4709, #5423, #6107 ) ) ;
#288 = DIRECTION ( 'NONE',  ( 0.000000000000000000, 0.000000000000000000, 1.000000000000000000 ) ) ;
#289 = DIRECTION ( 'NONE',  ( -1.132880637372609972E-16, 1.000000000000000000, -1.077863926709489990E-15 ) ) ;
#290 = CARTESIAN_POINT ( 'NONE',  ( -2.945000000000000284, 1.724999999999999867, 0.000000000000000000 ) ) ;
#291 = EDGE_LOOP ( 'NONE', ( #5251, #6540, #2675, #3243 ) ) ;
#292 = ADVANCED_FACE ( 'NONE', ( #3836 ), #2715, .F. ) ;
#293 = DIRECTION ( 'NONE',  ( 0.000000000000000000, 1.000000000000000000, 0.000000000000000000 ) ) ;
#294 = FACE_OUTER_BOUND ( 'NONE', #516, .T. ) ;
#295 = ORIENTED_EDGE ( 'NONE', *, *, #6132, .F. ) ;
#296 = CARTESIAN_POINT ( 'NONE',  ( 2.945000000000000284, -0.8149999999999999467, 0.000000000000000000 ) ) ;
#297 = EDGE_LOOP ( 'NONE', ( #5924, #4472, #1326, #271 ) ) ;
#298 = ORIENTED_EDGE ( 'NONE', *, *, #4829, .F. ) ;
#299 = UNCERTAINTY_MEASURE_WITH_UNIT (LENGTH_MEASURE( 1.000000000000000082E-05 ), #3617, 'distance_accuracy_value', 'NONE');
#300 = LINE ( 'NONE', #759, #4132 ) ;
#301 = DIRECTION ( 'NONE',  ( 0.000000000000000000, -1.000000000000000000, 0.000000000000000000 ) ) ;
#302 = LINE ( 'NONE', #1919, #5099 ) ;
#303 = ORIENTED_EDGE ( 'NONE', *, *, #4392, .T. ) ;
#305 = EDGE_LOOP ( 'NONE', ( #4531, #6375, #3476, #3218 ) ) ;
#304 = CARTESIAN_POINT ( 'NONE',  ( -2.945000000000000284, 0.7649999999999999023, 0.3800000000000000044 ) ) ;
#306 = EDGE_CURVE ( 'NONE', #2384, #1322, #2242, .T. ) ;
#307 = LINE ( 'NONE', #3553, #3205 ) ;
#308 = ORIENTED_EDGE ( 'NONE', *, *, #703, .T. ) ;
#309 = LINE ( 'NONE', #5770, #3100 ) ;
#310 = SURFACE_SIDE_STYLE ('',( #5810 ) ) ;
#311 = DIRECTION ( 'NONE',  ( -0.000000000000000000, 1.000000000000000000, 0.000000000000000000 ) ) ;
#312 = UNCERTAINTY_MEASURE_WITH_UNIT (LENGTH_MEASURE( 1.000000000000000082E-05 ), #5918, 'distance_accuracy_value', 'NONE');
#313 = CARTESIAN_POINT ( 'NONE',  ( -0.5799999999999999600, 2.449999999999999734, 0.000000000000000000 ) ) ;
#314 = EDGE_CURVE ( 'NONE', #2302, #3300, #2275, .T. ) ;
#315 =( LENGTH_UNIT ( ) NAMED_UNIT ( * ) SI_UNIT ( .MILLI., .METRE. ) );
#316 = PLANE ( 'NONE',  #3223 ) ;
#317 = UNCERTAINTY_MEASURE_WITH_UNIT (LENGTH_MEASURE( 1.000000000000000082E-05 ), #2633, 'distance_accuracy_value', 'NONE');
#318 = FILL_AREA_STYLE_COLOUR ( '', #5200 ) ;
#319 = EDGE_CURVE ( 'NONE', #2924, #2712, #5023, .T. ) ;
#320 = ORIENTED_EDGE ( 'NONE', *, *, #5007, .T. ) ;
#321 =( GEOMETRIC_REPRESENTATION_CONTEXT ( 3 ) GLOBAL_UNCERTAINTY_ASSIGNED_CONTEXT ( ( #2835 ) ) GLOBAL_UNIT_ASSIGNED_CONTEXT ( ( #4329, #954, #5359 ) ) REPRESENTATION_CONTEXT ( 'NONE', 'WORKASPACE' ) );
#322 = FILL_AREA_STYLE_COLOUR ( '', #913 ) ;
#323 = EDGE_LOOP ( 'NONE', ( #6642, #1954, #5354, #588 ) ) ;
#324 = CARTESIAN_POINT ( 'NONE',  ( 0.9650000000000000799, 1.989999999999999991, 0.000000000000000000 ) ) ;
#325 = MECHANICAL_DESIGN_GEOMETRIC_PRESENTATION_REPRESENTATION (  '', ( #3432 ), #5625 ) ;
#326 = DIRECTION ( 'NONE',  ( 0.000000000000000000, 0.000000000000000000, 1.000000000000000000 ) ) ;
#327 = ORIENTED_EDGE ( 'NONE', *, *, #1654, .T. ) ;
#328 = PRESENTATION_STYLE_ASSIGNMENT (( #6293 ) ) ;
#329 = VECTOR ( 'NONE', #6493, 1000.000000000000000 ) ;
#330 = STYLED_ITEM ( 'NONE', ( #4123 ), #537 ) ;
#331 = ORIENTED_EDGE ( 'NONE', *, *, #4430, .T. ) ;
#332 = DIRECTION ( 'NONE',  ( -1.132880637372609972E-16, 1.000000000000000000, -1.077863926709489990E-15 ) ) ;
#333 = LINE ( 'NONE', #5835, #1734 ) ;
#334 = CARTESIAN_POINT ( 'NONE',  ( -2.945000000000000284, -0.8149999999999999467, 0.3800000000000000044 ) ) ;
#335 = VECTOR ( 'NONE', #6672, 1000.000000000000000 ) ;
#336 = PRESENTATION_LAYER_ASSIGNMENT (  '', '', ( #4237 ) ) ;
#337 = ORIENTED_EDGE ( 'NONE', *, *, #3494, .T. ) ;
#338 = STYLED_ITEM ( 'NONE', ( #4601 ), #1412 ) ;
#339 = EDGE_CURVE ( 'NONE', #2313, #6647, #1636, .T. ) ;
#341 = VERTEX_POINT ( 'NONE', #6044 ) ;
#340 = LINE ( 'NONE', #2536, #2501 ) ;
#342 = VERTEX_POINT ( 'NONE', #4906 ) ;
#343 = FILL_AREA_STYLE ('',( #765 ) ) ;
#344 = AXIS2_PLACEMENT_3D ( 'NONE', #3237, #3776, #5990 ) ;
#345 = FILL_AREA_STYLE ('',( #6522 ) ) ;
#346 = COLOUR_RGB ( '',0.7490196078431372584, 0.7490196078431372584, 0.7490196078431372584 ) ;
#348 = CARTESIAN_POINT ( 'NONE',  ( 0.4449999999999999512, -2.189999999999999947, 0.000000000000000000 ) ) ;
#347 = UNCERTAINTY_MEASURE_WITH_UNIT (LENGTH_MEASURE( 1.000000000000000082E-05 ), #1805, 'distance_accuracy_value', 'NONE');
#349 = VECTOR ( 'NONE', #5003, 1000.000000000000000 ) ;
#350 = DIRECTION ( 'NONE',  ( 0.000000000000000000, 0.000000000000000000, 1.000000000000000000 ) ) ;
#351 =( GEOMETRIC_REPRESENTATION_CONTEXT ( 3 ) GLOBAL_UNCERTAINTY_ASSIGNED_CONTEXT ( ( #4682 ) ) GLOBAL_UNIT_ASSIGNED_CONTEXT ( ( #3749, #6028, #6758 ) ) REPRESENTATION_CONTEXT ( 'NONE', 'WORKASPACE' ) );
#352 = MECHANICAL_DESIGN_GEOMETRIC_PRESENTATION_REPRESENTATION (  '', ( #4694 ), #1826 ) ;
#353 = DIRECTION ( 'NONE',  ( 0.7071067811865570096, -0.7071067811865380248, 0.000000000000000000 ) ) ;
#354 = LINE ( 'NONE', #3158, #5535 ) ;
#355 =( NAMED_UNIT ( * ) PLANE_ANGLE_UNIT ( ) SI_UNIT ( $, .RADIAN. ) );
#356 = MECHANICAL_DESIGN_GEOMETRIC_PRESENTATION_REPRESENTATION (  '', ( #3812 ), #3116 ) ;
#357 = EDGE_CURVE ( 'NONE', #999, #1410, #7132, .T. ) ;
#358 = EDGE_CURVE ( 'NONE', #3222, #3618, #1112, .T. ) ;
#359 = CARTESIAN_POINT ( 'NONE',  ( -0.4449999999999999512, -1.879999999999999893, 0.3300000000000000155 ) ) ;
#360 = ORIENTED_EDGE ( 'NONE', *, *, #2144, .F. ) ;
#361 = EDGE_CURVE ( 'NONE', #6802, #2422, #1741, .T. ) ;
#362 = CARTESIAN_POINT ( 'NONE',  ( -1.447500000000000009, 0.4049999999999999711, 0.000000000000000000 ) ) ;
#363 = ORIENTED_EDGE ( 'NONE', *, *, #2734, .F. ) ;
#364 = MANIFOLD_SOLID_BREP ( 'Trans_Vishay_SIR681DP-T1-RE3_eec.STEP<1>[2]', #2756 ) ;
#365 = CARTESIAN_POINT ( 'NONE',  ( -0.8299999999999999600, 2.423826859021799951, 0.3300000000000000155 ) ) ;
#366 = PRESENTATION_LAYER_ASSIGNMENT (  '', '', ( #2082 ) ) ;
#367 = CARTESIAN_POINT ( 'NONE',  ( 2.895000000000000018, 0.8149999999999999467, 0.3300000000000000155 ) ) ;
#368 = ORIENTED_EDGE ( 'NONE', *, *, #1284, .T. ) ;
#369 = CARTESIAN_POINT ( 'NONE',  ( 1.195000000000000062, 1.989999999999999991, 0.000000000000000000 ) ) ;
#370 = EDGE_CURVE ( 'NONE', #1631, #641, #1307, .T. ) ;
#371 = CARTESIAN_POINT ( 'NONE',  ( 2.895000000000000018, -0.4550000000000000155, 0.3800000000000000044 ) ) ;
#372 = AXIS2_PLACEMENT_3D ( 'NONE', #3184, #5538, #5971 ) ;
#373 = ORIENTED_EDGE ( 'NONE', *, *, #5387, .T. ) ;
#374 = FILL_AREA_STYLE_COLOUR ( '', #1122 ) ;
#375 = DIRECTION ( 'NONE',  ( 1.000000000000000000, 0.000000000000000000, 0.000000000000000000 ) ) ;
#376 = VERTEX_POINT ( 'NONE', #1334 ) ;
#377 = MANIFOLD_SOLID_BREP ( 'Trans_Vishay_SIR681DP-T1-RE3_eec.STEP<1>[1]', #209 ) ;
#379 = ORIENTED_EDGE ( 'NONE', *, *, #5382, .T. ) ;
#378 =( NAMED_UNIT ( * ) PLANE_ANGLE_UNIT ( ) SI_UNIT ( $, .RADIAN. ) );
#380 = DIRECTION ( 'NONE',  ( 1.000000000000000000, 0.000000000000000000, 0.000000000000000000 ) ) ;
#381 = ORIENTED_EDGE ( 'NONE', *, *, #3581, .T. ) ;
#382 = CARTESIAN_POINT ( 'NONE',  ( -2.895000000000000018, 1.675000000000000044, 0.000000000000000000 ) ) ;
#383 =( GEOMETRIC_REPRESENTATION_CONTEXT ( 3 ) GLOBAL_UNCERTAINTY_ASSIGNED_CONTEXT ( ( #2333 ) ) GLOBAL_UNIT_ASSIGNED_CONTEXT ( ( #5377, #1074, #7019 ) ) REPRESENTATION_CONTEXT ( 'NONE', 'WORKASPACE' ) );
#384 = DIRECTION ( 'NONE',  ( 1.000000000000000000, 0.000000000000000000, 0.000000000000000000 ) ) ;
#385 = DIRECTION ( 'NONE',  ( 0.000000000000000000, 0.000000000000000000, 1.000000000000000000 ) ) ;
#386 = ADVANCED_FACE ( 'NONE', ( #6882 ), #5202, .T. ) ;
#387 = VECTOR ( 'NONE', #6290, 1000.000000000000000 ) ;
#388 = CARTESIAN_POINT ( 'NONE',  ( -2.945000000000000284, 2.449999999999999734, 0.000000000000000000 ) ) ;
#389 = CARTESIAN_POINT ( 'NONE',  ( 0.9650000000000000799, -1.989999999999999991, 0.000000000000000000 ) ) ;
#390 = CARTESIAN_POINT ( 'NONE',  ( 2.465000000000000302, 1.675000000000000044, 0.000000000000000000 ) ) ;
#391 =( GEOMETRIC_REPRESENTATION_CONTEXT ( 3 ) GLOBAL_UNCERTAINTY_ASSIGNED_CONTEXT ( ( #5848 ) ) GLOBAL_UNIT_ASSIGNED_CONTEXT ( ( #5368, #7086, #3195 ) ) REPRESENTATION_CONTEXT ( 'NONE', 'WORKASPACE' ) );
#392 = DIRECTION ( 'NONE',  ( 1.000000000000000000, 2.707861035671120257E-15, 0.000000000000000000 ) ) ;
#393 = FILL_AREA_STYLE_COLOUR ( '', #5171 ) ;
#394 = VERTEX_POINT ( 'NONE', #6184 ) ;
#395 = AXIS2_PLACEMENT_3D ( 'NONE', #2370, #4563, #1293 ) ;
#396 = CYLINDRICAL_SURFACE ( 'NONE', #4449, 0.2182106758090371357 ) ;
#397 = VERTEX_POINT ( 'NONE', #6328 ) ;
#398 = AXIS2_PLACEMENT_3D ( 'NONE', #1467, #3677, #2724 ) ;
#399 = CARTESIAN_POINT ( 'NONE',  ( -3.075000000000000178, 0.7649999999999999023, 0.000000000000000000 ) ) ;
#400 = CARTESIAN_POINT ( 'NONE',  ( -2.945000000000000284, -0.5050000000000000044, 0.3800000000000000044 ) ) ;
#401 = ORIENTED_EDGE ( 'NONE', *, *, #4790, .F. ) ;
#402 = FILL_AREA_STYLE ('',( #6910 ) ) ;
#403 = EDGE_CURVE ( 'NONE', #7127, #167, #1224, .T. ) ;
#404 = PRESENTATION_STYLE_ASSIGNMENT (( #5414 ) ) ;
#405 = ORIENTED_EDGE ( 'NONE', *, *, #3397, .F. ) ;
#406 = SURFACE_STYLE_USAGE ( .BOTH. , #3622 ) ;
#407 = FILL_AREA_STYLE_COLOUR ( '', #6708 ) ;
#408 = DIRECTION ( 'NONE',  ( 0.000000000000000000, 0.000000000000000000, 1.000000000000000000 ) ) ;
#409 = EDGE_CURVE ( 'NONE', #4213, #5853, #729, .T. ) ;
#410 = SURFACE_SIDE_STYLE ('',( #6867 ) ) ;
#411 = ORIENTED_EDGE ( 'NONE', *, *, #2862, .F. ) ;
#413 = VERTEX_POINT ( 'NONE', #2424 ) ;
#412 = PLANE ( 'NONE',  #6079 ) ;
#414 = CARTESIAN_POINT ( 'NONE',  ( 2.895000000000000018, -0.4550000000000000155, 0.3800000000000000044 ) ) ;
#415 = ORIENTED_EDGE ( 'NONE', *, *, #3255, .F. ) ;
#416 = DIRECTION ( 'NONE',  ( 0.000000000000000000, 0.000000000000000000, -1.000000000000000000 ) ) ;
#417 =( NAMED_UNIT ( * ) SI_UNIT ( $, .STERADIAN. ) SOLID_ANGLE_UNIT ( ) );
#418 = EDGE_CURVE ( 'NONE', #2639, #2156, #300, .T. ) ;
#419 = DIRECTION ( 'NONE',  ( 0.000000000000000000, -1.000000000000000000, 0.000000000000000000 ) ) ;
#420 = FILL_AREA_STYLE_COLOUR ( '', #6921 ) ;
#421 = ORIENTED_EDGE ( 'NONE', *, *, #5314, .T. ) ;
#422 = CARTESIAN_POINT ( 'NONE',  ( -3.496208217925000028, -2.303393376368000123, -0.6376260711210000043 ) ) ;
#423 = EDGE_CURVE ( 'NONE', #2121, #4382, #4546, .T. ) ;
#424 = PRESENTATION_STYLE_ASSIGNMENT (( #5366 ) ) ;
#425 = CARTESIAN_POINT ( 'NONE',  ( -2.895000000000000018, -0.8649999999999999911, 0.000000000000000000 ) ) ;
#426 = ORIENTED_EDGE ( 'NONE', *, *, #1222, .T. ) ;
#427 = SURFACE_SIDE_STYLE ('',( #3167 ) ) ;
#428 = STYLED_ITEM ( 'NONE', ( #3871 ), #1721 ) ;
#429 = VERTEX_POINT ( 'NONE', #1813 ) ;
#430 = FACE_OUTER_BOUND ( 'NONE', #6550, .T. ) ;
#431 = DIRECTION ( 'NONE',  ( -1.000000000000000000, 1.907599698668650031E-16, 0.000000000000000000 ) ) ;
#432 = ORIENTED_EDGE ( 'NONE', *, *, #1941, .T. ) ;
#433 = CARTESIAN_POINT ( 'NONE',  ( 1.447500000000000009, 0.8149999999999999467, 0.000000000000000000 ) ) ;
#434 = LINE ( 'NONE', #7061, #5788 ) ;
#435 = PRESENTATION_LAYER_ASSIGNMENT (  '', '', ( #6459 ) ) ;
#436 = LINE ( 'NONE', #4941, #1057 ) ;
#437 = EDGE_CURVE ( 'NONE', #1331, #474, #232, .T. ) ;
#438 = FILL_AREA_STYLE ('',( #2439 ) ) ;
#439 = ORIENTED_EDGE ( 'NONE', *, *, #5645, .F. ) ;
#440 = PRESENTATION_STYLE_ASSIGNMENT (( #4394 ) ) ;
#442 = ORIENTED_EDGE ( 'NONE', *, *, #2558, .F. ) ;
#441 = LINE ( 'NONE', #518, #1822 ) ;
#443 = MECHANICAL_DESIGN_GEOMETRIC_PRESENTATION_REPRESENTATION (  '', ( #2629 ), #3521 ) ;
#444 =( GEOMETRIC_REPRESENTATION_CONTEXT ( 3 ) GLOBAL_UNCERTAINTY_ASSIGNED_CONTEXT ( ( #854 ) ) GLOBAL_UNIT_ASSIGNED_CONTEXT ( ( #4603, #3526, #6719 ) ) REPRESENTATION_CONTEXT ( 'NONE', 'WORKASPACE' ) );
#445 = CARTESIAN_POINT ( 'NONE',  ( 2.465000000000000302, -2.135000000000000231, 0.000000000000000000 ) ) ;
#446 = EDGE_CURVE ( 'NONE', #1032, #5996, #2630, .T. ) ;
#447 = VERTEX_POINT ( 'NONE', #2528 ) ;
#448 = CARTESIAN_POINT ( 'NONE',  ( 2.465000000000000302, 0.4049999999999999711, 0.3800000000000000044 ) ) ;
#449 = CARTESIAN_POINT ( 'NONE',  ( 2.465000000000000302, -1.724999999999999867, 0.000000000000000000 ) ) ;
#450 = LINE ( 'NONE', #2070, #6368 ) ;
#451 = AXIS2_PLACEMENT_3D ( 'NONE', #3632, #6861, #4124 ) ;
#452 = MECHANICAL_DESIGN_GEOMETRIC_PRESENTATION_REPRESENTATION (  '', ( #778 ), #2744 ) ;
#453 = COLOUR_RGB ( '',0.2862745098039215508, 0.2862745098039215508, 0.2862745098039215508 ) ;
#454 = VECTOR ( 'NONE', #3607, 999.9999999999998863 ) ;
#455 = FACE_OUTER_BOUND ( 'NONE', #4689, .T. ) ;
#456 = DIRECTION ( 'NONE',  ( -0.000000000000000000, 1.000000000000000000, 0.000000000000000000 ) ) ;
#457 = MECHANICAL_DESIGN_GEOMETRIC_PRESENTATION_REPRESENTATION (  '', ( #3105 ), #4235 ) ;
#458 = VECTOR ( 'NONE', #1317, 1000.000000000000000 ) ;
#459 = CARTESIAN_POINT ( 'NONE',  ( -2.895000000000000018, 2.084999999999999964, 0.000000000000000000 ) ) ;
#460 = LINE ( 'NONE', #2178, #918 ) ;
#461 = DIRECTION ( 'NONE',  ( 0.7071067811865474617, 0.7071067811865474617, 0.000000000000000000 ) ) ;
#462 = PRESENTATION_LAYER_ASSIGNMENT (  '', '', ( #1134 ) ) ;
#463 = PRESENTATION_LAYER_ASSIGNMENT (  '', '', ( #1379 ) ) ;
#464 = SURFACE_STYLE_FILL_AREA ( #5399 ) ;
#465 = ORIENTED_EDGE ( 'NONE', *, *, #6477, .T. ) ;
#466 = CARTESIAN_POINT ( 'NONE',  ( 3.075000000000000178, 1.724999999999999867, 0.3800000000000000044 ) ) ;
#467 = ORIENTED_EDGE ( 'NONE', *, *, #5839, .F. ) ;
#468 =( NAMED_UNIT ( * ) SI_UNIT ( $, .STERADIAN. ) SOLID_ANGLE_UNIT ( ) );
#469 = ORIENTED_EDGE ( 'NONE', *, *, #1541, .F. ) ;
#470 = EDGE_CURVE ( 'NONE', #551, #1002, #5929, .T. ) ;
#471 = FACE_OUTER_BOUND ( 'NONE', #1575, .T. ) ;
#472 = STYLED_ITEM ( 'NONE', ( #4084 ), #4964 ) ;
#473 = LINE ( 'NONE', #3882, #6698 ) ;
#474 = VERTEX_POINT ( 'NONE', #5376 ) ;
#475 = SURFACE_STYLE_FILL_AREA ( #4833 ) ;
#476 = ORIENTED_EDGE ( 'NONE', *, *, #3802, .F. ) ;
#477 = VECTOR ( 'NONE', #1147, 1000.000000000000000 ) ;
#478 = SURFACE_STYLE_FILL_AREA ( #5416 ) ;
#479 = CARTESIAN_POINT ( 'NONE',  ( 2.945000000000000284, -2.449999999999999734, 0.000000000000000000 ) ) ;
#480 = DIRECTION ( 'NONE',  ( 0.000000000000000000, 0.000000000000000000, 1.000000000000000000 ) ) ;
#481 = ORIENTED_EDGE ( 'NONE', *, *, #6816, .F. ) ;
#482 =( NAMED_UNIT ( * ) SI_UNIT ( $, .STERADIAN. ) SOLID_ANGLE_UNIT ( ) );
#484 = ORIENTED_EDGE ( 'NONE', *, *, #470, .T. ) ;
#483 = SURFACE_STYLE_FILL_AREA ( #5422 ) ;
#485 = CARTESIAN_POINT ( 'NONE',  ( -2.895000000000000018, -0.8649999999999999911, 0.000000000000000000 ) ) ;
#486 = EDGE_LOOP ( 'NONE', ( #1415, #4898, #3402, #688 ) ) ;
#487 = EDGE_CURVE ( 'NONE', #1542, #6232, #4725, .T. ) ;
#488 =( NAMED_UNIT ( * ) SI_UNIT ( $, .STERADIAN. ) SOLID_ANGLE_UNIT ( ) );
#489 = LINE ( 'NONE', #5357, #1268 ) ;
#490 = LINE ( 'NONE', #6554, #603 ) ;
#491 = EDGE_CURVE ( 'NONE', #3136, #3940, #6914, .T. ) ;
#492 = VERTEX_POINT ( 'NONE', #3068 ) ;
#493 = PLANE ( 'NONE',  #7012 ) ;
#494 = PRESENTATION_LAYER_ASSIGNMENT (  '', '', ( #5328 ) ) ;
#495 = CARTESIAN_POINT ( 'NONE',  ( -2.945000000000000284, -0.8149999999999999467, 0.000000000000000000 ) ) ;
#496 = CARTESIAN_POINT ( 'NONE',  ( 0.8299999999999999600, 2.423826859021799951, 0.000000000000000000 ) ) ;
#497 = CARTESIAN_POINT ( 'NONE',  ( -2.895000000000000018, 2.084999999999999964, 0.3800000000000000044 ) ) ;
#498 = CIRCLE ( 'NONE', #5446, 0.2182106758090371357 ) ;
#499 = EDGE_CURVE ( 'NONE', #7127, #2454, #4683, .T. ) ;
#500 =( NAMED_UNIT ( * ) PLANE_ANGLE_UNIT ( ) SI_UNIT ( $, .RADIAN. ) );
#501 = CARTESIAN_POINT ( 'NONE',  ( 2.465000000000000302, 0.4049999999999999711, 0.000000000000000000 ) ) ;
#502 = COLOUR_RGB ( '',0.2862745098039215508, 0.2862745098039215508, 0.2862745098039215508 ) ;
#503 = DIRECTION ( 'NONE',  ( 0.000000000000000000, 0.000000000000000000, 1.000000000000000000 ) ) ;
#504 = ORIENTED_EDGE ( 'NONE', *, *, #3415, .F. ) ;
#505 = PLANE ( 'NONE',  #1651 ) ;
#506 = VECTOR ( 'NONE', #1141, 1000.000000000000000 ) ;
#507 = FACE_OUTER_BOUND ( 'NONE', #1338, .T. ) ;
#508 = EDGE_LOOP ( 'NONE', ( #87, #6398, #3969, #3655 ) ) ;
#509 = DIRECTION ( 'NONE',  ( -0.4999999999999995004, -0.8660254037844390407, 0.000000000000000000 ) ) ;
#510 = ADVANCED_FACE ( 'NONE', ( #4280 ), #3208, .F. ) ;
#511 = ORIENTED_EDGE ( 'NONE', *, *, #2891, .F. ) ;
#512 =( GEOMETRIC_REPRESENTATION_CONTEXT ( 3 ) GLOBAL_UNCERTAINTY_ASSIGNED_CONTEXT ( ( #6416 ) ) GLOBAL_UNIT_ASSIGNED_CONTEXT ( ( #213, #1355, #748 ) ) REPRESENTATION_CONTEXT ( 'NONE', 'WORKASPACE' ) );
#513 = DIRECTION ( 'NONE',  ( 0.000000000000000000, -1.000000000000000000, 0.000000000000000000 ) ) ;
#514 = LINE ( 'NONE', #2705, #841 ) ;
#515 = DIRECTION ( 'NONE',  ( 1.000000000000000000, -4.550094363217860219E-16, 0.000000000000000000 ) ) ;
#516 = EDGE_LOOP ( 'NONE', ( #476, #5131, #5688, #2998 ) ) ;
#517 = DIRECTION ( 'NONE',  ( 0.000000000000000000, 1.000000000000000000, 0.000000000000000000 ) ) ;
#519 = ORIENTED_EDGE ( 'NONE', *, *, #4581, .T. ) ;
#518 = CARTESIAN_POINT ( 'NONE',  ( 0.5799999999999999600, 2.575000000000000178, 0.3800000000000000044 ) ) ;
#520 = FILL_AREA_STYLE_COLOUR ( '', #1257 ) ;
#521 = VERTEX_POINT ( 'NONE', #5269 ) ;
#522 = PRESENTATION_STYLE_ASSIGNMENT (( #5608 ) ) ;
#523 =( NAMED_UNIT ( * ) PLANE_ANGLE_UNIT ( ) SI_UNIT ( $, .RADIAN. ) );
#524 = DIRECTION ( 'NONE',  ( 0.000000000000000000, 1.000000000000000000, 0.000000000000000000 ) ) ;
#525 = ORIENTED_EDGE ( 'NONE', *, *, #5247, .F. ) ;
#526 = VERTEX_POINT ( 'NONE', #1992 ) ;
#527 = ADVANCED_FACE ( 'NONE', ( #5345 ), #5310, .F. ) ;
#528 = CARTESIAN_POINT ( 'NONE',  ( 0.4449999999999999512, 1.879999999999999893, 0.000000000000000000 ) ) ;
#529 = DIRECTION ( 'NONE',  ( 0.7071067811865441310, 0.7071067811865510144, 0.000000000000000000 ) ) ;
#530 = DIRECTION ( 'NONE',  ( 0.000000000000000000, 0.000000000000000000, -1.000000000000000000 ) ) ;
#531 = SURFACE_SIDE_STYLE ('',( #6636 ) ) ;
#532 = LINE ( 'NONE', #1714, #3124 ) ;
#533 = ADVANCED_FACE ( 'NONE', ( #4314 ), #3246, .T. ) ;
#534 = CARTESIAN_POINT ( 'NONE',  ( -1.195000000000000062, -1.989999999999999991, 0.000000000000000000 ) ) ;
#535 = DIRECTION ( 'NONE',  ( 0.000000000000000000, 0.000000000000000000, 1.000000000000000000 ) ) ;
#536 = CARTESIAN_POINT ( 'NONE',  ( -2.945000000000000284, 2.449999999999999734, 0.3300000000000000155 ) ) ;
#537 = ADVANCED_FACE ( 'NONE', ( #7093 ), #6003, .F. ) ;
#538 = LINE ( 'NONE', #6678, #349 ) ;
#539 = ORIENTED_EDGE ( 'NONE', *, *, #1280, .T. ) ;
#540 = DIRECTION ( 'NONE',  ( 0.000000000000000000, -1.000000000000000000, 0.000000000000000000 ) ) ;
#541 =( NAMED_UNIT ( * ) SI_UNIT ( $, .STERADIAN. ) SOLID_ANGLE_UNIT ( ) );
#542 = EDGE_LOOP ( 'NONE', ( #4568, #146, #4159, #4182 ) ) ;
#543 = SURFACE_SIDE_STYLE ('',( #3751 ) ) ;
#544 = CARTESIAN_POINT ( 'NONE',  ( -2.945000000000000284, -2.449999999999999734, 0.000000000000000000 ) ) ;
#545 = VERTEX_POINT ( 'NONE', #4014 ) ;
#546 = FILL_AREA_STYLE_COLOUR ( '', #3365 ) ;
#547 = UNCERTAINTY_MEASURE_WITH_UNIT (LENGTH_MEASURE( 1.000000000000000082E-05 ), #4387, 'distance_accuracy_value', 'NONE');
#548 = CARTESIAN_POINT ( 'NONE',  ( 2.945000000000000284, 2.034999999999999698, 0.000000000000000000 ) ) ;
#549 = ORIENTED_EDGE ( 'NONE', *, *, #1232, .F. ) ;
#550 = DIRECTION ( 'NONE',  ( 0.000000000000000000, 0.000000000000000000, -1.000000000000000000 ) ) ;
#551 = VERTEX_POINT ( 'NONE', #4516 ) ;
#552 = STYLED_ITEM ( 'NONE', ( #1922 ), #1760 ) ;
#553 = EDGE_LOOP ( 'NONE', ( #3573, #3585, #6189, #4396, #5170, #117 ) ) ;
#554 = SURFACE_STYLE_FILL_AREA ( #6012 ) ;
#555 = LINE ( 'NONE', #22, #5910 ) ;
#556 = AXIS2_PLACEMENT_3D ( 'NONE', #4324, #4258, #5845 ) ;
#557 = EDGE_LOOP ( 'NONE', ( #1735, #2700, #4079, #4230 ) ) ;
#558 = CARTESIAN_POINT ( 'NONE',  ( 2.465000000000000302, -0.8649999999999999911, 0.000000000000000000 ) ) ;
#559 = CARTESIAN_POINT ( 'NONE',  ( 0.5799999999999999600, 2.423826859021799951, 0.3800000000000000044 ) ) ;
#560 = DIRECTION ( 'NONE',  ( -1.000000000000000000, 0.000000000000000000, 0.000000000000000000 ) ) ;
#561 =( GEOMETRIC_REPRESENTATION_CONTEXT ( 3 ) GLOBAL_UNCERTAINTY_ASSIGNED_CONTEXT ( ( #6036 ) ) GLOBAL_UNIT_ASSIGNED_CONTEXT ( ( #3857, #611, #4420 ) ) REPRESENTATION_CONTEXT ( 'NONE', 'WORKASPACE' ) );
#562 = CARTESIAN_POINT ( 'NONE',  ( 0.9650000000000000799, 1.989999999999999991, 0.000000000000000000 ) ) ;
#563 = AXIS2_PLACEMENT_3D ( 'NONE', #2081, #34, #568 ) ;
#564 = FILL_AREA_STYLE ('',( #6163 ) ) ;
#565 = VECTOR ( 'NONE', #6689, 1000.000000000000000 ) ;
#566 = VECTOR ( 'NONE', #4290, 1000.000000000000000 ) ;
#567 = APPLICATION_PROTOCOL_DEFINITION ( 'draft international standard', 'automotive_design', 1998, #2347 ) ;
#568 = DIRECTION ( 'NONE',  ( -0.7071067811865570096, 0.7071067811865380248, 0.000000000000000000 ) ) ;
#569 = FILL_AREA_STYLE_COLOUR ( '', #6696 ) ;
#570 = ORIENTED_EDGE ( 'NONE', *, *, #5586, .T. ) ;
#571 = EDGE_CURVE ( 'NONE', #6335, #164, #6269, .T. ) ;
#572 = ADVANCED_FACE ( 'NONE', ( #5245 ), #2467, .T. ) ;
#573 = COLOUR_RGB ( '',0.2862745098039215508, 0.2862745098039215508, 0.2862745098039215508 ) ;
#574 = STYLED_ITEM ( 'NONE', ( #7056 ), #3039 ) ;
#575 = FILL_AREA_STYLE_COLOUR ( '', #3724 ) ;
#576 = EDGE_CURVE ( 'NONE', #80, #5607, #6823, .T. ) ;
#577 = LINE ( 'NONE', #4895, #6226 ) ;
#578 = ORIENTED_EDGE ( 'NONE', *, *, #3494, .F. ) ;
#579 = FILL_AREA_STYLE_COLOUR ( '', #6041 ) ;
#580 = FILL_AREA_STYLE ('',( #3924 ) ) ;
#581 = VERTEX_POINT ( 'NONE', #241 ) ;
#582 = DIRECTION ( 'NONE',  ( 0.000000000000000000, 0.000000000000000000, -1.000000000000000000 ) ) ;
#583 = COLOUR_RGB ( '',0.2862745098039215508, 0.2862745098039215508, 0.2862745098039215508 ) ;
#584 = LINE ( 'NONE', #5489, #5780 ) ;
#585 = VERTEX_POINT ( 'NONE', #3519 ) ;
#586 = MANIFOLD_SOLID_BREP ( 'Trans_Vishay_SIR681DP-T1-RE3_eec.STEP<1>[5]', #1468 ) ;
#587 = LINE ( 'NONE', #2126, #3616 ) ;
#588 = ORIENTED_EDGE ( 'NONE', *, *, #623, .F. ) ;
#589 = PLANE ( 'NONE',  #1021 ) ;
#590 = AXIS2_PLACEMENT_3D ( 'NONE', #6222, #3364, #4547 ) ;
#591 = ORIENTED_EDGE ( 'NONE', *, *, #6669, .F. ) ;
#592 = CARTESIAN_POINT ( 'NONE',  ( -3.075000000000000178, -0.8149999999999999467, 0.3800000000000000044 ) ) ;
#593 = LINE ( 'NONE', #3764, #1642 ) ;
#594 = VECTOR ( 'NONE', #6496, 1000.000000000000000 ) ;
#595 = VERTEX_POINT ( 'NONE', #173 ) ;
#597 = VERTEX_POINT ( 'NONE', #4023 ) ;
#596 = DIRECTION ( 'NONE',  ( -0.7071067811865400232, 0.7071067811865550112, 0.000000000000000000 ) ) ;
#598 = FILL_AREA_STYLE_COLOUR ( '', #6684 ) ;
#599 = DIRECTION ( 'NONE',  ( 0.000000000000000000, 1.000000000000000000, 0.000000000000000000 ) ) ;
#600 = ADVANCED_FACE ( 'NONE', ( #2364 ), #30, .T. ) ;
#601 = FILL_AREA_STYLE ('',( #1606 ) ) ;
#602 = SURFACE_STYLE_USAGE ( .BOTH. , #665 ) ;
#603 = VECTOR ( 'NONE', #1596, 1000.000000000000000 ) ;
#604 = PLANE ( 'NONE',  #3166 ) ;
#605 =( LENGTH_UNIT ( ) NAMED_UNIT ( * ) SI_UNIT ( .MILLI., .METRE. ) );
#606 = STYLED_ITEM ( 'NONE', ( #3929 ), #6075 ) ;
#607 = UNCERTAINTY_MEASURE_WITH_UNIT (LENGTH_MEASURE( 1.000000000000000082E-05 ), #2605, 'distance_accuracy_value', 'NONE');
#608 = VERTEX_POINT ( 'NONE', #5111 ) ;
#609 = CARTESIAN_POINT ( 'NONE',  ( -2.465000000000000302, 2.084999999999999964, 0.000000000000000000 ) ) ;
#610 = AXIS2_PLACEMENT_3D ( 'NONE', #2224, #4416, #3465 ) ;
#611 =( NAMED_UNIT ( * ) PLANE_ANGLE_UNIT ( ) SI_UNIT ( $, .RADIAN. ) );
#612 = ORIENTED_EDGE ( 'NONE', *, *, #6602, .T. ) ;
#613 = EDGE_CURVE ( 'NONE', #4534, #1874, #3914, .T. ) ;
#614 = FACE_OUTER_BOUND ( 'NONE', #3765, .T. ) ;
#615 = STYLED_ITEM ( 'NONE', ( #5342 ), #6832 ) ;
#616 = DIRECTION ( 'NONE',  ( 0.000000000000000000, 1.000000000000000000, 0.000000000000000000 ) ) ;
#617 = VERTEX_POINT ( 'NONE', #3979 ) ;
#618 = DIRECTION ( 'NONE',  ( 1.000000000000000000, 0.000000000000000000, 0.000000000000000000 ) ) ;
#619 = EDGE_CURVE ( 'NONE', #3621, #3136, #6194, .T. ) ;
#620 = ORIENTED_EDGE ( 'NONE', *, *, #1450, .T. ) ;
#621 = CARTESIAN_POINT ( 'NONE',  ( -2.895000000000000018, 0.8149999999999999467, 0.3800000000000000044 ) ) ;
#622 = ORIENTED_EDGE ( 'NONE', *, *, #5116, .F. ) ;
#623 = EDGE_CURVE ( 'NONE', #5555, #1266, #1127, .T. ) ;
#624 = CARTESIAN_POINT ( 'NONE',  ( -2.465000000000000302, -0.8649999999999999911, 0.000000000000000000 ) ) ;
#625 = LINE ( 'NONE', #195, #4041 ) ;
#626 = FILL_AREA_STYLE ('',( #6113 ) ) ;
#627 = ORIENTED_EDGE ( 'NONE', *, *, #4484, .T. ) ;
#628 = ORIENTED_EDGE ( 'NONE', *, *, #6085, .F. ) ;
#629 = CARTESIAN_POINT ( 'NONE',  ( 3.075000000000000178, 1.724999999999999867, 0.000000000000000000 ) ) ;
#630 = DIRECTION ( 'NONE',  ( -0.000000000000000000, 1.000000000000000000, 0.000000000000000000 ) ) ;
#631 = FACE_OUTER_BOUND ( 'NONE', #696, .T. ) ;
#632 = CARTESIAN_POINT ( 'NONE',  ( 2.945000000000000284, -1.775000000000000133, 0.3300000000000000155 ) ) ;
#633 = CARTESIAN_POINT ( 'NONE',  ( 2.465000000000000302, 0.4049999999999999711, 0.000000000000000000 ) ) ;
#634 = LINE ( 'NONE', #3596, #2406 ) ;
#635 = EDGE_CURVE ( 'NONE', #5043, #2449, #5035, .T. ) ;
#636 = CARTESIAN_POINT ( 'NONE',  ( -2.945000000000000284, -2.084999999999999964, 0.000000000000000000 ) ) ;
#637 = ORIENTED_EDGE ( 'NONE', *, *, #4737, .F. ) ;
#638 = PLANE ( 'NONE',  #3846 ) ;
#639 = FACE_OUTER_BOUND ( 'NONE', #5370, .T. ) ;
#640 = CARTESIAN_POINT ( 'NONE',  ( -1.195000000000000062, -1.989999999999999991, 0.3300000000000000155 ) ) ;
#641 = VERTEX_POINT ( 'NONE', #632 ) ;
#642 = CARTESIAN_POINT ( 'NONE',  ( -2.945000000000000284, -1.775000000000000133, 0.3800000000000000044 ) ) ;
#643 = EDGE_CURVE ( 'NONE', #5972, #5607, #704, .T. ) ;
#644 = CARTESIAN_POINT ( 'NONE',  ( -3.075000000000000178, 0.4550000000000000155, 0.000000000000000000 ) ) ;
#645 = ORIENTED_EDGE ( 'NONE', *, *, #5847, .T. ) ;
#646 = CARTESIAN_POINT ( 'NONE',  ( 3.075000000000000178, 1.675000000000000044, 0.3300000000000000155 ) ) ;
#647 = ORIENTED_EDGE ( 'NONE', *, *, #6276, .T. ) ;
#648 = FACE_OUTER_BOUND ( 'NONE', #4766, .T. ) ;
#649 = ORIENTED_EDGE ( 'NONE', *, *, #1086, .T. ) ;
#650 = SURFACE_SIDE_STYLE ('',( #554 ) ) ;
#651 = DIRECTION ( 'NONE',  ( 0.000000000000000000, -1.000000000000000000, 0.000000000000000000 ) ) ;
#652 = EDGE_CURVE ( 'NONE', #6647, #5862, #5663, .T. ) ;
#653 = ORIENTED_EDGE ( 'NONE', *, *, #3397, .T. ) ;
#654 = EDGE_CURVE ( 'NONE', #689, #2278, #2906, .T. ) ;
#655 = EDGE_CURVE ( 'NONE', #999, #4359, #6784, .T. ) ;
#657 = ORIENTED_EDGE ( 'NONE', *, *, #203, .F. ) ;
#656 = CARTESIAN_POINT ( 'NONE',  ( 2.945000000000000284, 0.7649999999999999023, 0.3800000000000000044 ) ) ;
#658 = AXIS2_PLACEMENT_3D ( 'NONE', #272, #3627, #6922 ) ;
#659 = DIRECTION ( 'NONE',  ( 0.000000000000000000, 0.000000000000000000, 1.000000000000000000 ) ) ;
#660 = SURFACE_STYLE_FILL_AREA ( #4552 ) ;
#661 = DIRECTION ( 'NONE',  ( 0.000000000000000000, 0.000000000000000000, 1.000000000000000000 ) ) ;
#662 = CARTESIAN_POINT ( 'NONE',  ( 2.945000000000000284, 2.034999999999999698, 0.3800000000000000044 ) ) ;
#663 = VECTOR ( 'NONE', #2934, 1000.000000000000000 ) ;
#664 = AXIS2_PLACEMENT_3D ( 'NONE', #4644, #5151, #215 ) ;
#665 = SURFACE_SIDE_STYLE ('',( #3408 ) ) ;
#666 = SURFACE_STYLE_USAGE ( .BOTH. , #6673 ) ;
#667 = COLOUR_RGB ( '',0.2862745098039215508, 0.2862745098039215508, 0.2862745098039215508 ) ;
#668 = CARTESIAN_POINT ( 'NONE',  ( 2.895000000000000018, 1.675000000000000044, 0.000000000000000000 ) ) ;
#669 = FACE_OUTER_BOUND ( 'NONE', #938, .T. ) ;
#670 = UNCERTAINTY_MEASURE_WITH_UNIT (LENGTH_MEASURE( 1.000000000000000082E-05 ), #2277, 'distance_accuracy_value', 'NONE');
#671 = VECTOR ( 'NONE', #1166, 1000.000000000000000 ) ;
#672 =( GEOMETRIC_REPRESENTATION_CONTEXT ( 3 ) GLOBAL_UNCERTAINTY_ASSIGNED_CONTEXT ( ( #281 ) ) GLOBAL_UNIT_ASSIGNED_CONTEXT ( ( #91, #2827, #1276 ) ) REPRESENTATION_CONTEXT ( 'NONE', 'WORKASPACE' ) );
#673 = VECTOR ( 'NONE', #5982, 1000.000000000000114 ) ;
#674 = ORIENTED_EDGE ( 'NONE', *, *, #306, .T. ) ;
#675 = CARTESIAN_POINT ( 'NONE',  ( 2.945000000000000284, 0.7649999999999999023, 0.000000000000000000 ) ) ;
#676 = DIRECTION ( 'NONE',  ( 0.000000000000000000, 0.000000000000000000, 1.000000000000000000 ) ) ;
#677 = DIRECTION ( 'NONE',  ( 1.000000000000000000, 0.000000000000000000, 0.000000000000000000 ) ) ;
#678 = PRESENTATION_LAYER_ASSIGNMENT (  '', '', ( #1716 ) ) ;
#679 = LINE ( 'NONE', #6730, #2871 ) ;
#680 = STYLED_ITEM ( 'NONE', ( #6907 ), #985 ) ;
#681 = ORIENTED_EDGE ( 'NONE', *, *, #849, .F. ) ;
#682 = EDGE_CURVE ( 'NONE', #6589, #1513, #3339, .T. ) ;
#683 = LINE ( 'NONE', #4940, #7059 ) ;
#684 = SURFACE_SIDE_STYLE ('',( #6211 ) ) ;
#685 = SURFACE_STYLE_FILL_AREA ( #6734 ) ;
#686 = ORIENTED_EDGE ( 'NONE', *, *, #6311, .T. ) ;
#687 = DIRECTION ( 'NONE',  ( -0.7071067811865550112, -0.7071067811865400232, 0.000000000000000000 ) ) ;
#688 = ORIENTED_EDGE ( 'NONE', *, *, #5335, .F. ) ;
#689 = VERTEX_POINT ( 'NONE', #2253 ) ;
#690 = AXIS2_PLACEMENT_3D ( 'NONE', #5389, #3734, #4259 ) ;
#691 = DIRECTION ( 'NONE',  ( 0.000000000000000000, 0.000000000000000000, 1.000000000000000000 ) ) ;
#692 = LINE ( 'NONE', #1270, #3817 ) ;
#693 = PLANE ( 'NONE',  #3489 ) ;
#694 = VERTEX_POINT ( 'NONE', #6752 ) ;
#695 = VECTOR ( 'NONE', #1560, 1000.000000000000000 ) ;
#696 = EDGE_LOOP ( 'NONE', ( #5841, #1104, #5690, #3895 ) ) ;
#697 = EDGE_CURVE ( 'NONE', #2821, #1809, #2870, .T. ) ;
#698 = LINE ( 'NONE', #4591, #4818 ) ;
#699 = UNCERTAINTY_MEASURE_WITH_UNIT (LENGTH_MEASURE( 1.000000000000000082E-05 ), #4479, 'distance_accuracy_value', 'NONE');
#700 = FILL_AREA_STYLE ('',( #6860 ) ) ;
#701 = CARTESIAN_POINT ( 'NONE',  ( -2.895000000000000018, 0.4049999999999999711, 0.3800000000000000044 ) ) ;
#702 =( GEOMETRIC_REPRESENTATION_CONTEXT ( 3 ) GLOBAL_UNCERTAINTY_ASSIGNED_CONTEXT ( ( #3414 ) ) GLOBAL_UNIT_ASSIGNED_CONTEXT ( ( #7111, #3816, #3190 ) ) REPRESENTATION_CONTEXT ( 'NONE', 'WORKASPACE' ) );
#703 = EDGE_CURVE ( 'NONE', #2928, #830, #5076, .T. ) ;
#704 = LINE ( 'NONE', #1237, #3446 ) ;
#705 = FACE_OUTER_BOUND ( 'NONE', #912, .T. ) ;
#706 =( NAMED_UNIT ( * ) SI_UNIT ( $, .STERADIAN. ) SOLID_ANGLE_UNIT ( ) );
#707 = ADVANCED_FACE ( 'NONE', ( #1203 ), #3947, .F. ) ;
#708 = CARTESIAN_POINT ( 'NONE',  ( 0.000000000000000000, -2.893885316736099471E-16, 0.000000000000000000 ) ) ;
#709 = VECTOR ( 'NONE', #6162, 1000.000000000000000 ) ;
#710 = CARTESIAN_POINT ( 'NONE',  ( -2.895000000000000018, 2.084999999999999964, 0.000000000000000000 ) ) ;
#711 = EDGE_CURVE ( 'NONE', #6321, #6840, #5899, .T. ) ;
#712 = LINE ( 'NONE', #1209, #3 ) ;
#713 = ORIENTED_EDGE ( 'NONE', *, *, #1612, .T. ) ;
#714 = CARTESIAN_POINT ( 'NONE',  ( 2.465000000000000302, -0.8649999999999999911, 0.000000000000000000 ) ) ;
#715 = DIRECTION ( 'NONE',  ( 1.000000000000000000, 0.000000000000000000, 0.000000000000000000 ) ) ;
#716 = DIRECTION ( 'NONE',  ( 1.000000000000000000, 0.000000000000000000, 0.000000000000000000 ) ) ;
#717 = CARTESIAN_POINT ( 'NONE',  ( -0.5799999999999999600, -2.423826859021799951, 0.000000000000000000 ) ) ;
#718 = ORIENTED_EDGE ( 'NONE', *, *, #5375, .T. ) ;
#719 = CARTESIAN_POINT ( 'NONE',  ( -2.895000000000000018, -0.4550000000000000155, 0.3300000000000000155 ) ) ;
#720 = VECTOR ( 'NONE', #5194, 1000.000000000000000 ) ;
#721 = DIRECTION ( 'NONE',  ( 0.000000000000000000, 0.000000000000000000, 1.000000000000000000 ) ) ;
#722 = ORIENTED_EDGE ( 'NONE', *, *, #2238, .T. ) ;
#723 = DIRECTION ( 'NONE',  ( 1.000000000000000000, 0.000000000000000000, 0.000000000000000000 ) ) ;
#724 = ADVANCED_FACE ( 'NONE', ( #6481 ), #4217, .F. ) ;
#725 = ORIENTED_EDGE ( 'NONE', *, *, #3785, .T. ) ;
#726 =( NAMED_UNIT ( * ) SI_UNIT ( $, .STERADIAN. ) SOLID_ANGLE_UNIT ( ) );
#727 = ORIENTED_EDGE ( 'NONE', *, *, #5372, .F. ) ;
#728 = MECHANICAL_DESIGN_GEOMETRIC_PRESENTATION_REPRESENTATION (  '', ( #3841 ), #4282 ) ;
#729 = LINE ( 'NONE', #3037, #5282 ) ;
#730 =( NAMED_UNIT ( * ) SI_UNIT ( $, .STERADIAN. ) SOLID_ANGLE_UNIT ( ) );
#731 = FILL_AREA_STYLE ('',( #56 ) ) ;
#732 = VERTEX_POINT ( 'NONE', #4190 ) ;
#733 = AXIS2_PLACEMENT_3D ( 'NONE', #2228, #3957, #3987 ) ;
#735 = ORIENTED_EDGE ( 'NONE', *, *, #314, .T. ) ;
#734 = SURFACE_STYLE_USAGE ( .BOTH. , #5136 ) ;
#736 = CARTESIAN_POINT ( 'NONE',  ( 2.945000000000000284, -2.084999999999999964, 0.000000000000000000 ) ) ;
#737 = VERTEX_POINT ( 'NONE', #6516 ) ;
#738 = LINE ( 'NONE', #2944, #6682 ) ;
#739 = LINE ( 'NONE', #5073, #1968 ) ;
#740 = CARTESIAN_POINT ( 'NONE',  ( -2.945000000000000284, -0.5050000000000000044, 0.000000000000000000 ) ) ;
#741 = ADVANCED_FACE ( 'NONE', ( #3488 ), #1484, .T. ) ;
#742 = LINE ( 'NONE', #5144, #4067 ) ;
#743 = FILL_AREA_STYLE_COLOUR ( '', #6451 ) ;
#744 = DIRECTION ( 'NONE',  ( -0.7071067811865570096, 0.7071067811865380248, 0.000000000000000000 ) ) ;
#745 = EDGE_CURVE ( 'NONE', #4462, #4421, #3144, .T. ) ;
#746 = DIRECTION ( 'NONE',  ( -0.000000000000000000, 1.000000000000000000, 0.000000000000000000 ) ) ;
#747 = ORIENTED_EDGE ( 'NONE', *, *, #4185, .F. ) ;
#748 =( NAMED_UNIT ( * ) SI_UNIT ( $, .STERADIAN. ) SOLID_ANGLE_UNIT ( ) );
#749 = FACE_OUTER_BOUND ( 'NONE', #5089, .T. ) ;
#750 = ADVANCED_FACE ( 'NONE', ( #1867 ), #2598, .F. ) ;
#751 = LINE ( 'NONE', #4072, #6580 ) ;
#752 = DIRECTION ( 'NONE',  ( 0.000000000000000000, 0.000000000000000000, 1.000000000000000000 ) ) ;
#753 = ORIENTED_EDGE ( 'NONE', *, *, #1720, .T. ) ;
#754 = ORIENTED_EDGE ( 'NONE', *, *, #3630, .F. ) ;
#755 = LINE ( 'NONE', #2818, #2919 ) ;
#756 = ORIENTED_EDGE ( 'NONE', *, *, #2891, .T. ) ;
#757 = CARTESIAN_POINT ( 'NONE',  ( -2.895000000000000018, -2.135000000000000231, 0.000000000000000000 ) ) ;
#758 = EDGE_LOOP ( 'NONE', ( #1076, #3728, #6548, #4728, #2223, #2337, #6610, #6174 ) ) ;
#759 = CARTESIAN_POINT ( 'NONE',  ( -1.447500000000000009, -0.8649999999999999911, 0.000000000000000000 ) ) ;
#760 = DIRECTION ( 'NONE',  ( 0.000000000000000000, 0.000000000000000000, -1.000000000000000000 ) ) ;
#761 = ORIENTED_EDGE ( 'NONE', *, *, #2862, .T. ) ;
#762 = EDGE_LOOP ( 'NONE', ( #6117, #5755, #6965, #3471 ) ) ;
#763 = DIRECTION ( 'NONE',  ( 0.7071067811865570096, 0.7071067811865380248, 0.000000000000000000 ) ) ;
#764 = SURFACE_STYLE_USAGE ( .BOTH. , #3554 ) ;
#765 = FILL_AREA_STYLE_COLOUR ( '', #5053 ) ;
#766 = CARTESIAN_POINT ( 'NONE',  ( 3.075000000000000178, 1.724999999999999867, 0.000000000000000000 ) ) ;
#767 = EDGE_CURVE ( 'NONE', #4974, #5954, #3213, .T. ) ;
#768 = CARTESIAN_POINT ( 'NONE',  ( -2.895000000000000018, 0.8149999999999999467, 0.3800000000000000044 ) ) ;
#769 = VERTEX_POINT ( 'NONE', #6544 ) ;
#770 = COLOUR_RGB ( '',0.2862745098039215508, 0.2862745098039215508, 0.2862745098039215508 ) ;
#771 = PRESENTATION_STYLE_ASSIGNMENT (( #6992 ) ) ;
#772 = SURFACE_STYLE_FILL_AREA ( #3411 ) ;
#773 = PRESENTATION_LAYER_ASSIGNMENT (  '', '', ( #3302 ) ) ;
#774 = PLANE ( 'NONE',  #4476 ) ;
#775 = VECTOR ( 'NONE', #2681, 1000.000000000000000 ) ;
#776 = STYLED_ITEM ( 'NONE', ( #6424 ), #2115 ) ;
#777 = CARTESIAN_POINT ( 'NONE',  ( 0.4449999999999999512, 1.879999999999999893, 0.3800000000000000044 ) ) ;
#778 = STYLED_ITEM ( 'NONE', ( #3511 ), #364 ) ;
#779 = AXIS2_PLACEMENT_3D ( 'NONE', #1430, #3084, #7002 ) ;
#780 = EDGE_LOOP ( 'NONE', ( #5486, #4618, #1987, #110, #4971, #713 ) ) ;
#781 = LINE ( 'NONE', #6395, #4767 ) ;
#782 = CARTESIAN_POINT ( 'NONE',  ( 2.465000000000000302, -1.724999999999999867, 0.3800000000000000044 ) ) ;
#783 = EDGE_CURVE ( 'NONE', #125, #3362, #4945, .T. ) ;
#784 = DIRECTION ( 'NONE',  ( 1.000000000000000000, 0.000000000000000000, 0.000000000000000000 ) ) ;
#785 = ORIENTED_EDGE ( 'NONE', *, *, #3383, .F. ) ;
#786 = VECTOR ( 'NONE', #2973, 1000.000000000000000 ) ;
#787 = VECTOR ( 'NONE', #659, 1000.000000000000000 ) ;
#788 = COLOUR_RGB ( '',0.2862745098039215508, 0.2862745098039215508, 0.2862745098039215508 ) ;
#789 = DIRECTION ( 'NONE',  ( 0.000000000000000000, -1.000000000000000000, 0.000000000000000000 ) ) ;
#790 = ADVANCED_FACE ( 'NONE', ( #7126 ), #6585, .T. ) ;
#791 = CARTESIAN_POINT ( 'NONE',  ( 3.075000000000000178, -1.775000000000000133, 0.000000000000000000 ) ) ;
#792 = VERTEX_POINT ( 'NONE', #3798 ) ;
#793 = AXIS2_PLACEMENT_3D ( 'NONE', #425, #3132, #1508 ) ;
#794 = VERTEX_POINT ( 'NONE', #1586 ) ;
#795 = COLOUR_RGB ( '',0.2862745098039215508, 0.2862745098039215508, 0.2862745098039215508 ) ;
#796 = VECTOR ( 'NONE', #1087, 1000.000000000000000 ) ;
#797 = CLOSED_SHELL ( 'NONE', ( #267, #6535, #4569, #6362, #4438, #5551, #5703, #3704, #3153, #4537 ) ) ;
#798 = EDGE_CURVE ( 'NONE', #5030, #6802, #4458, .T. ) ;
#799 = SURFACE_STYLE_USAGE ( .BOTH. , #6955 ) ;
#800 = EDGE_LOOP ( 'NONE', ( #7103, #4988, #6638, #5448 ) ) ;
#801 = SURFACE_STYLE_FILL_AREA ( #4083 ) ;
#802 = CARTESIAN_POINT ( 'NONE',  ( -2.895000000000000018, -2.135000000000000231, 0.3800000000000000044 ) ) ;
#803 = DIRECTION ( 'NONE',  ( 0.000000000000000000, 0.000000000000000000, 1.000000000000000000 ) ) ;
#804 = COLOUR_RGB ( '',0.2862745098039215508, 0.2862745098039215508, 0.2862745098039215508 ) ;
#805 = ADVANCED_FACE ( 'NONE', ( #5017 ), #1075, .F. ) ;
#806 = COLOUR_RGB ( '',0.2862745098039215508, 0.2862745098039215508, 0.2862745098039215508 ) ;
#807 = VECTOR ( 'NONE', #5643, 1000.000000000000000 ) ;
#808 = EDGE_LOOP ( 'NONE', ( #2488, #484, #1151, #3316, #308, #5315 ) ) ;
#810 = ORIENTED_EDGE ( 'NONE', *, *, #5659, .T. ) ;
#809 = LINE ( 'NONE', #304, #6788 ) ;
#811 = CARTESIAN_POINT ( 'NONE',  ( 0.8299999999999999600, 2.423826859021799951, 0.000000000000000000 ) ) ;
#812 = AXIS2_PLACEMENT_3D ( 'NONE', #4268, #6021, #4373 ) ;
#813 = SURFACE_STYLE_FILL_AREA ( #2902 ) ;
#814 = CARTESIAN_POINT ( 'NONE',  ( -2.945000000000000284, -2.449999999999999734, 0.000000000000000000 ) ) ;
#815 = DIRECTION ( 'NONE',  ( -1.000000000000000000, 0.000000000000000000, 0.000000000000000000 ) ) ;
#816 = FILL_AREA_STYLE ('',( #2574 ) ) ;
#817 = LINE ( 'NONE', #2576, #4740 ) ;
#818 = ORIENTED_EDGE ( 'NONE', *, *, #4564, .T. ) ;
#819 = AXIS2_PLACEMENT_3D ( 'NONE', #3258, #5970, #6489 ) ;
#820 = CARTESIAN_POINT ( 'NONE',  ( 2.465000000000000302, 2.084999999999999964, 0.000000000000000000 ) ) ;
#821 = EDGE_CURVE ( 'NONE', #6221, #6154, #1627, .T. ) ;
#822 = DIRECTION ( 'NONE',  ( -0.7071067811865475727, 0.7071067811865475727, 0.000000000000000000 ) ) ;
#823 = AXIS2_PLACEMENT_3D ( 'NONE', #6064, #1259, #1689 ) ;
#824 =( NAMED_UNIT ( * ) PLANE_ANGLE_UNIT ( ) SI_UNIT ( $, .RADIAN. ) );
#825 = LINE ( 'NONE', #3640, #1247 ) ;
#826 = VERTEX_POINT ( 'NONE', #5529 ) ;
#827 = LINE ( 'NONE', #1875, #6161 ) ;
#828 = CARTESIAN_POINT ( 'NONE',  ( -2.430100225889860521, 1.934733596112490073, -6.623158270370040235 ) ) ;
#829 = LINE ( 'NONE', #2480, #7151 ) ;
#830 = VERTEX_POINT ( 'NONE', #3282 ) ;
#831 = DIRECTION ( 'NONE',  ( 0.000000000000000000, 0.000000000000000000, 1.000000000000000000 ) ) ;
#832 = EDGE_CURVE ( 'NONE', #948, #1857, #584, .T. ) ;
#833 = DIRECTION ( 'NONE',  ( 0.000000000000000000, -1.000000000000000000, 0.000000000000000000 ) ) ;
#834 = ORIENTED_EDGE ( 'NONE', *, *, #3980, .T. ) ;
#835 = DIRECTION ( 'NONE',  ( 0.000000000000000000, 0.000000000000000000, 1.000000000000000000 ) ) ;
#836 = VECTOR ( 'NONE', #196, 1000.000000000000000 ) ;
#837 = EDGE_LOOP ( 'NONE', ( #4881, #5084, #6850, #4731 ) ) ;
#838 = CARTESIAN_POINT ( 'NONE',  ( -3.075000000000000178, -1.775000000000000133, 0.3800000000000000044 ) ) ;
#839 = VERTEX_POINT ( 'NONE', #548 ) ;
#840 = PLANE ( 'NONE',  #250 ) ;
#841 = VECTOR ( 'NONE', #6065, 1000.000000000000000 ) ;
#842 = CARTESIAN_POINT ( 'NONE',  ( 2.465000000000000302, -2.135000000000000231, 0.000000000000000000 ) ) ;
#843 = ADVANCED_FACE ( 'NONE', ( #2739 ), #13, .T. ) ;
#844 = ORIENTED_EDGE ( 'NONE', *, *, #2472, .T. ) ;
#846 = EDGE_LOOP ( 'NONE', ( #4288, #2456, #5894, #645, #5611, #761, #6423, #3060, #622 ) ) ;
#845 = CARTESIAN_POINT ( 'NONE',  ( -0.5799999999999999600, 2.449999999999999734, 0.000000000000000000 ) ) ;
#847 = PRESENTATION_LAYER_ASSIGNMENT (  '', '', ( #3031 ) ) ;
#848 =( LENGTH_UNIT ( ) NAMED_UNIT ( * ) SI_UNIT ( .MILLI., .METRE. ) );
#849 = EDGE_CURVE ( 'NONE', #5644, #4435, #2235, .T. ) ;
#850 =( NAMED_UNIT ( * ) SI_UNIT ( $, .STERADIAN. ) SOLID_ANGLE_UNIT ( ) );
#851 = ORIENTED_EDGE ( 'NONE', *, *, #5801, .F. ) ;
#852 =( NAMED_UNIT ( * ) PLANE_ANGLE_UNIT ( ) SI_UNIT ( $, .RADIAN. ) );
#853 = CARTESIAN_POINT ( 'NONE',  ( 0.5799999999999999600, 2.423826859021799951, 0.000000000000000000 ) ) ;
#854 = UNCERTAINTY_MEASURE_WITH_UNIT (LENGTH_MEASURE( 1.000000000000000082E-05 ), #4603, 'distance_accuracy_value', 'NONE');
#855 = STYLED_ITEM ( 'NONE', ( #3855 ), #6902 ) ;
#856 = DIRECTION ( 'NONE',  ( -1.000000000000000000, -1.516698121072619908E-16, 0.000000000000000000 ) ) ;
#857 = CARTESIAN_POINT ( 'NONE',  ( -2.895000000000000018, 0.4049999999999999711, 0.000000000000000000 ) ) ;
#858 = CARTESIAN_POINT ( 'NONE',  ( 2.945000000000000284, -2.449999999999999734, 0.000000000000000000 ) ) ;
#859 = CARTESIAN_POINT ( 'NONE',  ( -2.945000000000000284, 1.224999999999999867, 0.3300000000000040123 ) ) ;
#860 = SURFACE_SIDE_STYLE ('',( #7005 ) ) ;
#861 = EDGE_LOOP ( 'NONE', ( #1777, #3275, #5367, #5494 ) ) ;
#862 = CARTESIAN_POINT ( 'NONE',  ( -2.465000000000000302, 0.8149999999999999467, 0.3300000000000000155 ) ) ;
#863 = PLANE ( 'NONE',  #2056 ) ;
#864 = ORIENTED_EDGE ( 'NONE', *, *, #6583, .T. ) ;
#865 = ADVANCED_FACE ( 'NONE', ( #1328 ), #5713, .T. ) ;
#866 = LINE ( 'NONE', #6399, #1759 ) ;
#867 = LINE ( 'NONE', #2589, #4143 ) ;
#868 = ORIENTED_EDGE ( 'NONE', *, *, #5, .T. ) ;
#869 = CARTESIAN_POINT ( 'NONE',  ( -2.465000000000000302, 0.4049999999999999711, 0.000000000000000000 ) ) ;
#870 = DIRECTION ( 'NONE',  ( 0.000000000000000000, -1.000000000000000000, 0.000000000000000000 ) ) ;
#871 = ORIENTED_EDGE ( 'NONE', *, *, #2387, .T. ) ;
#872 = PLANE ( 'NONE',  #6591 ) ;
#873 = DIRECTION ( 'NONE',  ( 0.000000000000000000, 1.000000000000000000, 0.000000000000000000 ) ) ;
#874 = APPLICATION_CONTEXT ( 'automotive_design' ) ;
#875 = VERTEX_POINT ( 'NONE', #5091 ) ;
#876 = ORIENTED_EDGE ( 'NONE', *, *, #2064, .T. ) ;
#877 = VERTEX_POINT ( 'NONE', #791 ) ;
#878 = DIRECTION ( 'NONE',  ( -0.7071067811865474617, 0.7071067811865474617, 0.000000000000000000 ) ) ;
#879 = ADVANCED_FACE ( 'NONE', ( #4501 ), #4573, .F. ) ;
#880 = DIRECTION ( 'NONE',  ( -0.000000000000000000, 1.000000000000000000, 0.000000000000000000 ) ) ;
#881 = CARTESIAN_POINT ( 'NONE',  ( -0.4449999999999999512, 1.879999999999999893, 0.000000000000000000 ) ) ;
#882 = EDGE_CURVE ( 'NONE', #1542, #839, #2927, .T. ) ;
#883 = EDGE_CURVE ( 'NONE', #6379, #6292, #188, .T. ) ;
#884 = PLANE ( 'NONE',  #1934 ) ;
#885 = FILL_AREA_STYLE_COLOUR ( '', #2623 ) ;
#886 = DIRECTION ( 'NONE',  ( -1.000000000000000000, -1.132880637372609972E-16, 0.000000000000000000 ) ) ;
#887 = DIRECTION ( 'NONE',  ( -1.000000000000000000, 0.000000000000000000, 0.000000000000000000 ) ) ;
#888 = EDGE_CURVE ( 'NONE', #1009, #6510, #6844, .T. ) ;
#889 = CARTESIAN_POINT ( 'NONE',  ( -1.195000000000000062, -1.989999999999999991, 0.000000000000000000 ) ) ;
#890 = ORIENTED_EDGE ( 'NONE', *, *, #5252, .F. ) ;
#891 = PLANE ( 'NONE',  #6514 ) ;
#892 = PRESENTATION_LAYER_ASSIGNMENT (  '', '', ( #428 ) ) ;
#893 = DIRECTION ( 'NONE',  ( 1.000000000000000000, 0.000000000000000000, 0.000000000000000000 ) ) ;
#894 = ORIENTED_EDGE ( 'NONE', *, *, #5520, .T. ) ;
#895 = LINE ( 'NONE', #1440, #5565 ) ;
#896 =( NAMED_UNIT ( * ) PLANE_ANGLE_UNIT ( ) SI_UNIT ( $, .RADIAN. ) );
#897 = VERTEX_POINT ( 'NONE', #4076 ) ;
#898 = CARTESIAN_POINT ( 'NONE',  ( 0.9650000000000000799, -1.989999999999999991, 0.000000000000000000 ) ) ;
#899 = EDGE_CURVE ( 'NONE', #3510, #2958, #1845, .T. ) ;
#900 = MECHANICAL_DESIGN_GEOMETRIC_PRESENTATION_REPRESENTATION (  '', ( #5048 ), #1360 ) ;
#901 = ORIENTED_EDGE ( 'NONE', *, *, #5152, .F. ) ;
#902 =( GEOMETRIC_REPRESENTATION_CONTEXT ( 3 ) GLOBAL_UNCERTAINTY_ASSIGNED_CONTEXT ( ( #5268 ) ) GLOBAL_UNIT_ASSIGNED_CONTEXT ( ( #254, #4641, #2550 ) ) REPRESENTATION_CONTEXT ( 'NONE', 'WORKASPACE' ) );
#903 = DIRECTION ( 'NONE',  ( -1.000000000000000000, 0.000000000000000000, 0.000000000000000000 ) ) ;
#904 = SURFACE_SIDE_STYLE ('',( #1890 ) ) ;
#905 = DIRECTION ( 'NONE',  ( 1.000000000000000000, 0.000000000000000000, 0.000000000000000000 ) ) ;
#906 = VECTOR ( 'NONE', #3150, 1000.000000000000114 ) ;
#907 =( NAMED_UNIT ( * ) PLANE_ANGLE_UNIT ( ) SI_UNIT ( $, .RADIAN. ) );
#908 = VECTOR ( 'NONE', #1285, 1000.000000000000000 ) ;
#909 = ORIENTED_EDGE ( 'NONE', *, *, #832, .F. ) ;
#910 = ORIENTED_EDGE ( 'NONE', *, *, #2922, .T. ) ;
#911 = CARTESIAN_POINT ( 'NONE',  ( -2.648310901698897268, 1.934733596112490073, 1.119900000000000118 ) ) ;
#912 = EDGE_LOOP ( 'NONE', ( #1214, #649, #6114, #3181 ) ) ;
#913 = COLOUR_RGB ( '',0.2862745098039215508, 0.2862745098039215508, 0.2862745098039215508 ) ;
#914 = CARTESIAN_POINT ( 'NONE',  ( -0.8299999999999999600, 1.287500000000000089, 0.000000000000000000 ) ) ;
#915 = AXIS2_PLACEMENT_3D ( 'NONE', #5601, #721, #6177 ) ;
#917 = DIRECTION ( 'NONE',  ( 0.000000000000000000, 1.000000000000000000, 0.000000000000000000 ) ) ;
#916 = UNCERTAINTY_MEASURE_WITH_UNIT (LENGTH_MEASURE( 1.000000000000000082E-05 ), #6984, 'distance_accuracy_value', 'NONE');
#918 = VECTOR ( 'NONE', #3770, 1000.000000000000000 ) ;
#919 = DIRECTION ( 'NONE',  ( 0.000000000000000000, 0.000000000000000000, 1.000000000000000000 ) ) ;
#920 = VECTOR ( 'NONE', #2810, 1000.000000000000000 ) ;
#921 = VECTOR ( 'NONE', #7037, 1000.000000000000000 ) ;
#922 = DIRECTION ( 'NONE',  ( 0.000000000000000000, 0.000000000000000000, 1.000000000000000000 ) ) ;
#923 = EDGE_CURVE ( 'NONE', #6976, #2621, #1135, .T. ) ;
#924 =( LENGTH_UNIT ( ) NAMED_UNIT ( * ) SI_UNIT ( .MILLI., .METRE. ) );
#925 = LINE ( 'NONE', #1464, #6123 ) ;
#926 = VECTOR ( 'NONE', #5978, 1000.000000000000000 ) ;
#927 = EDGE_CURVE ( 'NONE', #5800, #6957, #4786, .T. ) ;
#928 = VERTEX_POINT ( 'NONE', #6322 ) ;
#929 = DIRECTION ( 'NONE',  ( 1.000000000000000000, 0.000000000000000000, 0.000000000000000000 ) ) ;
#930 = FILL_AREA_STYLE ('',( #6900 ) ) ;
#931 = ADVANCED_FACE ( 'NONE', ( #1366 ), #3063, .T. ) ;
#932 =( NAMED_UNIT ( * ) SI_UNIT ( $, .STERADIAN. ) SOLID_ANGLE_UNIT ( ) );
#933 = ORIENTED_EDGE ( 'NONE', *, *, #5291, .F. ) ;
#934 = LINE ( 'NONE', #3134, #5811 ) ;
#935 = VECTOR ( 'NONE', #1215, 1000.000000000000114 ) ;
#936 = VERTEX_POINT ( 'NONE', #367 ) ;
#937 = FACE_OUTER_BOUND ( 'NONE', #6624, .T. ) ;
#938 = EDGE_LOOP ( 'NONE', ( #5684, #3746, #5575, #5866 ) ) ;
#939 = DIRECTION ( 'NONE',  ( -4.510281037539690557E-15, -1.000000000000000000, 0.000000000000000000 ) ) ;
#940 = CARTESIAN_POINT ( 'NONE',  ( 3.075000000000000178, -0.8149999999999999467, 0.3800000000000000044 ) ) ;
#941 = CARTESIAN_POINT ( 'NONE',  ( -2.945000000000000284, 1.724999999999999867, 0.3800000000000000044 ) ) ;
#942 = ADVANCED_FACE ( 'NONE', ( #5829 ), #6363, .T. ) ;
#943 = CARTESIAN_POINT ( 'NONE',  ( 2.757742740085070032, -0.6600000000000000311, 0.3800000000000000044 ) ) ;
#944 = ORIENTED_EDGE ( 'NONE', *, *, #1774, .F. ) ;
#946 = ORIENTED_EDGE ( 'NONE', *, *, #3083, .F. ) ;
#945 =( NAMED_UNIT ( * ) PLANE_ANGLE_UNIT ( ) SI_UNIT ( $, .RADIAN. ) );
#947 = LINE ( 'NONE', #5966, #4349 ) ;
#948 = VERTEX_POINT ( 'NONE', #400 ) ;
#949 = CARTESIAN_POINT ( 'NONE',  ( 2.945000000000000284, -0.5050000000000000044, 0.000000000000000000 ) ) ;
#950 = CARTESIAN_POINT ( 'NONE',  ( -2.945000000000000284, 0.4550000000000000155, 0.000000000000000000 ) ) ;
#951 = PLANE ( 'NONE',  #3913 ) ;
#952 = DIRECTION ( 'NONE',  ( -0.7071067811865441310, 0.7071067811865510144, 0.000000000000000000 ) ) ;
#953 = EDGE_CURVE ( 'NONE', #58, #5490, #2559, .T. ) ;
#954 =( NAMED_UNIT ( * ) PLANE_ANGLE_UNIT ( ) SI_UNIT ( $, .RADIAN. ) );
#955 = CARTESIAN_POINT ( 'NONE',  ( -2.465000000000000302, -0.4550000000000000155, 0.3800000000000000044 ) ) ;
#956 = SURFACE_STYLE_FILL_AREA ( #3707 ) ;
#957 = EDGE_CURVE ( 'NONE', #4825, #3583, #867, .T. ) ;
#958 =( GEOMETRIC_REPRESENTATION_CONTEXT ( 3 ) GLOBAL_UNCERTAINTY_ASSIGNED_CONTEXT ( ( #2003 ) ) GLOBAL_UNIT_ASSIGNED_CONTEXT ( ( #4109, #6365, #1407 ) ) REPRESENTATION_CONTEXT ( 'NONE', 'WORKASPACE' ) );
#959 = CARTESIAN_POINT ( 'NONE',  ( 2.945000000000000284, -0.5050000000000000044, 0.3800000000000000044 ) ) ;
#960 = ADVANCED_FACE ( 'NONE', ( #294 ), #2483, .F. ) ;
#961 = DIRECTION ( 'NONE',  ( 0.7071067811865475727, -0.7071067811865475727, 0.000000000000000000 ) ) ;
#962 = ORIENTED_EDGE ( 'NONE', *, *, #3581, .F. ) ;
#963 = VECTOR ( 'NONE', #3685, 1000.000000000000000 ) ;
#964 = ORIENTED_EDGE ( 'NONE', *, *, #423, .F. ) ;
#965 =( NAMED_UNIT ( * ) PLANE_ANGLE_UNIT ( ) SI_UNIT ( $, .RADIAN. ) );
#966 = EDGE_LOOP ( 'NONE', ( #223, #3884, #1329, #4791 ) ) ;
#967 = FACE_OUTER_BOUND ( 'NONE', #1969, .T. ) ;
#968 = EDGE_CURVE ( 'NONE', #1843, #5415, #5230, .T. ) ;
#969 = CARTESIAN_POINT ( 'NONE',  ( 2.757742740085070032, 1.879999999999999893, 0.3800000000000000044 ) ) ;
#970 = ORIENTED_EDGE ( 'NONE', *, *, #2728, .T. ) ;
#971 = CARTESIAN_POINT ( 'NONE',  ( 2.465000000000000302, -1.724999999999999867, 0.000000000000000000 ) ) ;
#972 = ORIENTED_EDGE ( 'NONE', *, *, #5941, .T. ) ;
#973 =( LENGTH_UNIT ( ) NAMED_UNIT ( * ) SI_UNIT ( .MILLI., .METRE. ) );
#974 = PRESENTATION_STYLE_ASSIGNMENT (( #6034 ) ) ;
#975 = ORIENTED_EDGE ( 'NONE', *, *, #4101, .T. ) ;
#976 = LINE ( 'NONE', #1629, #44 ) ;
#978 = ORIENTED_EDGE ( 'NONE', *, *, #4286, .T. ) ;
#977 = LINE ( 'NONE', #5383, #5973 ) ;
#979 = FILL_AREA_STYLE_COLOUR ( '', #5650 ) ;
#980 = ORIENTED_EDGE ( 'NONE', *, *, #6498, .T. ) ;
#981 = LINE ( 'NONE', #6488, #3196 ) ;
#982 = CARTESIAN_POINT ( 'NONE',  ( 1.232500000000000151, 0.4049999999999999711, 0.000000000000000000 ) ) ;
#983 = FILL_AREA_STYLE_COLOUR ( '', #453 ) ;
#984 =( LENGTH_UNIT ( ) NAMED_UNIT ( * ) SI_UNIT ( .MILLI., .METRE. ) );
#985 = ADVANCED_FACE ( 'NONE', ( #4211 ), #5369, .F. ) ;
#986 = DIRECTION ( 'NONE',  ( 1.000000000000000000, 0.000000000000000000, 0.000000000000000000 ) ) ;
#987 = CARTESIAN_POINT ( 'NONE',  ( -2.945000000000000284, 2.449999999999999734, 0.000000000000000000 ) ) ;
#988 = VERTEX_POINT ( 'NONE', #7088 ) ;
#989 =( NAMED_UNIT ( * ) PLANE_ANGLE_UNIT ( ) SI_UNIT ( $, .RADIAN. ) );
#990 = LINE ( 'NONE', #5404, #4927 ) ;
#991 = CARTESIAN_POINT ( 'NONE',  ( -3.075000000000000178, -0.5050000000000000044, 0.000000000000000000 ) ) ;
#992 = ORIENTED_EDGE ( 'NONE', *, *, #4626, .T. ) ;
#993 = DIRECTION ( 'NONE',  ( 0.000000000000000000, 0.000000000000000000, 1.000000000000000000 ) ) ;
#994 = AXIS2_PLACEMENT_3D ( 'NONE', #4434, #6231, #88 ) ;
#995 = ORIENTED_EDGE ( 'NONE', *, *, #2206, .F. ) ;
#996 = SURFACE_STYLE_USAGE ( .BOTH. , #543 ) ;
#997 = APPLICATION_CONTEXT ( 'automotive_design' ) ;
#998 = EDGE_CURVE ( 'NONE', #641, #6181, #577, .T. ) ;
#999 = VERTEX_POINT ( 'NONE', #4276 ) ;
#1000 = VECTOR ( 'NONE', #6316, 1000.000000000000000 ) ;
#1001 = FILL_AREA_STYLE_COLOUR ( '', #3368 ) ;
#1002 = VERTEX_POINT ( 'NONE', #5443 ) ;
#1003 = CARTESIAN_POINT ( 'NONE',  ( 2.757742740085070032, -1.930000000000000160, 0.000000000000000000 ) ) ;
#1005 = ORIENTED_EDGE ( 'NONE', *, *, #2694, .T. ) ;
#1004 = PLANE ( 'NONE',  #3775 ) ;
#1006 = VECTOR ( 'NONE', #5165, 1000.000000000000000 ) ;
#1007 = PRESENTATION_LAYER_ASSIGNMENT (  '', '', ( #5871 ) ) ;
#1008 = DIRECTION ( 'NONE',  ( 1.132880637372609972E-16, -1.000000000000000000, 0.000000000000000000 ) ) ;
#1009 = VERTEX_POINT ( 'NONE', #3303 ) ;
#1010 = PRESENTATION_STYLE_ASSIGNMENT (( #6997 ) ) ;
#1011 = CARTESIAN_POINT ( 'NONE',  ( -3.075000000000000178, -0.5050000000000000044, 0.000000000000000000 ) ) ;
#1012 = CARTESIAN_POINT ( 'NONE',  ( -2.465000000000000302, 0.2024999999999999856, 0.000000000000000000 ) ) ;
#1013 = VECTOR ( 'NONE', #6479, 1000.000000000000000 ) ;
#1014 = VECTOR ( 'NONE', #4195, 1000.000000000000000 ) ;
#1015 = VECTOR ( 'NONE', #3090, 1000.000000000000000 ) ;
#1016 = ORIENTED_EDGE ( 'NONE', *, *, #4944, .T. ) ;
#1017 = DIRECTION ( 'NONE',  ( 0.000000000000000000, 1.000000000000000000, 0.000000000000000000 ) ) ;
#1018 = CARTESIAN_POINT ( 'NONE',  ( 2.895000000000000018, -0.8649999999999999911, 0.000000000000000000 ) ) ;
#1019 = VECTOR ( 'NONE', #4674, 1000.000000000000000 ) ;
#1020 =( GEOMETRIC_REPRESENTATION_CONTEXT ( 3 ) GLOBAL_UNCERTAINTY_ASSIGNED_CONTEXT ( ( #3055 ) ) GLOBAL_UNIT_ASSIGNED_CONTEXT ( ( #1791, #247, #5933 ) ) REPRESENTATION_CONTEXT ( 'NONE', 'WORKASPACE' ) );
#1021 = AXIS2_PLACEMENT_3D ( 'NONE', #3866, #6182, #6703 ) ;
#1022 = DIRECTION ( 'NONE',  ( 0.000000000000000000, 0.000000000000000000, -1.000000000000000000 ) ) ;
#1023 = FACE_OUTER_BOUND ( 'NONE', #2794, .T. ) ;
#1024 = DIRECTION ( 'NONE',  ( 0.7071067811865570096, 0.7071067811865380248, 0.000000000000000000 ) ) ;
#1025 = MECHANICAL_DESIGN_GEOMETRIC_PRESENTATION_REPRESENTATION (  '', ( #3693 ), #5069 ) ;
#1026 =( GEOMETRIC_REPRESENTATION_CONTEXT ( 3 ) GLOBAL_UNCERTAINTY_ASSIGNED_CONTEXT ( ( #6958 ) ) GLOBAL_UNIT_ASSIGNED_CONTEXT ( ( #6697, #6144, #5679 ) ) REPRESENTATION_CONTEXT ( 'NONE', 'WORKASPACE' ) );
#1027 = AXIS2_PLACEMENT_3D ( 'NONE', #2049, #3787, #4244 ) ;
#1028 = EDGE_CURVE ( 'NONE', #6969, #6589, #3853, .T. ) ;
#1029 =( NAMED_UNIT ( * ) SI_UNIT ( $, .STERADIAN. ) SOLID_ANGLE_UNIT ( ) );
#1030 = CARTESIAN_POINT ( 'NONE',  ( -3.075000000000000178, -2.084999999999999964, 0.3800000000000000044 ) ) ;
#1031 = PRESENTATION_LAYER_ASSIGNMENT (  '', '', ( #4960 ) ) ;
#1032 = VERTEX_POINT ( 'NONE', #5995 ) ;
#1033 = CARTESIAN_POINT ( 'NONE',  ( 0.9650000000000000799, -2.189999999999999947, 0.3800000000000000044 ) ) ;
#1034 = MECHANICAL_DESIGN_GEOMETRIC_PRESENTATION_REPRESENTATION (  '', ( #6946 ), #5309 ) ;
#1035 = PLANE ( 'NONE',  #2764 ) ;
#1036 = ORIENTED_EDGE ( 'NONE', *, *, #358, .F. ) ;
#1037 = CARTESIAN_POINT ( 'NONE',  ( -2.945000000000000284, -2.084999999999999964, 0.000000000000000000 ) ) ;
#1038 = DIRECTION ( 'NONE',  ( 0.000000000000000000, 0.000000000000000000, 1.000000000000000000 ) ) ;
#1039 = VERTEX_POINT ( 'NONE', #3274 ) ;
#1040 = VECTOR ( 'NONE', #6616, 999.9999999999998863 ) ;
#1041 = PLANE ( 'NONE',  #6830 ) ;
#1042 = EDGE_CURVE ( 'NONE', #6969, #3009, #473, .T. ) ;
#1043 = SURFACE_STYLE_USAGE ( .BOTH. , #1583 ) ;
#1044 = UNCERTAINTY_MEASURE_WITH_UNIT (LENGTH_MEASURE( 1.000000000000000082E-05 ), #1279, 'distance_accuracy_value', 'NONE');
#1045 = ORIENTED_EDGE ( 'NONE', *, *, #4800, .T. ) ;
#1046 = DIRECTION ( 'NONE',  ( 0.000000000000000000, 0.000000000000000000, 1.000000000000000000 ) ) ;
#1047 = AXIS2_PLACEMENT_3D ( 'NONE', #3978, #2436, #6864 ) ;
#1049 = ORIENTED_EDGE ( 'NONE', *, *, #3441, .F. ) ;
#1048 =( NAMED_UNIT ( * ) SI_UNIT ( $, .STERADIAN. ) SOLID_ANGLE_UNIT ( ) );
#1050 = ORIENTED_EDGE ( 'NONE', *, *, #6537, .F. ) ;
#1051 = DIRECTION ( 'NONE',  ( -0.7071067811865441310, -0.7071067811865510144, 0.000000000000000000 ) ) ;
#1052 = ADVANCED_FACE ( 'NONE', ( #2188 ), #4307, .T. ) ;
#1053 = FILL_AREA_STYLE ('',( #6490 ) ) ;
#1054 = EDGE_LOOP ( 'NONE', ( #2790, #5267, #6149, #2960 ) ) ;
#1055 = ADVANCED_FACE ( 'NONE', ( #5408 ), #4384, .F. ) ;
#1056 = CARTESIAN_POINT ( 'NONE',  ( -0.9650000000000000799, 1.989999999999999991, 0.000000000000000000 ) ) ;
#1057 = VECTOR ( 'NONE', #1518, 1000.000000000000000 ) ;
#1058 = PLANE ( 'NONE',  #2162 ) ;
#1059 = CARTESIAN_POINT ( 'NONE',  ( 0.000000000000000000, 2.449999999999999734, 0.3300000000000000155 ) ) ;
#1060 = CARTESIAN_POINT ( 'NONE',  ( -2.895000000000000018, -1.724999999999999867, 0.000000000000000000 ) ) ;
#1061 = CARTESIAN_POINT ( 'NONE',  ( -3.075000000000000178, -0.8149999999999999467, 0.000000000000000000 ) ) ;
#1062 = VECTOR ( 'NONE', #3101, 1000.000000000000000 ) ;
#1063 = DIRECTION ( 'NONE',  ( 0.7071067811865570096, 0.7071067811865380248, 0.000000000000000000 ) ) ;
#1064 = VECTOR ( 'NONE', #4600, 1000.000000000000000 ) ;
#1065 = EDGE_LOOP ( 'NONE', ( #4034, #3002, #4306, #2497 ) ) ;
#1066 = CARTESIAN_POINT ( 'NONE',  ( 3.075000000000000178, -0.5050000000000000044, 0.000000000000000000 ) ) ;
#1067 = CARTESIAN_POINT ( 'NONE',  ( 2.465000000000000302, 2.084999999999999964, 0.000000000000000000 ) ) ;
#1068 = EDGE_LOOP ( 'NONE', ( #1585, #3345, #2628, #6228 ) ) ;
#1069 = PLANE ( 'NONE',  #6565 ) ;
#1070 = ORIENTED_EDGE ( 'NONE', *, *, #3874, .F. ) ;
#1071 = AXIS2_PLACEMENT_3D ( 'NONE', #1649, #3743, #5948 ) ;
#1072 = ADVANCED_FACE ( 'NONE', ( #507 ), #1035, .F. ) ;
#1073 =( NAMED_UNIT ( * ) SI_UNIT ( $, .STERADIAN. ) SOLID_ANGLE_UNIT ( ) );
#1074 =( NAMED_UNIT ( * ) PLANE_ANGLE_UNIT ( ) SI_UNIT ( $, .RADIAN. ) );
#1075 = PLANE ( 'NONE',  #6573 ) ;
#1076 = ORIENTED_EDGE ( 'NONE', *, *, #2688, .T. ) ;
#1077 = DIRECTION ( 'NONE',  ( 0.7071067811865570096, 0.7071067811865380248, 0.000000000000000000 ) ) ;
#1079 = ORIENTED_EDGE ( 'NONE', *, *, #2141, .T. ) ;
#1078 =( LENGTH_UNIT ( ) NAMED_UNIT ( * ) SI_UNIT ( .MILLI., .METRE. ) );
#1080 = LINE ( 'NONE', #4847, #566 ) ;
#1081 = ORIENTED_EDGE ( 'NONE', *, *, #6775, .T. ) ;
#1082 = DIRECTION ( 'NONE',  ( -0.000000000000000000, 1.000000000000000000, 0.000000000000000000 ) ) ;
#1083 = CARTESIAN_POINT ( 'NONE',  ( -2.895000000000000018, -1.724999999999999867, 0.000000000000000000 ) ) ;
#1084 = ORIENTED_EDGE ( 'NONE', *, *, #2341, .T. ) ;
#1085 = FILL_AREA_STYLE ('',( #7138 ) ) ;
#1086 = EDGE_CURVE ( 'NONE', #5275, #948, #5148, .T. ) ;
#1087 = DIRECTION ( 'NONE',  ( 0.000000000000000000, 1.000000000000000000, 0.000000000000000000 ) ) ;
#1088 = FILL_AREA_STYLE ('',( #4913 ) ) ;
#1089 = EDGE_CURVE ( 'NONE', #1357, #3840, #5041, .T. ) ;
#1090 = PRESENTATION_STYLE_ASSIGNMENT (( #5546 ) ) ;
#1091 = EDGE_CURVE ( 'NONE', #6572, #6735, #1248, .T. ) ;
#1092 =( NAMED_UNIT ( * ) PLANE_ANGLE_UNIT ( ) SI_UNIT ( $, .RADIAN. ) );
#1093 = DIRECTION ( 'NONE',  ( -1.000000000000000000, 0.000000000000000000, 0.000000000000000000 ) ) ;
#1094 = VERTEX_POINT ( 'NONE', #4493 ) ;
#1095 = EDGE_CURVE ( 'NONE', #4802, #1009, #178, .T. ) ;
#1096 = CARTESIAN_POINT ( 'NONE',  ( -2.945000000000000284, 0.7649999999999999023, 0.3800000000000000044 ) ) ;
#1097 = ORIENTED_EDGE ( 'NONE', *, *, #1205, .F. ) ;
#1098 = DIRECTION ( 'NONE',  ( -0.7071067811865475727, 0.7071067811865475727, 0.000000000000000000 ) ) ;
#1099 =( NAMED_UNIT ( * ) PLANE_ANGLE_UNIT ( ) SI_UNIT ( $, .RADIAN. ) );
#1100 = DIRECTION ( 'NONE',  ( 0.000000000000000000, 0.000000000000000000, 1.000000000000000000 ) ) ;
#1101 = EDGE_LOOP ( 'NONE', ( #3631, #2718, #4627, #5386 ) ) ;
#1102 = DIRECTION ( 'NONE',  ( 0.000000000000000000, 1.000000000000000000, 0.000000000000000000 ) ) ;
#1103 = CARTESIAN_POINT ( 'NONE',  ( -0.8299999999999999600, 2.423826859021799951, 0.000000000000000000 ) ) ;
#1104 = ORIENTED_EDGE ( 'NONE', *, *, #5210, .T. ) ;
#1105 = CARTESIAN_POINT ( 'NONE',  ( -0.8299999999999999600, -2.449999999999999734, 0.3300000000000000155 ) ) ;
#1106 = EDGE_CURVE ( 'NONE', #2905, #4974, #712, .T. ) ;
#1107 = ORIENTED_EDGE ( 'NONE', *, *, #5623, .F. ) ;
#1108 = PLANE ( 'NONE',  #4138 ) ;
#1109 = VECTOR ( 'NONE', #3917, 1000.000000000000000 ) ;
#1110 = VECTOR ( 'NONE', #4294, 1000.000000000000114 ) ;
#1111 = ORIENTED_EDGE ( 'NONE', *, *, #3266, .F. ) ;
#1112 = LINE ( 'NONE', #3324, #6905 ) ;
#1113 = DIRECTION ( 'NONE',  ( -1.000000000000000000, 0.000000000000000000, 0.000000000000000000 ) ) ;
#1114 = STYLED_ITEM ( 'NONE', ( #424 ), #2105 ) ;
#1115 = VERTEX_POINT ( 'NONE', #6685 ) ;
#1117 = EDGE_LOOP ( 'NONE', ( #1948, #5680, #2625, #5602 ) ) ;
#1116 = CARTESIAN_POINT ( 'NONE',  ( 2.465000000000000302, -2.135000000000000231, 0.000000000000000000 ) ) ;
#1118 = CARTESIAN_POINT ( 'NONE',  ( -2.211889550080823330, 1.934733596112490073, 1.119999999999999885 ) ) ;
#1119 = DIRECTION ( 'NONE',  ( 0.000000000000000000, 0.000000000000000000, 1.000000000000000000 ) ) ;
#1120 = VECTOR ( 'NONE', #6051, 999.9999999999998863 ) ;
#1121 = LINE ( 'NONE', #1060, #4718 ) ;
#1122 = COLOUR_RGB ( '',0.2862745098039215508, 0.2862745098039215508, 0.2862745098039215508 ) ;
#1123 = VECTOR ( 'NONE', #1093, 1000.000000000000000 ) ;
#1124 = DIRECTION ( 'NONE',  ( 1.000000000000000000, -1.516698121072619908E-16, 0.000000000000000000 ) ) ;
#1125 = ORIENTED_EDGE ( 'NONE', *, *, #6010, .T. ) ;
#1126 = EDGE_CURVE ( 'NONE', #1410, #4548, #3530, .T. ) ;
#1127 = LINE ( 'NONE', #2766, #6457 ) ;
#1128 = VECTOR ( 'NONE', #5676, 1000.000000000000000 ) ;
#1129 = DIRECTION ( 'NONE',  ( 1.000000000000000000, 0.000000000000000000, 0.000000000000000000 ) ) ;
#1130 = ADVANCED_FACE ( 'NONE', ( #5008 ), #2259, .F. ) ;
#1131 = EDGE_LOOP ( 'NONE', ( #360, #3427, #373, #442 ) ) ;
#1132 = SURFACE_STYLE_USAGE ( .BOTH. , #5552 ) ;
#1133 = ORIENTED_EDGE ( 'NONE', *, *, #3260, .T. ) ;
#1134 = STYLED_ITEM ( 'NONE', ( #6130 ), #4005 ) ;
#1135 = CIRCLE ( 'NONE', #3226, 0.2182106758090371357 ) ;
#1136 = VECTOR ( 'NONE', #7068, 1000.000000000000000 ) ;
#1137 = EDGE_CURVE ( 'NONE', #792, #1843, #2368, .T. ) ;
#1138 =( NAMED_UNIT ( * ) PLANE_ANGLE_UNIT ( ) SI_UNIT ( $, .RADIAN. ) );
#1139 = DIRECTION ( 'NONE',  ( 0.000000000000000000, -1.000000000000000000, 0.000000000000000000 ) ) ;
#1140 = ORIENTED_EDGE ( 'NONE', *, *, #5796, .F. ) ;
#1141 = DIRECTION ( 'NONE',  ( 0.000000000000000000, 0.000000000000000000, 1.000000000000000000 ) ) ;
#1142 = AXIS2_PLACEMENT_3D ( 'NONE', #2284, #3371, #2945 ) ;
#1143 = EDGE_CURVE ( 'NONE', #769, #7116, #6169, .T. ) ;
#1144 = DIRECTION ( 'NONE',  ( 1.000000000000000000, 0.000000000000000000, 0.000000000000000000 ) ) ;
#1145 = FILL_AREA_STYLE_COLOUR ( '', #4934 ) ;
#1146 = ORIENTED_EDGE ( 'NONE', *, *, #2692, .F. ) ;
#1147 = DIRECTION ( 'NONE',  ( 1.000000000000000000, 0.000000000000000000, 0.000000000000000000 ) ) ;
#1148 = FILL_AREA_STYLE ('',( #6102 ) ) ;
#1149 = VECTOR ( 'NONE', #6740, 1000.000000000000000 ) ;
#1150 =( NAMED_UNIT ( * ) SI_UNIT ( $, .STERADIAN. ) SOLID_ANGLE_UNIT ( ) );
#1151 = ORIENTED_EDGE ( 'NONE', *, *, #4032, .T. ) ;
#1152 = LINE ( 'NONE', #2311, #5110 ) ;
#1153 = VERTEX_POINT ( 'NONE', #636 ) ;
#1154 = DIRECTION ( 'NONE',  ( -2.176907891421880063E-15, -1.000000000000000000, 0.000000000000000000 ) ) ;
#1155 = VECTOR ( 'NONE', #5981, 1000.000000000000000 ) ;
#1156 = ORIENTED_EDGE ( 'NONE', *, *, #2281, .T. ) ;
#1157 = CARTESIAN_POINT ( 'NONE',  ( -2.465000000000000302, -1.724999999999999867, 0.3300000000000000155 ) ) ;
#1158 = LINE ( 'NONE', #5686, #1273 ) ;
#1159 = ADVANCED_FACE ( 'NONE', ( #2837 ), #109, .T. ) ;
#1160 = CARTESIAN_POINT ( 'NONE',  ( 2.945000000000000284, -1.775000000000000133, 0.3800000000000000044 ) ) ;
#1161 = PRESENTATION_LAYER_ASSIGNMENT (  '', '', ( #3356 ) ) ;
#1162 = ORIENTED_EDGE ( 'NONE', *, *, #619, .T. ) ;
#1164 = ORIENTED_EDGE ( 'NONE', *, *, #2380, .F. ) ;
#1163 = DIRECTION ( 'NONE',  ( 0.000000000000000000, 0.000000000000000000, 1.000000000000000000 ) ) ;
#1165 = PRESENTATION_STYLE_ASSIGNMENT (( #6664 ) ) ;
#1166 = DIRECTION ( 'NONE',  ( 0.000000000000000000, 0.000000000000000000, 1.000000000000000000 ) ) ;
#1167 = DIRECTION ( 'NONE',  ( 0.000000000000000000, 0.000000000000000000, 1.000000000000000000 ) ) ;
#1168 = ADVANCED_FACE ( 'NONE', ( #2877 ), #4561, .T. ) ;
#1169 = LINE ( 'NONE', #172, #6129 ) ;
#1170 = CARTESIAN_POINT ( 'NONE',  ( 1.195000000000000062, 1.989999999999999991, 0.000000000000000000 ) ) ;
#1171 = AXIS2_PLACEMENT_3D ( 'NONE', #3210, #6004, #2597 ) ;
#1172 = PLANE ( 'NONE',  #3320 ) ;
#1173 = EDGE_CURVE ( 'NONE', #6710, #875, #1291, .T. ) ;
#1174 = CARTESIAN_POINT ( 'NONE',  ( -0.8299999999999999600, 2.423826859021799951, 0.000000000000000000 ) ) ;
#1175 = CARTESIAN_POINT ( 'NONE',  ( 2.945000000000000284, 0.7649999999999999023, 0.000000000000000000 ) ) ;
#1176 = UNCERTAINTY_MEASURE_WITH_UNIT (LENGTH_MEASURE( 1.000000000000000082E-05 ), #2872, 'distance_accuracy_value', 'NONE');
#1177 = UNCERTAINTY_MEASURE_WITH_UNIT (LENGTH_MEASURE( 1.000000000000000082E-05 ), #1781, 'distance_accuracy_value', 'NONE');
#1178 = DIRECTION ( 'NONE',  ( 0.000000000000000000, -1.000000000000000000, 0.000000000000000000 ) ) ;
#1179 = ORIENTED_EDGE ( 'NONE', *, *, #2804, .T. ) ;
#1180 = PLANE ( 'NONE',  #6625 ) ;
#1181 = DIRECTION ( 'NONE',  ( 0.000000000000000000, 1.000000000000000000, 0.000000000000000000 ) ) ;
#1182 = CARTESIAN_POINT ( 'NONE',  ( -2.895000000000000018, -0.8649999999999999911, 0.3300000000000000155 ) ) ;
#1183 = ORIENTED_EDGE ( 'NONE', *, *, #4688, .F. ) ;
#1184 = LINE ( 'NONE', #6649, #6713 ) ;
#1185 = VECTOR ( 'NONE', #3352, 1000.000000000000000 ) ;
#1186 = EDGE_CURVE ( 'NONE', #5409, #7015, #145, .T. ) ;
#1187 = FACE_OUTER_BOUND ( 'NONE', #6855, .T. ) ;
#1188 = EDGE_LOOP ( 'NONE', ( #226, #1333, #2757, #1653 ) ) ;
#1189 = PLANE ( 'NONE',  #6865 ) ;
#1190 = VERTEX_POINT ( 'NONE', #210 ) ;
#1191 =( GEOMETRIC_REPRESENTATION_CONTEXT ( 3 ) GLOBAL_UNCERTAINTY_ASSIGNED_CONTEXT ( ( #312 ) ) GLOBAL_UNIT_ASSIGNED_CONTEXT ( ( #5918, #6569, #6466 ) ) REPRESENTATION_CONTEXT ( 'NONE', 'WORKASPACE' ) );
#1192 = DIRECTION ( 'NONE',  ( -0.000000000000000000, 1.000000000000000000, 0.000000000000000000 ) ) ;
#1193 = ORIENTED_EDGE ( 'NONE', *, *, #6765, .T. ) ;
#1194 = DIRECTION ( 'NONE',  ( -1.516698121072619908E-16, -1.000000000000000000, 0.000000000000000000 ) ) ;
#1195 = VECTOR ( 'NONE', #2440, 1000.000000000000000 ) ;
#1196 = ORIENTED_EDGE ( 'NONE', *, *, #1028, .F. ) ;
#1197 = EDGE_LOOP ( 'NONE', ( #6513, #5236, #4541, #6707 ) ) ;
#1198 = SURFACE_STYLE_USAGE ( .BOTH. , #4436 ) ;
#1199 = DIRECTION ( 'NONE',  ( -1.000000000000000000, 0.000000000000000000, 0.000000000000000000 ) ) ;
#1200 = FACE_OUTER_BOUND ( 'NONE', #5233, .T. ) ;
#1201 = SURFACE_STYLE_FILL_AREA ( #2287 ) ;
#1202 = ORIENTED_EDGE ( 'NONE', *, *, #3347, .T. ) ;
#1203 = FACE_OUTER_BOUND ( 'NONE', #287, .T. ) ;
#1204 = CARTESIAN_POINT ( 'NONE',  ( -2.465000000000000302, -0.8649999999999999911, 0.000000000000000000 ) ) ;
#1205 = EDGE_CURVE ( 'NONE', #5243, #1806, #3495, .T. ) ;
#1206 =( NAMED_UNIT ( * ) SI_UNIT ( $, .STERADIAN. ) SOLID_ANGLE_UNIT ( ) );
#1207 = SURFACE_SIDE_STYLE ('',( #6166 ) ) ;
#1208 = DIRECTION ( 'NONE',  ( 0.7071067811865510144, 0.7071067811865441310, 0.000000000000000000 ) ) ;
#1209 = CARTESIAN_POINT ( 'NONE',  ( 3.075000000000000178, -0.8149999999999999467, 0.3800000000000000044 ) ) ;
#1210 = ORIENTED_EDGE ( 'NONE', *, *, #2750, .T. ) ;
#1211 = LINE ( 'NONE', #4451, #3377 ) ;
#1212 = DIRECTION ( 'NONE',  ( 0.7071067811865441310, 0.7071067811865510144, 0.000000000000000000 ) ) ;
#1213 = DIRECTION ( 'NONE',  ( -0.000000000000000000, 1.000000000000000000, 0.000000000000000000 ) ) ;
#1214 = ORIENTED_EDGE ( 'NONE', *, *, #2450, .F. ) ;
#1215 = DIRECTION ( 'NONE',  ( -0.7071067811865474617, 0.7071067811865474617, 0.000000000000000000 ) ) ;
#1216 = EDGE_CURVE ( 'NONE', #1367, #826, #2407, .T. ) ;
#1217 = CARTESIAN_POINT ( 'NONE',  ( -2.430100225889860521, 1.934733596112490073, 1.119900000000000118 ) ) ;
#1218 = ORIENTED_EDGE ( 'NONE', *, *, #4576, .F. ) ;
#1219 = DIRECTION ( 'NONE',  ( 0.000000000000000000, 0.000000000000000000, 1.000000000000000000 ) ) ;
#1220 = ORIENTED_EDGE ( 'NONE', *, *, #6302, .T. ) ;
#1221 = LINE ( 'NONE', #4428, #6931 ) ;
#1222 = EDGE_CURVE ( 'NONE', #5607, #4859, #4671, .T. ) ;
#1223 = ORIENTED_EDGE ( 'NONE', *, *, #652, .F. ) ;
#1224 = LINE ( 'NONE', #4049, #4926 ) ;
#1225 = FILL_AREA_STYLE_COLOUR ( '', #1507 ) ;
#1226 = EDGE_CURVE ( 'NONE', #5258, #3448, #5852, .T. ) ;
#1227 = ORIENTED_EDGE ( 'NONE', *, *, #3838, .T. ) ;
#1229 = ORIENTED_EDGE ( 'NONE', *, *, #1720, .F. ) ;
#1228 = FACE_OUTER_BOUND ( 'NONE', #6431, .T. ) ;
#1230 = VECTOR ( 'NONE', #1996, 1000.000000000000000 ) ;
#1231 = FACE_OUTER_BOUND ( 'NONE', #3541, .T. ) ;
#1232 = EDGE_CURVE ( 'NONE', #6254, #3777, #2987, .T. ) ;
#1233 = CARTESIAN_POINT ( 'NONE',  ( -2.465000000000000302, 0.8149999999999999467, 0.000000000000000000 ) ) ;
#1234 =( NAMED_UNIT ( * ) SI_UNIT ( $, .STERADIAN. ) SOLID_ANGLE_UNIT ( ) );
#1235 = AXIS2_PLACEMENT_3D ( 'NONE', #1669, #1194, #3363 ) ;
#1236 =( GEOMETRIC_REPRESENTATION_CONTEXT ( 3 ) GLOBAL_UNCERTAINTY_ASSIGNED_CONTEXT ( ( #3018 ) ) GLOBAL_UNIT_ASSIGNED_CONTEXT ( ( #6467, #1401, #5332 ) ) REPRESENTATION_CONTEXT ( 'NONE', 'WORKASPACE' ) );
#1237 = CARTESIAN_POINT ( 'NONE',  ( -2.895000000000000018, -2.135000000000000231, 0.000000000000000000 ) ) ;
#1238 =( NAMED_UNIT ( * ) PLANE_ANGLE_UNIT ( ) SI_UNIT ( $, .RADIAN. ) );
#1239 = MECHANICAL_DESIGN_GEOMETRIC_PRESENTATION_REPRESENTATION (  '', ( #2508 ), #4815 ) ;
#1240 = VECTOR ( 'NONE', #903, 1000.000000000000000 ) ;
#1241 = CARTESIAN_POINT ( 'NONE',  ( -2.945000000000000284, 0.4550000000000000155, 0.000000000000000000 ) ) ;
#1242 = CARTESIAN_POINT ( 'NONE',  ( -0.4449999999999999512, -2.189999999999999947, 0.3300000000000000155 ) ) ;
#1243 = UNCERTAINTY_MEASURE_WITH_UNIT (LENGTH_MEASURE( 1.000000000000000082E-05 ), #4966, 'distance_accuracy_value', 'NONE');
#1244 = EDGE_CURVE ( 'NONE', #1009, #6725, #5187, .T. ) ;
#1245 = AXIS2_PLACEMENT_3D ( 'NONE', #943, #5697, #5143 ) ;
#1246 = STYLED_ITEM ( 'NONE', ( #3942 ), #2507 ) ;
#1247 = VECTOR ( 'NONE', #6975, 1000.000000000000000 ) ;
#1248 = LINE ( 'NONE', #5671, #4715 ) ;
#1249 = EDGE_LOOP ( 'NONE', ( #5118, #3064, #5374, #1666 ) ) ;
#1250 = DIRECTION ( 'NONE',  ( 0.000000000000000000, 0.000000000000000000, -1.000000000000000000 ) ) ;
#1251 = DIRECTION ( 'NONE',  ( 1.000000000000000000, 0.000000000000000000, 0.000000000000000000 ) ) ;
#1252 = ORIENTED_EDGE ( 'NONE', *, *, #3187, .F. ) ;
#1253 = CARTESIAN_POINT ( 'NONE',  ( -2.895000000000000018, -0.8649999999999999911, 0.000000000000000000 ) ) ;
#1254 = STYLED_ITEM ( 'NONE', ( #5710 ), #3793 ) ;
#1255 = PLANE ( 'NONE',  #113 ) ;
#1256 = AXIS2_PLACEMENT_3D ( 'NONE', #5793, #833, #3032 ) ;
#1257 = COLOUR_RGB ( '',0.2862745098039215508, 0.2862745098039215508, 0.2862745098039215508 ) ;
#1258 = VERTEX_POINT ( 'NONE', #6943 ) ;
#1259 = DIRECTION ( 'NONE',  ( 0.000000000000000000, -1.000000000000000000, 0.000000000000000000 ) ) ;
#1260 = VECTOR ( 'NONE', #6243, 1000.000000000000000 ) ;
#1261 = PRESENTATION_LAYER_ASSIGNMENT (  '', '', ( #4031 ) ) ;
#1262 = VECTOR ( 'NONE', #6204, 1000.000000000000000 ) ;
#1263 = VERTEX_POINT ( 'NONE', #359 ) ;
#1264 = CARTESIAN_POINT ( 'NONE',  ( -2.895000000000000018, -2.135000000000000231, 0.000000000000000000 ) ) ;
#1265 = ORIENTED_EDGE ( 'NONE', *, *, #6143, .T. ) ;
#1266 = VERTEX_POINT ( 'NONE', #3572 ) ;
#1267 = EDGE_CURVE ( 'NONE', #6292, #1798, #5257, .T. ) ;
#1268 = VECTOR ( 'NONE', #21, 1000.000000000000000 ) ;
#1269 = SURFACE_STYLE_USAGE ( .BOTH. , #4112 ) ;
#1270 = CARTESIAN_POINT ( 'NONE',  ( 3.075000000000000178, 2.034999999999999698, 0.3800000000000000044 ) ) ;
#1271 = CARTESIAN_POINT ( 'NONE',  ( 0.8299999999999999600, 2.575000000000000178, 0.000000000000000000 ) ) ;
#1272 = VERTEX_POINT ( 'NONE', #6898 ) ;
#1273 = VECTOR ( 'NONE', #55, 1000.000000000000114 ) ;
#1275 = ORIENTED_EDGE ( 'NONE', *, *, #3080, .T. ) ;
#1274 = PLANE ( 'NONE',  #4915 ) ;
#1276 =( NAMED_UNIT ( * ) SI_UNIT ( $, .STERADIAN. ) SOLID_ANGLE_UNIT ( ) );
#1277 = UNCERTAINTY_MEASURE_WITH_UNIT (LENGTH_MEASURE( 1.000000000000000082E-05 ), #1676, 'distance_accuracy_value', 'NONE');
#1278 =( LENGTH_UNIT ( ) NAMED_UNIT ( * ) SI_UNIT ( .MILLI., .METRE. ) );
#1279 =( LENGTH_UNIT ( ) NAMED_UNIT ( * ) SI_UNIT ( .MILLI., .METRE. ) );
#1280 = EDGE_CURVE ( 'NONE', #585, #737, #1465, .T. ) ;
#1281 = CARTESIAN_POINT ( 'NONE',  ( -2.895000000000000018, -0.4550000000000000155, 0.000000000000000000 ) ) ;
#1282 = CARTESIAN_POINT ( 'NONE',  ( 0.8299999999999999600, -2.575000000000000178, 0.000000000000000000 ) ) ;
#1283 = MECHANICAL_DESIGN_GEOMETRIC_PRESENTATION_REPRESENTATION (  '', ( #3475 ), #2897 ) ;
#1284 = EDGE_CURVE ( 'NONE', #6654, #2313, #825, .T. ) ;
#1285 = DIRECTION ( 'NONE',  ( -1.000000000000000000, 0.000000000000000000, 0.000000000000000000 ) ) ;
#1286 = CARTESIAN_POINT ( 'NONE',  ( 2.465000000000000302, 1.675000000000000044, 0.3800000000000000044 ) ) ;
#1287 = LINE ( 'NONE', #4026, #1479 ) ;
#1288 = COLOUR_RGB ( '',0.2862745098039215508, 0.2862745098039215508, 0.2862745098039215508 ) ;
#1289 = CARTESIAN_POINT ( 'NONE',  ( -2.465000000000000302, -0.8649999999999999911, 0.3300000000000000155 ) ) ;
#1290 = VECTOR ( 'NONE', #6991, 1000.000000000000000 ) ;
#1291 = LINE ( 'NONE', #3955, #3207 ) ;
#1292 = VERTEX_POINT ( 'NONE', #777 ) ;
#1293 = DIRECTION ( 'NONE',  ( 0.000000000000000000, 0.000000000000000000, -1.000000000000000000 ) ) ;
#1294 = FACE_OUTER_BOUND ( 'NONE', #4398, .T. ) ;
#1295 = CARTESIAN_POINT ( 'NONE',  ( 2.465000000000000302, -1.724999999999999867, 0.3300000000000000155 ) ) ;
#1296 = DIRECTION ( 'NONE',  ( -0.000000000000000000, 1.000000000000000000, 0.000000000000000000 ) ) ;
#1297 = ORIENTED_EDGE ( 'NONE', *, *, #5987, .F. ) ;
#1298 = LINE ( 'NONE', #2415, #3720 ) ;
#1299 = VECTOR ( 'NONE', #540, 1000.000000000000000 ) ;
#1300 = ORIENTED_EDGE ( 'NONE', *, *, #2387, .F. ) ;
#1301 = DIRECTION ( 'NONE',  ( 0.000000000000000000, 0.000000000000000000, 1.000000000000000000 ) ) ;
#1302 = VERTEX_POINT ( 'NONE', #3673 ) ;
#1303 = PLANE ( 'NONE',  #5407 ) ;
#1304 = EDGE_CURVE ( 'NONE', #897, #397, #6464, .T. ) ;
#1305 = ORIENTED_EDGE ( 'NONE', *, *, #5492, .F. ) ;
#1306 = VECTOR ( 'NONE', #3931, 1000.000000000000000 ) ;
#1307 = LINE ( 'NONE', #1889, #107 ) ;
#1308 = DIRECTION ( 'NONE',  ( -1.000000000000000000, 0.000000000000000000, 0.000000000000000000 ) ) ;
#1309 = SURFACE_SIDE_STYLE ('',( #1783 ) ) ;
#1310 = ORIENTED_EDGE ( 'NONE', *, *, #2023, .T. ) ;
#1312 = ORIENTED_EDGE ( 'NONE', *, *, #2288, .F. ) ;
#1311 = LINE ( 'NONE', #5172, #5739 ) ;
#1313 = DIRECTION ( 'NONE',  ( 1.000000000000000000, 0.000000000000000000, 0.000000000000000000 ) ) ;
#1314 = DIRECTION ( 'NONE',  ( -0.7071067811865550112, -0.7071067811865400232, 0.000000000000000000 ) ) ;
#1315 =( GEOMETRIC_REPRESENTATION_CONTEXT ( 3 ) GLOBAL_UNCERTAINTY_ASSIGNED_CONTEXT ( ( #4698 ) ) GLOBAL_UNIT_ASSIGNED_CONTEXT ( ( #7045, #4303, #6501 ) ) REPRESENTATION_CONTEXT ( 'NONE', 'WORKASPACE' ) );
#1316 = CARTESIAN_POINT ( 'NONE',  ( 2.945000000000000284, -1.775000000000000133, 0.000000000000000000 ) ) ;
#1317 = DIRECTION ( 'NONE',  ( -0.7071067811865550112, -0.7071067811865400232, 0.000000000000000000 ) ) ;
#1318 = LINE ( 'NONE', #205, #4872 ) ;
#1319 = ADVANCED_FACE ( 'NONE', ( #3024 ), #5820, .F. ) ;
#1320 = ADVANCED_FACE ( 'NONE', ( #286 ), #4708, .F. ) ;
#1321 = DIRECTION ( 'NONE',  ( 0.000000000000000000, -1.000000000000000000, 0.000000000000000000 ) ) ;
#1322 = VERTEX_POINT ( 'NONE', #6566 ) ;
#1323 = FACE_OUTER_BOUND ( 'NONE', #1054, .T. ) ;
#1324 = DIRECTION ( 'NONE',  ( 0.000000000000000000, 1.000000000000000000, 0.000000000000000000 ) ) ;
#1325 = DIRECTION ( 'NONE',  ( 0.000000000000000000, 1.000000000000000000, 0.000000000000000000 ) ) ;
#1326 = ORIENTED_EDGE ( 'NONE', *, *, #4096, .T. ) ;
#1327 = LINE ( 'NONE', #221, #6385 ) ;
#1328 = FACE_OUTER_BOUND ( 'NONE', #2165, .T. ) ;
#1329 = ORIENTED_EDGE ( 'NONE', *, *, #1089, .T. ) ;
#1330 = LINE ( 'NONE', #3542, #7087 ) ;
#1331 = VERTEX_POINT ( 'NONE', #3234 ) ;
#1332 = FILL_AREA_STYLE_COLOUR ( '', #346 ) ;
#1333 = ORIENTED_EDGE ( 'NONE', *, *, #6538, .T. ) ;
#1334 = CARTESIAN_POINT ( 'NONE',  ( 2.945000000000000284, 1.724999999999999867, 0.3800000000000000044 ) ) ;
#1335 = CARTESIAN_POINT ( 'NONE',  ( 2.465000000000000302, 0.8149999999999999467, 0.000000000000000000 ) ) ;
#1336 = DIRECTION ( 'NONE',  ( 1.000000000000000000, 0.000000000000000000, 0.000000000000000000 ) ) ;
#1337 = EDGE_CURVE ( 'NONE', #6770, #1521, #7043, .T. ) ;
#1338 = EDGE_LOOP ( 'NONE', ( #4497, #6731, #1005, #4040 ) ) ;
#1340 = EDGE_LOOP ( 'NONE', ( #1600, #5137, #4467, #4481 ) ) ;
#1339 = CARTESIAN_POINT ( 'NONE',  ( -0.8299999999999999600, -2.423826859021799951, 0.000000000000000000 ) ) ;
#1341 =( LENGTH_UNIT ( ) NAMED_UNIT ( * ) SI_UNIT ( .MILLI., .METRE. ) );
#1342 = DIRECTION ( 'NONE',  ( -0.7071067811865550112, -0.7071067811865400232, 0.000000000000000000 ) ) ;
#1343 = DIRECTION ( 'NONE',  ( -1.132880637372609972E-16, 1.000000000000000000, 0.000000000000000000 ) ) ;
#1344 = CARTESIAN_POINT ( 'NONE',  ( 2.465000000000000302, 2.084999999999999964, 0.000000000000000000 ) ) ;
#1345 = UNCERTAINTY_MEASURE_WITH_UNIT (LENGTH_MEASURE( 1.000000000000000082E-05 ), #6754, 'distance_accuracy_value', 'NONE');
#1346 = PRESENTATION_LAYER_ASSIGNMENT (  '', '', ( #4444 ) ) ;
#1347 = PRESENTATION_STYLE_ASSIGNMENT (( #6274 ) ) ;
#1348 = CARTESIAN_POINT ( 'NONE',  ( -2.945000000000000284, 0.4550000000000000155, 0.000000000000000000 ) ) ;
#1349 = PLANE ( 'NONE',  #4128 ) ;
#1350 = SURFACE_STYLE_FILL_AREA ( #1937 ) ;
#1351 = PRESENTATION_LAYER_ASSIGNMENT (  '', '', ( #3552 ) ) ;
#1352 = ADVANCED_FACE ( 'NONE', ( #5364 ), #4968, .F. ) ;
#1353 = VECTOR ( 'NONE', #6533, 1000.000000000000000 ) ;
#1354 = ORIENTED_EDGE ( 'NONE', *, *, #2604, .F. ) ;
#1355 =( NAMED_UNIT ( * ) PLANE_ANGLE_UNIT ( ) SI_UNIT ( $, .RADIAN. ) );
#1356 = DIRECTION ( 'NONE',  ( -0.000000000000000000, 1.000000000000000000, 0.000000000000000000 ) ) ;
#1357 = VERTEX_POINT ( 'NONE', #534 ) ;
#1358 = ADVANCED_FACE ( 'NONE', ( #2220 ), #2079, .F. ) ;
#1359 = VECTOR ( 'NONE', #1342, 1000.000000000000000 ) ;
#1360 =( GEOMETRIC_REPRESENTATION_CONTEXT ( 3 ) GLOBAL_UNCERTAINTY_ASSIGNED_CONTEXT ( ( #1177 ) ) GLOBAL_UNIT_ASSIGNED_CONTEXT ( ( #1781, #5685, #1917 ) ) REPRESENTATION_CONTEXT ( 'NONE', 'WORKASPACE' ) );
#1361 = VECTOR ( 'NONE', #4810, 1000.000000000000000 ) ;
#1362 = VECTOR ( 'NONE', #5330, 1000.000000000000000 ) ;
#1363 = CARTESIAN_POINT ( 'NONE',  ( -0.4449999999999999512, -0.9949999999999999956, 0.000000000000000000 ) ) ;
#1364 = ORIENTED_EDGE ( 'NONE', *, *, #2196, .F. ) ;
#1365 = EDGE_CURVE ( 'NONE', #6181, #6572, #4485, .T. ) ;
#1366 = FACE_OUTER_BOUND ( 'NONE', #4152, .T. ) ;
#1367 = VERTEX_POINT ( 'NONE', #5001 ) ;
#1368 = LINE ( 'NONE', #5306, #3950 ) ;
#1369 = AXIS2_PLACEMENT_3D ( 'NONE', #183, #3960, #1910 ) ;
#1370 = EDGE_LOOP ( 'NONE', ( #1111, #7027, #2485, #5749, #4196, #681, #6433, #6534 ) ) ;
#1371 = MECHANICAL_DESIGN_GEOMETRIC_PRESENTATION_REPRESENTATION (  '', ( #2873 ), #2069 ) ;
#1372 = DIRECTION ( 'NONE',  ( -1.000000000000000000, 0.000000000000000000, 0.000000000000000000 ) ) ;
#1373 = VERTEX_POINT ( 'NONE', #4441 ) ;
#1374 = CARTESIAN_POINT ( 'NONE',  ( 0.5799999999999999600, -2.575000000000000178, 0.3800000000000000044 ) ) ;
#1375 = CARTESIAN_POINT ( 'NONE',  ( 2.945000000000000284, 2.449999999999999734, 0.000000000000000000 ) ) ;
#1376 = DIRECTION ( 'NONE',  ( -1.000000000000000000, 0.000000000000000000, 0.000000000000000000 ) ) ;
#1377 = APPLICATION_CONTEXT ( 'automotive_design' ) ;
#1378 = COLOUR_RGB ( '',0.2862745098039215508, 0.2862745098039215508, 0.2862745098039215508 ) ;
#1379 = STYLED_ITEM ( 'NONE', ( #5050 ), #865 ) ;
#1380 = STYLED_ITEM ( 'NONE', ( #1767 ), #3113 ) ;
#1381 = ORIENTED_EDGE ( 'NONE', *, *, #5651, .F. ) ;
#1383 = VERTEX_POINT ( 'NONE', #5700 ) ;
#1382 = CARTESIAN_POINT ( 'NONE',  ( -3.075000000000000178, -0.5050000000000000044, 0.3800000000000000044 ) ) ;
#1384 = CARTESIAN_POINT ( 'NONE',  ( 2.895000000000000018, -0.8649999999999999911, 0.000000000000000000 ) ) ;
#1385 = VECTOR ( 'NONE', #4554, 1000.000000000000000 ) ;
#1386 =( NAMED_UNIT ( * ) SI_UNIT ( $, .STERADIAN. ) SOLID_ANGLE_UNIT ( ) );
#1387 = CARTESIAN_POINT ( 'NONE',  ( 2.895000000000000018, -0.4550000000000000155, 0.000000000000000000 ) ) ;
#1388 =( NAMED_UNIT ( * ) PLANE_ANGLE_UNIT ( ) SI_UNIT ( $, .RADIAN. ) );
#1389 = DIRECTION ( 'NONE',  ( 1.000000000000000000, 0.000000000000000000, 0.000000000000000000 ) ) ;
#1390 = FACE_OUTER_BOUND ( 'NONE', #846, .T. ) ;
#1391 = VECTOR ( 'NONE', #5346, 1000.000000000000000 ) ;
#1392 = FACE_OUTER_BOUND ( 'NONE', #2231, .T. ) ;
#1393 = DIRECTION ( 'NONE',  ( 0.000000000000000000, 0.000000000000000000, 1.000000000000000000 ) ) ;
#1394 = EDGE_CURVE ( 'NONE', #2127, #4350, #2291, .T. ) ;
#1395 = VECTOR ( 'NONE', #28, 1000.000000000000000 ) ;
#1396 = SURFACE_STYLE_USAGE ( .BOTH. , #6460 ) ;
#1397 = UNCERTAINTY_MEASURE_WITH_UNIT (LENGTH_MEASURE( 1.000000000000000082E-05 ), #7060, 'distance_accuracy_value', 'NONE');
#1398 =( GEOMETRIC_REPRESENTATION_CONTEXT ( 3 ) GLOBAL_UNCERTAINTY_ASSIGNED_CONTEXT ( ( #5670 ) ) GLOBAL_UNIT_ASSIGNED_CONTEXT ( ( #138, #6271, #3486 ) ) REPRESENTATION_CONTEXT ( 'NONE', 'WORKASPACE' ) );
#1399 = ORIENTED_EDGE ( 'NONE', *, *, #2956, .F. ) ;
#1400 =( NAMED_UNIT ( * ) SI_UNIT ( $, .STERADIAN. ) SOLID_ANGLE_UNIT ( ) );
#1401 =( NAMED_UNIT ( * ) PLANE_ANGLE_UNIT ( ) SI_UNIT ( $, .RADIAN. ) );
#1402 = LINE ( 'NONE', #362, #3568 ) ;
#1403 = ORIENTED_EDGE ( 'NONE', *, *, #1042, .T. ) ;
#1404 = CARTESIAN_POINT ( 'NONE',  ( -3.075000000000000178, 2.034999999999999698, 0.000000000000000000 ) ) ;
#1405 = DIRECTION ( 'NONE',  ( 0.000000000000000000, 0.000000000000000000, -1.000000000000000000 ) ) ;
#1406 = ORIENTED_EDGE ( 'NONE', *, *, #4184, .T. ) ;
#1407 =( NAMED_UNIT ( * ) SI_UNIT ( $, .STERADIAN. ) SOLID_ANGLE_UNIT ( ) );
#1408 = VECTOR ( 'NONE', #1855, 1000.000000000000000 ) ;
#1409 = CARTESIAN_POINT ( 'NONE',  ( 0.9650000000000000799, 2.189999999999999947, 0.000000000000000000 ) ) ;
#1410 = VERTEX_POINT ( 'NONE', #6083 ) ;
#1411 = EDGE_CURVE ( 'NONE', #2173, #49, #1287, .T. ) ;
#1412 = ADVANCED_FACE ( 'NONE', ( #2254 ), #2400, .F. ) ;
#1413 = SURFACE_STYLE_FILL_AREA ( #6371 ) ;
#1414 = CARTESIAN_POINT ( 'NONE',  ( 2.945000000000000284, -0.8149999999999999467, 0.000000000000000000 ) ) ;
#1415 = ORIENTED_EDGE ( 'NONE', *, *, #745, .F. ) ;
#1417 = ORIENTED_EDGE ( 'NONE', *, *, #418, .T. ) ;
#1416 =( NAMED_UNIT ( * ) SI_UNIT ( $, .STERADIAN. ) SOLID_ANGLE_UNIT ( ) );
#1418 = AXIS2_PLACEMENT_3D ( 'NONE', #6653, #4426, #550 ) ;
#1419 = DIRECTION ( 'NONE',  ( 0.000000000000000000, 0.000000000000000000, 1.000000000000000000 ) ) ;
#1420 = ORIENTED_EDGE ( 'NONE', *, *, #6727, .T. ) ;
#1421 = CARTESIAN_POINT ( 'NONE',  ( 2.465000000000000302, -2.135000000000000231, 0.3800000000000000044 ) ) ;
#1422 = LINE ( 'NONE', #5553, #1109 ) ;
#1423 =( LENGTH_UNIT ( ) NAMED_UNIT ( * ) SI_UNIT ( .MILLI., .METRE. ) );
#1425 = FACE_OUTER_BOUND ( 'NONE', #4302, .T. ) ;
#1424 = UNCERTAINTY_MEASURE_WITH_UNIT (LENGTH_MEASURE( 1.000000000000000082E-05 ), #2978, 'distance_accuracy_value', 'NONE');
#1426 = ORIENTED_EDGE ( 'NONE', *, *, #576, .T. ) ;
#1427 = MECHANICAL_DESIGN_GEOMETRIC_PRESENTATION_REPRESENTATION (  '', ( #5114 ), #1888 ) ;
#1428 = CARTESIAN_POINT ( 'NONE',  ( 3.075000000000000178, -0.5050000000000000044, 0.000000000000000000 ) ) ;
#1429 = FACE_OUTER_BOUND ( 'NONE', #508, .T. ) ;
#1430 = CARTESIAN_POINT ( 'NONE',  ( 0.9650000000000000799, 2.189999999999999947, 0.000000000000000000 ) ) ;
#1431 = ADVANCED_FACE ( 'NONE', ( #5822 ), #4710, .T. ) ;
#1432 =( NAMED_UNIT ( * ) PLANE_ANGLE_UNIT ( ) SI_UNIT ( $, .RADIAN. ) );
#1433 = CARTESIAN_POINT ( 'NONE',  ( -2.465000000000000302, -0.4550000000000000155, 0.000000000000000000 ) ) ;
#1434 = ADVANCED_FACE ( 'NONE', ( #3409 ), #604, .F. ) ;
#1435 = CARTESIAN_POINT ( 'NONE',  ( 2.465000000000000302, -2.135000000000000231, 0.000000000000000000 ) ) ;
#1436 = ORIENTED_EDGE ( 'NONE', *, *, #2836, .T. ) ;
#1437 = CARTESIAN_POINT ( 'NONE',  ( 0.5799999999999999600, 2.575000000000000178, 0.000000000000000000 ) ) ;
#1438 = DIRECTION ( 'NONE',  ( 0.000000000000000000, 0.000000000000000000, 1.000000000000000000 ) ) ;
#1439 = ORIENTED_EDGE ( 'NONE', *, *, #3468, .F. ) ;
#1440 = CARTESIAN_POINT ( 'NONE',  ( -1.232500000000000151, 2.084999999999999964, 0.000000000000000000 ) ) ;
#1441 = FILL_AREA_STYLE_COLOUR ( '', #806 ) ;
#1442 = ORIENTED_EDGE ( 'NONE', *, *, #953, .T. ) ;
#1443 = LINE ( 'NONE', #1409, #2635 ) ;
#1444 = EDGE_LOOP ( 'NONE', ( #4284, #2685, #3206, #337 ) ) ;
#1445 = PRESENTATION_STYLE_ASSIGNMENT (( #406 ) ) ;
#1446 = DIRECTION ( 'NONE',  ( 0.000000000000000000, 0.000000000000000000, 1.000000000000000000 ) ) ;
#1447 = PLANE ( 'NONE',  #2443 ) ;
#1448 =( LENGTH_UNIT ( ) NAMED_UNIT ( * ) SI_UNIT ( .MILLI., .METRE. ) );
#1449 = ORIENTED_EDGE ( 'NONE', *, *, #5796, .T. ) ;
#1450 = EDGE_CURVE ( 'NONE', #988, #4825, #6241, .T. ) ;
#1452 = ORIENTED_EDGE ( 'NONE', *, *, #4705, .T. ) ;
#1451 = LINE ( 'NONE', #6962, #6435 ) ;
#1453 = ORIENTED_EDGE ( 'NONE', *, *, #1989, .T. ) ;
#1454 = DIRECTION ( 'NONE',  ( 0.000000000000000000, 0.000000000000000000, 1.000000000000000000 ) ) ;
#1455 = CARTESIAN_POINT ( 'NONE',  ( -0.8299999999999999600, -2.423826859021799951, 0.000000000000000000 ) ) ;
#1456 = CARTESIAN_POINT ( 'NONE',  ( 2.895000000000000018, -0.8649999999999999911, 0.3300000000000000155 ) ) ;
#1457 = EDGE_CURVE ( 'NONE', #6983, #474, #2803, .T. ) ;
#1458 = DIRECTION ( 'NONE',  ( -0.4999999999999998890, 0.8660254037844387076, 0.000000000000000000 ) ) ;
#1459 = PRODUCT_DEFINITION_CONTEXT ( 'detailed design', #2111, 'design' ) ;
#1460 = EDGE_CURVE ( 'NONE', #1357, #3172, #4741, .T. ) ;
#1461 = CARTESIAN_POINT ( 'NONE',  ( 2.399999999999999911, 1.310000000000000053, 0.000000000000000000 ) ) ;
#1462 = CARTESIAN_POINT ( 'NONE',  ( -2.945000000000000284, -0.8149999999999999467, 0.3300000000000000155 ) ) ;
#1463 = FILL_AREA_STYLE_COLOUR ( '', #5998 ) ;
#1464 = CARTESIAN_POINT ( 'NONE',  ( 2.895000000000000018, -0.8649999999999999911, 0.000000000000000000 ) ) ;
#1465 = LINE ( 'NONE', #2445, #454 ) ;
#1466 = VERTEX_POINT ( 'NONE', #388 ) ;
#1467 = CARTESIAN_POINT ( 'NONE',  ( 0.000000000000000000, 0.000000000000000000, 0.000000000000000000 ) ) ;
#1468 = CLOSED_SHELL ( 'NONE', ( #2075, #5470, #4397, #3769, #4758, #2948, #5856, #4750, #1547, #1545, #843, #3712, #6525, #6809, #7067, #5156, #2294, #1770, #6821, #5901, #5723, #3786, #7050, #600, #6952, #2949, #6317, #2416, #4624, #5559, #252, #942, #533, #230, #4923, #6630, #3061, #6851, #2937, #2299, #4269, #6374, #790, #5962, #7034, #1577, #5284, #3575, #2131, #5474, #6266, #7074, #7120, #6280 ) ) ;
#1469 = MECHANICAL_DESIGN_GEOMETRIC_PRESENTATION_REPRESENTATION (  '', ( #4444 ), #5276 ) ;
#1470 = LINE ( 'NONE', #290, #1019 ) ;
#1471 = ORIENTED_EDGE ( 'NONE', *, *, #6723, .T. ) ;
#1472 = DIRECTION ( 'NONE',  ( 0.000000000000000000, 1.000000000000000000, 0.000000000000000000 ) ) ;
#1473 =( GEOMETRIC_REPRESENTATION_CONTEXT ( 3 ) GLOBAL_UNCERTAINTY_ASSIGNED_CONTEXT ( ( #6933 ) ) GLOBAL_UNIT_ASSIGNED_CONTEXT ( ( #1078, #3285, #3988 ) ) REPRESENTATION_CONTEXT ( 'NONE', 'WORKASPACE' ) );
#1474 = FILL_AREA_STYLE ('',( #1441 ) ) ;
#1475 = EDGE_LOOP ( 'NONE', ( #3867, #4069, #481, #2390, #2090, #14 ) ) ;
#1476 = DIRECTION ( 'NONE',  ( 1.000000000000000000, 0.000000000000000000, 0.000000000000000000 ) ) ;
#1477 = STYLED_ITEM ( 'NONE', ( #5139 ), #3440 ) ;
#1478 = ORIENTED_EDGE ( 'NONE', *, *, #4975, .T. ) ;
#1479 = VECTOR ( 'NONE', #2832, 1000.000000000000000 ) ;
#1480 = EDGE_CURVE ( 'NONE', #2185, #2278, #5324, .T. ) ;
#1481 = CARTESIAN_POINT ( 'NONE',  ( 2.945000000000000284, -1.224999999999999867, 0.3300000000000000155 ) ) ;
#1482 = DIRECTION ( 'NONE',  ( 1.000000000000000000, 0.000000000000000000, 0.000000000000000000 ) ) ;
#1483 = PRESENTATION_LAYER_ASSIGNMENT (  '', '', ( #5648 ) ) ;
#1484 = PLANE ( 'NONE',  #1245 ) ;
#1485 = AXIS2_PLACEMENT_3D ( 'NONE', #5842, #1313, #1924 ) ;
#1486 = ORIENTED_EDGE ( 'NONE', *, *, #5028, .T. ) ;
#1488 = ORIENTED_EDGE ( 'NONE', *, *, #6593, .T. ) ;
#1487 = SURFACE_SIDE_STYLE ('',( #5902 ) ) ;
#1489 = FILL_AREA_STYLE ('',( #979 ) ) ;
#1490 = ORIENTED_EDGE ( 'NONE', *, *, #5747, .T. ) ;
#1491 = DIRECTION ( 'NONE',  ( -1.000000000000000000, 0.000000000000000000, 0.000000000000000000 ) ) ;
#1492 = COLOUR_RGB ( '',0.2862745098039215508, 0.2862745098039215508, 0.2862745098039215508 ) ;
#1493 = LINE ( 'NONE', #3151, #5745 ) ;
#1494 = VECTOR ( 'NONE', #3430, 1000.000000000000000 ) ;
#1495 = CARTESIAN_POINT ( 'NONE',  ( 3.075000000000000178, -1.775000000000000133, 0.000000000000000000 ) ) ;
#1496 = VECTOR ( 'NONE', #176, 1000.000000000000000 ) ;
#1497 = FACE_OUTER_BOUND ( 'NONE', #6778, .T. ) ;
#1498 = ADVANCED_FACE ( 'NONE', ( #3669 ), #4130, .F. ) ;
#1499 = FACE_OUTER_BOUND ( 'NONE', #5765, .T. ) ;
#1500 = LINE ( 'NONE', #459, #4957 ) ;
#1501 = EDGE_CURVE ( 'NONE', #7020, #4798, #5286, .T. ) ;
#1502 = DIRECTION ( 'NONE',  ( 0.000000000000000000, 0.000000000000000000, 1.000000000000000000 ) ) ;
#1503 = STYLED_ITEM ( 'NONE', ( #4519 ), #4271 ) ;
#1504 = EDGE_CURVE ( 'NONE', #1780, #167, #2979, .T. ) ;
#1505 = DIRECTION ( 'NONE',  ( 0.000000000000000000, 0.000000000000000000, 1.000000000000000000 ) ) ;
#1506 = VERTEX_POINT ( 'NONE', #6829 ) ;
#1507 = COLOUR_RGB ( '',0.2862745098039215508, 0.2862745098039215508, 0.2862745098039215508 ) ;
#1508 = DIRECTION ( 'NONE',  ( 0.000000000000000000, 0.000000000000000000, -1.000000000000000000 ) ) ;
#1509 = VERTEX_POINT ( 'NONE', #6388 ) ;
#1510 = CARTESIAN_POINT ( 'NONE',  ( 0.9650000000000000799, -2.189999999999999947, 0.3800000000000000044 ) ) ;
#1511 = VECTOR ( 'NONE', #4814, 1000.000000000000000 ) ;
#1512 = DIRECTION ( 'NONE',  ( -0.7071067811865550112, -0.7071067811865400232, 0.000000000000000000 ) ) ;
#1513 = VERTEX_POINT ( 'NONE', #3603 ) ;
#1514 = CARTESIAN_POINT ( 'NONE',  ( -2.465000000000000302, 1.675000000000000044, 0.000000000000000000 ) ) ;
#1515 = CARTESIAN_POINT ( 'NONE',  ( -2.465000000000000302, 1.879999999999999893, 0.3800000000000000044 ) ) ;
#1516 = ORIENTED_EDGE ( 'NONE', *, *, #2288, .T. ) ;
#1517 = LINE ( 'NONE', #2151, #6242 ) ;
#1518 = DIRECTION ( 'NONE',  ( 1.000000000000000000, 0.000000000000000000, 0.000000000000000000 ) ) ;
#1519 = AXIS2_PLACEMENT_3D ( 'NONE', #5898, #6300, #905 ) ;
#1520 = SURFACE_SIDE_STYLE ('',( #4064 ) ) ;
#1521 = VERTEX_POINT ( 'NONE', #2503 ) ;
#1522 = EDGE_CURVE ( 'NONE', #89, #551, #248, .T. ) ;
#1524 = VERTEX_POINT ( 'NONE', #6868 ) ;
#1523 =( NAMED_UNIT ( * ) SI_UNIT ( $, .STERADIAN. ) SOLID_ANGLE_UNIT ( ) );
#1525 = ORIENTED_EDGE ( 'NONE', *, *, #1584, .F. ) ;
#1526 = COLOUR_RGB ( '',0.2862745098039215508, 0.2862745098039215508, 0.2862745098039215508 ) ;
#1527 = CARTESIAN_POINT ( 'NONE',  ( 2.465000000000000302, -0.4550000000000000155, 0.3800000000000000044 ) ) ;
#1528 = DIRECTION ( 'NONE',  ( 0.000000000000000000, 0.000000000000000000, 1.000000000000000000 ) ) ;
#1529 = SURFACE_SIDE_STYLE ('',( #4853 ) ) ;
#1530 = PRESENTATION_LAYER_ASSIGNMENT (  '', '', ( #4404 ) ) ;
#1531 = DIRECTION ( 'NONE',  ( -0.7071067811865441310, 0.7071067811865510144, 0.000000000000000000 ) ) ;
#1532 = CARTESIAN_POINT ( 'NONE',  ( -2.895000000000000018, 1.675000000000000044, 0.3300000000000000155 ) ) ;
#1533 = LINE ( 'NONE', #2176, #5632 ) ;
#1534 = CARTESIAN_POINT ( 'NONE',  ( 0.4450000000000179923, -1.879999999999999893, 0.000000000000000000 ) ) ;
#1535 = VECTOR ( 'NONE', #835, 1000.000000000000000 ) ;
#1536 = LINE ( 'NONE', #859, #1511 ) ;
#1537 = EDGE_CURVE ( 'NONE', #3621, #5800, #285, .T. ) ;
#1538 = DIRECTION ( 'NONE',  ( 0.000000000000000000, 0.000000000000000000, -1.000000000000000000 ) ) ;
#1539 = ORIENTED_EDGE ( 'NONE', *, *, #4511, .F. ) ;
#1540 = DIRECTION ( 'NONE',  ( -0.7071067811865510144, 0.7071067811865441310, 0.000000000000000000 ) ) ;
#1541 = EDGE_CURVE ( 'NONE', #5201, #3648, #6348, .T. ) ;
#1542 = VERTEX_POINT ( 'NONE', #5813 ) ;
#1543 =( LENGTH_UNIT ( ) NAMED_UNIT ( * ) SI_UNIT ( .MILLI., .METRE. ) );
#1544 = ORIENTED_EDGE ( 'NONE', *, *, #1504, .F. ) ;
#1545 = ADVANCED_FACE ( 'NONE', ( #4699 ), #884, .T. ) ;
#1546 = ORIENTED_EDGE ( 'NONE', *, *, #127, .F. ) ;
#1547 = ADVANCED_FACE ( 'NONE', ( #1429 ), #3082, .T. ) ;
#1548 = SURFACE_STYLE_USAGE ( .BOTH. , #3108 ) ;
#1549 = ORIENTED_EDGE ( 'NONE', *, *, #5373, .T. ) ;
#1550 = DIRECTION ( 'NONE',  ( -0.7071067811865441310, 0.7071067811865510144, 0.000000000000000000 ) ) ;
#1551 = DIRECTION ( 'NONE',  ( 0.000000000000000000, 0.000000000000000000, -1.000000000000000000 ) ) ;
#1552 =( LENGTH_UNIT ( ) NAMED_UNIT ( * ) SI_UNIT ( .MILLI., .METRE. ) );
#1553 = ORIENTED_EDGE ( 'NONE', *, *, #4184, .F. ) ;
#1554 = SURFACE_STYLE_FILL_AREA ( #7128 ) ;
#1556 = ORIENTED_EDGE ( 'NONE', *, *, #1812, .T. ) ;
#1555 = FACE_OUTER_BOUND ( 'NONE', #3514, .T. ) ;
#1557 =( NAMED_UNIT ( * ) SI_UNIT ( $, .STERADIAN. ) SOLID_ANGLE_UNIT ( ) );
#1558 = ORIENTED_EDGE ( 'NONE', *, *, #5819, .T. ) ;
#1559 =( NAMED_UNIT ( * ) PLANE_ANGLE_UNIT ( ) SI_UNIT ( $, .RADIAN. ) );
#1560 = DIRECTION ( 'NONE',  ( 0.000000000000000000, 0.000000000000000000, 1.000000000000000000 ) ) ;
#1561 = EDGE_CURVE ( 'NONE', #5319, #1153, #2546, .T. ) ;
#1562 = DIRECTION ( 'NONE',  ( 0.000000000000000000, 1.000000000000000000, 0.000000000000000000 ) ) ;
#1563 = ORIENTED_EDGE ( 'NONE', *, *, #767, .T. ) ;
#1564 = DIRECTION ( 'NONE',  ( 0.7071067811865380248, -0.7071067811865570096, 0.000000000000000000 ) ) ;
#1565 = CARTESIAN_POINT ( 'NONE',  ( -2.465000000000000302, -1.879999999999999893, 0.000000000000000000 ) ) ;
#1566 = DIRECTION ( 'NONE',  ( 0.7071067811865570096, -0.7071067811865380248, 0.000000000000000000 ) ) ;
#1567 = DIRECTION ( 'NONE',  ( 0.7071067811865510144, 0.7071067811865441310, 0.000000000000000000 ) ) ;
#1568 = ORIENTED_EDGE ( 'NONE', *, *, #4265, .T. ) ;
#1569 = CARTESIAN_POINT ( 'NONE',  ( 0.000000000000000000, 0.000000000000000000, 0.000000000000000000 ) ) ;
#1570 = DIRECTION ( 'NONE',  ( -2.707861035671120257E-15, 1.000000000000000000, 0.000000000000000000 ) ) ;
#1571 = EDGE_LOOP ( 'NONE', ( #4055, #6301, #5963, #3650 ) ) ;
#1572 = ORIENTED_EDGE ( 'NONE', *, *, #2726, .T. ) ;
#1573 = DIRECTION ( 'NONE',  ( 0.000000000000000000, 1.000000000000000000, 0.000000000000000000 ) ) ;
#1574 = VECTOR ( 'NONE', #6410, 1000.000000000000000 ) ;
#1575 = EDGE_LOOP ( 'NONE', ( #2511, #6996, #3420, #4932 ) ) ;
#1576 = VECTOR ( 'NONE', #3562, 999.9999999999998863 ) ;
#1577 = ADVANCED_FACE ( 'NONE', ( #455 ), #2107, .T. ) ;
#1578 = DIRECTION ( 'NONE',  ( 0.000000000000000000, 0.000000000000000000, -1.000000000000000000 ) ) ;
#1579 = ORIENTED_EDGE ( 'NONE', *, *, #3912, .T. ) ;
#1580 = DIRECTION ( 'NONE',  ( 0.000000000000000000, 1.000000000000000000, 0.000000000000000000 ) ) ;
#1581 = DIRECTION ( 'NONE',  ( 0.000000000000000000, 0.000000000000000000, -1.000000000000000000 ) ) ;
#1582 = PRESENTATION_LAYER_ASSIGNMENT (  '', '', ( #1114 ) ) ;
#1583 = SURFACE_SIDE_STYLE ('',( #6515 ) ) ;
#1584 = EDGE_CURVE ( 'NONE', #2419, #999, #4370, .T. ) ;
#1585 = ORIENTED_EDGE ( 'NONE', *, *, #4882, .T. ) ;
#1586 = CARTESIAN_POINT ( 'NONE',  ( -2.895000000000000018, 0.8149999999999999467, 0.3300000000000000155 ) ) ;
#1587 = ORIENTED_EDGE ( 'NONE', *, *, #6477, .F. ) ;
#1588 = CARTESIAN_POINT ( 'NONE',  ( 2.895000000000000018, -2.135000000000000231, 0.3800000000000000044 ) ) ;
#1590 = ORIENTED_EDGE ( 'NONE', *, *, #5623, .T. ) ;
#1589 = PRESENTATION_STYLE_ASSIGNMENT (( #7022 ) ) ;
#1591 = AXIS2_PLACEMENT_3D ( 'NONE', #2459, #1853, #2894 ) ;
#1592 = VECTOR ( 'NONE', #2073, 1000.000000000000000 ) ;
#1593 = CARTESIAN_POINT ( 'NONE',  ( -3.075000000000000178, 2.034999999999999698, 0.000000000000000000 ) ) ;
#1594 = ORIENTED_EDGE ( 'NONE', *, *, #3615, .T. ) ;
#1595 = DIRECTION ( 'NONE',  ( 1.000000000000000000, 0.000000000000000000, 0.000000000000000000 ) ) ;
#1596 = DIRECTION ( 'NONE',  ( -1.000000000000000000, 0.000000000000000000, 0.000000000000000000 ) ) ;
#1597 = AXIS2_PLACEMENT_3D ( 'NONE', #629, #3484, #599 ) ;
#1598 = AXIS2_PLACEMENT_3D ( 'NONE', #6621, #5419, #515 ) ;
#1599 = STYLED_ITEM ( 'NONE', ( #4816 ), #1358 ) ;
#1600 = ORIENTED_EDGE ( 'NONE', *, *, #499, .F. ) ;
#1601 = LINE ( 'NONE', #4775, #4114 ) ;
#1602 = STYLED_ITEM ( 'NONE', ( #6425 ), #3818 ) ;
#1603 = VECTOR ( 'NONE', #6037, 1000.000000000000000 ) ;
#1604 = COLOUR_RGB ( '',0.2862745098039215508, 0.2862745098039215508, 0.2862745098039215508 ) ;
#1605 = DIRECTION ( 'NONE',  ( 1.000000000000000000, 0.000000000000000000, 0.000000000000000000 ) ) ;
#1606 = FILL_AREA_STYLE_COLOUR ( '', #5655 ) ;
#1607 = FILL_AREA_STYLE ('',( #4299 ) ) ;
#1608 = VECTOR ( 'NONE', #3873, 999.9999999999998863 ) ;
#1609 = AXIS2_PLACEMENT_3D ( 'NONE', #2301, #5624, #6790 ) ;
#1610 = MECHANICAL_DESIGN_GEOMETRIC_PRESENTATION_REPRESENTATION (  '', ( #2876 ), #6797 ) ;
#1611 = FILL_AREA_STYLE_COLOUR ( '', #2982 ) ;
#1612 = EDGE_CURVE ( 'NONE', #2127, #2954, #4262, .T. ) ;
#1613 = CARTESIAN_POINT ( 'NONE',  ( 0.000000000000000000, 2.366967654140120114, 1.119999999999999885 ) ) ;
#1614 = VECTOR ( 'NONE', #7141, 1000.000000000000000 ) ;
#1615 = ORIENTED_EDGE ( 'NONE', *, *, #1143, .F. ) ;
#1616 = VECTOR ( 'NONE', #2791, 1000.000000000000000 ) ;
#1617 = DIRECTION ( 'NONE',  ( 0.000000000000000000, 0.000000000000000000, -1.000000000000000000 ) ) ;
#1618 = VERTEX_POINT ( 'NONE', #1641 ) ;
#1619 = FACE_OUTER_BOUND ( 'NONE', #2428, .T. ) ;
#1620 = CARTESIAN_POINT ( 'NONE',  ( 0.8299999999999999600, -2.423826859021799951, 0.3800000000000000044 ) ) ;
#1621 = EDGE_LOOP ( 'NONE', ( #851, #7049, #3200, #6333 ) ) ;
#1622 = VECTOR ( 'NONE', #6207, 1000.000000000000000 ) ;
#1623 = LINE ( 'NONE', #3827, #2195 ) ;
#1624 = CARTESIAN_POINT ( 'NONE',  ( 3.075000000000000178, -0.5050000000000000044, 0.3800000000000000044 ) ) ;
#1625 = UNCERTAINTY_MEASURE_WITH_UNIT (LENGTH_MEASURE( 1.000000000000000082E-05 ), #4594, 'distance_accuracy_value', 'NONE');
#1626 = EDGE_CURVE ( 'NONE', #447, #6983, #5911, .T. ) ;
#1627 = LINE ( 'NONE', #1103, #1603 ) ;
#1628 = ORIENTED_EDGE ( 'NONE', *, *, #2374, .F. ) ;
#1629 = CARTESIAN_POINT ( 'NONE',  ( 3.075000000000000178, 0.7649999999999999023, 0.3800000000000000044 ) ) ;
#1630 = AXIS2_PLACEMENT_3D ( 'NONE', #2394, #4022, #2830 ) ;
#1631 = VERTEX_POINT ( 'NONE', #3263 ) ;
#1632 = SURFACE_STYLE_FILL_AREA ( #2713 ) ;
#1633 = ADVANCED_FACE ( 'NONE', ( #2072 ), #2649, .T. ) ;
#1634 = ADVANCED_FACE ( 'NONE', ( #5943 ), #3186, .T. ) ;
#1635 = ORIENTED_EDGE ( 'NONE', *, *, #5015, .F. ) ;
#1636 = LINE ( 'NONE', #2207, #2045 ) ;
#1637 = DIRECTION ( 'NONE',  ( 0.000000000000000000, 0.000000000000000000, 1.000000000000000000 ) ) ;
#1638 = DIRECTION ( 'NONE',  ( 0.000000000000000000, 0.000000000000000000, -1.000000000000000000 ) ) ;
#1639 = ORIENTED_EDGE ( 'NONE', *, *, #1762, .F. ) ;
#1640 = ORIENTED_EDGE ( 'NONE', *, *, #3211, .T. ) ;
#1641 = CARTESIAN_POINT ( 'NONE',  ( -0.5799999999999999600, -2.449999999999999734, 0.3300000000000000155 ) ) ;
#1642 = VECTOR ( 'NONE', #2793, 1000.000000000000114 ) ;
#1643 =( NAMED_UNIT ( * ) PLANE_ANGLE_UNIT ( ) SI_UNIT ( $, .RADIAN. ) );
#1644 = EDGE_CURVE ( 'NONE', #3583, #2132, #5392, .T. ) ;
#1645 =( NAMED_UNIT ( * ) SI_UNIT ( $, .STERADIAN. ) SOLID_ANGLE_UNIT ( ) );
#1646 = CARTESIAN_POINT ( 'NONE',  ( -2.945000000000000284, 2.449999999999999734, 0.000000000000000000 ) ) ;
#1647 = SURFACE_SIDE_STYLE ('',( #4374 ) ) ;
#1648 = VECTOR ( 'NONE', #408, 1000.000000000000000 ) ;
#1649 = CARTESIAN_POINT ( 'NONE',  ( 0.000000000000000000, 0.000000000000000000, 0.000000000000000000 ) ) ;
#1650 = CARTESIAN_POINT ( 'NONE',  ( 1.472500000000000142, 2.449999999999999734, 0.3300000000000050115 ) ) ;
#1651 = AXIS2_PLACEMENT_3D ( 'NONE', #2698, #3683, #4894 ) ;
#1652 = SURFACE_STYLE_FILL_AREA ( #2660 ) ;
#1653 = ORIENTED_EDGE ( 'NONE', *, *, #4892, .F. ) ;
#1654 = EDGE_CURVE ( 'NONE', #6887, #5932, #7072, .T. ) ;
#1655 = SURFACE_STYLE_USAGE ( .BOTH. , #2773 ) ;
#1656 =( LENGTH_UNIT ( ) NAMED_UNIT ( * ) SI_UNIT ( .MILLI., .METRE. ) );
#1657 = ORIENTED_EDGE ( 'NONE', *, *, #1561, .F. ) ;
#1658 =( NAMED_UNIT ( * ) PLANE_ANGLE_UNIT ( ) SI_UNIT ( $, .RADIAN. ) );
#1659 = CARTESIAN_POINT ( 'NONE',  ( 1.195000000000000062, -1.989999999999999991, 0.000000000000000000 ) ) ;
#1660 = CARTESIAN_POINT ( 'NONE',  ( -2.465000000000000302, 0.4049999999999999711, 0.000000000000000000 ) ) ;
#1661 = EDGE_LOOP ( 'NONE', ( #5638, #5352 ) ) ;
#1662 = CARTESIAN_POINT ( 'NONE',  ( 2.945000000000000284, -2.449999999999999734, 0.000000000000000000 ) ) ;
#1663 = EDGE_LOOP ( 'NONE', ( #1196, #1403, #255, #2521 ) ) ;
#1664 = DIRECTION ( 'NONE',  ( 0.000000000000000000, 0.000000000000000000, 1.000000000000000000 ) ) ;
#1666 = ORIENTED_EDGE ( 'NONE', *, *, #2154, .F. ) ;
#1665 = CARTESIAN_POINT ( 'NONE',  ( -0.5975000000000000311, -1.879999999999999893, 0.000000000000000000 ) ) ;
#1667 = CARTESIAN_POINT ( 'NONE',  ( 2.757742740085070032, 0.6099999999999999867, 0.000000000000000000 ) ) ;
#1668 = ORIENTED_EDGE ( 'NONE', *, *, #3171, .F. ) ;
#1669 = CARTESIAN_POINT ( 'NONE',  ( -1.195000000000000062, -1.879999999999999893, 0.000000000000000000 ) ) ;
#1670 = CARTESIAN_POINT ( 'NONE',  ( -2.465000000000000302, 1.675000000000000044, 0.000000000000000000 ) ) ;
#1671 = ORIENTED_EDGE ( 'NONE', *, *, #5837, .F. ) ;
#1672 = SURFACE_STYLE_FILL_AREA ( #6634 ) ;
#1673 = DIRECTION ( 'NONE',  ( 1.907599698668639923E-16, -1.000000000000000000, 0.000000000000000000 ) ) ;
#1674 = FACE_OUTER_BOUND ( 'NONE', #3361, .T. ) ;
#1675 = EDGE_CURVE ( 'NONE', #1705, #7023, #1601, .T. ) ;
#1676 =( LENGTH_UNIT ( ) NAMED_UNIT ( * ) SI_UNIT ( .MILLI., .METRE. ) );
#1677 = CARTESIAN_POINT ( 'NONE',  ( -2.465000000000000302, -0.4550000000000000155, 0.000000000000000000 ) ) ;
#1678 = EDGE_CURVE ( 'NONE', #492, #597, #3813, .T. ) ;
#1679 = CARTESIAN_POINT ( 'NONE',  ( -2.895000000000000018, 1.675000000000000044, 0.000000000000000000 ) ) ;
#1680 = LINE ( 'NONE', #3877, #3197 ) ;
#1681 = ORIENTED_EDGE ( 'NONE', *, *, #2852, .F. ) ;
#1682 = CARTESIAN_POINT ( 'NONE',  ( -3.075000000000000178, 0.4550000000000000155, 0.000000000000000000 ) ) ;
#1683 = CARTESIAN_POINT ( 'NONE',  ( -2.861967654140120221, 0.000000000000000000, 1.119999999999999885 ) ) ;
#1684 = ORIENTED_EDGE ( 'NONE', *, *, #3667, .F. ) ;
#1685 = FACE_OUTER_BOUND ( 'NONE', #3644, .T. ) ;
#1686 = PLANE ( 'NONE',  #2765 ) ;
#1687 = EDGE_CURVE ( 'NONE', #1732, #341, #6016, .T. ) ;
#1688 = ORIENTED_EDGE ( 'NONE', *, *, #3748, .F. ) ;
#1689 = DIRECTION ( 'NONE',  ( 0.000000000000000000, 0.000000000000000000, -1.000000000000000000 ) ) ;
#1690 = CARTESIAN_POINT ( 'NONE',  ( -2.945000000000000284, -0.8149999999999999467, 0.000000000000000000 ) ) ;
#1691 = AXIS2_PLACEMENT_3D ( 'NONE', #6116, #596, #5689 ) ;
#1692 = AXIS2_PLACEMENT_3D ( 'NONE', #1348, #4165, #3638 ) ;
#1693 = DIRECTION ( 'NONE',  ( -1.000000000000000000, 0.000000000000000000, 0.000000000000000000 ) ) ;
#1694 = PRODUCT_DEFINITION_SHAPE ( 'NONE', 'NONE',  #4651 ) ;
#1695 = ORIENTED_EDGE ( 'NONE', *, *, #3953, .F. ) ;
#1696 = DIRECTION ( 'NONE',  ( 0.000000000000000000, 1.000000000000000000, 0.000000000000000000 ) ) ;
#1697 = VERTEX_POINT ( 'NONE', #3843 ) ;
#1698 = DIRECTION ( 'NONE',  ( 1.000000000000000000, 0.000000000000000000, 0.000000000000000000 ) ) ;
#1699 = VECTOR ( 'NONE', #2030, 1000.000000000000000 ) ;
#1700 = COLOUR_RGB ( '',0.2862745098039215508, 0.2862745098039215508, 0.2862745098039215508 ) ;
#1701 = ORIENTED_EDGE ( 'NONE', *, *, #4564, .F. ) ;
#1702 = PLANE ( 'NONE',  #7024 ) ;
#1703 = FACE_OUTER_BOUND ( 'NONE', #3287, .T. ) ;
#1704 = CARTESIAN_POINT ( 'NONE',  ( 1.472500000000000142, 2.449999999999999734, 0.3300000000000050115 ) ) ;
#1705 = VERTEX_POINT ( 'NONE', #1056 ) ;
#1706 = ADVANCED_FACE ( 'NONE', ( #1497 ), #493, .F. ) ;
#1707 = VERTEX_POINT ( 'NONE', #656 ) ;
#1708 = DIRECTION ( 'NONE',  ( 0.000000000000000000, 0.000000000000000000, 1.000000000000000000 ) ) ;
#1709 = FILL_AREA_STYLE_COLOUR ( '', #6449 ) ;
#1710 = LINE ( 'NONE', #5582, #6468 ) ;
#1711 = MECHANICAL_DESIGN_GEOMETRIC_PRESENTATION_REPRESENTATION (  '', ( #5168 ), #5177 ) ;
#1712 = VECTOR ( 'NONE', #6017, 1000.000000000000000 ) ;
#1713 =( GEOMETRIC_REPRESENTATION_CONTEXT ( 3 ) GLOBAL_UNCERTAINTY_ASSIGNED_CONTEXT ( ( #3918 ) ) GLOBAL_UNIT_ASSIGNED_CONTEXT ( ( #2328, #3340, #4522 ) ) REPRESENTATION_CONTEXT ( 'NONE', 'WORKASPACE' ) );
#1714 = CARTESIAN_POINT ( 'NONE',  ( 0.01727390857197759824, -1.389318103339880039, 0.000000000000000000 ) ) ;
#1715 = ADVANCED_FACE ( 'NONE', ( #5101 ), #5065, .F. ) ;
#1716 = STYLED_ITEM ( 'NONE', ( #4413 ), #3916 ) ;
#1717 = VECTOR ( 'NONE', #4578, 1000.000000000000000 ) ;
#1718 = AXIS2_PLACEMENT_3D ( 'NONE', #6197, #1208, #2808 ) ;
#1719 = PRESENTATION_STYLE_ASSIGNMENT (( #5002 ) ) ;
#1720 = EDGE_CURVE ( 'NONE', #5862, #6443, #3973, .T. ) ;
#1721 = ADVANCED_FACE ( 'NONE', ( #24 ), #2795, .F. ) ;
#1722 = CARTESIAN_POINT ( 'NONE',  ( -2.895000000000000018, 0.8149999999999999467, 0.000000000000000000 ) ) ;
#1723 = VECTOR ( 'NONE', #3412, 1000.000000000000000 ) ;
#1724 = VECTOR ( 'NONE', #2016, 1000.000000000000000 ) ;
#1725 = AXIS2_PLACEMENT_3D ( 'NONE', #2890, #1779, #126 ) ;
#1726 = DIRECTION ( 'NONE',  ( 0.000000000000000000, 0.000000000000000000, 1.000000000000000000 ) ) ;
#1727 = ORIENTED_EDGE ( 'NONE', *, *, #3874, .T. ) ;
#1728 = LINE ( 'NONE', #714, #4760 ) ;
#1729 = VECTOR ( 'NONE', #6667, 1000.000000000000000 ) ;
#1730 =( LENGTH_UNIT ( ) NAMED_UNIT ( * ) SI_UNIT ( .MILLI., .METRE. ) );
#1731 = LINE ( 'NONE', #6646, #2863 ) ;
#1732 = VERTEX_POINT ( 'NONE', #2279 ) ;
#1733 =( LENGTH_UNIT ( ) NAMED_UNIT ( * ) SI_UNIT ( .MILLI., .METRE. ) );
#1734 = VECTOR ( 'NONE', #3589, 1000.000000000000114 ) ;
#1735 = ORIENTED_EDGE ( 'NONE', *, *, #2911, .F. ) ;
#1736 = LINE ( 'NONE', #2888, #1306 ) ;
#1737 = EDGE_LOOP ( 'NONE', ( #933, #1442, #3961, #4687 ) ) ;
#1738 = PLANE ( 'NONE',  #6104 ) ;
#1739 = VECTOR ( 'NONE', #2612, 1000.000000000000000 ) ;
#1740 = VERTEX_POINT ( 'NONE', #4473 ) ;
#1741 = LINE ( 'NONE', #1374, #663 ) ;
#1742 = CARTESIAN_POINT ( 'NONE',  ( -3.075000000000000178, 0.4550000000000000155, 0.000000000000000000 ) ) ;
#1743 =( NAMED_UNIT ( * ) PLANE_ANGLE_UNIT ( ) SI_UNIT ( $, .RADIAN. ) );
#1744 = ADVANCED_FACE ( 'NONE', ( #1228 ), #1274, .T. ) ;
#1745 = VECTOR ( 'NONE', #6417, 1000.000000000000000 ) ;
#1746 = ORIENTED_EDGE ( 'NONE', *, *, #2504, .T. ) ;
#1748 = ORIENTED_EDGE ( 'NONE', *, *, #6159, .F. ) ;
#1747 = DIRECTION ( 'NONE',  ( 0.000000000000000000, 0.000000000000000000, 1.000000000000000000 ) ) ;
#1749 = DIRECTION ( 'NONE',  ( 0.000000000000000000, 0.000000000000000000, 1.000000000000000000 ) ) ;
#1750 = CARTESIAN_POINT ( 'NONE',  ( -3.075000000000000178, 1.724999999999999867, 0.3800000000000000044 ) ) ;
#1751 =( NAMED_UNIT ( * ) SI_UNIT ( $, .STERADIAN. ) SOLID_ANGLE_UNIT ( ) );
#1752 = ORIENTED_EDGE ( 'NONE', *, *, #3164, .F. ) ;
#1753 = DIRECTION ( 'NONE',  ( 0.7071067811865474617, 0.7071067811865474617, 0.000000000000000000 ) ) ;
#1754 = VECTOR ( 'NONE', #4763, 1000.000000000000000 ) ;
#1755 = APPLICATION_PROTOCOL_DEFINITION ( 'draft international standard', 'automotive_design', 1998, #4189 ) ;
#1756 = DIRECTION ( 'NONE',  ( -1.000000000000000000, -1.907599698668639923E-16, 0.000000000000000000 ) ) ;
#1757 = CARTESIAN_POINT ( 'NONE',  ( 0.9650000000000000799, -2.189999999999999947, 0.000000000000000000 ) ) ;
#1758 = UNCERTAINTY_MEASURE_WITH_UNIT (LENGTH_MEASURE( 1.000000000000000082E-05 ), #5311, 'distance_accuracy_value', 'NONE');
#1759 = VECTOR ( 'NONE', #259, 1000.000000000000000 ) ;
#1760 = ADVANCED_FACE ( 'NONE', ( #3939 ), #6744, .F. ) ;
#1761 = PRODUCT_DEFINITION_SHAPE ( 'NONE', 'NONE',  #2534 ) ;
#1762 = EDGE_CURVE ( 'NONE', #2748, #5456, #1893, .T. ) ;
#1763 = DIRECTION ( 'NONE',  ( 1.000000000000000000, 0.000000000000000000, 0.000000000000000000 ) ) ;
#1764 = ORIENTED_EDGE ( 'NONE', *, *, #1216, .F. ) ;
#1765 = CARTESIAN_POINT ( 'NONE',  ( -0.5799999999999999600, 2.423826859021799951, 0.3300000000000000155 ) ) ;
#1766 = AXIS2_PLACEMENT_3D ( 'NONE', #4844, #4949, #1664 ) ;
#1767 = PRESENTATION_STYLE_ASSIGNMENT (( #5594 ) ) ;
#1768 = DIRECTION ( 'NONE',  ( 1.000000000000000000, 0.000000000000000000, 0.000000000000000000 ) ) ;
#1769 = ORIENTED_EDGE ( 'NONE', *, *, #4096, .F. ) ;
#1770 = ADVANCED_FACE ( 'NONE', ( #5840 ), #6264, .T. ) ;
#1771 = PRESENTATION_STYLE_ASSIGNMENT (( #6764 ) ) ;
#1772 = AXIS2_PLACEMENT_3D ( 'NONE', #5019, #124, #3507 ) ;
#1773 = CARTESIAN_POINT ( 'NONE',  ( -2.465000000000000302, 0.4049999999999999711, 0.000000000000000000 ) ) ;
#1774 = EDGE_CURVE ( 'NONE', #3067, #526, #1965, .T. ) ;
#1775 = ORIENTED_EDGE ( 'NONE', *, *, #5920, .T. ) ;
#1776 = CARTESIAN_POINT ( 'NONE',  ( -2.465000000000000302, -1.724999999999999867, 0.000000000000000000 ) ) ;
#1777 = ORIENTED_EDGE ( 'NONE', *, *, #3785, .F. ) ;
#1778 = VECTOR ( 'NONE', #288, 1000.000000000000000 ) ;
#1779 = DIRECTION ( 'NONE',  ( 0.000000000000000000, 0.000000000000000000, 1.000000000000000000 ) ) ;
#1780 = VERTEX_POINT ( 'NONE', #845 ) ;
#1781 =( LENGTH_UNIT ( ) NAMED_UNIT ( * ) SI_UNIT ( .MILLI., .METRE. ) );
#1782 = PLANE ( 'NONE',  #590 ) ;
#1783 = SURFACE_STYLE_FILL_AREA ( #731 ) ;
#1784 = ORIENTED_EDGE ( 'NONE', *, *, #4224, .F. ) ;
#1786 = VERTEX_POINT ( 'NONE', #3656 ) ;
#1785 =( NAMED_UNIT ( * ) PLANE_ANGLE_UNIT ( ) SI_UNIT ( $, .RADIAN. ) );
#1787 = CARTESIAN_POINT ( 'NONE',  ( 3.075000000000000178, -0.8149999999999999467, 0.000000000000000000 ) ) ;
#1788 = EDGE_CURVE ( 'NONE', #6725, #6770, #4158, .T. ) ;
#1789 = LINE ( 'NONE', #1750, #6705 ) ;
#1790 = CARTESIAN_POINT ( 'NONE',  ( -2.895000000000000018, -1.724999999999999867, 0.3800000000000000044 ) ) ;
#1791 =( LENGTH_UNIT ( ) NAMED_UNIT ( * ) SI_UNIT ( .MILLI., .METRE. ) );
#1792 = FILL_AREA_STYLE_COLOUR ( '', #5763 ) ;
#1793 = APPLICATION_PROTOCOL_DEFINITION ( 'draft international standard', 'automotive_design', 1998, #874 ) ;
#1794 = DIRECTION ( 'NONE',  ( 0.000000000000000000, 0.000000000000000000, 1.000000000000000000 ) ) ;
#1795 = CARTESIAN_POINT ( 'NONE',  ( 0.8299999999999999600, 2.575000000000000178, 0.000000000000000000 ) ) ;
#1796 = LINE ( 'NONE', #3379, #3883 ) ;
#1797 = CARTESIAN_POINT ( 'NONE',  ( 2.465000000000000302, -1.724999999999999867, 0.000000000000000000 ) ) ;
#1798 = VERTEX_POINT ( 'NONE', #4087 ) ;
#1799 = CARTESIAN_POINT ( 'NONE',  ( 0.4449999999999999512, 2.189999999999999947, 0.000000000000000000 ) ) ;
#1800 = EDGE_CURVE ( 'NONE', #4221, #164, #6818, .T. ) ;
#1801 = DIRECTION ( 'NONE',  ( 0.000000000000000000, 0.000000000000000000, 1.000000000000000000 ) ) ;
#1802 = LINE ( 'NONE', #5192, #2759 ) ;
#1803 = ORIENTED_EDGE ( 'NONE', *, *, #4059, .T. ) ;
#1804 = PLANE ( 'NONE',  #823 ) ;
#1805 =( LENGTH_UNIT ( ) NAMED_UNIT ( * ) SI_UNIT ( .MILLI., .METRE. ) );
#1806 = VERTEX_POINT ( 'NONE', #2968 ) ;
#1807 = DIRECTION ( 'NONE',  ( 0.000000000000000000, 0.000000000000000000, 1.000000000000000000 ) ) ;
#1808 = EDGE_CURVE ( 'NONE', #6517, #5164, #198, .T. ) ;
#1809 = VERTEX_POINT ( 'NONE', #4118 ) ;
#1810 = LINE ( 'NONE', #51, #3453 ) ;
#1811 = EDGE_LOOP ( 'NONE', ( #1223, #2306, #3359, #1229 ) ) ;
#1812 = EDGE_CURVE ( 'NONE', #2996, #1697, #1311, .T. ) ;
#1813 = CARTESIAN_POINT ( 'NONE',  ( 2.945000000000000284, 0.4550000000000000155, 0.000000000000000000 ) ) ;
#1814 = LINE ( 'NONE', #130, #5191 ) ;
#1815 = ORIENTED_EDGE ( 'NONE', *, *, #4344, .F. ) ;
#1816 = VERTEX_POINT ( 'NONE', #6376 ) ;
#1817 = VECTOR ( 'NONE', #5764, 1000.000000000000000 ) ;
#1818 = FILL_AREA_STYLE_COLOUR ( '', #4229 ) ;
#1819 = CARTESIAN_POINT ( 'NONE',  ( 2.465000000000000302, 2.084999999999999964, 0.000000000000000000 ) ) ;
#1820 = LINE ( 'NONE', #3944, #1729 ) ;
#1821 = LINE ( 'NONE', #4062, #1871 ) ;
#1822 = VECTOR ( 'NONE', #4845, 1000.000000000000000 ) ;
#1823 = CARTESIAN_POINT ( 'NONE',  ( 0.4449999999999999512, 2.189999999999999947, 0.000000000000000000 ) ) ;
#1824 = CARTESIAN_POINT ( 'NONE',  ( 3.075000000000000178, 2.034999999999999698, 0.000000000000000000 ) ) ;
#1825 = FILL_AREA_STYLE_COLOUR ( '', #3675 ) ;
#1826 =( GEOMETRIC_REPRESENTATION_CONTEXT ( 3 ) GLOBAL_UNCERTAINTY_ASSIGNED_CONTEXT ( ( #2706 ) ) GLOBAL_UNIT_ASSIGNED_CONTEXT ( ( #216, #7109, #4266 ) ) REPRESENTATION_CONTEXT ( 'NONE', 'WORKASPACE' ) );
#1827 = MECHANICAL_DESIGN_GEOMETRIC_PRESENTATION_REPRESENTATION (  '', ( #2161 ), #6450 ) ;
#1828 = VECTOR ( 'NONE', #5988, 1000.000000000000114 ) ;
#1829 = STYLED_ITEM ( 'NONE', ( #2476 ), #1319 ) ;
#1830 = LINE ( 'NONE', #1289, #5778 ) ;
#1831 = STYLED_ITEM ( 'NONE', ( #3309 ), #3645 ) ;
#1832 = STYLED_ITEM ( 'NONE', ( #139 ), #707 ) ;
#1833 = VECTOR ( 'NONE', #2358, 1000.000000000000000 ) ;
#1834 = EDGE_CURVE ( 'NONE', #5490, #6369, #809, .T. ) ;
#1835 = CARTESIAN_POINT ( 'NONE',  ( 2.895000000000000018, -1.724999999999999867, 0.000000000000000000 ) ) ;
#1836 = ORIENTED_EDGE ( 'NONE', *, *, #1089, .F. ) ;
#1837 = CARTESIAN_POINT ( 'NONE',  ( -3.075000000000000178, -0.5050000000000000044, 0.000000000000000000 ) ) ;
#1838 = LINE ( 'NONE', #3534, #3313 ) ;
#1839 = SURFACE_STYLE_FILL_AREA ( #4566 ) ;
#1840 = PRESENTATION_LAYER_ASSIGNMENT (  '', '', ( #1254 ) ) ;
#1841 = CARTESIAN_POINT ( 'NONE',  ( 2.895000000000000018, -0.4550000000000000155, 0.000000000000000000 ) ) ;
#1842 = STYLED_ITEM ( 'NONE', ( #3586 ), #2966 ) ;
#1843 = VERTEX_POINT ( 'NONE', #2464 ) ;
#1844 = PRESENTATION_STYLE_ASSIGNMENT (( #2379 ) ) ;
#1845 = LINE ( 'NONE', #120, #2412 ) ;
#1846 = VECTOR ( 'NONE', #1178, 1000.000000000000000 ) ;
#1847 = COLOUR_RGB ( '',0.2862745098039215508, 0.2862745098039215508, 0.2862745098039215508 ) ;
#1848 = ORIENTED_EDGE ( 'NONE', *, *, #5067, .F. ) ;
#1849 = CARTESIAN_POINT ( 'NONE',  ( 2.465000000000000302, -2.135000000000000231, 0.3300000000000000155 ) ) ;
#1850 = ORIENTED_EDGE ( 'NONE', *, *, #1626, .F. ) ;
#1851 = ORIENTED_EDGE ( 'NONE', *, *, #7099, .F. ) ;
#1852 =( GEOMETRIC_REPRESENTATION_CONTEXT ( 3 ) GLOBAL_UNCERTAINTY_ASSIGNED_CONTEXT ( ( #4592 ) ) GLOBAL_UNIT_ASSIGNED_CONTEXT ( ( #1423, #852, #2498 ) ) REPRESENTATION_CONTEXT ( 'NONE', 'WORKASPACE' ) );
#1853 = DIRECTION ( 'NONE',  ( 0.000000000000000000, -1.000000000000000000, 0.000000000000000000 ) ) ;
#1854 = DIRECTION ( 'NONE',  ( 0.000000000000000000, 0.000000000000000000, 1.000000000000000000 ) ) ;
#1855 = DIRECTION ( 'NONE',  ( 1.000000000000000000, 0.000000000000000000, 0.000000000000000000 ) ) ;
#1856 = EDGE_CURVE ( 'NONE', #928, #1263, #3043, .T. ) ;
#1857 = VERTEX_POINT ( 'NONE', #1382 ) ;
#1858 = VECTOR ( 'NONE', #6883, 1000.000000000000114 ) ;
#1859 = VERTEX_POINT ( 'NONE', #3072 ) ;
#1860 = LINE ( 'NONE', #3403, #3565 ) ;
#1861 = UNCERTAINTY_MEASURE_WITH_UNIT (LENGTH_MEASURE( 1.000000000000000082E-05 ), #2682, 'distance_accuracy_value', 'NONE');
#1862 = SURFACE_SIDE_STYLE ('',( #4593 ) ) ;
#1863 = LINE ( 'NONE', #3076, #4017 ) ;
#1864 = VECTOR ( 'NONE', #3736, 1000.000000000000114 ) ;
#1865 = DIRECTION ( 'NONE',  ( 0.000000000000000000, 1.000000000000000000, 0.000000000000000000 ) ) ;
#1866 = FILL_AREA_STYLE_COLOUR ( '', #1288 ) ;
#1867 = FACE_OUTER_BOUND ( 'NONE', #135, .T. ) ;
#1868 = CARTESIAN_POINT ( 'NONE',  ( -0.8299999999999999600, -2.449999999999999734, 0.000000000000000000 ) ) ;
#1869 = PRESENTATION_STYLE_ASSIGNMENT (( #2474 ) ) ;
#1870 = FACE_OUTER_BOUND ( 'NONE', #4011, .T. ) ;
#1871 = VECTOR ( 'NONE', #1900, 1000.000000000000000 ) ;
#1872 = LINE ( 'NONE', #668, #4141 ) ;
#1873 = VECTOR ( 'NONE', #375, 1000.000000000000000 ) ;
#1874 = VERTEX_POINT ( 'NONE', #5274 ) ;
#1875 = CARTESIAN_POINT ( 'NONE',  ( -0.4449999999999999512, -1.989999999999999991, 0.3300000000000000155 ) ) ;
#1876 = DIRECTION ( 'NONE',  ( 0.000000000000000000, 1.000000000000000000, 0.000000000000000000 ) ) ;
#1877 = VECTOR ( 'NONE', #293, 1000.000000000000000 ) ;
#1878 = SURFACE_SIDE_STYLE ('',( #1839 ) ) ;
#1879 =( NAMED_UNIT ( * ) PLANE_ANGLE_UNIT ( ) SI_UNIT ( $, .RADIAN. ) );
#1880 = ORIENTED_EDGE ( 'NONE', *, *, #1644, .T. ) ;
#1881 = EDGE_CURVE ( 'NONE', #6526, #6259, #340, .T. ) ;
#1882 = LINE ( 'NONE', #3614, #720 ) ;
#1883 = VECTOR ( 'NONE', #6346, 1000.000000000000000 ) ;
#1884 = ORIENTED_EDGE ( 'NONE', *, *, #319, .T. ) ;
#1885 = ORIENTED_EDGE ( 'NONE', *, *, #3441, .T. ) ;
#1886 = FILL_AREA_STYLE_COLOUR ( '', #1604 ) ;
#1887 = ORIENTED_EDGE ( 'NONE', *, *, #3880, .T. ) ;
#1888 =( GEOMETRIC_REPRESENTATION_CONTEXT ( 3 ) GLOBAL_UNCERTAINTY_ASSIGNED_CONTEXT ( ( #916 ) ) GLOBAL_UNIT_ASSIGNED_CONTEXT ( ( #6984, #2018, #6324 ) ) REPRESENTATION_CONTEXT ( 'NONE', 'WORKASPACE' ) );
#1889 = CARTESIAN_POINT ( 'NONE',  ( 2.945000000000000284, -1.224999999999999867, 0.3300000000000000155 ) ) ;
#1890 = SURFACE_STYLE_FILL_AREA ( #5860 ) ;
#1891 = DIRECTION ( 'NONE',  ( -1.000000000000000000, 0.000000000000000000, 0.000000000000000000 ) ) ;
#1892 = ORIENTED_EDGE ( 'NONE', *, *, #2312, .F. ) ;
#1894 = ORIENTED_EDGE ( 'NONE', *, *, #1561, .T. ) ;
#1893 = LINE ( 'NONE', #4589, #2964 ) ;
#1895 = EDGE_CURVE ( 'NONE', #737, #617, #1451, .T. ) ;
#1896 = DIRECTION ( 'NONE',  ( 0.4999999999999995004, -0.8660254037844390407, 0.000000000000000000 ) ) ;
#1897 = CARTESIAN_POINT ( 'NONE',  ( -0.4449999999999999512, 1.879999999999999893, 0.3300000000000000155 ) ) ;
#1898 = PLANE ( 'NONE',  #6110 ) ;
#1899 = MECHANICAL_DESIGN_GEOMETRIC_PRESENTATION_REPRESENTATION (  '', ( #7092 ), #512 ) ;
#1900 = DIRECTION ( 'NONE',  ( 0.000000000000000000, 0.000000000000000000, 1.000000000000000000 ) ) ;
#1901 = ADVANCED_FACE ( 'NONE', ( #1555 ), #412, .F. ) ;
#1902 = PLANE ( 'NONE',  #2452 ) ;
#1903 = DIRECTION ( 'NONE',  ( 0.000000000000000000, 0.000000000000000000, 1.000000000000000000 ) ) ;
#1904 = ADVANCED_FACE ( 'NONE', ( #3729 ), #4361, .F. ) ;
#1905 =( NAMED_UNIT ( * ) SI_UNIT ( $, .STERADIAN. ) SOLID_ANGLE_UNIT ( ) );
#1906 = EDGE_CURVE ( 'NONE', #1618, #7085, #5964, .T. ) ;
#1907 = SURFACE_STYLE_USAGE ( .BOTH. , #860 ) ;
#1908 = VERTEX_POINT ( 'NONE', #2060 ) ;
#1909 =( NAMED_UNIT ( * ) SI_UNIT ( $, .STERADIAN. ) SOLID_ANGLE_UNIT ( ) );
#1910 = DIRECTION ( 'NONE',  ( 0.000000000000000000, 0.000000000000000000, -1.000000000000000000 ) ) ;
#1911 = ORIENTED_EDGE ( 'NONE', *, *, #5783, .T. ) ;
#1912 = LINE ( 'NONE', #4107, #155 ) ;
#1913 = ORIENTED_EDGE ( 'NONE', *, *, #4626, .F. ) ;
#1914 = ORIENTED_EDGE ( 'NONE', *, *, #5662, .T. ) ;
#1915 = DIRECTION ( 'NONE',  ( 0.000000000000000000, 0.000000000000000000, -1.000000000000000000 ) ) ;
#1916 = ORIENTED_EDGE ( 'NONE', *, *, #783, .F. ) ;
#1917 =( NAMED_UNIT ( * ) SI_UNIT ( $, .STERADIAN. ) SOLID_ANGLE_UNIT ( ) );
#1918 = LINE ( 'NONE', #1375, #133 ) ;
#1919 = CARTESIAN_POINT ( 'NONE',  ( 2.945000000000000284, -0.5050000000000000044, 0.000000000000000000 ) ) ;
#1920 = ORIENTED_EDGE ( 'NONE', *, *, #284, .T. ) ;
#1921 = EDGE_CURVE ( 'NONE', #2156, #5273, #977, .T. ) ;
#1923 = VERTEX_POINT ( 'NONE', #5458 ) ;
#1922 = PRESENTATION_STYLE_ASSIGNMENT (( #734 ) ) ;
#1924 = DIRECTION ( 'NONE',  ( 0.000000000000000000, 1.000000000000000000, 0.000000000000000000 ) ) ;
#1925 = CARTESIAN_POINT ( 'NONE',  ( -2.895000000000000018, -2.135000000000000231, 0.3300000000000000155 ) ) ;
#1926 = DIRECTION ( 'NONE',  ( 0.000000000000000000, -1.000000000000000000, 0.000000000000000000 ) ) ;
#1927 = DIRECTION ( 'NONE',  ( 0.000000000000000000, 1.000000000000000000, 0.000000000000000000 ) ) ;
#1928 = LINE ( 'NONE', #3597, #6472 ) ;
#1929 = LINE ( 'NONE', #5281, #3019 ) ;
#1930 = UNCERTAINTY_MEASURE_WITH_UNIT (LENGTH_MEASURE( 1.000000000000000082E-05 ), #5579, 'distance_accuracy_value', 'NONE');
#1931 = EDGE_CURVE ( 'NONE', #5173, #1908, #441, .T. ) ;
#1932 = COLOUR_RGB ( '',0.2862745098039215508, 0.2862745098039215508, 0.2862745098039215508 ) ;
#1933 = CARTESIAN_POINT ( 'NONE',  ( 2.945000000000000284, -1.775000000000000133, 0.000000000000000000 ) ) ;
#1934 = AXIS2_PLACEMENT_3D ( 'NONE', #857, #1975, #6308 ) ;
#1935 = SURFACE_STYLE_FILL_AREA ( #2578 ) ;
#1936 = DIRECTION ( 'NONE',  ( 0.000000000000000000, -1.000000000000000000, 0.000000000000000000 ) ) ;
#1937 = FILL_AREA_STYLE ('',( #1463 ) ) ;
#1938 = CARTESIAN_POINT ( 'NONE',  ( -3.075000000000000178, 2.034999999999999698, 0.000000000000000000 ) ) ;
#1939 = PRODUCT ( 'Trans_Vishay_SIR681DP-T1-RE3_eec.STEP', 'Trans_Vishay_SIR681DP-T1-RE3_eec.STEP', '', ( #3454 ) ) ;
#1940 = ADVANCED_FACE ( 'NONE', ( #7065 ), #1004, .F. ) ;
#1941 = EDGE_CURVE ( 'NONE', #3117, #4658, #5120, .T. ) ;
#1942 = DIRECTION ( 'NONE',  ( 0.000000000000000000, 0.000000000000000000, -1.000000000000000000 ) ) ;
#1943 = ORIENTED_EDGE ( 'NONE', *, *, #6537, .T. ) ;
#1944 =( LENGTH_UNIT ( ) NAMED_UNIT ( * ) SI_UNIT ( .MILLI., .METRE. ) );
#1945 = EDGE_CURVE ( 'NONE', #928, #4802, #5738, .T. ) ;
#1946 = FILL_AREA_STYLE ('',( #3642 ) ) ;
#1947 = EDGE_CURVE ( 'NONE', #617, #261, #6248, .T. ) ;
#1948 = ORIENTED_EDGE ( 'NONE', *, *, #4795, .F. ) ;
#1949 = VECTOR ( 'NONE', #1454, 1000.000000000000000 ) ;
#1950 = VECTOR ( 'NONE', #2398, 1000.000000000000000 ) ;
#1951 = STYLED_ITEM ( 'NONE', ( #5785 ), #1320 ) ;
#1952 = CARTESIAN_POINT ( 'NONE',  ( 2.945000000000000284, 2.449999999999999734, 0.3300000000000000155 ) ) ;
#1953 = DIRECTION ( 'NONE',  ( 0.000000000000000000, 0.000000000000000000, 1.000000000000000000 ) ) ;
#1954 = ORIENTED_EDGE ( 'NONE', *, *, #5152, .T. ) ;
#1955 = VECTOR ( 'NONE', #5741, 1000.000000000000000 ) ;
#1956 = MECHANICAL_DESIGN_GEOMETRIC_PRESENTATION_REPRESENTATION (  '', ( #6567 ), #5642 ) ;
#1957 = MECHANICAL_DESIGN_GEOMETRIC_PRESENTATION_REPRESENTATION (  '', ( #6227 ), #5530 ) ;
#1958 = ORIENTED_EDGE ( 'NONE', *, *, #5067, .T. ) ;
#1959 = UNCERTAINTY_MEASURE_WITH_UNIT (LENGTH_MEASURE( 1.000000000000000082E-05 ), #1656, 'distance_accuracy_value', 'NONE');
#1960 = CARTESIAN_POINT ( 'NONE',  ( -0.9650000000000000799, 1.094999999999999973, 0.000000000000000000 ) ) ;
#1961 = VECTOR ( 'NONE', #5362, 1000.000000000000000 ) ;
#1962 = COLOUR_RGB ( '',0.2862745098039215508, 0.2862745098039215508, 0.2862745098039215508 ) ;
#1963 = PRESENTATION_LAYER_ASSIGNMENT (  '', '', ( #2876 ) ) ;
#1964 = ORIENTED_EDGE ( 'NONE', *, *, #1856, .T. ) ;
#1966 = ORIENTED_EDGE ( 'NONE', *, *, #4711, .F. ) ;
#1965 = LINE ( 'NONE', #5242, #1230 ) ;
#1967 = SURFACE_SIDE_STYLE ('',( #6924 ) ) ;
#1968 = VECTOR ( 'NONE', #6160, 1000.000000000000000 ) ;
#1969 = EDGE_LOOP ( 'NONE', ( #4769, #3783, #4543, #944 ) ) ;
#1970 = FACE_OUTER_BOUND ( 'NONE', #4103, .T. ) ;
#1971 = DIRECTION ( 'NONE',  ( -1.000000000000000000, -1.132880637372609972E-16, 0.000000000000000000 ) ) ;
#1972 = EDGE_CURVE ( 'NONE', #4403, #5064, #4610, .T. ) ;
#1973 = AXIS2_PLACEMENT_3D ( 'NONE', #1742, #5133, #2386 ) ;
#1974 = DIRECTION ( 'NONE',  ( 0.000000000000000000, 0.000000000000000000, -1.000000000000000000 ) ) ;
#1975 = DIRECTION ( 'NONE',  ( 0.000000000000000000, -1.000000000000000000, 0.000000000000000000 ) ) ;
#1976 = DIRECTION ( 'NONE',  ( -0.7071067811865570096, -0.7071067811865380248, 0.000000000000000000 ) ) ;
#1977 = AXIS2_PLACEMENT_3D ( 'NONE', #4744, #5818, #4270 ) ;
#1978 = UNCERTAINTY_MEASURE_WITH_UNIT (LENGTH_MEASURE( 1.000000000000000082E-05 ), #1448, 'distance_accuracy_value', 'NONE');
#1979 = CARTESIAN_POINT ( 'NONE',  ( -2.757742740085070032, 0.6099999999999999867, 0.3300000000000000155 ) ) ;
#1980 = VECTOR ( 'NONE', #3666, 1000.000000000000114 ) ;
#1981 = FILL_AREA_STYLE ('',( #3128 ) ) ;
#1982 = ORIENTED_EDGE ( 'NONE', *, *, #6294, .F. ) ;
#1983 = DIRECTION ( 'NONE',  ( 1.000000000000000000, 0.000000000000000000, 0.000000000000000000 ) ) ;
#1984 = EDGE_CURVE ( 'NONE', #1190, #58, #1838, .T. ) ;
#1985 = ORIENTED_EDGE ( 'NONE', *, *, #3735, .T. ) ;
#1986 = PLANE ( 'NONE',  #6262 ) ;
#1987 = ORIENTED_EDGE ( 'NONE', *, *, #1584, .T. ) ;
#1988 = DIRECTION ( 'NONE',  ( -0.000000000000000000, 1.000000000000000000, 0.000000000000000000 ) ) ;
#1989 = EDGE_CURVE ( 'NONE', #6957, #4629, #6793, .T. ) ;
#1990 = CARTESIAN_POINT ( 'NONE',  ( 2.895000000000000018, 0.4049999999999999711, 0.000000000000000000 ) ) ;
#1991 = VERTEX_POINT ( 'NONE', #2371 ) ;
#1992 = CARTESIAN_POINT ( 'NONE',  ( -2.465000000000000302, -2.135000000000000231, 0.3800000000000000044 ) ) ;
#1993 = LINE ( 'NONE', #6372, #246 ) ;
#1994 = ADVANCED_FACE ( 'NONE', ( #749 ), #181, .T. ) ;
#1995 = EDGE_LOOP ( 'NONE', ( #2951, #2602, #1628, #1913 ) ) ;
#1997 = ORIENTED_EDGE ( 'NONE', *, *, #3726, .T. ) ;
#1996 = DIRECTION ( 'NONE',  ( 0.000000000000000000, 0.000000000000000000, 1.000000000000000000 ) ) ;
#1998 = VECTOR ( 'NONE', #6701, 1000.000000000000000 ) ;
#1999 = CARTESIAN_POINT ( 'NONE',  ( -2.465000000000000302, 1.879999999999999893, 0.000000000000000000 ) ) ;
#2000 = ORIENTED_EDGE ( 'NONE', *, *, #2362, .F. ) ;
#2001 = DIRECTION ( 'NONE',  ( 1.000000000000000000, 0.000000000000000000, 0.000000000000000000 ) ) ;
#2002 = PLANE ( 'NONE',  #2997 ) ;
#2004 =( NAMED_UNIT ( * ) PLANE_ANGLE_UNIT ( ) SI_UNIT ( $, .RADIAN. ) );
#2003 = UNCERTAINTY_MEASURE_WITH_UNIT (LENGTH_MEASURE( 1.000000000000000082E-05 ), #4109, 'distance_accuracy_value', 'NONE');
#2005 = VECTOR ( 'NONE', #6475, 1000.000000000000000 ) ;
#2006 = DIRECTION ( 'NONE',  ( -0.4999999999999998890, -0.8660254037844387076, 0.000000000000000000 ) ) ;
#2007 = EDGE_CURVE ( 'NONE', #2860, #2928, #3958, .T. ) ;
#2008 = CARTESIAN_POINT ( 'NONE',  ( 2.465000000000000302, 2.084999999999999964, 0.3800000000000000044 ) ) ;
#2009 = LINE ( 'NONE', #5292, #1961 ) ;
#2010 = CARTESIAN_POINT ( 'NONE',  ( 3.075000000000000178, 2.034999999999999698, 0.000000000000000000 ) ) ;
#2011 =( LENGTH_UNIT ( ) NAMED_UNIT ( * ) SI_UNIT ( .MILLI., .METRE. ) );
#2012 = ORIENTED_EDGE ( 'NONE', *, *, #4353, .T. ) ;
#2013 = SURFACE_STYLE_FILL_AREA ( #2553 ) ;
#2014 = ORIENTED_EDGE ( 'NONE', *, *, #4688, .T. ) ;
#2015 = CARTESIAN_POINT ( 'NONE',  ( -3.075000000000000178, 0.4550000000000000155, 0.3800000000000000044 ) ) ;
#2016 = DIRECTION ( 'NONE',  ( -1.000000000000000000, 0.000000000000000000, 0.000000000000000000 ) ) ;
#2017 = ORIENTED_EDGE ( 'NONE', *, *, #3529, .F. ) ;
#2018 =( NAMED_UNIT ( * ) PLANE_ANGLE_UNIT ( ) SI_UNIT ( $, .RADIAN. ) );
#2019 = FACE_OUTER_BOUND ( 'NONE', #3593, .T. ) ;
#2020 = ORIENTED_EDGE ( 'NONE', *, *, #3005, .F. ) ;
#2021 = SURFACE_STYLE_USAGE ( .BOTH. , #5834 ) ;
#2022 = CARTESIAN_POINT ( 'NONE',  ( 2.945000000000000284, -1.775000000000000133, 0.000000000000000000 ) ) ;
#2023 = EDGE_CURVE ( 'NONE', #826, #5127, #3831, .T. ) ;
#2024 = VERTEX_POINT ( 'NONE', #2920 ) ;
#2025 = ORIENTED_EDGE ( 'NONE', *, *, #2922, .F. ) ;
#2026 = DIRECTION ( 'NONE',  ( 0.000000000000000000, 0.000000000000000000, -1.000000000000000000 ) ) ;
#2027 = EDGE_CURVE ( 'NONE', #5206, #1874, #6172, .T. ) ;
#2028 = ORIENTED_EDGE ( 'NONE', *, *, #4032, .F. ) ;
#2029 = FILL_AREA_STYLE ('',( #6097 ) ) ;
#2030 = DIRECTION ( 'NONE',  ( 0.000000000000000000, 0.000000000000000000, 1.000000000000000000 ) ) ;
#2031 = CARTESIAN_POINT ( 'NONE',  ( 2.945000000000000284, 2.034999999999999698, 0.3800000000000000044 ) ) ;
#2032 = CARTESIAN_POINT ( 'NONE',  ( -2.945000000000000284, 1.224999999999999867, 0.3300000000000040123 ) ) ;
#2033 = FILL_AREA_STYLE ('',( #885 ) ) ;
#2034 = PRESENTATION_STYLE_ASSIGNMENT (( #4135 ) ) ;
#2035 = SURFACE_STYLE_FILL_AREA ( #5363 ) ;
#2036 = VECTOR ( 'NONE', #1017, 1000.000000000000000 ) ;
#2037 = ORIENTED_EDGE ( 'NONE', *, *, #5121, .F. ) ;
#2038 = AXIS2_PLACEMENT_3D ( 'NONE', #4735, #3119, #384 ) ;
#2039 = MECHANICAL_DESIGN_GEOMETRIC_PRESENTATION_REPRESENTATION (  '', ( #552 ), #4572 ) ;
#2040 = VERTEX_POINT ( 'NONE', #3419 ) ;
#2041 =( NAMED_UNIT ( * ) SI_UNIT ( $, .STERADIAN. ) SOLID_ANGLE_UNIT ( ) );
#2042 = ORIENTED_EDGE ( 'NONE', *, *, #2401, .F. ) ;
#2043 = EDGE_CURVE ( 'NONE', #36, #5102, #5190, .T. ) ;
#2044 = CARTESIAN_POINT ( 'NONE',  ( -2.465000000000000302, -0.4550000000000000155, 0.3300000000000000155 ) ) ;
#2045 = VECTOR ( 'NONE', #4400, 1000.000000000000000 ) ;
#2046 = MECHANICAL_DESIGN_GEOMETRIC_PRESENTATION_REPRESENTATION (  '', ( #6906 ), #1473 ) ;
#2047 = ORIENTED_EDGE ( 'NONE', *, *, #3949, .T. ) ;
#2048 = PLANE ( 'NONE',  #3268 ) ;
#2049 = CARTESIAN_POINT ( 'NONE',  ( -2.465000000000000302, 1.675000000000000044, 0.000000000000000000 ) ) ;
#2050 = PRESENTATION_LAYER_ASSIGNMENT (  '', '', ( #330 ) ) ;
#2051 = VECTOR ( 'NONE', #1129, 1000.000000000000000 ) ;
#2052 = EDGE_LOOP ( 'NONE', ( #5631, #1275, #4756, #1851 ) ) ;
#2053 = VECTOR ( 'NONE', #3985, 1000.000000000000000 ) ;
#2054 = CARTESIAN_POINT ( 'NONE',  ( 2.945000000000000284, -1.224999999999999867, 0.3300000000000000155 ) ) ;
#2055 = CARTESIAN_POINT ( 'NONE',  ( -2.945000000000000284, -2.084999999999999964, 0.3800000000000000044 ) ) ;
#2056 = AXIS2_PLACEMENT_3D ( 'NONE', #5477, #2184, #4381 ) ;
#2057 = PRESENTATION_LAYER_ASSIGNMENT (  '', '', ( #227 ) ) ;
#2058 = VECTOR ( 'NONE', #6558, 1000.000000000000000 ) ;
#2059 = EDGE_LOOP ( 'NONE', ( #2884, #5838, #6071, #7137 ) ) ;
#2061 = EDGE_LOOP ( 'NONE', ( #2988, #1310, #5066, #864, #189, #1590, #2236, #6759 ) ) ;
#2060 = CARTESIAN_POINT ( 'NONE',  ( 0.5799999999999999600, 2.575000000000000178, 0.3800000000000000044 ) ) ;
#2062 = SURFACE_SIDE_STYLE ('',( #7026 ) ) ;
#2063 = ORIENTED_EDGE ( 'NONE', *, *, #849, .T. ) ;
#2064 = EDGE_CURVE ( 'NONE', #5903, #1513, #4395, .T. ) ;
#2065 = VECTOR ( 'NONE', #4525, 1000.000000000000000 ) ;
#2066 = PLANE ( 'NONE',  #556 ) ;
#2067 = CARTESIAN_POINT ( 'NONE',  ( -3.075000000000000178, -2.084999999999999964, 0.000000000000000000 ) ) ;
#2068 = COLOUR_RGB ( '',0.2862745098039215508, 0.2862745098039215508, 0.2862745098039215508 ) ;
#2069 =( GEOMETRIC_REPRESENTATION_CONTEXT ( 3 ) GLOBAL_UNCERTAINTY_ASSIGNED_CONTEXT ( ( #7125 ) ) GLOBAL_UNIT_ASSIGNED_CONTEXT ( ( #6070, #2789, #726 ) ) REPRESENTATION_CONTEXT ( 'NONE', 'WORKASPACE' ) );
#2070 = CARTESIAN_POINT ( 'NONE',  ( 3.075000000000000178, -1.775000000000000133, 0.3800000000000000044 ) ) ;
#2071 =( GEOMETRIC_REPRESENTATION_CONTEXT ( 3 ) GLOBAL_UNCERTAINTY_ASSIGNED_CONTEXT ( ( #699 ) ) GLOBAL_UNIT_ASSIGNED_CONTEXT ( ( #4479, #3522, #1234 ) ) REPRESENTATION_CONTEXT ( 'NONE', 'WORKASPACE' ) );
#2072 = FACE_OUTER_BOUND ( 'NONE', #3071, .T. ) ;
#2073 = DIRECTION ( 'NONE',  ( 0.000000000000000000, 0.000000000000000000, 1.000000000000000000 ) ) ;
#2074 = DIRECTION ( 'NONE',  ( 1.000000000000000000, 0.000000000000000000, 0.000000000000000000 ) ) ;
#2075 = ADVANCED_FACE ( 'NONE', ( #4036 ), #148, .T. ) ;
#2076 = CARTESIAN_POINT ( 'NONE',  ( -3.075000000000000178, 1.724999999999999867, 0.000000000000000000 ) ) ;
#2077 = VECTOR ( 'NONE', #5098, 1000.000000000000000 ) ;
#2078 = ADVANCED_FACE ( 'NONE', ( #1294 ), #3499, .T. ) ;
#2079 = PLANE ( 'NONE',  #2746 ) ;
#2080 = ORIENTED_EDGE ( 'NONE', *, *, #4197, .T. ) ;
#2081 = CARTESIAN_POINT ( 'NONE',  ( -2.945000000000000284, -2.084999999999999964, 0.000000000000000000 ) ) ;
#2082 = STYLED_ITEM ( 'NONE', ( #5256 ), #5205 ) ;
#2083 = ORIENTED_EDGE ( 'NONE', *, *, #6765, .F. ) ;
#2084 = DIRECTION ( 'NONE',  ( 0.000000000000000000, 1.000000000000000000, 0.000000000000000000 ) ) ;
#2085 = PRESENTATION_LAYER_ASSIGNMENT (  '', '', ( #6841 ) ) ;
#2086 = EDGE_LOOP ( 'NONE', ( #3479, #686, #6323, #6313 ) ) ;
#2087 = FILL_AREA_STYLE ('',( #5483 ) ) ;
#2088 =( LENGTH_UNIT ( ) NAMED_UNIT ( * ) SI_UNIT ( .MILLI., .METRE. ) );
#2089 = EDGE_CURVE ( 'NONE', #4221, #6582, #3711, .T. ) ;
#2090 = ORIENTED_EDGE ( 'NONE', *, *, #446, .F. ) ;
#2091 =( NAMED_UNIT ( * ) SI_UNIT ( $, .STERADIAN. ) SOLID_ANGLE_UNIT ( ) );
#2092 = FILL_AREA_STYLE ('',( #407 ) ) ;
#2093 = LINE ( 'NONE', #10, #2907 ) ;
#2094 = VECTOR ( 'NONE', #524, 1000.000000000000000 ) ;
#2095 = DIRECTION ( 'NONE',  ( 1.000000000000000000, 0.000000000000000000, 0.000000000000000000 ) ) ;
#2096 = VERTEX_POINT ( 'NONE', #862 ) ;
#2097 = CARTESIAN_POINT ( 'NONE',  ( -2.465000000000000302, -0.4550000000000000155, 0.3300000000000000155 ) ) ;
#2098 = ORIENTED_EDGE ( 'NONE', *, *, #4929, .T. ) ;
#2099 = CARTESIAN_POINT ( 'NONE',  ( 2.895000000000000018, 1.675000000000000044, 0.000000000000000000 ) ) ;
#2100 = ORIENTED_EDGE ( 'NONE', *, *, #5479, .T. ) ;
#2101 = VECTOR ( 'NONE', #4423, 1000.000000000000000 ) ;
#2102 = DIRECTION ( 'NONE',  ( 1.000000000000000000, 0.000000000000000000, 0.000000000000000000 ) ) ;
#2103 =( NAMED_UNIT ( * ) SI_UNIT ( $, .STERADIAN. ) SOLID_ANGLE_UNIT ( ) );
#2104 = PRESENTATION_STYLE_ASSIGNMENT (( #5465 ) ) ;
#2105 = ADVANCED_FACE ( 'NONE', ( #5919 ), #396, .F. ) ;
#2106 =( GEOMETRIC_REPRESENTATION_CONTEXT ( 3 ) GLOBAL_UNCERTAINTY_ASSIGNED_CONTEXT ( ( #1424 ) ) GLOBAL_UNIT_ASSIGNED_CONTEXT ( ( #2978, #3050, #5217 ) ) REPRESENTATION_CONTEXT ( 'NONE', 'WORKASPACE' ) );
#2107 = PLANE ( 'NONE',  #6124 ) ;
#2108 = FACE_OUTER_BOUND ( 'NONE', #2059, .T. ) ;
#2109 = CARTESIAN_POINT ( 'NONE',  ( -3.075000000000000178, -0.8149999999999999467, 0.000000000000000000 ) ) ;
#2110 = LINE ( 'NONE', #6637, #4729 ) ;
#2111 = APPLICATION_CONTEXT ( 'automotive_design' ) ;
#2112 = EDGE_CURVE ( 'NONE', #397, #80, #3163, .T. ) ;
#2113 = ORIENTED_EDGE ( 'NONE', *, *, #61, .F. ) ;
#2114 = DIRECTION ( 'NONE',  ( 0.000000000000000000, 1.000000000000000000, 0.000000000000000000 ) ) ;
#2115 = ADVANCED_FACE ( 'NONE', ( #5298 ), #4749, .F. ) ;
#2116 =( NAMED_UNIT ( * ) PLANE_ANGLE_UNIT ( ) SI_UNIT ( $, .RADIAN. ) );
#2117 = VERTEX_POINT ( 'NONE', #2221 ) ;
#2118 = LINE ( 'NONE', #2662, #6853 ) ;
#2119 = VERTEX_POINT ( 'NONE', #2695 ) ;
#2120 = LINE ( 'NONE', #1515, #2533 ) ;
#2121 = VERTEX_POINT ( 'NONE', #3193 ) ;
#2122 = CARTESIAN_POINT ( 'NONE',  ( 2.895000000000000018, 0.8149999999999999467, 0.000000000000000000 ) ) ;
#2123 = CARTESIAN_POINT ( 'NONE',  ( 2.895000000000000018, 1.675000000000000044, 0.000000000000000000 ) ) ;
#2124 = CARTESIAN_POINT ( 'NONE',  ( 3.075000000000000178, 0.7649999999999999023, 0.3800000000000000044 ) ) ;
#2125 = ORIENTED_EDGE ( 'NONE', *, *, #7004, .T. ) ;
#2126 = CARTESIAN_POINT ( 'NONE',  ( 0.9650000000000000799, 1.989999999999999991, 0.000000000000000000 ) ) ;
#2127 = VERTEX_POINT ( 'NONE', #501 ) ;
#2128 = DIRECTION ( 'NONE',  ( 0.000000000000000000, 0.000000000000000000, -1.000000000000000000 ) ) ;
#2129 = ORIENTED_EDGE ( 'NONE', *, *, #3175, .F. ) ;
#2130 = LINE ( 'NONE', #3227, #4509 ) ;
#2131 = ADVANCED_FACE ( 'NONE', ( #2725 ), #4336, .T. ) ;
#2132 = VERTEX_POINT ( 'NONE', #536 ) ;
#2133 = CARTESIAN_POINT ( 'NONE',  ( 2.895000000000000018, 0.4049999999999999711, 0.000000000000000000 ) ) ;
#2134 = SURFACE_STYLE_USAGE ( .BOTH. , #4371 ) ;
#2135 = DIRECTION ( 'NONE',  ( -0.000000000000000000, 0.9945218953682734009, 0.1045284632676540537 ) ) ;
#2136 = LINE ( 'NONE', #4332, #4037 ) ;
#2137 = CARTESIAN_POINT ( 'NONE',  ( 0.000000000000000000, 0.000000000000000000, 0.000000000000000000 ) ) ;
#2138 = CARTESIAN_POINT ( 'NONE',  ( -2.465000000000000302, -0.8649999999999999911, 0.000000000000000000 ) ) ;
#2139 =( LENGTH_UNIT ( ) NAMED_UNIT ( * ) SI_UNIT ( .MILLI., .METRE. ) );
#2140 = VERTEX_POINT ( 'NONE', #1030 ) ;
#2141 = EDGE_CURVE ( 'NONE', #6994, #6011, #3744, .T. ) ;
#2142 = LINE ( 'NONE', #4339, #3373 ) ;
#2143 = EDGE_CURVE ( 'NONE', #7091, #1383, #4860, .T. ) ;
#2144 = EDGE_CURVE ( 'NONE', #5826, #1991, #7083, .T. ) ;
#2145 = PRESENTATION_STYLE_ASSIGNMENT (( #6509 ) ) ;
#2146 = STYLED_ITEM ( 'NONE', ( #5975 ), #1706 ) ;
#2147 = VERTEX_POINT ( 'NONE', #5949 ) ;
#2148 = PRESENTATION_STYLE_ASSIGNMENT (( #4865 ) ) ;
#2149 = CARTESIAN_POINT ( 'NONE',  ( -2.945000000000000284, -2.084999999999999964, 0.000000000000000000 ) ) ;
#2150 = ORIENTED_EDGE ( 'NONE', *, *, #6897, .F. ) ;
#2151 = CARTESIAN_POINT ( 'NONE',  ( 0.8299999999999999600, -2.575000000000000178, 0.000000000000000000 ) ) ;
#2152 = COLOUR_RGB ( '',0.2862745098039215508, 0.2862745098039215508, 0.2862745098039215508 ) ;
#2153 = CARTESIAN_POINT ( 'NONE',  ( -2.465000000000000302, 0.4049999999999999711, 0.3300000000000000155 ) ) ;
#2154 = EDGE_CURVE ( 'NONE', #2639, #545, #4969, .T. ) ;
#2155 =( NAMED_UNIT ( * ) PLANE_ANGLE_UNIT ( ) SI_UNIT ( $, .RADIAN. ) );
#2156 = VERTEX_POINT ( 'NONE', #2138 ) ;
#2157 =( LENGTH_UNIT ( ) NAMED_UNIT ( * ) SI_UNIT ( .MILLI., .METRE. ) );
#2158 = COLOUR_RGB ( '',0.2862745098039215508, 0.2862745098039215508, 0.2862745098039215508 ) ;
#2159 = VECTOR ( 'NONE', #6095, 1000.000000000000000 ) ;
#2160 = ORIENTED_EDGE ( 'NONE', *, *, #3083, .T. ) ;
#2161 = STYLED_ITEM ( 'NONE', ( #4186 ), #527 ) ;
#2162 = AXIS2_PLACEMENT_3D ( 'NONE', #1018, #4264, #2609 ) ;
#2163 = MECHANICAL_DESIGN_GEOMETRIC_PRESENTATION_REPRESENTATION (  '', ( #338 ), #1713 ) ;
#2164 = PLANE ( 'NONE',  #1725 ) ;
#2165 = EDGE_LOOP ( 'NONE', ( #1885, #1880, #1681, #5095 ) ) ;
#2166 = DIRECTION ( 'NONE',  ( -1.000000000000000000, 0.000000000000000000, 0.000000000000000000 ) ) ;
#2167 = DIRECTION ( 'NONE',  ( 0.000000000000000000, 0.000000000000000000, 1.000000000000000000 ) ) ;
#2168 = CARTESIAN_POINT ( 'NONE',  ( 2.895000000000000018, -2.135000000000000231, 0.000000000000000000 ) ) ;
#2169 = AXIS2_PLACEMENT_3D ( 'NONE', #5471, #3768, #1022 ) ;
#2170 = COLOUR_RGB ( '',0.2862745098039215508, 0.2862745098039215508, 0.2862745098039215508 ) ;
#2171 = AXIS2_PLACEMENT_3D ( 'NONE', #5393, #456, #3293 ) ;
#2172 = VECTOR ( 'NONE', #3056, 1000.000000000000000 ) ;
#2173 = VERTEX_POINT ( 'NONE', #4918 ) ;
#2174 = CARTESIAN_POINT ( 'NONE',  ( 3.075000000000000178, 0.4550000000000000155, 0.000000000000000000 ) ) ;
#2175 = COLOUR_RGB ( '',0.2862745098039215508, 0.2862745098039215508, 0.2862745098039215508 ) ;
#2176 = CARTESIAN_POINT ( 'NONE',  ( -2.945000000000000284, 2.034999999999999698, 0.000000000000000000 ) ) ;
#2177 = EDGE_CURVE ( 'NONE', #2316, #4798, #990, .T. ) ;
#2178 = CARTESIAN_POINT ( 'NONE',  ( -2.945000000000000284, 0.7649999999999999023, 0.000000000000000000 ) ) ;
#2179 = FILL_AREA_STYLE ('',( #7143 ) ) ;
#2180 = AXIS2_PLACEMENT_3D ( 'NONE', #1059, #2135, #2610 ) ;
#2181 = PRESENTATION_STYLE_ASSIGNMENT (( #2655 ) ) ;
#2182 =( NAMED_UNIT ( * ) PLANE_ANGLE_UNIT ( ) SI_UNIT ( $, .RADIAN. ) );
#2183 = VECTOR ( 'NONE', #5248, 1000.000000000000000 ) ;
#2184 = DIRECTION ( 'NONE',  ( -1.000000000000000000, 0.000000000000000000, 0.000000000000000000 ) ) ;
#2185 = VERTEX_POINT ( 'NONE', #5549 ) ;
#2186 = PLANE ( 'NONE',  #610 ) ;
#2187 = VECTOR ( 'NONE', #301, 1000.000000000000000 ) ;
#2188 = FACE_OUTER_BOUND ( 'NONE', #5786, .T. ) ;
#2189 = ORIENTED_EDGE ( 'NONE', *, *, #5329, .F. ) ;
#2190 = PLANE ( 'NONE',  #5823 ) ;
#2191 = EDGE_CURVE ( 'NONE', #4622, #6257, #2805, .T. ) ;
#2192 = PLANE ( 'NONE',  #6206 ) ;
#2193 = DIRECTION ( 'NONE',  ( 1.000000000000000000, 9.424643672539529398E-17, 0.000000000000000000 ) ) ;
#2194 = ORIENTED_EDGE ( 'NONE', *, *, #2852, .T. ) ;
#2195 = VECTOR ( 'NONE', #1102, 1000.000000000000000 ) ;
#2196 = EDGE_CURVE ( 'NONE', #3700, #2748, #6640, .T. ) ;
#2197 = FILL_AREA_STYLE ('',( #43 ) ) ;
#2198 = UNCERTAINTY_MEASURE_WITH_UNIT (LENGTH_MEASURE( 1.000000000000000082E-05 ), #1730, 'distance_accuracy_value', 'NONE');
#2199 = CARTESIAN_POINT ( 'NONE',  ( -2.465000000000000302, 0.4049999999999999711, 0.000000000000000000 ) ) ;
#2200 = ORIENTED_EDGE ( 'NONE', *, *, #5449, .T. ) ;
#2201 = AXIS2_PLACEMENT_3D ( 'NONE', #348, #5909, #1458 ) ;
#2203 = ORIENTED_EDGE ( 'NONE', *, *, #1675, .T. ) ;
#2202 = DIRECTION ( 'NONE',  ( -1.000000000000000000, 0.000000000000000000, 0.000000000000000000 ) ) ;
#2204 = CARTESIAN_POINT ( 'NONE',  ( 0.9650000000000000799, -1.989999999999999991, 0.3800000000000000044 ) ) ;
#2205 = VERTEX_POINT ( 'NONE', #4379 ) ;
#2206 = EDGE_CURVE ( 'NONE', #1786, #1302, #7148, .T. ) ;
#2207 = CARTESIAN_POINT ( 'NONE',  ( 2.945000000000000284, -2.084999999999999964, 0.000000000000000000 ) ) ;
#2208 = FACE_OUTER_BOUND ( 'NONE', #3025, .T. ) ;
#2209 = VECTOR ( 'NONE', #2896, 1000.000000000000000 ) ;
#2210 =( NAMED_UNIT ( * ) SI_UNIT ( $, .STERADIAN. ) SOLID_ANGLE_UNIT ( ) );
#2211 = ORIENTED_EDGE ( 'NONE', *, *, #6315, .T. ) ;
#2212 = SURFACE_SIDE_STYLE ('',( #2356 ) ) ;
#2213 =( GEOMETRIC_REPRESENTATION_CONTEXT ( 3 ) GLOBAL_UNCERTAINTY_ASSIGNED_CONTEXT ( ( #6999 ) ) GLOBAL_UNIT_ASSIGNED_CONTEXT ( ( #3389, #2308, #4539 ) ) REPRESENTATION_CONTEXT ( 'NONE', 'WORKASPACE' ) );
#2214 = LINE ( 'NONE', #4408, #4 ) ;
#2215 = CARTESIAN_POINT ( 'NONE',  ( -0.9650000000000000799, 2.189999999999999947, 0.000000000000000000 ) ) ;
#2216 = CARTESIAN_POINT ( 'NONE',  ( 2.465000000000000302, -1.879999999999999893, 0.3300000000000000155 ) ) ;
#2217 = EDGE_LOOP ( 'NONE', ( #6402, #6507, #1297, #3422, #237, #5855, #4922, #890, #6702, #3531, #1594, #1639 ) ) ;
#2218 = STYLED_ITEM ( 'NONE', ( #5527 ), #6053 ) ;
#2219 = EDGE_CURVE ( 'NONE', #6259, #3700, #5508, .T. ) ;
#2220 = FACE_OUTER_BOUND ( 'NONE', #6631, .T. ) ;
#2221 = CARTESIAN_POINT ( 'NONE',  ( -2.945000000000000284, -2.084999999999999964, 0.3800000000000000044 ) ) ;
#2222 =( GEOMETRIC_REPRESENTATION_CONTEXT ( 3 ) GLOBAL_UNCERTAINTY_ASSIGNED_CONTEXT ( ( #3078 ) ) GLOBAL_UNIT_ASSIGNED_CONTEXT ( ( #2157, #2709, #482 ) ) REPRESENTATION_CONTEXT ( 'NONE', 'WORKASPACE' ) );
#2223 = ORIENTED_EDGE ( 'NONE', *, *, #2911, .T. ) ;
#2224 = CARTESIAN_POINT ( 'NONE',  ( -0.8299999999999999600, 2.575000000000000178, 0.000000000000000000 ) ) ;
#2225 = PRESENTATION_LAYER_ASSIGNMENT (  '', '', ( #5224 ) ) ;
#2226 = EDGE_CURVE ( 'NONE', #2121, #3618, #1680, .T. ) ;
#2227 = ORIENTED_EDGE ( 'NONE', *, *, #1232, .T. ) ;
#2228 = CARTESIAN_POINT ( 'NONE',  ( -3.075000000000000178, -1.775000000000000133, 0.000000000000000000 ) ) ;
#2229 = PLANE ( 'NONE',  #122 ) ;
#2230 = SURFACE_SIDE_STYLE ('',( #6032 ) ) ;
#2231 = EDGE_LOOP ( 'NONE', ( #6660, #1558, #3467, #6644 ) ) ;
#2232 = PRODUCT_DEFINITION_FORMATION_WITH_SPECIFIED_SOURCE ( 'ANY', '', #6789, .NOT_KNOWN. ) ;
#2233 = LINE ( 'NONE', #3311, #3820 ) ;
#2234 = EDGE_CURVE ( 'NONE', #167, #6259, #5476, .T. ) ;
#2235 = LINE ( 'NONE', #4424, #6349 ) ;
#2236 = ORIENTED_EDGE ( 'NONE', *, *, #5606, .T. ) ;
#2237 = PLANE ( 'NONE',  #1766 ) ;
#2238 = EDGE_CURVE ( 'NONE', #4996, #6257, #3819, .T. ) ;
#2239 = ORIENTED_EDGE ( 'NONE', *, *, #4712, .T. ) ;
#2240 = DIRECTION ( 'NONE',  ( 0.7071067811865570096, -0.7071067811865380248, 0.000000000000000000 ) ) ;
#2241 = ORIENTED_EDGE ( 'NONE', *, *, #4116, .T. ) ;
#2242 = LINE ( 'NONE', #3288, #5042 ) ;
#2243 = LINE ( 'NONE', #6152, #4724 ) ;
#2244 = ADVANCED_FACE ( 'NONE', ( #6055 ), #3298, .F. ) ;
#2245 =( LENGTH_UNIT ( ) NAMED_UNIT ( * ) SI_UNIT ( .MILLI., .METRE. ) );
#2246 = ORIENTED_EDGE ( 'NONE', *, *, #357, .T. ) ;
#2247 = EDGE_CURVE ( 'NONE', #3774, #3684, #2255, .T. ) ;
#2248 = ADVANCED_FACE ( 'NONE', ( #1870 ), #4442, .F. ) ;
#2249 = ORIENTED_EDGE ( 'NONE', *, *, #143, .T. ) ;
#2250 = FACE_OUTER_BOUND ( 'NONE', #3922, .T. ) ;
#2251 = DIRECTION ( 'NONE',  ( 0.000000000000000000, -1.000000000000000000, 0.000000000000000000 ) ) ;
#2252 = DIRECTION ( 'NONE',  ( 0.4999999999999995004, 0.8660254037844390407, 0.000000000000000000 ) ) ;
#2253 = CARTESIAN_POINT ( 'NONE',  ( 0.4449999999999999512, 2.189999999999999947, 0.000000000000000000 ) ) ;
#2254 = FACE_OUTER_BOUND ( 'NONE', #245, .T. ) ;
#2255 = LINE ( 'NONE', #5734, #6563 ) ;
#2256 = FILL_AREA_STYLE_COLOUR ( '', #2984 ) ;
#2257 = FILL_AREA_STYLE ('',( #6339 ) ) ;
#2258 = UNCERTAINTY_MEASURE_WITH_UNIT (LENGTH_MEASURE( 1.000000000000000082E-05 ), #4002, 'distance_accuracy_value', 'NONE');
#2259 = PLANE ( 'NONE',  #4956 ) ;
#2260 = ORIENTED_EDGE ( 'NONE', *, *, #3533, .T. ) ;
#2261 = DIRECTION ( 'NONE',  ( 0.000000000000000000, 0.000000000000000000, -1.000000000000000000 ) ) ;
#2262 = DIRECTION ( 'NONE',  ( 0.7071067811865570096, -0.7071067811865380248, 0.000000000000000000 ) ) ;
#2263 = ORIENTED_EDGE ( 'NONE', *, *, #279, .T. ) ;
#2264 = ADVANCED_FACE ( 'NONE', ( #5037 ), #1172, .T. ) ;
#2265 = CARTESIAN_POINT ( 'NONE',  ( 2.945000000000000284, -0.8149999999999999467, 0.000000000000000000 ) ) ;
#2266 = SURFACE_SIDE_STYLE ('',( #78 ) ) ;
#2267 = DIRECTION ( 'NONE',  ( 0.000000000000000000, 1.000000000000000000, 0.000000000000000000 ) ) ;
#2268 = PRODUCT_DEFINITION_SHAPE ( 'NONE', 'NONE',  #6120 ) ;
#2269 = ORIENTED_EDGE ( 'NONE', *, *, #2432, .T. ) ;
#2270 = FACE_OUTER_BOUND ( 'NONE', #4001, .T. ) ;
#2271 = ORIENTED_EDGE ( 'NONE', *, *, #6026, .F. ) ;
#2272 = CARTESIAN_POINT ( 'NONE',  ( -3.075000000000000178, 2.034999999999999698, 0.3800000000000000044 ) ) ;
#2273 = MECHANICAL_DESIGN_GEOMETRIC_PRESENTATION_REPRESENTATION (  '', ( #776 ), #6677 ) ;
#2274 = ORIENTED_EDGE ( 'NONE', *, *, #1244, .F. ) ;
#2275 = LINE ( 'NONE', #3257, #2622 ) ;
#2276 = FACE_OUTER_BOUND ( 'NONE', #6796, .T. ) ;
#2277 =( LENGTH_UNIT ( ) NAMED_UNIT ( * ) SI_UNIT ( .MILLI., .METRE. ) );
#2278 = VERTEX_POINT ( 'NONE', #6971 ) ;
#2280 = VERTEX_POINT ( 'NONE', #4202 ) ;
#2279 = CARTESIAN_POINT ( 'NONE',  ( 2.465000000000000302, -0.8649999999999999911, 0.000000000000000000 ) ) ;
#2281 = EDGE_CURVE ( 'NONE', #988, #1509, #2547, .T. ) ;
#2282 = CARTESIAN_POINT ( 'NONE',  ( 2.945000000000000284, 1.724999999999999867, 0.000000000000000000 ) ) ;
#2283 = PRESENTATION_LAYER_ASSIGNMENT (  '', '', ( #1831 ) ) ;
#2284 = CARTESIAN_POINT ( 'NONE',  ( -2.465000000000000302, 1.675000000000000044, 0.000000000000000000 ) ) ;
#2285 = COLOUR_RGB ( '',0.7490196078431372584, 0.7490196078431372584, 0.7490196078431372584 ) ;
#2286 = VECTOR ( 'NONE', #3483, 1000.000000000000000 ) ;
#2287 = FILL_AREA_STYLE ('',( #1866 ) ) ;
#2288 = EDGE_CURVE ( 'NONE', #608, #4859, #2980, .T. ) ;
#2289 = CARTESIAN_POINT ( 'NONE',  ( -2.895000000000000018, 1.675000000000000044, 0.000000000000000000 ) ) ;
#2290 = AXIS2_PLACEMENT_3D ( 'NONE', #7048, #3059, #893 ) ;
#2291 = LINE ( 'NONE', #633, #5517 ) ;
#2292 = VECTOR ( 'NONE', #5657, 1000.000000000000000 ) ;
#2293 = COLOUR_RGB ( '',0.2862745098039215508, 0.2862745098039215508, 0.2862745098039215508 ) ;
#2294 = ADVANCED_FACE ( 'NONE', ( #4777 ), #5850, .T. ) ;
#2295 =( LENGTH_UNIT ( ) NAMED_UNIT ( * ) SI_UNIT ( .MILLI., .METRE. ) );
#2296 = CARTESIAN_POINT ( 'NONE',  ( 0.4450000000000179923, -1.879999999999999893, 0.000000000000000000 ) ) ;
#2297 = CARTESIAN_POINT ( 'NONE',  ( -2.945000000000000284, 0.7649999999999999023, 0.3300000000000000155 ) ) ;
#2298 = PRESENTATION_LAYER_ASSIGNMENT (  '', '', ( #2 ) ) ;
#2299 = ADVANCED_FACE ( 'NONE', ( #1499 ), #6419, .T. ) ;
#2300 =( GEOMETRIC_REPRESENTATION_CONTEXT ( 3 ) GLOBAL_UNCERTAINTY_ASSIGNED_CONTEXT ( ( #2475 ) ) GLOBAL_UNIT_ASSIGNED_CONTEXT ( ( #1552, #2155, #1150 ) ) REPRESENTATION_CONTEXT ( 'NONE', 'WORKASPACE' ) );
#2301 = CARTESIAN_POINT ( 'NONE',  ( 3.075000000000000178, 0.7649999999999999023, 0.000000000000000000 ) ) ;
#2302 = VERTEX_POINT ( 'NONE', #1462 ) ;
#2303 = ORIENTED_EDGE ( 'NONE', *, *, #358, .T. ) ;
#2304 = VECTOR ( 'NONE', #6447, 1000.000000000000000 ) ;
#2305 = PLANE ( 'NONE',  #2632 ) ;
#2306 = ORIENTED_EDGE ( 'NONE', *, *, #2604, .T. ) ;
#2307 = DIRECTION ( 'NONE',  ( 0.7071067811865570096, 0.7071067811865380248, 0.000000000000000000 ) ) ;
#2308 =( NAMED_UNIT ( * ) PLANE_ANGLE_UNIT ( ) SI_UNIT ( $, .RADIAN. ) );
#2309 = MECHANICAL_DESIGN_GEOMETRIC_PRESENTATION_REPRESENTATION (  '', ( #3588 ), #4616 ) ;
#2310 = ORIENTED_EDGE ( 'NONE', *, *, #5329, .T. ) ;
#2311 = CARTESIAN_POINT ( 'NONE',  ( -2.945000000000000284, -0.5050000000000000044, 0.3300000000000000155 ) ) ;
#2312 = EDGE_CURVE ( 'NONE', #2173, #2422, #5782, .T. ) ;
#2313 = VERTEX_POINT ( 'NONE', #5219 ) ;
#2314 = LINE ( 'NONE', #621, #4358 ) ;
#2315 = STYLED_ITEM ( 'NONE', ( #3847 ), #5343 ) ;
#2316 = VERTEX_POINT ( 'NONE', #3639 ) ;
#2317 = FILL_AREA_STYLE_COLOUR ( '', #5510 ) ;
#2318 = FILL_AREA_STYLE ('',( #1225 ) ) ;
#2319 = SURFACE_STYLE_USAGE ( .BOTH. , #3971 ) ;
#2320 = VECTOR ( 'NONE', #917, 1000.000000000000000 ) ;
#2321 = ORIENTED_EDGE ( 'NONE', *, *, #968, .F. ) ;
#2322 = ORIENTED_EDGE ( 'NONE', *, *, #1143, .T. ) ;
#2323 = CARTESIAN_POINT ( 'NONE',  ( 2.945000000000000284, 0.4550000000000000155, 0.000000000000000000 ) ) ;
#2324 =( NAMED_UNIT ( * ) PLANE_ANGLE_UNIT ( ) SI_UNIT ( $, .RADIAN. ) );
#2325 = LINE ( 'NONE', #662, #709 ) ;
#2326 = ADVANCED_FACE ( 'NONE', ( #2441 ), #1349, .T. ) ;
#2327 = VECTOR ( 'NONE', #2354, 1000.000000000000114 ) ;
#2328 =( LENGTH_UNIT ( ) NAMED_UNIT ( * ) SI_UNIT ( .MILLI., .METRE. ) );
#2329 = CONTEXT_DEPENDENT_SHAPE_REPRESENTATION ( #5580, #5567 ) ;
#2330 = EDGE_CURVE ( 'NONE', #5154, #595, #6938, .T. ) ;
#2331 = LINE ( 'NONE', #1795, #2065 ) ;
#2332 = EDGE_LOOP ( 'NONE', ( #6925, #4220, #2457, #7150 ) ) ;
#2333 = UNCERTAINTY_MEASURE_WITH_UNIT (LENGTH_MEASURE( 1.000000000000000082E-05 ), #5377, 'distance_accuracy_value', 'NONE');
#2334 = STYLED_ITEM ( 'NONE', ( #1844 ), #6048 ) ;
#2335 = EDGE_CURVE ( 'NONE', #3300, #2639, #6390, .T. ) ;
#2336 = CARTESIAN_POINT ( 'NONE',  ( 2.945000000000000284, -1.775000000000000133, 0.000000000000000000 ) ) ;
#2337 = ORIENTED_EDGE ( 'NONE', *, *, #2330, .T. ) ;
#2338 = DIRECTION ( 'NONE',  ( -0.4999999999999995004, -0.8660254037844390407, 0.000000000000000000 ) ) ;
#2339 = VECTOR ( 'NONE', #1696, 1000.000000000000000 ) ;
#2340 = CARTESIAN_POINT ( 'NONE',  ( -1.041281245747259776, -0.01435439709616219937, 0.3800000000000000044 ) ) ;
#2341 = EDGE_CURVE ( 'NONE', #6011, #6517, #4742, .T. ) ;
#2342 = DIRECTION ( 'NONE',  ( 0.000000000000000000, 1.000000000000000000, 0.000000000000000000 ) ) ;
#2343 = CARTESIAN_POINT ( 'NONE',  ( 2.945000000000000284, 0.7649999999999999023, 0.3300000000000000155 ) ) ;
#2344 = ORIENTED_EDGE ( 'NONE', *, *, #487, .T. ) ;
#2345 = DIRECTION ( 'NONE',  ( 0.000000000000000000, 1.000000000000000000, 0.000000000000000000 ) ) ;
#2346 =( GEOMETRIC_REPRESENTATION_CONTEXT ( 3 ) GLOBAL_UNCERTAINTY_ASSIGNED_CONTEXT ( ( #4163 ) ) GLOBAL_UNIT_ASSIGNED_CONTEXT ( ( #4933, #1658, #6060 ) ) REPRESENTATION_CONTEXT ( 'NONE', 'WORKASPACE' ) );
#2347 = APPLICATION_CONTEXT ( 'automotive_design' ) ;
#2348 = ORIENTED_EDGE ( 'NONE', *, *, #1788, .F. ) ;
#2349 = CARTESIAN_POINT ( 'NONE',  ( 0.5799999999999999600, -2.423826859021799951, 0.3800000000000000044 ) ) ;
#2350 = ORIENTED_EDGE ( 'NONE', *, *, #2648, .T. ) ;
#2351 = LINE ( 'NONE', #5096, #116 ) ;
#2352 = ORIENTED_EDGE ( 'NONE', *, *, #5950, .F. ) ;
#2353 = DIRECTION ( 'NONE',  ( 1.000000000000000000, 0.000000000000000000, 0.000000000000000000 ) ) ;
#2354 = DIRECTION ( 'NONE',  ( 0.7071067811865474617, 0.7071067811865474617, 0.000000000000000000 ) ) ;
#2355 = ORIENTED_EDGE ( 'NONE', *, *, #5007, .F. ) ;
#2357 = ORIENTED_EDGE ( 'NONE', *, *, #3604, .F. ) ;
#2356 = SURFACE_STYLE_FILL_AREA ( #134 ) ;
#2358 = DIRECTION ( 'NONE',  ( 0.000000000000000000, 0.000000000000000000, 1.000000000000000000 ) ) ;
#2359 = UNCERTAINTY_MEASURE_WITH_UNIT (LENGTH_MEASURE( 1.000000000000000082E-05 ), #68, 'distance_accuracy_value', 'NONE');
#2360 = LINE ( 'NONE', #5615, #4227 ) ;
#2361 = LINE ( 'NONE', #6782, #4841 ) ;
#2362 = EDGE_CURVE ( 'NONE', #3940, #2924, #5326, .T. ) ;
#2363 = DIRECTION ( 'NONE',  ( 0.000000000000000000, 0.000000000000000000, 1.000000000000000000 ) ) ;
#2364 = FACE_OUTER_BOUND ( 'NONE', #2086, .T. ) ;
#2365 = PLANE ( 'NONE',  #6504 ) ;
#2366 = DIRECTION ( 'NONE',  ( 5.886868053959999725E-14, 1.000000000000000000, 0.000000000000000000 ) ) ;
#2367 = CARTESIAN_POINT ( 'NONE',  ( -2.465000000000000302, 0.4049999999999999711, 0.000000000000000000 ) ) ;
#2368 = LINE ( 'NONE', #3416, #1846 ) ;
#2369 = ORIENTED_EDGE ( 'NONE', *, *, #4705, .F. ) ;
#2370 = CARTESIAN_POINT ( 'NONE',  ( -3.075000000000000178, 1.724999999999999867, 0.000000000000000000 ) ) ;
#2371 = CARTESIAN_POINT ( 'NONE',  ( -2.895000000000000018, 0.4049999999999999711, 0.000000000000000000 ) ) ;
#2372 = SHAPE_REPRESENTATION ( 'Vishay SIR186DP-T1-RE3 2.STEP', ( #398 ), #3954 ) ;
#2373 = LINE ( 'NONE', #5709, #3458 ) ;
#2374 = EDGE_CURVE ( 'NONE', #1908, #2185, #3814, .T. ) ;
#2375 = FACE_OUTER_BOUND ( 'NONE', #2814, .T. ) ;
#2376 = ORIENTED_EDGE ( 'NONE', *, *, #5252, .T. ) ;
#2377 = DIRECTION ( 'NONE',  ( 1.000000000000000000, 0.000000000000000000, 0.000000000000000000 ) ) ;
#2378 = ADVANCED_FACE ( 'NONE', ( #2758 ), #1058, .T. ) ;
#2379 = SURFACE_STYLE_USAGE ( .BOTH. , #684 ) ;
#2380 = EDGE_CURVE ( 'NONE', #5826, #5426, #4962, .T. ) ;
#2381 = DIRECTION ( 'NONE',  ( -1.000000000000000000, -1.132880637372609972E-16, 0.000000000000000000 ) ) ;
#2382 = ORIENTED_EDGE ( 'NONE', *, *, #4081, .F. ) ;
#2383 = CARTESIAN_POINT ( 'NONE',  ( 2.895000000000000018, -1.724999999999999867, 0.3300000000000000155 ) ) ;
#2384 = VERTEX_POINT ( 'NONE', #6635 ) ;
#2385 = ORIENTED_EDGE ( 'NONE', *, *, #1267, .T. ) ;
#2386 = DIRECTION ( 'NONE',  ( 0.000000000000000000, 0.000000000000000000, -1.000000000000000000 ) ) ;
#2387 = EDGE_CURVE ( 'NONE', #1115, #6805, #6050, .T. ) ;
#2388 = ORIENTED_EDGE ( 'NONE', *, *, #3668, .T. ) ;
#2390 = ORIENTED_EDGE ( 'NONE', *, *, #5699, .F. ) ;
#2389 =( NAMED_UNIT ( * ) PLANE_ANGLE_UNIT ( ) SI_UNIT ( $, .RADIAN. ) );
#2391 = VECTOR ( 'NONE', #6889, 1000.000000000000000 ) ;
#2392 = DIRECTION ( 'NONE',  ( 0.000000000000000000, 0.000000000000000000, -1.000000000000000000 ) ) ;
#2393 = DIRECTION ( 'NONE',  ( 1.000000000000000000, 0.000000000000000000, 0.000000000000000000 ) ) ;
#2394 = CARTESIAN_POINT ( 'NONE',  ( -2.945000000000000284, 2.034999999999999698, 0.000000000000000000 ) ) ;
#2395 = PRESENTATION_LAYER_ASSIGNMENT (  '', '', ( #7136 ) ) ;
#2396 = VECTOR ( 'NONE', #5493, 1000.000000000000000 ) ;
#2397 = EDGE_LOOP ( 'NONE', ( #184, #5349, #5441, #191 ) ) ;
#2398 = DIRECTION ( 'NONE',  ( 4.510281037539690557E-15, 1.000000000000000000, 0.000000000000000000 ) ) ;
#2399 = CARTESIAN_POINT ( 'NONE',  ( 1.447500000000000009, 2.084999999999999964, 0.000000000000000000 ) ) ;
#2400 = PLANE ( 'NONE',  #4588 ) ;
#2401 = EDGE_CURVE ( 'NONE', #3579, #6201, #3737, .T. ) ;
#2402 = PRESENTATION_STYLE_ASSIGNMENT (( #5701 ) ) ;
#2403 =( GEOMETRIC_REPRESENTATION_CONTEXT ( 3 ) GLOBAL_UNCERTAINTY_ASSIGNED_CONTEXT ( ( #1345 ) ) GLOBAL_UNIT_ASSIGNED_CONTEXT ( ( #6754, #5667, #1206 ) ) REPRESENTATION_CONTEXT ( 'NONE', 'WORKASPACE' ) );
#2404 = DIRECTION ( 'NONE',  ( -0.7071067811865380248, -0.7071067811865570096, 0.000000000000000000 ) ) ;
#2405 = AXIS2_PLACEMENT_3D ( 'NONE', #5455, #6651, #480 ) ;
#2406 = VECTOR ( 'NONE', #4125, 1000.000000000000000 ) ;
#2407 = LINE ( 'NONE', #1835, #3566 ) ;
#2408 = ORIENTED_EDGE ( 'NONE', *, *, #187, .T. ) ;
#2409 = SURFACE_STYLE_FILL_AREA ( #5150 ) ;
#2410 = STYLED_ITEM ( 'NONE', ( #4921 ), #3945 ) ;
#2411 = FACE_OUTER_BOUND ( 'NONE', #2825, .T. ) ;
#2412 = VECTOR ( 'NONE', #2957, 1000.000000000000000 ) ;
#2413 = STYLED_ITEM ( 'NONE', ( #6486 ), #2769 ) ;
#2414 = ORIENTED_EDGE ( 'NONE', *, *, #491, .F. ) ;
#2415 = CARTESIAN_POINT ( 'NONE',  ( 2.945000000000000284, -1.224999999999999867, 0.3300000000000000155 ) ) ;
#2416 = ADVANCED_FACE ( 'NONE', ( #7035 ), #6528, .T. ) ;
#2417 = AXIS2_PLACEMENT_3D ( 'NONE', #390, #3021, #3709 ) ;
#2418 =( NAMED_UNIT ( * ) SI_UNIT ( $, .STERADIAN. ) SOLID_ANGLE_UNIT ( ) );
#2419 = VERTEX_POINT ( 'NONE', #3872 ) ;
#2420 = CARTESIAN_POINT ( 'NONE',  ( 2.465000000000000302, 0.8149999999999999467, 0.3300000000000000155 ) ) ;
#2421 = ORIENTED_EDGE ( 'NONE', *, *, #4254, .F. ) ;
#2422 = VERTEX_POINT ( 'NONE', #7108 ) ;
#2423 = VECTOR ( 'NONE', #4999, 1000.000000000000000 ) ;
#2424 = CARTESIAN_POINT ( 'NONE',  ( -0.8299999999999999600, -2.449999999999999734, 0.000000000000000000 ) ) ;
#2425 =( NAMED_UNIT ( * ) PLANE_ANGLE_UNIT ( ) SI_UNIT ( $, .RADIAN. ) );
#2426 = DIRECTION ( 'NONE',  ( -1.000000000000000000, -1.516698121072619908E-16, 0.000000000000000000 ) ) ;
#2427 = ORIENTED_EDGE ( 'NONE', *, *, #6343, .T. ) ;
#2428 = EDGE_LOOP ( 'NONE', ( #6080, #2586, #6606, #273 ) ) ;
#2429 = PRESENTATION_LAYER_ASSIGNMENT (  '', '', ( #6946 ) ) ;
#2431 = ORIENTED_EDGE ( 'NONE', *, *, #4059, .F. ) ;
#2430 = CARTESIAN_POINT ( 'NONE',  ( 2.895000000000000018, -2.135000000000000231, 0.3300000000000000155 ) ) ;
#2432 = EDGE_CURVE ( 'NONE', #5206, #6426, #3264, .T. ) ;
#2433 =( LENGTH_UNIT ( ) NAMED_UNIT ( * ) SI_UNIT ( .MILLI., .METRE. ) );
#2434 = DIRECTION ( 'NONE',  ( 0.7071067811865550112, -0.7071067811865400232, 0.000000000000000000 ) ) ;
#2435 = DIRECTION ( 'NONE',  ( -1.000000000000000000, 0.000000000000000000, 0.000000000000000000 ) ) ;
#2436 = DIRECTION ( 'NONE',  ( 0.000000000000000000, 0.000000000000000000, 1.000000000000000000 ) ) ;
#2437 = VECTOR ( 'NONE', #4333, 1000.000000000000000 ) ;
#2438 = ORIENTED_EDGE ( 'NONE', *, *, #4659, .F. ) ;
#2439 = FILL_AREA_STYLE_COLOUR ( '', #2754 ) ;
#2440 = DIRECTION ( 'NONE',  ( 0.000000000000000000, 0.000000000000000000, 1.000000000000000000 ) ) ;
#2441 = FACE_OUTER_BOUND ( 'NONE', #76, .T. ) ;
#2442 = SURFACE_STYLE_USAGE ( .BOTH. , #1207 ) ;
#2443 = AXIS2_PLACEMENT_3D ( 'NONE', #3624, #1482, #873 ) ;
#2444 = EDGE_CURVE ( 'NONE', #5932, #1631, #7073, .T. ) ;
#2445 = CARTESIAN_POINT ( 'NONE',  ( -2.945000000000000284, -1.775000000000000133, 0.000000000000000000 ) ) ;
#2446 = EDGE_LOOP ( 'NONE', ( #4875, #2900, #6545, #4549, #405, #747 ) ) ;
#2447 = PRESENTATION_LAYER_ASSIGNMENT (  '', '', ( #5103 ) ) ;
#2448 = FACE_OUTER_BOUND ( 'NONE', #1737, .T. ) ;
#2449 = VERTEX_POINT ( 'NONE', #1532 ) ;
#2450 = EDGE_CURVE ( 'NONE', #5275, #394, #5469, .T. ) ;
#2451 = DIRECTION ( 'NONE',  ( -1.000000000000000000, 0.000000000000000000, 0.000000000000000000 ) ) ;
#2452 = AXIS2_PLACEMENT_3D ( 'NONE', #1933, #4095, #1974 ) ;
#2453 = PRESENTATION_STYLE_ASSIGNMENT (( #5748 ) ) ;
#2454 = VERTEX_POINT ( 'NONE', #2720 ) ;
#2455 = CARTESIAN_POINT ( 'NONE',  ( 2.465000000000000302, 1.675000000000000044, 0.000000000000000000 ) ) ;
#2456 = ORIENTED_EDGE ( 'NONE', *, *, #6412, .T. ) ;
#2457 = ORIENTED_EDGE ( 'NONE', *, *, #143, .F. ) ;
#2458 = EDGE_CURVE ( 'NONE', #1923, #2821, #5944, .T. ) ;
#2459 = CARTESIAN_POINT ( 'NONE',  ( 2.465000000000000302, 1.675000000000000044, 0.000000000000000000 ) ) ;
#2460 = LINE ( 'NONE', #1960, #2187 ) ;
#2461 = LINE ( 'NONE', #2022, #150 ) ;
#2462 = ADVANCED_FACE ( 'NONE', ( #2108 ), #2687, .T. ) ;
#2463 = ORIENTED_EDGE ( 'NONE', *, *, #2487, .F. ) ;
#2465 = ORIENTED_EDGE ( 'NONE', *, *, #5506, .F. ) ;
#2464 = CARTESIAN_POINT ( 'NONE',  ( -2.465000000000000302, -1.724999999999999867, 0.3800000000000000044 ) ) ;
#2466 = CARTESIAN_POINT ( 'NONE',  ( -2.465000000000000302, 0.4049999999999999711, 0.000000000000000000 ) ) ;
#2467 = PLANE ( 'NONE',  #7145 ) ;
#2468 = EDGE_CURVE ( 'NONE', #2280, #1331, #2650, .T. ) ;
#2469 = LINE ( 'NONE', #448, #2618 ) ;
#2470 = DIRECTION ( 'NONE',  ( -0.000000000000000000, 1.000000000000000000, 0.000000000000000000 ) ) ;
#2471 = FACE_OUTER_BOUND ( 'NONE', #1370, .T. ) ;
#2472 = EDGE_CURVE ( 'NONE', #6426, #4534, #4550, .T. ) ;
#2473 = DIRECTION ( 'NONE',  ( 0.000000000000000000, -1.000000000000000000, 0.000000000000000000 ) ) ;
#2474 = SURFACE_STYLE_USAGE ( .BOTH. , #4201 ) ;
#2475 = UNCERTAINTY_MEASURE_WITH_UNIT (LENGTH_MEASURE( 1.000000000000000082E-05 ), #1552, 'distance_accuracy_value', 'NONE');
#2476 = PRESENTATION_STYLE_ASSIGNMENT (( #1907 ) ) ;
#2477 = ORIENTED_EDGE ( 'NONE', *, *, #1906, .F. ) ;
#2478 = CARTESIAN_POINT ( 'NONE',  ( -2.945000000000000284, 1.724999999999999867, 0.000000000000000000 ) ) ;
#2479 = SURFACE_STYLE_USAGE ( .BOTH. , #4208 ) ;
#2480 = CARTESIAN_POINT ( 'NONE',  ( 2.945000000000000284, 0.7649999999999999023, 0.3800000000000000044 ) ) ;
#2481 = VERTEX_POINT ( 'NONE', #6779 ) ;
#2482 = CARTESIAN_POINT ( 'NONE',  ( 2.895000000000000018, 0.4049999999999999711, 0.3800000000000000044 ) ) ;
#2483 = PLANE ( 'NONE',  #1256 ) ;
#2484 = ORIENTED_EDGE ( 'NONE', *, *, #3533, .F. ) ;
#2485 = ORIENTED_EDGE ( 'NONE', *, *, #2043, .F. ) ;
#2486 = SURFACE_STYLE_USAGE ( .BOTH. , #4151 ) ;
#2487 = EDGE_CURVE ( 'NONE', #2500, #4974, #1860, .T. ) ;
#2488 = ORIENTED_EDGE ( 'NONE', *, *, #1522, .T. ) ;
#2489 = LINE ( 'NONE', #5720, #4153 ) ;
#2490 = DIRECTION ( 'NONE',  ( 0.000000000000000000, 0.000000000000000000, -1.000000000000000000 ) ) ;
#2491 = VERTEX_POINT ( 'NONE', #5068 ) ;
#2493 = ORIENTED_EDGE ( 'NONE', *, *, #6972, .T. ) ;
#2492 = CARTESIAN_POINT ( 'NONE',  ( -0.4449999999999999512, -1.879999999999999893, 0.000000000000000000 ) ) ;
#2494 = LINE ( 'NONE', #4089, #6458 ) ;
#2495 = ORIENTED_EDGE ( 'NONE', *, *, #1881, .T. ) ;
#2496 =( NAMED_UNIT ( * ) SI_UNIT ( $, .STERADIAN. ) SOLID_ANGLE_UNIT ( ) );
#2497 = ORIENTED_EDGE ( 'NONE', *, *, #2472, .F. ) ;
#2498 =( NAMED_UNIT ( * ) SI_UNIT ( $, .STERADIAN. ) SOLID_ANGLE_UNIT ( ) );
#2499 = UNCERTAINTY_MEASURE_WITH_UNIT (LENGTH_MEASURE( 1.000000000000000082E-05 ), #848, 'distance_accuracy_value', 'NONE');
#2500 = VERTEX_POINT ( 'NONE', #1787 ) ;
#2501 = VECTOR ( 'NONE', #4730, 1000.000000000000000 ) ;
#2502 = CARTESIAN_POINT ( 'NONE',  ( -1.195000000000000062, 1.879999999999999893, 0.3300000000000000155 ) ) ;
#2503 = CARTESIAN_POINT ( 'NONE',  ( 2.945000000000000284, -2.084999999999999964, 0.3300000000000000155 ) ) ;
#2504 = EDGE_CURVE ( 'NONE', #3067, #5319, #698, .T. ) ;
#2505 = FILL_AREA_STYLE ('',( #4743 ) ) ;
#2506 =( LENGTH_UNIT ( ) NAMED_UNIT ( * ) SI_UNIT ( .MILLI., .METRE. ) );
#2507 = ADVANCED_FACE ( 'NONE', ( #1231 ), #5614, .F. ) ;
#2508 = STYLED_ITEM ( 'NONE', ( #3738 ), #3270 ) ;
#2509 = AXIS2_PLACEMENT_3D ( 'NONE', #3691, #3141, #939 ) ;
#2510 = PRESENTATION_LAYER_ASSIGNMENT (  '', '', ( #4696 ) ) ;
#2511 = ORIENTED_EDGE ( 'NONE', *, *, #2444, .T. ) ;
#2512 = DIRECTION ( 'NONE',  ( 1.000000000000000000, 0.000000000000000000, 0.000000000000000000 ) ) ;
#2513 = DIRECTION ( 'NONE',  ( 0.000000000000000000, 0.000000000000000000, 1.000000000000000000 ) ) ;
#2514 = EDGE_CURVE ( 'NONE', #6654, #5466, #3905, .T. ) ;
#2515 = ORIENTED_EDGE ( 'NONE', *, *, #3726, .F. ) ;
#2516 = VECTOR ( 'NONE', #2267, 1000.000000000000000 ) ;
#2517 = VECTOR ( 'NONE', #5976, 1000.000000000000000 ) ;
#2518 =( GEOMETRIC_REPRESENTATION_CONTEXT ( 3 ) GLOBAL_UNCERTAINTY_ASSIGNED_CONTEXT ( ( #6680 ) ) GLOBAL_UNIT_ASSIGNED_CONTEXT ( ( #4272, #1092, #4917 ) ) REPRESENTATION_CONTEXT ( 'NONE', 'WORKASPACE' ) );
#2519 = DIRECTION ( 'NONE',  ( 0.000000000000000000, 0.000000000000000000, 1.000000000000000000 ) ) ;
#2520 =( NAMED_UNIT ( * ) SI_UNIT ( $, .STERADIAN. ) SOLID_ANGLE_UNIT ( ) );
#2521 = ORIENTED_EDGE ( 'NONE', *, *, #682, .F. ) ;
#2522 = FILL_AREA_STYLE ('',( #5093 ) ) ;
#2523 = MECHANICAL_DESIGN_GEOMETRIC_PRESENTATION_REPRESENTATION (  '', ( #1716 ), #3450 ) ;
#2524 = MECHANICAL_DESIGN_GEOMETRIC_PRESENTATION_REPRESENTATION (  '', ( #680 ), #236 ) ;
#2525 = VECTOR ( 'NONE', #3219, 1000.000000000000000 ) ;
#2526 = ORIENTED_EDGE ( 'NONE', *, *, #1895, .F. ) ;
#2527 = UNCERTAINTY_MEASURE_WITH_UNIT (LENGTH_MEASURE( 1.000000000000000082E-05 ), #2011, 'distance_accuracy_value', 'NONE');
#2528 = CARTESIAN_POINT ( 'NONE',  ( -2.895000000000000018, 0.8149999999999999467, 0.000000000000000000 ) ) ;
#2529 = FACE_OUTER_BOUND ( 'NONE', #3972, .T. ) ;
#2530 = FILL_AREA_STYLE ('',( #5166 ) ) ;
#2531 = STYLED_ITEM ( 'NONE', ( #6561 ), #4205 ) ;
#2532 = AXIS2_PLACEMENT_3D ( 'NONE', #1683, #6092, #1139 ) ;
#2533 = VECTOR ( 'NONE', #431, 1000.000000000000000 ) ;
#2534 = PRODUCT_DEFINITION ( 'UNKNOWN', '', #2232, #3051 ) ;
#2535 = ORIENTED_EDGE ( 'NONE', *, *, #4669, .T. ) ;
#2537 = VERTEX_POINT ( 'NONE', #5692 ) ;
#2536 = CARTESIAN_POINT ( 'NONE',  ( 2.945000000000000284, 2.449999999999999734, 0.000000000000000000 ) ) ;
#2538 = DIRECTION ( 'NONE',  ( -0.7071067811865570096, 0.7071067811865380248, 0.000000000000000000 ) ) ;
#2539 = ORIENTED_EDGE ( 'NONE', *, *, #4795, .T. ) ;
#2540 = SURFACE_SIDE_STYLE ('',( #3555 ) ) ;
#2541 = PLANE ( 'NONE',  #2038 ) ;
#2542 = CARTESIAN_POINT ( 'NONE',  ( 2.945000000000000284, 0.4550000000000000155, 0.3800000000000000044 ) ) ;
#2543 = PLANE ( 'NONE',  #3927 ) ;
#2544 = ORIENTED_EDGE ( 'NONE', *, *, #4185, .T. ) ;
#2545 = AXIS2_PLACEMENT_3D ( 'NONE', #1414, #3623, #233 ) ;
#2546 = LINE ( 'NONE', #3122, #1864 ) ;
#2547 = LINE ( 'NONE', #6351, #3896 ) ;
#2548 = VECTOR ( 'NONE', #1024, 1000.000000000000000 ) ;
#2549 = PRESENTATION_STYLE_ASSIGNMENT (( #1396 ) ) ;
#2550 =( NAMED_UNIT ( * ) SI_UNIT ( $, .STERADIAN. ) SOLID_ANGLE_UNIT ( ) );
#2551 = ORIENTED_EDGE ( 'NONE', *, *, #3529, .T. ) ;
#2552 = DIRECTION ( 'NONE',  ( 0.000000000000000000, 1.000000000000000000, 0.000000000000000000 ) ) ;
#2553 = FILL_AREA_STYLE ('',( #3027 ) ) ;
#2554 = SURFACE_SIDE_STYLE ('',( #5299 ) ) ;
#2555 = ORIENTED_EDGE ( 'NONE', *, *, #7058, .F. ) ;
#2556 = EDGE_CURVE ( 'NONE', #7116, #1521, #2901, .T. ) ;
#2557 = LINE ( 'NONE', #5857, #4982 ) ;
#2558 = EDGE_CURVE ( 'NONE', #1991, #1032, #200, .T. ) ;
#2559 = LINE ( 'NONE', #6473, #4477 ) ;
#2560 = ORIENTED_EDGE ( 'NONE', *, *, #4908, .F. ) ;
#2561 = DIRECTION ( 'NONE',  ( -1.000000000000000000, 0.000000000000000000, 0.000000000000000000 ) ) ;
#2562 = AXIS2_PLACEMENT_3D ( 'NONE', #6812, #651, #2936 ) ;
#2563 = SURFACE_STYLE_FILL_AREA ( #3202 ) ;
#2564 = ORIENTED_EDGE ( 'NONE', *, *, #6940, .T. ) ;
#2565 = CARTESIAN_POINT ( 'NONE',  ( 2.465000000000000302, -1.879999999999999893, 0.000000000000000000 ) ) ;
#2566 = COLOUR_RGB ( '',0.2862745098039215508, 0.2862745098039215508, 0.2862745098039215508 ) ;
#2567 = LINE ( 'NONE', #5758, #1754 ) ;
#2568 = VERTEX_POINT ( 'NONE', #1118 ) ;
#2569 = ORIENTED_EDGE ( 'NONE', *, *, #2196, .T. ) ;
#2570 = VECTOR ( 'NONE', #2473, 1000.000000000000000 ) ;
#2571 = DIRECTION ( 'NONE',  ( 1.000000000000000000, 0.000000000000000000, 0.000000000000000000 ) ) ;
#2572 = ORIENTED_EDGE ( 'NONE', *, *, #798, .T. ) ;
#2573 = LINE ( 'NONE', #4222, #6808 ) ;
#2574 = FILL_AREA_STYLE_COLOUR ( '', #583 ) ;
#2576 = CARTESIAN_POINT ( 'NONE',  ( 2.895000000000000018, 0.8149999999999999467, 0.3300000000000000155 ) ) ;
#2575 = UNCERTAINTY_MEASURE_WITH_UNIT (LENGTH_MEASURE( 1.000000000000000082E-05 ), #1733, 'distance_accuracy_value', 'NONE');
#2577 = VECTOR ( 'NONE', #4343, 1000.000000000000000 ) ;
#2578 = FILL_AREA_STYLE ('',( #4668 ) ) ;
#2579 = CARTESIAN_POINT ( 'NONE',  ( -2.465000000000000302, -2.135000000000000231, 0.000000000000000000 ) ) ;
#2580 = VECTOR ( 'NONE', #3382, 1000.000000000000000 ) ;
#2581 = ADVANCED_FACE ( 'NONE', ( #5031 ), #5104, .T. ) ;
#2582 = DIRECTION ( 'NONE',  ( -2.707861035671120257E-15, 1.000000000000000000, 0.000000000000000000 ) ) ;
#2583 = FILL_AREA_STYLE ('',( #393 ) ) ;
#2584 = ORIENTED_EDGE ( 'NONE', *, *, #4781, .T. ) ;
#2585 = DIRECTION ( 'NONE',  ( -0.4999999999999998890, 0.8660254037844387076, 0.000000000000000000 ) ) ;
#2586 = ORIENTED_EDGE ( 'NONE', *, *, #1537, .T. ) ;
#2587 = CARTESIAN_POINT ( 'NONE',  ( 2.945000000000000284, -2.449999999999999734, 0.000000000000000000 ) ) ;
#2588 = UNCERTAINTY_MEASURE_WITH_UNIT (LENGTH_MEASURE( 1.000000000000000082E-05 ), #3331, 'distance_accuracy_value', 'NONE');
#2589 = CARTESIAN_POINT ( 'NONE',  ( -2.945000000000000284, 2.034999999999999698, 0.3300000000000000155 ) ) ;
#2590 = ORIENTED_EDGE ( 'NONE', *, *, #339, .T. ) ;
#2591 = SURFACE_SIDE_STYLE ('',( #5265 ) ) ;
#2592 = PLANE ( 'NONE',  #1027 ) ;
#2593 = ORIENTED_EDGE ( 'NONE', *, *, #231, .F. ) ;
#2594 = EDGE_CURVE ( 'NONE', #5991, #2491, #4732, .T. ) ;
#2595 =( NAMED_UNIT ( * ) PLANE_ANGLE_UNIT ( ) SI_UNIT ( $, .RADIAN. ) );
#2596 = DIRECTION ( 'NONE',  ( 0.000000000000000000, 1.000000000000000000, 0.000000000000000000 ) ) ;
#2597 = DIRECTION ( 'NONE',  ( 0.000000000000000000, 0.000000000000000000, 1.000000000000000000 ) ) ;
#2598 = PLANE ( 'NONE',  #1598 ) ;
#2599 = EDGE_LOOP ( 'NONE', ( #5794, #4780, #5020, #1764 ) ) ;
#2600 = ORIENTED_EDGE ( 'NONE', *, *, #6357, .T. ) ;
#2601 = PLANE ( 'NONE',  #3214 ) ;
#2602 = ORIENTED_EDGE ( 'NONE', *, *, #3487, .T. ) ;
#2603 = SURFACE_STYLE_USAGE ( .BOTH. , #5355 ) ;
#2604 = EDGE_CURVE ( 'NONE', #6647, #2481, #307, .T. ) ;
#2605 =( LENGTH_UNIT ( ) NAMED_UNIT ( * ) SI_UNIT ( .MILLI., .METRE. ) );
#2606 = DIRECTION ( 'NONE',  ( 0.000000000000000000, 1.000000000000000000, 0.000000000000000000 ) ) ;
#2607 = DIRECTION ( 'NONE',  ( 0.000000000000000000, 0.000000000000000000, -1.000000000000000000 ) ) ;
#2608 = DIRECTION ( 'NONE',  ( 0.000000000000000000, 0.000000000000000000, -1.000000000000000000 ) ) ;
#2609 = DIRECTION ( 'NONE',  ( 0.000000000000000000, 0.000000000000000000, -1.000000000000000000 ) ) ;
#2610 = DIRECTION ( 'NONE',  ( 1.000000000000000000, 0.000000000000000000, 0.000000000000000000 ) ) ;
#2611 = CARTESIAN_POINT ( 'NONE',  ( 2.465000000000000302, -1.879999999999999893, 0.3300000000000000155 ) ) ;
#2612 = DIRECTION ( 'NONE',  ( -1.000000000000000000, 0.000000000000000000, 0.000000000000000000 ) ) ;
#2613 = STYLED_ITEM ( 'NONE', ( #6777 ), #1715 ) ;
#2614 = EDGE_CURVE ( 'NONE', #2481, #581, #2494, .T. ) ;
#2615 = DIRECTION ( 'NONE',  ( 0.000000000000000000, -1.000000000000000000, 0.000000000000000000 ) ) ;
#2616 = VERTEX_POINT ( 'NONE', #1999 ) ;
#2617 =( LENGTH_UNIT ( ) NAMED_UNIT ( * ) SI_UNIT ( .MILLI., .METRE. ) );
#2618 = VECTOR ( 'NONE', #5321, 1000.000000000000000 ) ;
#2619 = VECTOR ( 'NONE', #6837, 1000.000000000000000 ) ;
#2620 = PLANE ( 'NONE',  #2290 ) ;
#2621 = VERTEX_POINT ( 'NONE', #911 ) ;
#2622 = VECTOR ( 'NONE', #5573, 1000.000000000000000 ) ;
#2623 = COLOUR_RGB ( '',0.2862745098039215508, 0.2862745098039215508, 0.2862745098039215508 ) ;
#2624 = PRESENTATION_STYLE_ASSIGNMENT (( #7053 ) ) ;
#2625 = ORIENTED_EDGE ( 'NONE', *, *, #3880, .F. ) ;
#2626 = CARTESIAN_POINT ( 'NONE',  ( -2.211889550080823330, 1.934733596112490073, 1.119900000000000118 ) ) ;
#2627 = ADVANCED_BREP_SHAPE_REPRESENTATION ( '', ( #377, #364, #5343, #2966, #586, #398 ), #3954 ) ;
#2628 = ORIENTED_EDGE ( 'NONE', *, *, #1304, .T. ) ;
#2629 = STYLED_ITEM ( 'NONE', ( #5077 ), #1434 ) ;
#2630 = LINE ( 'NONE', #4154, #6331 ) ;
#2631 = DIRECTION ( 'NONE',  ( -1.132880637372609972E-16, 1.000000000000000000, -1.077863926709489990E-15 ) ) ;
#2632 = AXIS2_PLACEMENT_3D ( 'NONE', #217, #1296, #1768 ) ;
#2633 =( LENGTH_UNIT ( ) NAMED_UNIT ( * ) SI_UNIT ( .MILLI., .METRE. ) );
#2634 = MECHANICAL_DESIGN_GEOMETRIC_PRESENTATION_REPRESENTATION (  '', ( #4827 ), #2300 ) ;
#2635 = VECTOR ( 'NONE', #5798, 1000.000000000000000 ) ;
#2636 = ORIENTED_EDGE ( 'NONE', *, *, #6082, .T. ) ;
#2637 = VECTOR ( 'NONE', #278, 1000.000000000000000 ) ;
#2639 = VERTEX_POINT ( 'NONE', #5806 ) ;
#2638 = FILL_AREA_STYLE_COLOUR ( '', #1700 ) ;
#2640 = CARTESIAN_POINT ( 'NONE',  ( -2.465000000000000302, 0.4049999999999999711, 0.3800000000000000044 ) ) ;
#2641 = ORIENTED_EDGE ( 'NONE', *, *, #177, .F. ) ;
#2642 = AXIS2_PLACEMENT_3D ( 'NONE', #4100, #886, #6420 ) ;
#2643 = CARTESIAN_POINT ( 'NONE',  ( 2.465000000000000302, 2.084999999999999964, 0.000000000000000000 ) ) ;
#2644 = CARTESIAN_POINT ( 'NONE',  ( 0.9650000000000000799, 2.189999999999999947, 0.3800000000000000044 ) ) ;
#2645 = ADVANCED_FACE ( 'NONE', ( #3518 ), #2971, .T. ) ;
#2646 = LINE ( 'NONE', #1012, #6137 ) ;
#2647 = VECTOR ( 'NONE', #3977, 1000.000000000000114 ) ;
#2648 = EDGE_CURVE ( 'NONE', #7131, #1039, #4690, .T. ) ;
#2649 = PLANE ( 'NONE',  #4685 ) ;
#2650 = LINE ( 'NONE', #3975, #4828 ) ;
#2651 =( NAMED_UNIT ( * ) PLANE_ANGLE_UNIT ( ) SI_UNIT ( $, .RADIAN. ) );
#2652 = PLANE ( 'NONE',  #812 ) ;
#2653 = SURFACE_STYLE_FILL_AREA ( #1607 ) ;
#2654 = VECTOR ( 'NONE', #1308, 1000.000000000000000 ) ;
#2655 = SURFACE_STYLE_USAGE ( .BOTH. , #5438 ) ;
#2656 = ORIENTED_EDGE ( 'NONE', *, *, #1626, .T. ) ;
#2657 = DIRECTION ( 'NONE',  ( 1.000000000000000000, 0.000000000000000000, 0.000000000000000000 ) ) ;
#2658 = CARTESIAN_POINT ( 'NONE',  ( 2.895000000000000018, 1.675000000000000044, 0.000000000000000000 ) ) ;
#2659 = VECTOR ( 'NONE', #6694, 1000.000000000000000 ) ;
#2660 = FILL_AREA_STYLE ('',( #2256 ) ) ;
#2661 = ORIENTED_EDGE ( 'NONE', *, *, #3557, .F. ) ;
#2662 = CARTESIAN_POINT ( 'NONE',  ( -2.945000000000000284, -2.084999999999999964, 0.000000000000000000 ) ) ;
#2663 = AXIS2_PLACEMENT_3D ( 'NONE', #4260, #7071, #2751 ) ;
#2664 = SURFACE_STYLE_FILL_AREA ( #5518 ) ;
#2665 = ORIENTED_EDGE ( 'NONE', *, *, #5557, .T. ) ;
#2666 = SURFACE_SIDE_STYLE ('',( #475 ) ) ;
#2667 =( NAMED_UNIT ( * ) SI_UNIT ( $, .STERADIAN. ) SOLID_ANGLE_UNIT ( ) );
#2668 = ORIENTED_EDGE ( 'NONE', *, *, #7004, .F. ) ;
#2669 = EDGE_CURVE ( 'NONE', #3774, #5030, #4056, .T. ) ;
#2670 = DIRECTION ( 'NONE',  ( 4.550094363217860219E-16, 1.000000000000000000, 0.000000000000000000 ) ) ;
#2671 = LINE ( 'NONE', #1481, #3121 ) ;
#2672 = LINE ( 'NONE', #2055, #2680 ) ;
#2673 = STYLED_ITEM ( 'NONE', ( #6153 ), #5743 ) ;
#2674 = FILL_AREA_STYLE ('',( #5566 ) ) ;
#2675 = ORIENTED_EDGE ( 'NONE', *, *, #3451, .F. ) ;
#2676 = PLANE ( 'NONE',  #5817 ) ;
#2678 = ORIENTED_EDGE ( 'NONE', *, *, #2450, .T. ) ;
#2677 = DIRECTION ( 'NONE',  ( -0.7071067811865400232, 0.7071067811865550112, 0.000000000000000000 ) ) ;
#2679 = ORIENTED_EDGE ( 'NONE', *, *, #1186, .F. ) ;
#2680 = VECTOR ( 'NONE', #3174, 1000.000000000000000 ) ;
#2681 = DIRECTION ( 'NONE',  ( -1.000000000000000000, 0.000000000000000000, 0.000000000000000000 ) ) ;
#2682 =( LENGTH_UNIT ( ) NAMED_UNIT ( * ) SI_UNIT ( .MILLI., .METRE. ) );
#2683 =( NAMED_UNIT ( * ) PLANE_ANGLE_UNIT ( ) SI_UNIT ( $, .RADIAN. ) );
#2684 = ADVANCED_FACE ( 'NONE', ( #3594 ), #6336, .F. ) ;
#2685 = ORIENTED_EDGE ( 'NONE', *, *, #3523, .T. ) ;
#2686 = AXIS2_PLACEMENT_3D ( 'NONE', #3778, #5994, #1573 ) ;
#2687 = PLANE ( 'NONE',  #2171 ) ;
#2688 = EDGE_CURVE ( 'NONE', #341, #3759, #4770, .T. ) ;
#2689 = CARTESIAN_POINT ( 'NONE',  ( 2.895000000000000018, 0.4049999999999999711, 0.000000000000000000 ) ) ;
#2690 = FACE_OUTER_BOUND ( 'NONE', #837, .T. ) ;
#2691 = MECHANICAL_DESIGN_GEOMETRIC_PRESENTATION_REPRESENTATION (  '', ( #5224 ), #3503 ) ;
#2692 = EDGE_CURVE ( 'NONE', #6887, #4106, #6995, .T. ) ;
#2693 = LINE ( 'NONE', #6530, #2437 ) ;
#2694 = EDGE_CURVE ( 'NONE', #4628, #4221, #5174, .T. ) ;
#2695 = CARTESIAN_POINT ( 'NONE',  ( -2.945000000000000284, 0.4550000000000000155, 0.3800000000000000044 ) ) ;
#2696 = FACE_OUTER_BOUND ( 'NONE', #6006, .T. ) ;
#2697 = EDGE_LOOP ( 'NONE', ( #3863, #3676, #3517, #363 ) ) ;
#2698 = CARTESIAN_POINT ( 'NONE',  ( 2.895000000000000018, -1.724999999999999867, 0.000000000000000000 ) ) ;
#2699 = DIRECTION ( 'NONE',  ( 0.000000000000000000, 0.000000000000000000, 1.000000000000000000 ) ) ;
#2700 = ORIENTED_EDGE ( 'NONE', *, *, #2487, .T. ) ;
#2701 = FACE_OUTER_BOUND ( 'NONE', #762, .T. ) ;
#2702 =( NAMED_UNIT ( * ) SI_UNIT ( $, .STERADIAN. ) SOLID_ANGLE_UNIT ( ) );
#2703 = ORIENTED_EDGE ( 'NONE', *, *, #1537, .F. ) ;
#2704 = DIRECTION ( 'NONE',  ( 0.000000000000000000, -1.000000000000000000, 0.000000000000000000 ) ) ;
#2705 = CARTESIAN_POINT ( 'NONE',  ( -2.945000000000000284, 1.224999999999999867, 0.3300000000000040123 ) ) ;
#2706 = UNCERTAINTY_MEASURE_WITH_UNIT (LENGTH_MEASURE( 1.000000000000000082E-05 ), #216, 'distance_accuracy_value', 'NONE');
#2707 = DIRECTION ( 'NONE',  ( 4.550094363217860219E-16, 1.000000000000000000, 0.000000000000000000 ) ) ;
#2708 = VERTEX_POINT ( 'NONE', #2466 ) ;
#2709 =( NAMED_UNIT ( * ) PLANE_ANGLE_UNIT ( ) SI_UNIT ( $, .RADIAN. ) );
#2710 = EDGE_CURVE ( 'NONE', #2313, #581, #4660, .T. ) ;
#2712 = VERTEX_POINT ( 'NONE', #6520 ) ;
#2711 = CARTESIAN_POINT ( 'NONE',  ( 0.000000000000000000, -2.893885316736099471E-16, 0.000000000000000000 ) ) ;
#2713 = FILL_AREA_STYLE ('',( #520 ) ) ;
#2714 = EDGE_LOOP ( 'NONE', ( #6265, #5500, #3956, #4053 ) ) ;
#2715 = PLANE ( 'NONE',  #1235 ) ;
#2716 = FACE_OUTER_BOUND ( 'NONE', #3261, .T. ) ;
#2717 = ORIENTED_EDGE ( 'NONE', *, *, #3023, .F. ) ;
#2718 = ORIENTED_EDGE ( 'NONE', *, *, #1186, .T. ) ;
#2719 = DIRECTION ( 'NONE',  ( -1.000000000000000000, 0.000000000000000000, 0.000000000000000000 ) ) ;
#2720 = CARTESIAN_POINT ( 'NONE',  ( -0.8299999999999999600, 2.449999999999999734, 0.000000000000000000 ) ) ;
#2721 = DIRECTION ( 'NONE',  ( 0.000000000000000000, 0.000000000000000000, 1.000000000000000000 ) ) ;
#2722 = PLANE ( 'NONE',  #4498 ) ;
#2723 = EDGE_CURVE ( 'NONE', #3300, #3057, #947, .T. ) ;
#2724 = DIRECTION ( 'NONE',  ( 1.000000000000000000, 0.000000000000000000, 0.000000000000000000 ) ) ;
#2725 = FACE_OUTER_BOUND ( 'NONE', #16, .T. ) ;
#2726 = EDGE_CURVE ( 'NONE', #2928, #5968, #5424, .T. ) ;
#2727 = ORIENTED_EDGE ( 'NONE', *, *, #3740, .T. ) ;
#2728 = EDGE_CURVE ( 'NONE', #49, #3774, #1080, .T. ) ;
#2729 = PLANE ( 'NONE',  #5333 ) ;
#2730 = CARTESIAN_POINT ( 'NONE',  ( -0.9650000000000000799, 2.189999999999999947, 0.000000000000000000 ) ) ;
#2731 = COLOUR_RGB ( '',0.2862745098039215508, 0.2862745098039215508, 0.2862745098039215508 ) ;
#2732 = EDGE_LOOP ( 'NONE', ( #5459, #753, #7013, #2438 ) ) ;
#2733 = DIRECTION ( 'NONE',  ( 0.000000000000000000, 0.000000000000000000, 1.000000000000000000 ) ) ;
#2734 = EDGE_CURVE ( 'NONE', #3194, #5882, #5938, .T. ) ;
#2735 = ORIENTED_EDGE ( 'NONE', *, *, #1394, .F. ) ;
#2736 = LINE ( 'NONE', #5451, #2774 ) ;
#2737 = VECTOR ( 'NONE', #1251, 1000.000000000000000 ) ;
#2738 = FACE_OUTER_BOUND ( 'NONE', #5334, .T. ) ;
#2739 = FACE_OUTER_BOUND ( 'NONE', #5026, .T. ) ;
#2740 = VERTEX_POINT ( 'NONE', #414 ) ;
#2741 = CARTESIAN_POINT ( 'NONE',  ( 2.465000000000000302, -0.4550000000000000155, 0.000000000000000000 ) ) ;
#2742 = STYLED_ITEM ( 'NONE', ( #404 ), #3042 ) ;
#2743 = VERTEX_POINT ( 'NONE', #4799 ) ;
#2744 =( GEOMETRIC_REPRESENTATION_CONTEXT ( 3 ) GLOBAL_UNCERTAINTY_ASSIGNED_CONTEXT ( ( #2258 ) ) GLOBAL_UNIT_ASSIGNED_CONTEXT ( ( #4002, #3006, #194 ) ) REPRESENTATION_CONTEXT ( 'NONE', 'WORKASPACE' ) );
#2745 = VECTOR ( 'NONE', #6571, 1000.000000000000000 ) ;
#2746 = AXIS2_PLACEMENT_3D ( 'NONE', #4301, #1567, #3773 ) ;
#2747 = CARTESIAN_POINT ( 'NONE',  ( 2.895000000000000018, 1.675000000000000044, 0.000000000000000000 ) ) ;
#2748 = VERTEX_POINT ( 'NONE', #4255 ) ;
#2749 = PRESENTATION_STYLE_ASSIGNMENT (( #6553 ) ) ;
#2750 = EDGE_CURVE ( 'NONE', #5862, #6948, #6009, .T. ) ;
#2751 = DIRECTION ( 'NONE',  ( 1.000000000000000000, 0.000000000000000000, 0.000000000000000000 ) ) ;
#2752 = VECTOR ( 'NONE', #2006, 1000.000000000000000 ) ;
#2753 = VECTOR ( 'NONE', #1314, 1000.000000000000000 ) ;
#2754 = COLOUR_RGB ( '',0.2862745098039215508, 0.2862745098039215508, 0.2862745098039215508 ) ;
#2755 = VECTOR ( 'NONE', #5353, 1000.000000000000000 ) ;
#2756 = CLOSED_SHELL ( 'NONE', ( #741, #1130, #1994, #1744, #4146, #2378, #4868, #4415, #6505, #3962 ) ) ;
#2757 = ORIENTED_EDGE ( 'NONE', *, *, #697, .F. ) ;
#2758 = FACE_OUTER_BOUND ( 'NONE', #4502, .T. ) ;
#2759 = VECTOR ( 'NONE', #2923, 1000.000000000000000 ) ;
#2760 =( GEOMETRIC_REPRESENTATION_CONTEXT ( 3 ) GLOBAL_UNCERTAINTY_ASSIGNED_CONTEXT ( ( #299 ) ) GLOBAL_UNIT_ASSIGNED_CONTEXT ( ( #3617, #6982, #2520 ) ) REPRESENTATION_CONTEXT ( 'NONE', 'WORKASPACE' ) );
#2761 = VECTOR ( 'NONE', #6367, 1000.000000000000000 ) ;
#2762 = DIRECTION ( 'NONE',  ( -0.7071067811865441310, -0.7071067811865510144, 0.000000000000000000 ) ) ;
#2763 = LINE ( 'NONE', #1534, #4148 ) ;
#2764 = AXIS2_PLACEMENT_3D ( 'NONE', #4607, #3460, #6834 ) ;
#2765 = AXIS2_PLACEMENT_3D ( 'NONE', #112, #6688, #2342 ) ;
#2766 = CARTESIAN_POINT ( 'NONE',  ( 2.465000000000000302, 2.084999999999999964, 0.000000000000000000 ) ) ;
#2767 = SURFACE_STYLE_FILL_AREA ( #6022 ) ;
#2768 = CARTESIAN_POINT ( 'NONE',  ( -2.095000000000000195, -0.3950000000000000178, 0.000000000000000000 ) ) ;
#2769 = ADVANCED_FACE ( 'NONE', ( #3148 ), #2601, .F. ) ;
#2770 = VECTOR ( 'NONE', #1528, 1000.000000000000000 ) ;
#2771 = SURFACE_SIDE_STYLE ('',( #6605 ) ) ;
#2772 = ORIENTED_EDGE ( 'NONE', *, *, #3239, .T. ) ;
#2773 = SURFACE_SIDE_STYLE ('',( #5514 ) ) ;
#2774 = VECTOR ( 'NONE', #2596, 1000.000000000000000 ) ;
#2775 = ORIENTED_EDGE ( 'NONE', *, *, #2734, .T. ) ;
#2776 = CARTESIAN_POINT ( 'NONE',  ( -2.945000000000000284, 2.449999999999999734, 0.000000000000000000 ) ) ;
#2777 = EDGE_CURVE ( 'NONE', #597, #1923, #3253, .T. ) ;
#2778 =( NAMED_UNIT ( * ) PLANE_ANGLE_UNIT ( ) SI_UNIT ( $, .RADIAN. ) );
#2779 = ORIENTED_EDGE ( 'NONE', *, *, #6132, .T. ) ;
#2780 = AXIS2_PLACEMENT_3D ( 'NONE', #1979, #5293, #2377 ) ;
#2781 = DIRECTION ( 'NONE',  ( 0.000000000000000000, 0.000000000000000000, 1.000000000000000000 ) ) ;
#2782 = SURFACE_STYLE_FILL_AREA ( #1148 ) ;
#2783 = EDGE_CURVE ( 'NONE', #3579, #4462, #3760, .T. ) ;
#2784 = DIRECTION ( 'NONE',  ( -1.000000000000000000, 0.000000000000000000, 0.000000000000000000 ) ) ;
#2785 = ORIENTED_EDGE ( 'NONE', *, *, #4776, .T. ) ;
#2786 = LINE ( 'NONE', #3284, #6272 ) ;
#2787 = MECHANICAL_DESIGN_GEOMETRIC_PRESENTATION_REPRESENTATION (  '', ( #5799 ), #4973 ) ;
#2788 = VERTEX_POINT ( 'NONE', #5461 ) ;
#2789 =( NAMED_UNIT ( * ) PLANE_ANGLE_UNIT ( ) SI_UNIT ( $, .RADIAN. ) );
#2790 = ORIENTED_EDGE ( 'NONE', *, *, #3492, .F. ) ;
#2791 = DIRECTION ( 'NONE',  ( 0.000000000000000000, -1.000000000000000000, 0.000000000000000000 ) ) ;
#2792 = COLOUR_RGB ( '',0.2862745098039215508, 0.2862745098039215508, 0.2862745098039215508 ) ;
#2793 = DIRECTION ( 'NONE',  ( 0.7071067811865474617, 0.7071067811865474617, 0.000000000000000000 ) ) ;
#2794 = EDGE_LOOP ( 'NONE', ( #1695, #5532, #2369, #6289 ) ) ;
#2796 = ORIENTED_EDGE ( 'NONE', *, *, #5801, .T. ) ;
#2795 = PLANE ( 'NONE',  #994 ) ;
#2797 = VECTOR ( 'NONE', #6575, 1000.000000000000000 ) ;
#2798 = FILL_AREA_STYLE_COLOUR ( '', #6807 ) ;
#2799 = LINE ( 'NONE', #1233, #4346 ) ;
#2800 = SURFACE_SIDE_STYLE ('',( #4965 ) ) ;
#2801 = LINE ( 'NONE', #6564, #253 ) ;
#2802 = SHAPE_REPRESENTATION ( 'Vishay SIR186DP-T1-RE3 1.STEP', ( #398 ), #4192 ) ;
#2803 = LINE ( 'NONE', #206, #6681 ) ;
#2804 = EDGE_CURVE ( 'NONE', #3448, #5193, #4322, .T. ) ;
#2805 = LINE ( 'NONE', #4412, #5169 ) ;
#2806 = AXIS2_PLACEMENT_3D ( 'NONE', #2455, #5198, #6846 ) ;
#2807 = FACE_OUTER_BOUND ( 'NONE', #1131, .T. ) ;
#2808 = DIRECTION ( 'NONE',  ( 0.000000000000000000, 0.000000000000000000, -1.000000000000000000 ) ) ;
#2809 = FACE_OUTER_BOUND ( 'NONE', #7089, .T. ) ;
#2810 = DIRECTION ( 'NONE',  ( -1.000000000000000000, 4.550094363217860219E-16, 0.000000000000000000 ) ) ;
#2811 = ORIENTED_EDGE ( 'NONE', *, *, #6240, .T. ) ;
#2812 = PLANE ( 'NONE',  #4524 ) ;
#2813 = CARTESIAN_POINT ( 'NONE',  ( 2.465000000000000302, 1.879999999999999893, 0.3300000000000000155 ) ) ;
#2814 = EDGE_LOOP ( 'NONE', ( #3730, #4896, #6737, #1439 ) ) ;
#2815 = FILL_AREA_STYLE_COLOUR ( '', #6142 ) ;
#2816 = ADVANCED_FACE ( 'NONE', ( #3804 ), #2164, .F. ) ;
#2817 = VERTEX_POINT ( 'NONE', #6108 ) ;
#2818 = CARTESIAN_POINT ( 'NONE',  ( 2.069999999999999840, -0.4200000000000000400, 0.000000000000000000 ) ) ;
#2819 = ORIENTED_EDGE ( 'NONE', *, *, #6723, .F. ) ;
#2820 = FACE_OUTER_BOUND ( 'NONE', #5478, .T. ) ;
#2821 = VERTEX_POINT ( 'NONE', #2850 ) ;
#2822 = DIRECTION ( 'NONE',  ( -0.7071067811865441310, -0.7071067811865510144, 0.000000000000000000 ) ) ;
#2823 = LINE ( 'NONE', #85, #4256 ) ;
#2824 = EDGE_CURVE ( 'NONE', #4073, #6321, #2932, .T. ) ;
#2825 = EDGE_LOOP ( 'NONE', ( #6500, #4909, #1107, #3035 ) ) ;
#2826 = ORIENTED_EDGE ( 'NONE', *, *, #821, .T. ) ;
#2827 =( NAMED_UNIT ( * ) PLANE_ANGLE_UNIT ( ) SI_UNIT ( $, .RADIAN. ) );
#2828 = LINE ( 'NONE', #169, #4584 ) ;
#2829 = DIRECTION ( 'NONE',  ( 0.000000000000000000, 0.000000000000000000, 1.000000000000000000 ) ) ;
#2830 = DIRECTION ( 'NONE',  ( 1.000000000000000000, 0.000000000000000000, 0.000000000000000000 ) ) ;
#2831 = DIRECTION ( 'NONE',  ( 0.000000000000000000, 0.000000000000000000, 1.000000000000000000 ) ) ;
#2832 = DIRECTION ( 'NONE',  ( 0.000000000000000000, 1.000000000000000000, 0.000000000000000000 ) ) ;
#2833 = LINE ( 'NONE', #5619, #4834 ) ;
#2834 = ORIENTED_EDGE ( 'NONE', *, *, #1457, .T. ) ;
#2835 = UNCERTAINTY_MEASURE_WITH_UNIT (LENGTH_MEASURE( 1.000000000000000082E-05 ), #4329, 'distance_accuracy_value', 'NONE');
#2836 = EDGE_CURVE ( 'NONE', #4658, #5490, #2314, .T. ) ;
#2837 = FACE_OUTER_BOUND ( 'NONE', #1117, .T. ) ;
#2838 = ORIENTED_EDGE ( 'NONE', *, *, #883, .T. ) ;
#2839 = CARTESIAN_POINT ( 'NONE',  ( -0.5799999999999999600, -2.423826859021799951, 0.3300000000000000155 ) ) ;
#2840 = PLANE ( 'NONE',  #3089 ) ;
#2841 = CARTESIAN_POINT ( 'NONE',  ( 2.945000000000000284, -2.449999999999999734, 0.000000000000000000 ) ) ;
#2842 = ORIENTED_EDGE ( 'NONE', *, *, #4781, .F. ) ;
#2843 = DIRECTION ( 'NONE',  ( 0.000000000000000000, -1.000000000000000000, 0.000000000000000000 ) ) ;
#2844 = PLANE ( 'NONE',  #4636 ) ;
#2845 = VECTOR ( 'NONE', #1163, 1000.000000000000000 ) ;
#2846 = SURFACE_SIDE_STYLE ('',( #4540 ) ) ;
#2847 = EDGE_LOOP ( 'NONE', ( #4364, #4275, #894, #368, #2590, #2938, #1210, #868 ) ) ;
#2848 = DIRECTION ( 'NONE',  ( -1.000000000000000000, 0.000000000000000000, 0.000000000000000000 ) ) ;
#2849 = ORIENTED_EDGE ( 'NONE', *, *, #3859, .F. ) ;
#2850 = CARTESIAN_POINT ( 'NONE',  ( -2.465000000000000302, -0.4550000000000000155, 0.3800000000000000044 ) ) ;
#2851 = ORIENTED_EDGE ( 'NONE', *, *, #4712, .F. ) ;
#2852 = EDGE_CURVE ( 'NONE', #1466, #2132, #2351, .T. ) ;
#2853 =( NAMED_UNIT ( * ) SI_UNIT ( $, .STERADIAN. ) SOLID_ANGLE_UNIT ( ) );
#2854 = DIRECTION ( 'NONE',  ( 0.000000000000000000, -1.000000000000000000, 0.000000000000000000 ) ) ;
#2855 = CARTESIAN_POINT ( 'NONE',  ( -2.945000000000000284, 1.224999999999999867, 0.3300000000000040123 ) ) ;
#2856 = VECTOR ( 'NONE', #5779, 1000.000000000000000 ) ;
#2857 = VECTOR ( 'NONE', #332, 1000.000000000000000 ) ;
#2858 = VECTOR ( 'NONE', #353, 1000.000000000000000 ) ;
#2859 = EDGE_LOOP ( 'NONE', ( #1966, #3112, #158, #3133, #5900, #5947 ) ) ;
#2860 = VERTEX_POINT ( 'NONE', #3395 ) ;
#2861 = CARTESIAN_POINT ( 'NONE',  ( -1.472500000000000142, -2.449999999999999734, 0.3300000000000000155 ) ) ;
#2862 = EDGE_CURVE ( 'NONE', #4421, #5572, #6220, .T. ) ;
#2863 = VECTOR ( 'NONE', #41, 1000.000000000000000 ) ;
#2864 = LINE ( 'NONE', #6121, #6942 ) ;
#2865 = MECHANICAL_DESIGN_GEOMETRIC_PRESENTATION_REPRESENTATION (  '', ( #1832 ), #1020 ) ;
#2866 = AXIS2_PLACEMENT_3D ( 'NONE', #6746, #5654, #5543 ) ;
#2867 = VECTOR ( 'NONE', #1505, 1000.000000000000000 ) ;
#2868 = SURFACE_STYLE_USAGE ( .BOTH. , #3406 ) ;
#2869 = EDGE_CURVE ( 'NONE', #6057, #3067, #159, .T. ) ;
#2870 = LINE ( 'NONE', #5548, #908 ) ;
#2871 = VECTOR ( 'NONE', #6173, 1000.000000000000000 ) ;
#2872 =( LENGTH_UNIT ( ) NAMED_UNIT ( * ) SI_UNIT ( .MILLI., .METRE. ) );
#2873 = STYLED_ITEM ( 'NONE', ( #5495 ), #2816 ) ;
#2874 = LINE ( 'NONE', #6755, #1260 ) ;
#2875 = STYLED_ITEM ( 'NONE', ( #4755 ), #960 ) ;
#2876 = STYLED_ITEM ( 'NONE', ( #3308 ), #3088 ) ;
#2877 = FACE_OUTER_BOUND ( 'NONE', #3710, .T. ) ;
#2878 = ORIENTED_EDGE ( 'NONE', *, *, #1541, .T. ) ;
#2879 = CARTESIAN_POINT ( 'NONE',  ( -1.195000000000000062, 1.989999999999999991, 0.000000000000000000 ) ) ;
#2880 = CARTESIAN_POINT ( 'NONE',  ( 0.9650000000000000799, 2.189999999999999947, 0.3800000000000000044 ) ) ;
#2881 = COLOUR_RGB ( '',0.2862745098039215508, 0.2862745098039215508, 0.2862745098039215508 ) ;
#2882 = FILL_AREA_STYLE ('',( #3989 ) ) ;
#2883 = PLANE ( 'NONE',  #793 ) ;
#2884 = ORIENTED_EDGE ( 'NONE', *, *, #1504, .T. ) ;
#2885 = CARTESIAN_POINT ( 'NONE',  ( 0.8299999999999999600, 2.575000000000000178, 0.3800000000000000044 ) ) ;
#2886 = VECTOR ( 'NONE', #162, 1000.000000000000000 ) ;
#2887 = ORIENTED_EDGE ( 'NONE', *, *, #2330, .F. ) ;
#2888 = CARTESIAN_POINT ( 'NONE',  ( 2.895000000000000018, -0.4550000000000000155, 0.000000000000000000 ) ) ;
#2889 = ORIENTED_EDGE ( 'NONE', *, *, #2089, .F. ) ;
#2890 = CARTESIAN_POINT ( 'NONE',  ( -3.010000000000000231, 1.879999999999999893, 0.3300000000000000155 ) ) ;
#2891 = EDGE_CURVE ( 'NONE', #342, #5972, #1810, .T. ) ;
#2892 = VECTOR ( 'NONE', #5437, 1000.000000000000000 ) ;
#2893 = ORIENTED_EDGE ( 'NONE', *, *, #361, .T. ) ;
#2894 = DIRECTION ( 'NONE',  ( 0.000000000000000000, 0.000000000000000000, -1.000000000000000000 ) ) ;
#2895 = LINE ( 'NONE', #4469, #2077 ) ;
#2896 = DIRECTION ( 'NONE',  ( -1.000000000000000000, 0.000000000000000000, 0.000000000000000000 ) ) ;
#2897 =( GEOMETRIC_REPRESENTATION_CONTEXT ( 3 ) GLOBAL_UNCERTAINTY_ASSIGNED_CONTEXT ( ( #1243 ) ) GLOBAL_UNIT_ASSIGNED_CONTEXT ( ( #4966, #2975, #1751 ) ) REPRESENTATION_CONTEXT ( 'NONE', 'WORKASPACE' ) );
#2898 = VERTEX_POINT ( 'NONE', #5021 ) ;
#2900 = ORIENTED_EDGE ( 'NONE', *, *, #957, .F. ) ;
#2899 = DIRECTION ( 'NONE',  ( 0.000000000000000000, 0.000000000000000000, -1.000000000000000000 ) ) ;
#2901 = LINE ( 'NONE', #736, #787 ) ;
#2902 = FILL_AREA_STYLE ('',( #3794 ) ) ;
#2903 = DIRECTION ( 'NONE',  ( -1.000000000000000000, 0.000000000000000000, 0.000000000000000000 ) ) ;
#2904 = CARTESIAN_POINT ( 'NONE',  ( 2.465000000000000302, -0.4550000000000000155, 0.000000000000000000 ) ) ;
#2905 = VERTEX_POINT ( 'NONE', #3968 ) ;
#2906 = LINE ( 'NONE', #1823, #4019 ) ;
#2907 = VECTOR ( 'NONE', #6543, 1000.000000000000114 ) ;
#2908 = ADVANCED_FACE ( 'NONE', ( #648 ), #1108, .F. ) ;
#2909 = SHAPE_DEFINITION_REPRESENTATION ( #2268, #2372 ) ;
#2910 = FILL_AREA_STYLE ('',( #743 ) ) ;
#2911 = EDGE_CURVE ( 'NONE', #2500, #5154, #5058, .T. ) ;
#2912 = ADVANCED_FACE ( 'NONE', ( #4505 ), #589, .T. ) ;
#2913 = LINE ( 'NONE', #5669, #1723 ) ;
#2914 = UNCERTAINTY_MEASURE_WITH_UNIT (LENGTH_MEASURE( 1.000000000000000082E-05 ), #4693, 'distance_accuracy_value', 'NONE');
#2915 = PRODUCT ( 'Vishay SIR186DP-T1-RE3 1.STEP', 'Vishay SIR186DP-T1-RE3 1.STEP', '', ( #3410 ) ) ;
#2916 = CARTESIAN_POINT ( 'NONE',  ( 2.465000000000000302, -0.4550000000000000155, 0.3300000000000000155 ) ) ;
#2917 = ORIENTED_EDGE ( 'NONE', *, *, #4440, .T. ) ;
#2918 = FACE_OUTER_BOUND ( 'NONE', #800, .T. ) ;
#2919 = VECTOR ( 'NONE', #5160, 1000.000000000000114 ) ;
#2920 = CARTESIAN_POINT ( 'NONE',  ( -3.075000000000000178, -0.5050000000000000044, 0.000000000000000000 ) ) ;
#2921 = CARTESIAN_POINT ( 'NONE',  ( -0.9650000000000000799, -1.989999999999999991, 0.000000000000000000 ) ) ;
#2922 = EDGE_CURVE ( 'NONE', #1094, #1506, #1221, .T. ) ;
#2923 = DIRECTION ( 'NONE',  ( -1.000000000000000000, 0.000000000000000000, 0.000000000000000000 ) ) ;
#2924 = VERTEX_POINT ( 'NONE', #2204 ) ;
#2925 = LINE ( 'NONE', #7003, #2892 ) ;
#2926 = DIRECTION ( 'NONE',  ( 0.000000000000000000, -1.000000000000000000, 0.000000000000000000 ) ) ;
#2927 = LINE ( 'NONE', #4617, #5070 ) ;
#2928 = VERTEX_POINT ( 'NONE', #3999 ) ;
#2929 = CARTESIAN_POINT ( 'NONE',  ( -0.4449999999999999512, -2.189999999999999947, 0.000000000000000000 ) ) ;
#2930 = VERTEX_POINT ( 'NONE', #2272 ) ;
#2931 = AXIS2_PLACEMENT_3D ( 'NONE', #7146, #5986, #2657 ) ;
#2932 = LINE ( 'NONE', #3322, #807 ) ;
#2933 = EDGE_LOOP ( 'NONE', ( #4291, #7063, #6183, #1140, #2560, #1364 ) ) ;
#2934 = DIRECTION ( 'NONE',  ( 0.000000000000000000, -1.000000000000000000, 0.000000000000000000 ) ) ;
#2935 = DIRECTION ( 'NONE',  ( 0.000000000000000000, -1.000000000000000000, 0.000000000000000000 ) ) ;
#2936 = DIRECTION ( 'NONE',  ( 0.000000000000000000, 0.000000000000000000, -1.000000000000000000 ) ) ;
#2937 = ADVANCED_FACE ( 'NONE', ( #3474 ), #5683, .T. ) ;
#2938 = ORIENTED_EDGE ( 'NONE', *, *, #652, .T. ) ;
#2940 = ORIENTED_EDGE ( 'NONE', *, *, #6311, .F. ) ;
#2939 =( LENGTH_UNIT ( ) NAMED_UNIT ( * ) SI_UNIT ( .MILLI., .METRE. ) );
#2941 = SURFACE_STYLE_FILL_AREA ( #4997 ) ;
#2942 = UNCERTAINTY_MEASURE_WITH_UNIT (LENGTH_MEASURE( 1.000000000000000082E-05 ), #2139, 'distance_accuracy_value', 'NONE');
#2943 = PRESENTATION_STYLE_ASSIGNMENT (( #4661 ) ) ;
#2944 = CARTESIAN_POINT ( 'NONE',  ( -2.465000000000000302, 1.675000000000000044, 0.3300000000000000155 ) ) ;
#2945 = DIRECTION ( 'NONE',  ( 0.000000000000000000, 0.000000000000000000, 1.000000000000000000 ) ) ;
#2946 = CARTESIAN_POINT ( 'NONE',  ( 2.945000000000000284, 0.4550000000000000155, 0.000000000000000000 ) ) ;
#2947 = SURFACE_STYLE_FILL_AREA ( #5584 ) ;
#2948 = ADVANCED_FACE ( 'NONE', ( #2820 ), #1738, .T. ) ;
#2949 = ADVANCED_FACE ( 'NONE', ( #5832 ), #1303, .T. ) ;
#2950 = CARTESIAN_POINT ( 'NONE',  ( -1.195000000000000062, -1.989999999999999991, 0.000000000000000000 ) ) ;
#2951 = ORIENTED_EDGE ( 'NONE', *, *, #5586, .F. ) ;
#2952 = DIRECTION ( 'NONE',  ( -0.7071067811865475727, 0.7071067811865475727, 0.000000000000000000 ) ) ;
#2953 = DIRECTION ( 'NONE',  ( 0.000000000000000000, 0.000000000000000000, 1.000000000000000000 ) ) ;
#2954 = VERTEX_POINT ( 'NONE', #1990 ) ;
#2955 = LINE ( 'NONE', #2015, #5691 ) ;
#2956 = EDGE_CURVE ( 'NONE', #6232, #1266, #3001, .T. ) ;
#2957 = DIRECTION ( 'NONE',  ( 0.000000000000000000, 0.000000000000000000, 1.000000000000000000 ) ) ;
#2958 = VERTEX_POINT ( 'NONE', #838 ) ;
#2959 = CARTESIAN_POINT ( 'NONE',  ( -2.945000000000000284, 1.724999999999999867, 0.000000000000000000 ) ) ;
#2960 = ORIENTED_EDGE ( 'NONE', *, *, #6715, .F. ) ;
#2961 = FILL_AREA_STYLE ('',( #1886 ) ) ;
#2962 = ORIENTED_EDGE ( 'NONE', *, *, #1947, .F. ) ;
#2963 = DIRECTION ( 'NONE',  ( 0.000000000000000000, 0.000000000000000000, 1.000000000000000000 ) ) ;
#2964 = VECTOR ( 'NONE', #6303, 1000.000000000000000 ) ;
#2965 = DIRECTION ( 'NONE',  ( 0.000000000000000000, -1.000000000000000000, 0.000000000000000000 ) ) ;
#2966 = MANIFOLD_SOLID_BREP ( 'Trans_Vishay_SIR681DP-T1-RE3_eec.STEP<1>[4]', #797 ) ;
#2967 = ORIENTED_EDGE ( 'NONE', *, *, #1972, .T. ) ;
#2969 = ORIENTED_EDGE ( 'NONE', *, *, #6866, .T. ) ;
#2968 = CARTESIAN_POINT ( 'NONE',  ( 2.465000000000000302, -1.724999999999999867, 0.000000000000000000 ) ) ;
#2970 = PRESENTATION_LAYER_ASSIGNMENT (  '', '', ( #6906 ) ) ;
#2971 = PLANE ( 'NONE',  #108 ) ;
#2972 = PRESENTATION_STYLE_ASSIGNMENT (( #764 ) ) ;
#2973 = DIRECTION ( 'NONE',  ( 1.000000000000000000, 9.424643672539529398E-17, 0.000000000000000000 ) ) ;
#2974 = EDGE_CURVE ( 'NONE', #3940, #1524, #6403, .T. ) ;
#2975 =( NAMED_UNIT ( * ) PLANE_ANGLE_UNIT ( ) SI_UNIT ( $, .RADIAN. ) );
#2976 = MECHANICAL_DESIGN_GEOMETRIC_PRESENTATION_REPRESENTATION (  '', ( #3552 ), #1236 ) ;
#2977 = CARTESIAN_POINT ( 'NONE',  ( -0.4450000000000049472, 0.9949999999999999956, 0.000000000000000000 ) ) ;
#2978 =( LENGTH_UNIT ( ) NAMED_UNIT ( * ) SI_UNIT ( .MILLI., .METRE. ) );
#2979 = LINE ( 'NONE', #313, #3772 ) ;
#2980 = LINE ( 'NONE', #2579, #220 ) ;
#2981 = VECTOR ( 'NONE', #4998, 1000.000000000000000 ) ;
#2982 = COLOUR_RGB ( '',0.2862745098039215508, 0.2862745098039215508, 0.2862745098039215508 ) ;
#2983 = EDGE_CURVE ( 'NONE', #5974, #5482, #4680, .T. ) ;
#2984 = COLOUR_RGB ( '',0.2862745098039215508, 0.2862745098039215508, 0.2862745098039215508 ) ;
#2985 = ORIENTED_EDGE ( 'NONE', *, *, #3255, .T. ) ;
#2986 = VECTOR ( 'NONE', #3875, 1000.000000000000000 ) ;
#2987 = LINE ( 'NONE', #6422, #6452 ) ;
#2988 = ORIENTED_EDGE ( 'NONE', *, *, #3415, .T. ) ;
#2989 = DIRECTION ( 'NONE',  ( -0.7071067811865441310, 0.7071067811865510144, 0.000000000000000000 ) ) ;
#2990 = EDGE_CURVE ( 'NONE', #212, #1618, #4722, .T. ) ;
#2991 = DIRECTION ( 'NONE',  ( 0.000000000000000000, 0.000000000000000000, 1.000000000000000000 ) ) ;
#2992 = MECHANICAL_DESIGN_GEOMETRIC_PRESENTATION_REPRESENTATION (  '', ( #1134 ), #3333 ) ;
#2993 = FACE_OUTER_BOUND ( 'NONE', #1188, .T. ) ;
#2994 = AXIS2_PLACEMENT_3D ( 'NONE', #3995, #2381, #3390 ) ;
#2995 = VECTOR ( 'NONE', #1154, 1000.000000000000000 ) ;
#2996 = VERTEX_POINT ( 'NONE', #6326 ) ;
#2997 = AXIS2_PLACEMENT_3D ( 'NONE', #4199, #1082, #3183 ) ;
#2998 = ORIENTED_EDGE ( 'NONE', *, *, #3963, .F. ) ;
#2999 = EDGE_CURVE ( 'NONE', #2491, #4194, #1443, .T. ) ;
#3000 = EDGE_LOOP ( 'NONE', ( #3165, #1227, #3608, #3996 ) ) ;
#3001 = LINE ( 'NONE', #6879, #6574 ) ;
#3002 = ORIENTED_EDGE ( 'NONE', *, *, #2027, .T. ) ;
#3003 = ADVANCED_FACE ( 'NONE', ( #6258 ), #228, .F. ) ;
#3004 = VECTOR ( 'NONE', #6915, 1000.000000000000000 ) ;
#3005 = EDGE_CURVE ( 'NONE', #6135, #2740, #3139, .T. ) ;
#3006 =( NAMED_UNIT ( * ) PLANE_ANGLE_UNIT ( ) SI_UNIT ( $, .RADIAN. ) );
#3007 = CARTESIAN_POINT ( 'NONE',  ( -2.895000000000000018, 0.8149999999999999467, 0.000000000000000000 ) ) ;
#3008 = CARTESIAN_POINT ( 'NONE',  ( -0.9650000000000000799, 2.189999999999999947, 0.3300000000000000155 ) ) ;
#3009 = VERTEX_POINT ( 'NONE', #6986 ) ;
#3010 = COLOUR_RGB ( '',0.2862745098039215508, 0.2862745098039215508, 0.2862745098039215508 ) ;
#3012 = ORIENTED_EDGE ( 'NONE', *, *, #4850, .T. ) ;
#3011 = DIRECTION ( 'NONE',  ( 0.000000000000000000, 0.000000000000000000, 1.000000000000000000 ) ) ;
#3013 = DIRECTION ( 'NONE',  ( 0.000000000000000000, 0.000000000000000000, 1.000000000000000000 ) ) ;
#3014 = LINE ( 'NONE', #3660, #5759 ) ;
#3015 = LINE ( 'NONE', #5040, #7147 ) ;
#3016 = SURFACE_SIDE_STYLE ('',( #5280 ) ) ;
#3017 = DIRECTION ( 'NONE',  ( 0.000000000000000000, 0.000000000000000000, 1.000000000000000000 ) ) ;
#3018 = UNCERTAINTY_MEASURE_WITH_UNIT (LENGTH_MEASURE( 1.000000000000000082E-05 ), #6467, 'distance_accuracy_value', 'NONE');
#3019 = VECTOR ( 'NONE', #6891, 1000.000000000000000 ) ;
#3020 = SURFACE_SIDE_STYLE ('',( #5664 ) ) ;
#3021 = DIRECTION ( 'NONE',  ( 1.000000000000000000, 0.000000000000000000, 0.000000000000000000 ) ) ;
#3022 = PRESENTATION_LAYER_ASSIGNMENT (  '', '', ( #2673 ) ) ;
#3023 = EDGE_CURVE ( 'NONE', #3009, #4658, #4837, .T. ) ;
#3024 = FACE_OUTER_BOUND ( 'NONE', #966, .T. ) ;
#3025 = EDGE_LOOP ( 'NONE', ( #5724, #239, #504, #2679 ) ) ;
#3026 = DIRECTION ( 'NONE',  ( 0.000000000000000000, 0.000000000000000000, 1.000000000000000000 ) ) ;
#3027 = FILL_AREA_STYLE_COLOUR ( '', #5391 ) ;
#3028 = VECTOR ( 'NONE', #789, 1000.000000000000000 ) ;
#3029 = ORIENTED_EDGE ( 'NONE', *, *, #767, .F. ) ;
#3030 = CARTESIAN_POINT ( 'NONE',  ( 2.945000000000000284, 1.724999999999999867, 0.3300000000000000155 ) ) ;
#3031 = STYLED_ITEM ( 'NONE', ( #440 ), #6531 ) ;
#3032 = DIRECTION ( 'NONE',  ( 0.000000000000000000, 0.000000000000000000, -1.000000000000000000 ) ) ;
#3033 = VERTEX_POINT ( 'NONE', #5893 ) ;
#3034 = VERTEX_POINT ( 'NONE', #5957 ) ;
#3035 = ORIENTED_EDGE ( 'NONE', *, *, #2710, .F. ) ;
#3036 = VECTOR ( 'NONE', #2848, 1000.000000000000000 ) ;
#3037 = CARTESIAN_POINT ( 'NONE',  ( -0.9650000000000000799, 2.189999999999999947, 0.000000000000000000 ) ) ;
#3038 = FACE_OUTER_BOUND ( 'NONE', #3722, .T. ) ;
#3039 = ADVANCED_FACE ( 'NONE', ( #2019 ), #5926, .F. ) ;
#3040 = ORIENTED_EDGE ( 'NONE', *, *, #4944, .F. ) ;
#3041 = VECTOR ( 'NONE', #2512, 1000.000000000000000 ) ;
#3042 = ADVANCED_FACE ( 'NONE', ( #937 ), #2592, .F. ) ;
#3044 = ORIENTED_EDGE ( 'NONE', *, *, #70, .F. ) ;
#3043 = LINE ( 'NONE', #2492, #5620 ) ;
#3045 = CARTESIAN_POINT ( 'NONE',  ( 0.5799999999999999600, 2.423826859021799951, 0.000000000000000000 ) ) ;
#3046 = SURFACE_SIDE_STYLE ('',( #3952 ) ) ;
#3047 = FACE_OUTER_BOUND ( 'NONE', #1068, .T. ) ;
#3048 = EDGE_CURVE ( 'NONE', #1292, #2316, #2120, .T. ) ;
#3049 = CARTESIAN_POINT ( 'NONE',  ( 0.4449999999999999512, 1.879999999999999893, 0.000000000000000000 ) ) ;
#3050 =( NAMED_UNIT ( * ) PLANE_ANGLE_UNIT ( ) SI_UNIT ( $, .RADIAN. ) );
#3051 = PRODUCT_DEFINITION_CONTEXT ( 'detailed design', #6935, 'design' ) ;
#3052 = EDGE_CURVE ( 'NONE', #1524, #2121, #6001, .T. ) ;
#3053 = PRESENTATION_STYLE_ASSIGNMENT (( #3706 ) ) ;
#3054 = FACE_OUTER_BOUND ( 'NONE', #5864, .T. ) ;
#3055 = UNCERTAINTY_MEASURE_WITH_UNIT (LENGTH_MEASURE( 1.000000000000000082E-05 ), #1791, 'distance_accuracy_value', 'NONE');
#3056 = DIRECTION ( 'NONE',  ( 0.000000000000000000, 0.000000000000000000, 1.000000000000000000 ) ) ;
#3057 = VERTEX_POINT ( 'NONE', #4897 ) ;
#3058 = SURFACE_STYLE_FILL_AREA ( #1946 ) ;
#3059 = DIRECTION ( 'NONE',  ( -0.000000000000000000, 1.000000000000000000, 0.000000000000000000 ) ) ;
#3060 = ORIENTED_EDGE ( 'NONE', *, *, #46, .F. ) ;
#3061 = ADVANCED_FACE ( 'NONE', ( #1619 ), #1686, .T. ) ;
#3062 = DIRECTION ( 'NONE',  ( 0.000000000000000000, 0.000000000000000000, 1.000000000000000000 ) ) ;
#3063 = PLANE ( 'NONE',  #3334 ) ;
#3064 = ORIENTED_EDGE ( 'NONE', *, *, #314, .F. ) ;
#3065 = CARTESIAN_POINT ( 'NONE',  ( 2.895000000000000018, -0.8649999999999999911, 0.000000000000000000 ) ) ;
#3066 = PRESENTATION_STYLE_ASSIGNMENT (( #799 ) ) ;
#3067 = VERTEX_POINT ( 'NONE', #6729 ) ;
#3068 = CARTESIAN_POINT ( 'NONE',  ( -2.895000000000000018, 0.4049999999999999711, 0.000000000000000000 ) ) ;
#3069 = LINE ( 'NONE', #5203, #2654 ) ;
#3070 = CARTESIAN_POINT ( 'NONE',  ( -2.895000000000000018, -0.8649999999999999911, 0.3800000000000000044 ) ) ;
#3071 = EDGE_LOOP ( 'NONE', ( #6059, #3429, #3803, #149 ) ) ;
#3073 = ORIENTED_EDGE ( 'NONE', *, *, #6988, .T. ) ;
#3072 = CARTESIAN_POINT ( 'NONE',  ( -2.465000000000000302, 2.084999999999999964, 0.3300000000000000155 ) ) ;
#3074 = FILL_AREA_STYLE_COLOUR ( '', #5289 ) ;
#3075 = ORIENTED_EDGE ( 'NONE', *, *, #6665, .T. ) ;
#3076 = CARTESIAN_POINT ( 'NONE',  ( 2.945000000000000284, 0.4550000000000000155, 0.000000000000000000 ) ) ;
#3077 = LINE ( 'NONE', #1527, #775 ) ;
#3079 = DIRECTION ( 'NONE',  ( 0.000000000000000000, 0.000000000000000000, 1.000000000000000000 ) ) ;
#3078 = UNCERTAINTY_MEASURE_WITH_UNIT (LENGTH_MEASURE( 1.000000000000000082E-05 ), #2157, 'distance_accuracy_value', 'NONE');
#3080 = EDGE_CURVE ( 'NONE', #3172, #2743, #6, .T. ) ;
#3081 = PRESENTATION_LAYER_ASSIGNMENT (  '', '', ( #552 ) ) ;
#3082 = PLANE ( 'NONE',  #1692 ) ;
#3083 = EDGE_CURVE ( 'NONE', #1266, #3648, #4977, .T. ) ;
#3084 = DIRECTION ( 'NONE',  ( 0.8660254037844390407, 0.4999999999999995004, 0.000000000000000000 ) ) ;
#3085 = CARTESIAN_POINT ( 'NONE',  ( 2.465000000000000302, -0.8649999999999999911, 0.000000000000000000 ) ) ;
#3086 = COLOUR_RGB ( '',0.2862745098039215508, 0.2862745098039215508, 0.2862745098039215508 ) ;
#3087 = LINE ( 'NONE', #2010, #5430 ) ;
#3088 = ADVANCED_FACE ( 'NONE', ( #6761 ), #2229, .F. ) ;
#3089 = AXIS2_PLACEMENT_3D ( 'NONE', #5044, #677, #6287 ) ;
#3090 = DIRECTION ( 'NONE',  ( 1.000000000000000000, 0.000000000000000000, 0.000000000000000000 ) ) ;
#3091 =( GEOMETRIC_REPRESENTATION_CONTEXT ( 3 ) GLOBAL_UNCERTAINTY_ASSIGNED_CONTEXT ( ( #6896 ) ) GLOBAL_UNIT_ASSIGNED_CONTEXT ( ( #1278, #2324, #1386 ) ) REPRESENTATION_CONTEXT ( 'NONE', 'WORKASPACE' ) );
#3092 = AXIS2_PLACEMENT_3D ( 'NONE', #708, #1794, #6128 ) ;
#3093 = ORIENTED_EDGE ( 'NONE', *, *, #3192, .F. ) ;
#3094 = CARTESIAN_POINT ( 'NONE',  ( -2.945000000000000284, 1.224999999999999867, 0.3300000000000040123 ) ) ;
#3095 = CARTESIAN_POINT ( 'NONE',  ( 2.465000000000000302, 1.675000000000000044, 0.000000000000000000 ) ) ;
#3096 = EDGE_LOOP ( 'NONE', ( #5467, #1572, #379, #4653 ) ) ;
#3097 = VECTOR ( 'NONE', #3943, 1000.000000000000000 ) ;
#3098 = AXIS2_PLACEMENT_3D ( 'NONE', #4411, #5616, #6716 ) ;
#3099 =( GEOMETRIC_REPRESENTATION_CONTEXT ( 3 ) GLOBAL_UNCERTAINTY_ASSIGNED_CONTEXT ( ( #5776 ) ) GLOBAL_UNIT_ASSIGNED_CONTEXT ( ( #3188, #1643, #5502 ) ) REPRESENTATION_CONTEXT ( 'NONE', 'WORKASPACE' ) );
#3100 = VECTOR ( 'NONE', #6381, 1000.000000000000000 ) ;
#3101 = DIRECTION ( 'NONE',  ( 0.000000000000000000, -1.000000000000000000, 0.000000000000000000 ) ) ;
#3102 = SURFACE_SIDE_STYLE ('',( #3717 ) ) ;
#3103 = ORIENTED_EDGE ( 'NONE', *, *, #279, .F. ) ;
#3104 = CARTESIAN_POINT ( 'NONE',  ( -2.945000000000000284, -1.775000000000000133, 0.3300000000000000155 ) ) ;
#3105 = STYLED_ITEM ( 'NONE', ( #5906 ), #3689 ) ;
#3106 = AXIS2_PLACEMENT_3D ( 'NONE', #1067, #6609, #2699 ) ;
#3107 = AXIS2_PLACEMENT_3D ( 'NONE', #4621, #1372, #1038 ) ;
#3108 = SURFACE_SIDE_STYLE ('',( #4789 ) ) ;
#3109 = ORIENTED_EDGE ( 'NONE', *, *, #6989, .T. ) ;
#3110 = VECTOR ( 'NONE', #1726, 1000.000000000000000 ) ;
#3111 = VECTOR ( 'NONE', #4811, 1000.000000000000000 ) ;
#3112 = ORIENTED_EDGE ( 'NONE', *, *, #4430, .F. ) ;
#3113 = ADVANCED_FACE ( 'NONE', ( #5521 ), #2192, .F. ) ;
#3114 = EDGE_LOOP ( 'NONE', ( #6439, #4313, #6993, #2322 ) ) ;
#3115 = CARTESIAN_POINT ( 'NONE',  ( 2.465000000000000302, -0.4550000000000000155, 0.000000000000000000 ) ) ;
#3116 =( GEOMETRIC_REPRESENTATION_CONTEXT ( 3 ) GLOBAL_UNCERTAINTY_ASSIGNED_CONTEXT ( ( #1861 ) ) GLOBAL_UNIT_ASSIGNED_CONTEXT ( ( #2682, #523, #2103 ) ) REPRESENTATION_CONTEXT ( 'NONE', 'WORKASPACE' ) );
#3117 = VERTEX_POINT ( 'NONE', #3384 ) ;
#3118 = PLANE ( 'NONE',  #3894 ) ;
#3119 = DIRECTION ( 'NONE',  ( 0.000000000000000000, 0.000000000000000000, 1.000000000000000000 ) ) ;
#3120 = DIRECTION ( 'NONE',  ( -1.000000000000000000, 0.000000000000000000, 0.000000000000000000 ) ) ;
#3121 = VECTOR ( 'NONE', #4871, 1000.000000000000000 ) ;
#3122 = CARTESIAN_POINT ( 'NONE',  ( -2.895000000000000018, -2.135000000000000231, 0.000000000000000000 ) ) ;
#3123 = DIRECTION ( 'NONE',  ( 0.000000000000000000, -1.000000000000000000, 0.000000000000000000 ) ) ;
#3124 = VECTOR ( 'NONE', #2252, 999.9999999999998863 ) ;
#3125 =( NAMED_UNIT ( * ) SI_UNIT ( $, .STERADIAN. ) SOLID_ANGLE_UNIT ( ) );
#3126 = PLANE ( 'NONE',  #3920 ) ;
#3127 = PRESENTATION_LAYER_ASSIGNMENT (  '', '', ( #3600 ) ) ;
#3128 = FILL_AREA_STYLE_COLOUR ( '', #6799 ) ;
#3129 = ORIENTED_EDGE ( 'NONE', *, *, #1921, .T. ) ;
#3130 = DIRECTION ( 'NONE',  ( 0.000000000000000000, 0.000000000000000000, 1.000000000000000000 ) ) ;
#3131 = SURFACE_STYLE_USAGE ( .BOTH. , #4232 ) ;
#3132 = DIRECTION ( 'NONE',  ( 0.000000000000000000, -1.000000000000000000, 0.000000000000000000 ) ) ;
#3133 = ORIENTED_EDGE ( 'NONE', *, *, #3523, .F. ) ;
#3134 = CARTESIAN_POINT ( 'NONE',  ( 2.465000000000000302, 0.8375000000000000222, 0.000000000000000000 ) ) ;
#3135 = DIRECTION ( 'NONE',  ( 0.000000000000000000, -1.000000000000000000, 0.000000000000000000 ) ) ;
#3136 = VERTEX_POINT ( 'NONE', #1659 ) ;
#3137 = PLANE ( 'NONE',  #5923 ) ;
#3138 = VECTOR ( 'NONE', #4210, 1000.000000000000000 ) ;
#3139 = LINE ( 'NONE', #371, #5928 ) ;
#3140 = ORIENTED_EDGE ( 'NONE', *, *, #5382, .F. ) ;
#3141 = DIRECTION ( 'NONE',  ( 1.000000000000000000, -4.510281037539690557E-15, 0.000000000000000000 ) ) ;
#3142 = VECTOR ( 'NONE', #4575, 1000.000000000000000 ) ;
#3143 = PLANE ( 'NONE',  #5325 ) ;
#3144 = LINE ( 'NONE', #2977, #1950 ) ;
#3145 = ORIENTED_EDGE ( 'NONE', *, *, #5600, .F. ) ;
#3146 = VERTEX_POINT ( 'NONE', #5629 ) ;
#3147 = VECTOR ( 'NONE', #1807, 1000.000000000000000 ) ;
#3148 = FACE_OUTER_BOUND ( 'NONE', #3096, .T. ) ;
#3149 = ORIENTED_EDGE ( 'NONE', *, *, #1856, .F. ) ;
#3150 = DIRECTION ( 'NONE',  ( 0.1039620511844979861, 0.1039620511844979861, 0.9891328443778538704 ) ) ;
#3151 = CARTESIAN_POINT ( 'NONE',  ( 2.945000000000000284, 1.724999999999999867, 0.000000000000000000 ) ) ;
#3152 = CARTESIAN_POINT ( 'NONE',  ( 2.895000000000000018, 0.4049999999999999711, 0.000000000000000000 ) ) ;
#3153 = ADVANCED_FACE ( 'NONE', ( #639 ), #2840, .T. ) ;
#3154 = FACE_OUTER_BOUND ( 'NONE', #1811, .T. ) ;
#3155 = PRESENTATION_LAYER_ASSIGNMENT (  '', '', ( #5114 ) ) ;
#3156 = CARTESIAN_POINT ( 'NONE',  ( -2.895000000000000018, 0.4049999999999999711, 0.000000000000000000 ) ) ;
#3157 = CARTESIAN_POINT ( 'NONE',  ( -2.465000000000000302, 2.084999999999999964, 0.000000000000000000 ) ) ;
#3158 = CARTESIAN_POINT ( 'NONE',  ( 3.075000000000000178, 0.7649999999999999023, 0.000000000000000000 ) ) ;
#3159 = FACE_OUTER_BOUND ( 'NONE', #542, .T. ) ;
#3160 =( NAMED_UNIT ( * ) PLANE_ANGLE_UNIT ( ) SI_UNIT ( $, .RADIAN. ) );
#3161 = ORIENTED_EDGE ( 'NONE', *, *, #4353, .F. ) ;
#3162 = SHAPE_REPRESENTATION_RELATIONSHIP ( 'NONE' , 'NONE' ,  #2372, #2627 ) ;
#3163 = LINE ( 'NONE', #3094, #4920 ) ;
#3164 = EDGE_CURVE ( 'NONE', #6074, #5384, #751, .T. ) ;
#3165 = ORIENTED_EDGE ( 'NONE', *, *, #1226, .F. ) ;
#3166 = AXIS2_PLACEMENT_3D ( 'NONE', #5617, #4558, #5112 ) ;
#3167 = SURFACE_STYLE_FILL_AREA ( #5953 ) ;
#3168 = FILL_AREA_STYLE_COLOUR ( '', #1962 ) ;
#3169 = ORIENTED_EDGE ( 'NONE', *, *, #3211, .F. ) ;
#3170 = PLANE ( 'NONE',  #6508 ) ;
#3171 = EDGE_CURVE ( 'NONE', #2147, #1094, #2373, .T. ) ;
#3172 = VERTEX_POINT ( 'NONE', #2921 ) ;
#3173 = PLANE ( 'NONE',  #4375 ) ;
#3174 = DIRECTION ( 'NONE',  ( 1.000000000000000000, 0.000000000000000000, 0.000000000000000000 ) ) ;
#3175 = EDGE_CURVE ( 'NONE', #4548, #4350, #6249, .T. ) ;
#3176 = DIRECTION ( 'NONE',  ( 0.000000000000000000, 0.9945218953682734009, -0.1045284632676540537 ) ) ;
#3177 = ORIENTED_EDGE ( 'NONE', *, *, #3260, .F. ) ;
#3178 = LINE ( 'NONE', #4360, #4520 ) ;
#3180 = ORIENTED_EDGE ( 'NONE', *, *, #3295, .T. ) ;
#3179 = DIRECTION ( 'NONE',  ( 0.000000000000000000, 0.000000000000000000, 1.000000000000000000 ) ) ;
#3181 = ORIENTED_EDGE ( 'NONE', *, *, #6538, .F. ) ;
#3182 = FACE_OUTER_BOUND ( 'NONE', #6284, .T. ) ;
#3183 = DIRECTION ( 'NONE',  ( 1.000000000000000000, 0.000000000000000000, 0.000000000000000000 ) ) ;
#3184 = CARTESIAN_POINT ( 'NONE',  ( 2.895000000000000018, -2.135000000000000231, 0.000000000000000000 ) ) ;
#3185 = ORIENTED_EDGE ( 'NONE', *, *, #1895, .T. ) ;
#3186 = PLANE ( 'NONE',  #5271 ) ;
#3187 = EDGE_CURVE ( 'NONE', #6735, #5243, #4612, .T. ) ;
#3188 =( LENGTH_UNIT ( ) NAMED_UNIT ( * ) SI_UNIT ( .MILLI., .METRE. ) );
#3189 = LINE ( 'NONE', #7110, #1608 ) ;
#3190 =( NAMED_UNIT ( * ) SI_UNIT ( $, .STERADIAN. ) SOLID_ANGLE_UNIT ( ) );
#3191 = ORIENTED_EDGE ( 'NONE', *, *, #3980, .F. ) ;
#3192 = EDGE_CURVE ( 'NONE', #49, #6802, #6838, .T. ) ;
#3193 = CARTESIAN_POINT ( 'NONE',  ( 0.8299999999999999600, -2.423826859021799951, 0.000000000000000000 ) ) ;
#3194 = VERTEX_POINT ( 'NONE', #1253 ) ;
#3195 =( NAMED_UNIT ( * ) SI_UNIT ( $, .STERADIAN. ) SOLID_ANGLE_UNIT ( ) );
#3196 = VECTOR ( 'NONE', #5940, 1000.000000000000000 ) ;
#3197 = VECTOR ( 'NONE', #5439, 1000.000000000000000 ) ;
#3198 = ADVANCED_FACE ( 'NONE', ( #6794 ), #4963, .T. ) ;
#3199 =( NAMED_UNIT ( * ) SI_UNIT ( $, .STERADIAN. ) SOLID_ANGLE_UNIT ( ) );
#3200 = ORIENTED_EDGE ( 'NONE', *, *, #1337, .T. ) ;
#3201 = DIRECTION ( 'NONE',  ( 0.000000000000000000, 0.000000000000000000, -1.000000000000000000 ) ) ;
#3202 = FILL_AREA_STYLE ('',( #5447 ) ) ;
#3203 = VECTOR ( 'NONE', #2434, 1000.000000000000000 ) ;
#3204 = STYLED_ITEM ( 'NONE', ( #1445 ), #510 ) ;
#3205 = VECTOR ( 'NONE', #1419, 1000.000000000000000 ) ;
#3206 = ORIENTED_EDGE ( 'NONE', *, *, #1304, .F. ) ;
#3207 = VECTOR ( 'NONE', #5083, 1000.000000000000000 ) ;
#3208 = PLANE ( 'NONE',  #2509 ) ;
#3209 = CARTESIAN_POINT ( 'NONE',  ( 2.465000000000000302, 0.4049999999999999711, 0.3800000000000000044 ) ) ;
#3210 = CARTESIAN_POINT ( 'NONE',  ( 0.5799999999999999600, 2.423826859021799951, 0.000000000000000000 ) ) ;
#3211 = EDGE_CURVE ( 'NONE', #4622, #1740, #3815, .T. ) ;
#3212 = VECTOR ( 'NONE', #6397, 1000.000000000000000 ) ;
#3213 = LINE ( 'NONE', #4317, #2516 ) ;
#3214 = AXIS2_PLACEMENT_3D ( 'NONE', #2099, #5385, #2026 ) ;
#3215 = ORIENTED_EDGE ( 'NONE', *, *, #7078, .F. ) ;
#3216 = LINE ( 'NONE', #3864, #6035 ) ;
#3218 = ORIENTED_EDGE ( 'NONE', *, *, #1678, .F. ) ;
#3217 = FILL_AREA_STYLE_COLOUR ( '', #97 ) ;
#3219 = DIRECTION ( 'NONE',  ( 1.000000000000000000, 0.000000000000000000, 0.000000000000000000 ) ) ;
#3220 = EDGE_CURVE ( 'NONE', #5193, #1322, #1533, .T. ) ;
#3221 = EDGE_CURVE ( 'NONE', #2712, #5800, #5394, .T. ) ;
#3222 = VERTEX_POINT ( 'NONE', #4331 ) ;
#3223 = AXIS2_PLACEMENT_3D ( 'NONE', #3085, #6939, #3567 ) ;
#3224 = LINE ( 'NONE', #950, #7016 ) ;
#3225 = LINE ( 'NONE', #7029, #5425 ) ;
#3226 = AXIS2_PLACEMENT_3D ( 'NONE', #1217, #4042, #5158 ) ;
#3227 = CARTESIAN_POINT ( 'NONE',  ( 2.945000000000000284, -1.224999999999999867, 0.3300000000000000155 ) ) ;
#3228 = ORIENTED_EDGE ( 'NONE', *, *, #5916, .T. ) ;
#3229 = VECTOR ( 'NONE', #7133, 1000.000000000000000 ) ;
#3230 = DIRECTION ( 'NONE',  ( -0.7071067811865550112, -0.7071067811865400232, 0.000000000000000000 ) ) ;
#3231 = SURFACE_STYLE_USAGE ( .BOTH. , #4372 ) ;
#3232 = PLANE ( 'NONE',  #4611 ) ;
#3233 = CARTESIAN_POINT ( 'NONE',  ( -2.895000000000000018, -2.135000000000000231, 0.000000000000000000 ) ) ;
#3234 = CARTESIAN_POINT ( 'NONE',  ( -2.945000000000000284, 0.4550000000000000155, 0.3300000000000000155 ) ) ;
#3235 = DIRECTION ( 'NONE',  ( 0.000000000000000000, 0.000000000000000000, 1.000000000000000000 ) ) ;
#3236 = MECHANICAL_DESIGN_GEOMETRIC_PRESENTATION_REPRESENTATION (  '', ( #2315 ), #702 ) ;
#3237 = CARTESIAN_POINT ( 'NONE',  ( 2.465000000000000302, -1.724999999999999867, 0.000000000000000000 ) ) ;
#3238 = ORIENTED_EDGE ( 'NONE', *, *, #2380, .T. ) ;
#3239 = EDGE_CURVE ( 'NONE', #1809, #948, #2214, .T. ) ;
#3240 = FACE_OUTER_BOUND ( 'NONE', #2599, .T. ) ;
#3241 = MECHANICAL_DESIGN_GEOMETRIC_PRESENTATION_REPRESENTATION (  '', ( #6841 ), #3478 ) ;
#3242 = SURFACE_SIDE_STYLE ('',( #4831 ) ) ;
#3243 = ORIENTED_EDGE ( 'NONE', *, *, #3838, .F. ) ;
#3244 = CARTESIAN_POINT ( 'NONE',  ( -2.465000000000000302, -0.4550000000000000155, 0.000000000000000000 ) ) ;
#3245 = EDGE_LOOP ( 'NONE', ( #1964, #3811, #1050, #5234 ) ) ;
#3246 = PLANE ( 'NONE',  #6562 ) ;
#3247 = CARTESIAN_POINT ( 'NONE',  ( -3.075000000000000178, -2.084999999999999964, 0.000000000000000000 ) ) ;
#3248 = DIRECTION ( 'NONE',  ( -1.132880637372609972E-16, 1.000000000000000000, 0.000000000000000000 ) ) ;
#3249 = VECTOR ( 'NONE', #6884, 1000.000000000000000 ) ;
#3250 = ORIENTED_EDGE ( 'NONE', *, *, #319, .F. ) ;
#3251 = CARTESIAN_POINT ( 'NONE',  ( 2.945000000000000284, 2.449999999999999734, 0.000000000000000000 ) ) ;
#3252 = ORIENTED_EDGE ( 'NONE', *, *, #7134, .F. ) ;
#3253 = LINE ( 'NONE', #2640, #2525 ) ;
#3254 = EDGE_LOOP ( 'NONE', ( #53, #5661, #5231, #6819 ) ) ;
#3255 = EDGE_CURVE ( 'NONE', #5482, #1859, #6559, .T. ) ;
#3256 = VECTOR ( 'NONE', #6950, 1000.000000000000000 ) ;
#3257 = CARTESIAN_POINT ( 'NONE',  ( -2.945000000000000284, -0.8149999999999999467, 0.000000000000000000 ) ) ;
#3258 = CARTESIAN_POINT ( 'NONE',  ( -2.757742740085070032, -0.6600000000000000311, 0.3300000000000000155 ) ) ;
#3259 = CARTESIAN_POINT ( 'NONE',  ( -2.465000000000000302, 0.8149999999999999467, 0.3300000000000000155 ) ) ;
#3260 = EDGE_CURVE ( 'NONE', #3824, #7020, #1500, .T. ) ;
#3261 = EDGE_LOOP ( 'NONE', ( #3439, #6038, #4088, #1354 ) ) ;
#3262 = VECTOR ( 'NONE', #4667, 1000.000000000000000 ) ;
#3263 = CARTESIAN_POINT ( 'NONE',  ( 2.945000000000000284, -0.8149999999999999467, 0.3300000000000000155 ) ) ;
#3264 = LINE ( 'NONE', #2174, #2517 ) ;
#3265 = FILL_AREA_STYLE_COLOUR ( '', #667 ) ;
#3266 = EDGE_CURVE ( 'NONE', #3337, #7091, #5945, .T. ) ;
#3267 = DIRECTION ( 'NONE',  ( 0.000000000000000000, 1.000000000000000000, 0.000000000000000000 ) ) ;
#3268 = AXIS2_PLACEMENT_3D ( 'NONE', #3244, #4309, #3719 ) ;
#3269 = DIRECTION ( 'NONE',  ( 0.7071067811865570096, -0.7071067811865380248, 0.000000000000000000 ) ) ;
#3270 = ADVANCED_FACE ( 'NONE', ( #5360 ), #4885, .T. ) ;
#3271 =( NAMED_UNIT ( * ) SI_UNIT ( $, .STERADIAN. ) SOLID_ANGLE_UNIT ( ) );
#3272 = ORIENTED_EDGE ( 'NONE', *, *, #5950, .T. ) ;
#3273 = LINE ( 'NONE', #5336, #1299 ) ;
#3274 = CARTESIAN_POINT ( 'NONE',  ( 0.8299999999999999600, 2.575000000000000178, 0.000000000000000000 ) ) ;
#3275 = ORIENTED_EDGE ( 'NONE', *, *, #1906, .T. ) ;
#3276 = CARTESIAN_POINT ( 'NONE',  ( -2.945000000000000284, -0.8149999999999999467, 0.000000000000000000 ) ) ;
#3277 = PRODUCT_RELATED_PRODUCT_CATEGORY ( 'part', '', ( #1939 ) ) ;
#3278 = SURFACE_STYLE_USAGE ( .BOTH. , #2230 ) ;
#3279 = ORIENTED_EDGE ( 'NONE', *, *, #5335, .T. ) ;
#3280 = CARTESIAN_POINT ( 'NONE',  ( -2.945000000000000284, 2.449999999999999734, 0.000000000000000000 ) ) ;
#3281 = UNCERTAINTY_MEASURE_WITH_UNIT (LENGTH_MEASURE( 1.000000000000000082E-05 ), #3649, 'distance_accuracy_value', 'NONE');
#3282 = CARTESIAN_POINT ( 'NONE',  ( 2.945000000000000284, 1.724999999999999867, 0.000000000000000000 ) ) ;
#3283 = ORIENTED_EDGE ( 'NONE', *, *, #5509, .F. ) ;
#3284 = CARTESIAN_POINT ( 'NONE',  ( 2.861967654140120221, -1.387778780781450113E-16, 1.119999999999999885 ) ) ;
#3286 = ORIENTED_EDGE ( 'NONE', *, *, #5513, .F. ) ;
#3285 =( NAMED_UNIT ( * ) PLANE_ANGLE_UNIT ( ) SI_UNIT ( $, .RADIAN. ) );
#3287 = EDGE_LOOP ( 'NONE', ( #411, #3279, #7081, #3829 ) ) ;
#3288 = CARTESIAN_POINT ( 'NONE',  ( -2.945000000000000284, 2.034999999999999698, 0.3800000000000000044 ) ) ;
#3289 = PLANE ( 'NONE',  #690 ) ;
#3290 = DIRECTION ( 'NONE',  ( -0.7071067811865510144, 0.7071067811865441310, 0.000000000000000000 ) ) ;
#3291 = ORIENTED_EDGE ( 'NONE', *, *, #968, .T. ) ;
#3292 = DIRECTION ( 'NONE',  ( 1.000000000000000000, 0.000000000000000000, 0.000000000000000000 ) ) ;
#3293 = DIRECTION ( 'NONE',  ( 1.000000000000000000, 0.000000000000000000, 0.000000000000000000 ) ) ;
#3294 =( NAMED_UNIT ( * ) SI_UNIT ( $, .STERADIAN. ) SOLID_ANGLE_UNIT ( ) );
#3295 = EDGE_CURVE ( 'NONE', #4629, #3854, #6019, .T. ) ;
#3296 = SURFACE_STYLE_USAGE ( .BOTH. , #4335 ) ;
#3297 = PRODUCT_CONTEXT ( 'NONE', #2347, 'mechanical' ) ;
#3298 = PLANE ( 'NONE',  #5049 ) ;
#3299 = EDGE_CURVE ( 'NONE', #2621, #6976, #5640, .T. ) ;
#3300 = VERTEX_POINT ( 'NONE', #495 ) ;
#3301 = DIRECTION ( 'NONE',  ( -0.000000000000000000, 1.000000000000000000, 0.000000000000000000 ) ) ;
#3302 = STYLED_ITEM ( 'NONE', ( #1869 ), #1498 ) ;
#3303 = CARTESIAN_POINT ( 'NONE',  ( 2.465000000000000302, -2.135000000000000231, 0.000000000000000000 ) ) ;
#3304 = CLOSED_SHELL ( 'NONE', ( #2105, #2248, #185, #2326, #2264, #724, #2462, #1055, #3198, #2078, #4527, #5956, #4099, #865, #1498, #1940, #1904, #707, #5599, #572, #3270, #3482, #5880, #6358, #2581, #3689, #3088, #3793, #1412, #6902, #1715, #4647, #5743, #3042, #3818, #1901, #2684, #2816, #3003, #1706, #4990, #1072, #510, #985, #4764, #6842, #4005, #1319, #4271, #1721, #3893, #2769, #1358, #805, #3440, #6053, #5205, #292, #4167, #1352, #1320, #12, #527, #6832, #4964, #6985, #3645, #750, #1434, #5768, #5610, #6494, #4205, #3916, #6075, #3113, #6389, #3945, #960, #6048, #5397, #6531, #5196, #2115, #3039, #537, #2507, #1760, #2244, #879, #1431 ) ) ;
#3305 = VECTOR ( 'NONE', #4854, 1000.000000000000000 ) ;
#3306 = ORIENTED_EDGE ( 'NONE', *, *, #2594, .T. ) ;
#3307 = CARTESIAN_POINT ( 'NONE',  ( -2.945000000000000284, 0.7649999999999999023, 0.000000000000000000 ) ) ;
#3308 = PRESENTATION_STYLE_ASSIGNMENT (( #3353 ) ) ;
#3309 = PRESENTATION_STYLE_ASSIGNMENT (( #3278 ) ) ;
#3310 = EDGE_LOOP ( 'NONE', ( #2355, #2200, #4513, #1892 ) ) ;
#3311 = CARTESIAN_POINT ( 'NONE',  ( 2.945000000000000284, 0.7649999999999999023, 0.000000000000000000 ) ) ;
#3312 = VECTOR ( 'NONE', #4468, 1000.000000000000000 ) ;
#3313 = VECTOR ( 'NONE', #1212, 999.9999999999998863 ) ;
#3314 =( NAMED_UNIT ( * ) PLANE_ANGLE_UNIT ( ) SI_UNIT ( $, .RADIAN. ) );
#3315 =( NAMED_UNIT ( * ) SI_UNIT ( $, .STERADIAN. ) SOLID_ANGLE_UNIT ( ) );
#3316 = ORIENTED_EDGE ( 'NONE', *, *, #2007, .T. ) ;
#3317 = LINE ( 'NONE', #2741, #5452 ) ;
#3318 = VECTOR ( 'NONE', #1749, 1000.000000000000000 ) ;
#3319 = EDGE_LOOP ( 'NONE', ( #401, #5958, #2544, #4318 ) ) ;
#3320 = AXIS2_PLACEMENT_3D ( 'NONE', #6455, #6894, #1936 ) ;
#3321 = VECTOR ( 'NONE', #4206, 1000.000000000000000 ) ;
#3322 = CARTESIAN_POINT ( 'NONE',  ( -2.895000000000000018, -1.724999999999999867, 0.3300000000000000155 ) ) ;
#3323 = ORIENTED_EDGE ( 'NONE', *, *, #6366, .F. ) ;
#3324 = CARTESIAN_POINT ( 'NONE',  ( 0.8299999999999999600, -2.423826859021799951, 0.3800000000000000044 ) ) ;
#3325 = LINE ( 'NONE', #6112, #2886 ) ;
#3326 = PLANE ( 'NONE',  #372 ) ;
#3327 = MECHANICAL_DESIGN_GEOMETRIC_PRESENTATION_REPRESENTATION (  '', ( #227 ), #3569 ) ;
#3328 = VECTOR ( 'NONE', #3013, 1000.000000000000000 ) ;
#3329 = EDGE_CURVE ( 'NONE', #2537, #125, #4912, .T. ) ;
#3330 = ORIENTED_EDGE ( 'NONE', *, *, #1137, .F. ) ;
#3332 = ORIENTED_EDGE ( 'NONE', *, *, #5295, .T. ) ;
#3331 =( LENGTH_UNIT ( ) NAMED_UNIT ( * ) SI_UNIT ( .MILLI., .METRE. ) );
#3333 =( GEOMETRIC_REPRESENTATION_CONTEXT ( 3 ) GLOBAL_UNCERTAINTY_ASSIGNED_CONTEXT ( ( #4013 ) ) GLOBAL_UNIT_ASSIGNED_CONTEXT ( ( #5588, #4639, #4029 ) ) REPRESENTATION_CONTEXT ( 'NONE', 'WORKASPACE' ) );
#3334 = AXIS2_PLACEMENT_3D ( 'NONE', #969, #326, #6401 ) ;
#3335 = LINE ( 'NONE', #5544, #2981 ) ;
#3336 = CARTESIAN_POINT ( 'NONE',  ( -0.8299999999999999600, -0.9949999999999999956, 0.000000000000000000 ) ) ;
#3337 = VERTEX_POINT ( 'NONE', #202 ) ;
#3338 = MECHANICAL_DESIGN_GEOMETRIC_PRESENTATION_REPRESENTATION (  '', ( #4960 ), #1852 ) ;
#3339 = LINE ( 'NONE', #2289, #4936 ) ;
#3340 =( NAMED_UNIT ( * ) PLANE_ANGLE_UNIT ( ) SI_UNIT ( $, .RADIAN. ) );
#3341 = APPLICATION_PROTOCOL_DEFINITION ( 'draft international standard', 'automotive_design', 1998, #2111 ) ;
#3342 =( NAMED_UNIT ( * ) SI_UNIT ( $, .STERADIAN. ) SOLID_ANGLE_UNIT ( ) );
#3343 = AXIS2_PLACEMENT_3D ( 'NONE', #5729, #630, #94 ) ;
#3344 = LINE ( 'NONE', #991, #6096 ) ;
#3345 = ORIENTED_EDGE ( 'NONE', *, *, #7078, .T. ) ;
#3346 = EDGE_CURVE ( 'NONE', #1383, #376, #5694, .T. ) ;
#3347 = EDGE_CURVE ( 'NONE', #1618, #6582, #3369, .T. ) ;
#3348 = UNCERTAINTY_MEASURE_WITH_UNIT (LENGTH_MEASURE( 1.000000000000000082E-05 ), #6499, 'distance_accuracy_value', 'NONE');
#3349 = UNCERTAINTY_MEASURE_WITH_UNIT (LENGTH_MEASURE( 1.000000000000000082E-05 ), #605, 'distance_accuracy_value', 'NONE');
#3350 = PRESENTATION_LAYER_ASSIGNMENT (  '', '', ( #472 ) ) ;
#3351 = EDGE_LOOP ( 'NONE', ( #4910, #72, #4681, #1305 ) ) ;
#3352 = DIRECTION ( 'NONE',  ( 0.000000000000000000, 0.000000000000000000, -1.000000000000000000 ) ) ;
#3353 = SURFACE_STYLE_USAGE ( .BOTH. , #3959 ) ;
#3354 = DIRECTION ( 'NONE',  ( 0.000000000000000000, 0.000000000000000000, 1.000000000000000000 ) ) ;
#3355 = ORIENTED_EDGE ( 'NONE', *, *, #306, .F. ) ;
#3356 = STYLED_ITEM ( 'NONE', ( #1771 ), #5196 ) ;
#3357 = SURFACE_SIDE_STYLE ('',( #2782 ) ) ;
#3358 = CARTESIAN_POINT ( 'NONE',  ( 0.5799999999999999600, -2.423826859021799951, 0.3800000000000000044 ) ) ;
#3359 = ORIENTED_EDGE ( 'NONE', *, *, #6583, .F. ) ;
#3360 = CARTESIAN_POINT ( 'NONE',  ( -2.945000000000000284, -0.5050000000000000044, 0.000000000000000000 ) ) ;
#3361 = EDGE_LOOP ( 'NONE', ( #469, #3718, #4832, #2160 ) ) ;
#3362 = VERTEX_POINT ( 'NONE', #5658 ) ;
#3363 = DIRECTION ( 'NONE',  ( -1.000000000000000000, 1.516698121072619908E-16, 0.000000000000000000 ) ) ;
#3364 = DIRECTION ( 'NONE',  ( -0.7071067811865510144, 0.7071067811865441310, 0.000000000000000000 ) ) ;
#3365 = COLOUR_RGB ( '',0.2862745098039215508, 0.2862745098039215508, 0.2862745098039215508 ) ;
#3366 = ORIENTED_EDGE ( 'NONE', *, *, #2726, .F. ) ;
#3367 = ORIENTED_EDGE ( 'NONE', *, *, #4081, .T. ) ;
#3368 = COLOUR_RGB ( '',0.2862745098039215508, 0.2862745098039215508, 0.2862745098039215508 ) ;
#3369 = LINE ( 'NONE', #2861, #3097 ) ;
#3370 = EDGE_CURVE ( 'NONE', #5672, #6379, #92, .T. ) ;
#3371 = DIRECTION ( 'NONE',  ( -1.000000000000000000, 0.000000000000000000, 0.000000000000000000 ) ) ;
#3372 = FACE_OUTER_BOUND ( 'NONE', #4771, .T. ) ;
#3373 = VECTOR ( 'NONE', #3822, 1000.000000000000000 ) ;
#3374 = DIRECTION ( 'NONE',  ( -1.000000000000000000, 4.550094363217860219E-16, 0.000000000000000000 ) ) ;
#3375 = SHAPE_DEFINITION_REPRESENTATION ( #5622, #3850 ) ;
#3376 = FILL_AREA_STYLE ('',( #6786 ) ) ;
#3377 = VECTOR ( 'NONE', #4418, 1000.000000000000000 ) ;
#3378 = DIRECTION ( 'NONE',  ( -0.8660254037844390407, 0.4999999999999995004, 0.000000000000000000 ) ) ;
#3379 = CARTESIAN_POINT ( 'NONE',  ( 1.447500000000000009, -1.724999999999999867, 0.000000000000000000 ) ) ;
#3380 = CARTESIAN_POINT ( 'NONE',  ( 2.945000000000000284, -2.449999999999999734, 0.000000000000000000 ) ) ;
#3381 = EDGE_LOOP ( 'NONE', ( #2526, #4608, #2321, #591 ) ) ;
#3382 = DIRECTION ( 'NONE',  ( 1.132880637372609972E-16, -1.000000000000000000, 0.000000000000000000 ) ) ;
#3383 = EDGE_CURVE ( 'NONE', #3117, #6969, #2799, .T. ) ;
#3384 = CARTESIAN_POINT ( 'NONE',  ( -2.465000000000000302, 0.8149999999999999467, 0.000000000000000000 ) ) ;
#3385 = FACE_OUTER_BOUND ( 'NONE', #3549, .T. ) ;
#3386 = ORIENTED_EDGE ( 'NONE', *, *, #225, .F. ) ;
#3387 = FACE_OUTER_BOUND ( 'NONE', #1475, .T. ) ;
#3388 =( GEOMETRIC_REPRESENTATION_CONTEXT ( 3 ) GLOBAL_UNCERTAINTY_ASSIGNED_CONTEXT ( ( #5590 ) ) GLOBAL_UNIT_ASSIGNED_CONTEXT ( ( #6936, #4637, #6418 ) ) REPRESENTATION_CONTEXT ( 'NONE', 'WORKASPACE' ) );
#3389 =( LENGTH_UNIT ( ) NAMED_UNIT ( * ) SI_UNIT ( .MILLI., .METRE. ) );
#3390 = DIRECTION ( 'NONE',  ( -1.132880637372609972E-16, 1.000000000000000000, 0.000000000000000000 ) ) ;
#3391 = ORIENTED_EDGE ( 'NONE', *, *, #5472, .F. ) ;
#3392 = LINE ( 'NONE', #5639, #3036 ) ;
#3393 = ADVANCED_FACE ( 'NONE', ( #2250 ), #5581, .T. ) ;
#3394 = VERTEX_POINT ( 'NONE', #6748 ) ;
#3395 = CARTESIAN_POINT ( 'NONE',  ( 2.465000000000000302, 1.675000000000000044, 0.000000000000000000 ) ) ;
#3396 = ORIENTED_EDGE ( 'NONE', *, *, #7112, .F. ) ;
#3397 = EDGE_CURVE ( 'NONE', #2449, #153, #738, .T. ) ;
#3398 =( NAMED_UNIT ( * ) PLANE_ANGLE_UNIT ( ) SI_UNIT ( $, .RADIAN. ) );
#3399 =( NAMED_UNIT ( * ) SI_UNIT ( $, .STERADIAN. ) SOLID_ANGLE_UNIT ( ) );
#3400 = EDGE_LOOP ( 'NONE', ( #3417, #834, #4893, #1070 ) ) ;
#3402 = ORIENTED_EDGE ( 'NONE', *, *, #2401, .T. ) ;
#3401 = DIRECTION ( 'NONE',  ( -1.000000000000000000, 0.000000000000000000, 0.000000000000000000 ) ) ;
#3403 = CARTESIAN_POINT ( 'NONE',  ( 3.075000000000000178, -0.8149999999999999467, 0.000000000000000000 ) ) ;
#3404 = DIRECTION ( 'NONE',  ( 0.000000000000000000, 1.000000000000000000, 0.000000000000000000 ) ) ;
#3405 = CARTESIAN_POINT ( 'NONE',  ( 2.465000000000000302, 0.4049999999999999711, 0.3300000000000000155 ) ) ;
#3406 = SURFACE_SIDE_STYLE ('',( #1201 ) ) ;
#3407 = ORIENTED_EDGE ( 'NONE', *, *, #4488, .F. ) ;
#3408 = SURFACE_STYLE_FILL_AREA ( #564 ) ;
#3409 = FACE_OUTER_BOUND ( 'NONE', #6539, .T. ) ;
#3410 = PRODUCT_CONTEXT ( 'NONE', #3602, 'mechanical' ) ;
#3411 = FILL_AREA_STYLE ('',( #1825 ) ) ;
#3412 = DIRECTION ( 'NONE',  ( -5.886868053959999725E-14, -1.000000000000000000, 0.000000000000000000 ) ) ;
#3413 = SURFACE_STYLE_USAGE ( .BOTH. , #3046 ) ;
#3414 = UNCERTAINTY_MEASURE_WITH_UNIT (LENGTH_MEASURE( 1.000000000000000082E-05 ), #7111, 'distance_accuracy_value', 'NONE');
#3415 = EDGE_CURVE ( 'NONE', #7015, #826, #2828, .T. ) ;
#3416 = CARTESIAN_POINT ( 'NONE',  ( -2.465000000000000302, -1.724999999999999867, 0.3800000000000000044 ) ) ;
#3417 = ORIENTED_EDGE ( 'NONE', *, *, #3266, .T. ) ;
#3418 = FACE_OUTER_BOUND ( 'NONE', #2714, .T. ) ;
#3419 = CARTESIAN_POINT ( 'NONE',  ( -3.075000000000000178, -0.8149999999999999467, 0.3800000000000000044 ) ) ;
#3420 = ORIENTED_EDGE ( 'NONE', *, *, #998, .T. ) ;
#3421 = LINE ( 'NONE', #114, #1955 ) ;
#3422 = ORIENTED_EDGE ( 'NONE', *, *, #5557, .F. ) ;
#3423 = LINE ( 'NONE', #6732, #2659 ) ;
#3424 = DIRECTION ( 'NONE',  ( 0.000000000000000000, 0.000000000000000000, -1.000000000000000000 ) ) ;
#3425 = VECTOR ( 'NONE', #4657, 1000.000000000000000 ) ;
#3426 = SURFACE_STYLE_USAGE ( .BOTH. , #2846 ) ;
#3427 = ORIENTED_EDGE ( 'NONE', *, *, #187, .F. ) ;
#3428 = DIRECTION ( 'NONE',  ( -0.000000000000000000, 1.000000000000000000, 0.000000000000000000 ) ) ;
#3429 = ORIENTED_EDGE ( 'NONE', *, *, #4305, .T. ) ;
#3430 = DIRECTION ( 'NONE',  ( -0.4999999999999998890, 0.8660254037844387076, 0.000000000000000000 ) ) ;
#3431 = AXIS2_PLACEMENT_3D ( 'NONE', #3899, #2166, #6706 ) ;
#3432 = STYLED_ITEM ( 'NONE', ( #5863 ), #1904 ) ;
#3433 = ORIENTED_EDGE ( 'NONE', *, *, #5606, .F. ) ;
#3434 = DIRECTION ( 'NONE',  ( 0.000000000000000000, 0.000000000000000000, -1.000000000000000000 ) ) ;
#3435 = EDGE_CURVE ( 'NONE', #4359, #2127, #2360, .T. ) ;
#3436 = PRESENTATION_LAYER_ASSIGNMENT (  '', '', ( #2508 ) ) ;
#3437 = COLOUR_RGB ( '',0.2862745098039215508, 0.2862745098039215508, 0.2862745098039215508 ) ;
#3438 = VECTOR ( 'NONE', #4406, 1000.000000000000000 ) ;
#3439 = ORIENTED_EDGE ( 'NONE', *, *, #339, .F. ) ;
#3440 = ADVANCED_FACE ( 'NONE', ( #1674 ), #4517, .F. ) ;
#3441 = EDGE_CURVE ( 'NONE', #1509, #3583, #6191, .T. ) ;
#3442 = ORIENTED_EDGE ( 'NONE', *, *, #1460, .T. ) ;
#3443 = FILL_AREA_STYLE ('',( #2798 ) ) ;
#3444 = UNCERTAINTY_MEASURE_WITH_UNIT (LENGTH_MEASURE( 1.000000000000000082E-05 ), #924, 'distance_accuracy_value', 'NONE');
#3445 = FILL_AREA_STYLE ('',( #1818 ) ) ;
#3446 = VECTOR ( 'NONE', #2831, 1000.000000000000000 ) ;
#3447 = MECHANICAL_DESIGN_GEOMETRIC_PRESENTATION_REPRESENTATION (  '', ( #4928 ), #7033 ) ;
#3448 = VERTEX_POINT ( 'NONE', #6235 ) ;
#3449 = DIRECTION ( 'NONE',  ( 0.000000000000000000, 0.000000000000000000, 1.000000000000000000 ) ) ;
#3450 =( GEOMETRIC_REPRESENTATION_CONTEXT ( 3 ) GLOBAL_UNCERTAINTY_ASSIGNED_CONTEXT ( ( #6780 ) ) GLOBAL_UNIT_ASSIGNED_CONTEXT ( ( #6641, #2116, #5405 ) ) REPRESENTATION_CONTEXT ( 'NONE', 'WORKASPACE' ) );
#3451 = EDGE_CURVE ( 'NONE', #5149, #5903, #3335, .T. ) ;
#3452 = MECHANICAL_DESIGN_GEOMETRIC_PRESENTATION_REPRESENTATION (  '', ( #2875 ), #2760 ) ;
#3453 = VECTOR ( 'NONE', #2240, 1000.000000000000000 ) ;
#3454 = PRODUCT_CONTEXT ( 'NONE', #997, 'mechanical' ) ;
#3455 = FACE_OUTER_BOUND ( 'NONE', #6920, .T. ) ;
#3456 =( REPRESENTATION_RELATIONSHIP ('NONE','NONE', #3850, #2802 ) REPRESENTATION_RELATIONSHIP_WITH_TRANSFORMATION ( #6054 )SHAPE_REPRESENTATION_RELATIONSHIP( ) );
#3457 = MECHANICAL_DESIGN_GEOMETRIC_PRESENTATION_REPRESENTATION (  '', ( #2531 ), #5528 ) ;
#3458 = VECTOR ( 'NONE', #716, 1000.000000000000000 ) ;
#3459 = ORIENTED_EDGE ( 'NONE', *, *, #1931, .F. ) ;
#3460 = DIRECTION ( 'NONE',  ( -0.8660254037844390407, -0.4999999999999995004, 0.000000000000000000 ) ) ;
#3461 = ORIENTED_EDGE ( 'NONE', *, *, #1984, .F. ) ;
#3462 = LINE ( 'NONE', #3885, #4877 ) ;
#3463 = DIRECTION ( 'NONE',  ( 1.000000000000000000, 0.000000000000000000, 0.000000000000000000 ) ) ;
#3464 = PRESENTATION_LAYER_ASSIGNMENT (  '', '', ( #3812 ) ) ;
#3465 = DIRECTION ( 'NONE',  ( 0.000000000000000000, 0.000000000000000000, 1.000000000000000000 ) ) ;
#3466 = LINE ( 'NONE', #717, #1128 ) ;
#3467 = ORIENTED_EDGE ( 'NONE', *, *, #5228, .F. ) ;
#3468 = EDGE_CURVE ( 'NONE', #585, #5107, #62, .T. ) ;
#3469 = CARTESIAN_POINT ( 'NONE',  ( -2.945000000000000284, 2.034999999999999698, 0.000000000000000000 ) ) ;
#3470 =( GEOMETRIC_REPRESENTATION_CONTEXT ( 3 ) GLOBAL_UNCERTAINTY_ASSIGNED_CONTEXT ( ( #1758 ) ) GLOBAL_UNIT_ASSIGNED_CONTEXT ( ( #5311, #2425, #1073 ) ) REPRESENTATION_CONTEXT ( 'NONE', 'WORKASPACE' ) );
#3471 = ORIENTED_EDGE ( 'NONE', *, *, #2444, .F. ) ;
#3472 = CARTESIAN_POINT ( 'NONE',  ( 2.945000000000000284, -2.449999999999999734, 0.000000000000000000 ) ) ;
#3473 = ORIENTED_EDGE ( 'NONE', *, *, #2362, .T. ) ;
#3474 = FACE_OUTER_BOUND ( 'NONE', #3254, .T. ) ;
#3475 = STYLED_ITEM ( 'NONE', ( #1090 ), #5397 ) ;
#3476 = ORIENTED_EDGE ( 'NONE', *, *, #2777, .F. ) ;
#3477 =( LENGTH_UNIT ( ) NAMED_UNIT ( * ) SI_UNIT ( .MILLI., .METRE. ) );
#3478 =( GEOMETRIC_REPRESENTATION_CONTEXT ( 3 ) GLOBAL_UNCERTAINTY_ASSIGNED_CONTEXT ( ( #105 ) ) GLOBAL_UNIT_ASSIGNED_CONTEXT ( ( #4402, #2683, #2210 ) ) REPRESENTATION_CONTEXT ( 'NONE', 'WORKASPACE' ) );
#3479 = ORIENTED_EDGE ( 'NONE', *, *, #3668, .F. ) ;
#3481 = ORIENTED_EDGE ( 'NONE', *, *, #4326, .T. ) ;
#3480 = SURFACE_STYLE_USAGE ( .BOTH. , #2212 ) ;
#3482 = ADVANCED_FACE ( 'NONE', ( #5279 ), #3118, .T. ) ;
#3483 = DIRECTION ( 'NONE',  ( 0.000000000000000000, 0.000000000000000000, 1.000000000000000000 ) ) ;
#3484 = DIRECTION ( 'NONE',  ( 1.000000000000000000, 0.000000000000000000, 0.000000000000000000 ) ) ;
#3485 = SURFACE_STYLE_USAGE ( .BOTH. , #2800 ) ;
#3486 =( NAMED_UNIT ( * ) SI_UNIT ( $, .STERADIAN. ) SOLID_ANGLE_UNIT ( ) );
#3487 = EDGE_CURVE ( 'NONE', #4149, #2185, #5767, .T. ) ;
#3488 = FACE_OUTER_BOUND ( 'NONE', #6246, .T. ) ;
#3489 = AXIS2_PLACEMENT_3D ( 'NONE', #5721, #2965, #5025 ) ;
#3490 = DIRECTION ( 'NONE',  ( -0.7071067811865510144, 0.7071067811865441310, 0.000000000000000000 ) ) ;
#3491 = CARTESIAN_POINT ( 'NONE',  ( -2.895000000000000018, 2.084999999999999964, 0.000000000000000000 ) ) ;
#3492 = EDGE_CURVE ( 'NONE', #6589, #2788, #5320, .T. ) ;
#3493 = DIRECTION ( 'NONE',  ( 1.000000000000000000, 0.000000000000000000, 0.000000000000000000 ) ) ;
#3494 = EDGE_CURVE ( 'NONE', #897, #413, #4161, .T. ) ;
#3495 = LINE ( 'NONE', #1797, #2053 ) ;
#3496 = ORIENTED_EDGE ( 'NONE', *, *, #2247, .F. ) ;
#3497 = LINE ( 'NONE', #6136, #4410 ) ;
#3498 = VECTOR ( 'NONE', #7098, 1000.000000000000000 ) ;
#3499 = PLANE ( 'NONE',  #6200 ) ;
#3500 = PRESENTATION_STYLE_ASSIGNMENT (( #4038 ) ) ;
#3501 = LINE ( 'NONE', #640, #6338 ) ;
#3502 = ORIENTED_EDGE ( 'NONE', *, *, #4300, .F. ) ;
#3503 =( GEOMETRIC_REPRESENTATION_CONTEXT ( 3 ) GLOBAL_UNCERTAINTY_ASSIGNED_CONTEXT ( ( #4738 ) ) GLOBAL_UNIT_ASSIGNED_CONTEXT ( ( #6578, #6030, #73 ) ) REPRESENTATION_CONTEXT ( 'NONE', 'WORKASPACE' ) );
#3504 = CARTESIAN_POINT ( 'NONE',  ( -0.7049999999999999600, 2.346872785186680410, 0.3300000000000000155 ) ) ;
#3505 = DIRECTION ( 'NONE',  ( 0.000000000000000000, 1.000000000000000000, 0.000000000000000000 ) ) ;
#3506 = ORIENTED_EDGE ( 'NONE', *, *, #6633, .T. ) ;
#3507 = DIRECTION ( 'NONE',  ( 0.000000000000000000, 0.000000000000000000, 1.000000000000000000 ) ) ;
#3508 = PRODUCT_DEFINITION ( 'UNKNOWN', '', #3626, #3637 ) ;
#3509 = ORIENTED_EDGE ( 'NONE', *, *, #4711, .T. ) ;
#3510 = VERTEX_POINT ( 'NONE', #4692 ) ;
#3511 = PRESENTATION_STYLE_ASSIGNMENT (( #5132 ) ) ;
#3512 = DIRECTION ( 'NONE',  ( -1.000000000000000000, 0.000000000000000000, 0.000000000000000000 ) ) ;
#3513 =( NAMED_UNIT ( * ) PLANE_ANGLE_UNIT ( ) SI_UNIT ( $, .RADIAN. ) );
#3514 = EDGE_LOOP ( 'NONE', ( #6876, #620, #4878, #1049 ) ) ;
#3515 = EDGE_CURVE ( 'NONE', #4277, #2898, #6926, .T. ) ;
#3517 = ORIENTED_EDGE ( 'NONE', *, *, #5920, .F. ) ;
#3516 = SURFACE_STYLE_FILL_AREA ( #6188 ) ;
#3518 = FACE_OUTER_BOUND ( 'NONE', #6413, .T. ) ;
#3519 = CARTESIAN_POINT ( 'NONE',  ( -2.945000000000000284, -1.775000000000000133, 0.000000000000000000 ) ) ;
#3520 = CARTESIAN_POINT ( 'NONE',  ( 2.945000000000000284, 2.449999999999999734, 0.000000000000000000 ) ) ;
#3521 =( GEOMETRIC_REPRESENTATION_CONTEXT ( 3 ) GLOBAL_UNCERTAINTY_ASSIGNED_CONTEXT ( ( #1176 ) ) GLOBAL_UNIT_ASSIGNED_CONTEXT ( ( #2872, #1238, #706 ) ) REPRESENTATION_CONTEXT ( 'NONE', 'WORKASPACE' ) );
#3522 =( NAMED_UNIT ( * ) PLANE_ANGLE_UNIT ( ) SI_UNIT ( $, .RADIAN. ) );
#3523 = EDGE_CURVE ( 'NONE', #6582, #397, #3014, .T. ) ;
#3524 = LINE ( 'NONE', #283, #6858 ) ;
#3525 = CARTESIAN_POINT ( 'NONE',  ( 0.000000000000000000, -2.893885316736099471E-16, 0.000000000000000000 ) ) ;
#3526 =( NAMED_UNIT ( * ) PLANE_ANGLE_UNIT ( ) SI_UNIT ( $, .RADIAN. ) );
#3527 = EDGE_CURVE ( 'NONE', #7023, #5821, #5212, .T. ) ;
#3528 = PLANE ( 'NONE',  #3906 ) ;
#3529 = EDGE_CURVE ( 'NONE', #6426, #4622, #1863, .T. ) ;
#3530 = LINE ( 'NONE', #2916, #920 ) ;
#3531 = ORIENTED_EDGE ( 'NONE', *, *, #2112, .F. ) ;
#3532 = CARTESIAN_POINT ( 'NONE',  ( -0.8299999999999999600, 2.449999999999999734, 0.3300000000000000155 ) ) ;
#3533 = EDGE_CURVE ( 'NONE', #4403, #5426, #5246, .T. ) ;
#3534 = CARTESIAN_POINT ( 'NONE',  ( -2.945000000000000284, 0.7649999999999999023, 0.000000000000000000 ) ) ;
#3535 = EDGE_CURVE ( 'NONE', #5127, #6443, #5728, .T. ) ;
#3536 = CARTESIAN_POINT ( 'NONE',  ( 2.465000000000000302, 1.879999999999999893, 0.3300000000000000155 ) ) ;
#3537 = CARTESIAN_POINT ( 'NONE',  ( 2.861967654140120221, 2.366967654140120114, 1.119999999999999885 ) ) ;
#3538 = ORIENTED_EDGE ( 'NONE', *, *, #5479, .F. ) ;
#3539 = LINE ( 'NONE', #5791, #3256 ) ;
#3540 = FILL_AREA_STYLE ('',( #6291 ) ) ;
#3541 = EDGE_LOOP ( 'NONE', ( #3103, #3012, #4086, #6871 ) ) ;
#3542 = CARTESIAN_POINT ( 'NONE',  ( 2.945000000000000284, 0.7649999999999999023, 0.000000000000000000 ) ) ;
#3543 = ORIENTED_EDGE ( 'NONE', *, *, #6862, .T. ) ;
#3544 = CARTESIAN_POINT ( 'NONE',  ( -2.465000000000000302, 0.8375000000000000222, 0.000000000000000000 ) ) ;
#3545 = ORIENTED_EDGE ( 'NONE', *, *, #3953, .T. ) ;
#3546 = FILL_AREA_STYLE_COLOUR ( '', #6084 ) ;
#3547 = MECHANICAL_DESIGN_GEOMETRIC_PRESENTATION_REPRESENTATION (  '', ( #2146 ), #321 ) ;
#3548 = PRESENTATION_STYLE_ASSIGNMENT (( #4216 ) ) ;
#3549 = EDGE_LOOP ( 'NONE', ( #1525, #5804, #1958, #4819 ) ) ;
#3550 = ORIENTED_EDGE ( 'NONE', *, *, #409, .F. ) ;
#3551 = COLOUR_RGB ( '',0.2862745098039215508, 0.2862745098039215508, 0.2862745098039215508 ) ;
#3552 = STYLED_ITEM ( 'NONE', ( #5824 ), #2078 ) ;
#3553 = CARTESIAN_POINT ( 'NONE',  ( 2.895000000000000018, -2.135000000000000231, 0.000000000000000000 ) ) ;
#3554 = SURFACE_SIDE_STYLE ('',( #4057 ) ) ;
#3555 = SURFACE_STYLE_FILL_AREA ( #343 ) ;
#3556 = CARTESIAN_POINT ( 'NONE',  ( 2.465000000000000302, -1.724999999999999867, 0.000000000000000000 ) ) ;
#3557 = EDGE_CURVE ( 'NONE', #3759, #6710, #5175, .T. ) ;
#3558 = CARTESIAN_POINT ( 'NONE',  ( 2.757742740085070032, 1.879999999999999893, 0.000000000000000000 ) ) ;
#3559 = VECTOR ( 'NONE', #5356, 1000.000000000000000 ) ;
#3560 = STYLED_ITEM ( 'NONE', ( #4523 ), #2244 ) ;
#3561 = LINE ( 'NONE', #820, #2570 ) ;
#3562 = DIRECTION ( 'NONE',  ( -0.7071067811865441310, 0.7071067811865510144, 0.000000000000000000 ) ) ;
#3563 = DIRECTION ( 'NONE',  ( 1.000000000000000000, 0.000000000000000000, 0.000000000000000000 ) ) ;
#3564 = VECTOR ( 'NONE', #277, 1000.000000000000000 ) ;
#3565 = VECTOR ( 'NONE', #6190, 1000.000000000000000 ) ;
#3566 = VECTOR ( 'NONE', #4033, 1000.000000000000000 ) ;
#3567 = DIRECTION ( 'NONE',  ( 0.000000000000000000, 0.000000000000000000, -1.000000000000000000 ) ) ;
#3568 = VECTOR ( 'NONE', #5261, 1000.000000000000000 ) ;
#3569 =( GEOMETRIC_REPRESENTATION_CONTEXT ( 3 ) GLOBAL_UNCERTAINTY_ASSIGNED_CONTEXT ( ( #5816 ) ) GLOBAL_UNIT_ASSIGNED_CONTEXT ( ( #1341, #4521, #6125 ) ) REPRESENTATION_CONTEXT ( 'NONE', 'WORKASPACE' ) );
#3570 = VECTOR ( 'NONE', #2128, 1000.000000000000000 ) ;
#3571 = MECHANICAL_DESIGN_GEOMETRIC_PRESENTATION_REPRESENTATION (  '', ( #4021 ), #6670 ) ;
#3572 = CARTESIAN_POINT ( 'NONE',  ( 2.465000000000000302, 2.084999999999999964, 0.3300000000000000155 ) ) ;
#3573 = ORIENTED_EDGE ( 'NONE', *, *, #4979, .T. ) ;
#3574 = DIRECTION ( 'NONE',  ( 0.000000000000000000, 0.000000000000000000, 1.000000000000000000 ) ) ;
#3575 = ADVANCED_FACE ( 'NONE', ( #1970 ), #4632, .T. ) ;
#3576 = DIRECTION ( 'NONE',  ( 1.000000000000000000, 0.000000000000000000, 0.000000000000000000 ) ) ;
#3577 = MECHANICAL_DESIGN_GEOMETRIC_PRESENTATION_REPRESENTATION (  '', ( #3907 ), #5886 ) ;
#3578 = VECTOR ( 'NONE', #509, 999.9999999999998863 ) ;
#3579 = VERTEX_POINT ( 'NONE', #1897 ) ;
#3580 = DIRECTION ( 'NONE',  ( 1.000000000000000000, 0.000000000000000000, 0.000000000000000000 ) ) ;
#3581 = EDGE_CURVE ( 'NONE', #5613, #3057, #4091, .T. ) ;
#3582 = VECTOR ( 'NONE', #2606, 1000.000000000000000 ) ;
#3583 = VERTEX_POINT ( 'NONE', #5808 ) ;
#3584 = LINE ( 'NONE', #296, #1535 ) ;
#3585 = ORIENTED_EDGE ( 'NONE', *, *, #711, .F. ) ;
#3586 = PRESENTATION_STYLE_ASSIGNMENT (( #2486 ) ) ;
#3587 = ORIENTED_EDGE ( 'NONE', *, *, #6917, .T. ) ;
#3588 = STYLED_ITEM ( 'NONE', ( #974 ), #4990 ) ;
#3589 = DIRECTION ( 'NONE',  ( -0.1039620511844979861, 0.1039620511844979861, -0.9891328443778538704 ) ) ;
#3590 = FACE_OUTER_BOUND ( 'NONE', #265, .T. ) ;
#3591 = EDGE_CURVE ( 'NONE', #2302, #545, #7, .T. ) ;
#3592 = ORIENTED_EDGE ( 'NONE', *, *, #487, .F. ) ;
#3593 = EDGE_LOOP ( 'NONE', ( #4308, #4646, #426, #1312 ) ) ;
#3594 = FACE_OUTER_BOUND ( 'NONE', #3319, .T. ) ;
#3595 = CARTESIAN_POINT ( 'NONE',  ( -1.739999999999999991, -0.5700000000000089440, 0.000000000000000000 ) ) ;
#3596 = CARTESIAN_POINT ( 'NONE',  ( 2.465000000000000302, -1.724999999999999867, 0.000000000000000000 ) ) ;
#3597 = CARTESIAN_POINT ( 'NONE',  ( 2.895000000000000018, -0.8649999999999999911, 0.000000000000000000 ) ) ;
#3598 = PLANE ( 'NONE',  #2663 ) ;
#3599 = UNCERTAINTY_MEASURE_WITH_UNIT (LENGTH_MEASURE( 1.000000000000000082E-05 ), #2617, 'distance_accuracy_value', 'NONE');
#3600 = STYLED_ITEM ( 'NONE', ( #4599 ), #5484 ) ;
#3601 = LINE ( 'NONE', #6893, #1883 ) ;
#3602 = APPLICATION_CONTEXT ( 'automotive_design' ) ;
#3603 = CARTESIAN_POINT ( 'NONE',  ( -2.895000000000000018, 1.675000000000000044, 0.3800000000000000044 ) ) ;
#3604 = EDGE_CURVE ( 'NONE', #4077, #769, #5012, .T. ) ;
#3605 = CARTESIAN_POINT ( 'NONE',  ( 2.895000000000000018, -0.8649999999999999911, 0.3300000000000000155 ) ) ;
#3606 = MECHANICAL_DESIGN_GEOMETRIC_PRESENTATION_REPRESENTATION (  '', ( #4976 ), #4060 ) ;
#3607 = DIRECTION ( 'NONE',  ( 0.7071067811865441310, 0.7071067811865510144, 0.000000000000000000 ) ) ;
#3608 = ORIENTED_EDGE ( 'NONE', *, *, #4311, .F. ) ;
#3609 = PRESENTATION_STYLE_ASSIGNMENT (( #6836 ) ) ;
#3610 = DIRECTION ( 'NONE',  ( -1.000000000000000000, 0.000000000000000000, 0.000000000000000000 ) ) ;
#3611 = VECTOR ( 'NONE', #2084, 1000.000000000000000 ) ;
#3612 = DIRECTION ( 'NONE',  ( -1.000000000000000000, 0.000000000000000000, 0.000000000000000000 ) ) ;
#3613 = ORIENTED_EDGE ( 'NONE', *, *, #643, .F. ) ;
#3614 = CARTESIAN_POINT ( 'NONE',  ( -2.465000000000000302, 2.084999999999999964, 0.3300000000000000155 ) ) ;
#3615 = EDGE_CURVE ( 'NONE', #397, #5456, #6581, .T. ) ;
#3616 = VECTOR ( 'NONE', #4902, 1000.000000000000000 ) ;
#3617 =( LENGTH_UNIT ( ) NAMED_UNIT ( * ) SI_UNIT ( .MILLI., .METRE. ) );
#3618 = VERTEX_POINT ( 'NONE', #1620 ) ;
#3619 = DIRECTION ( 'NONE',  ( -4.252870457233460798E-15, 1.000000000000000000, 0.000000000000000000 ) ) ;
#3620 =( NAMED_UNIT ( * ) PLANE_ANGLE_UNIT ( ) SI_UNIT ( $, .RADIAN. ) );
#3621 = VERTEX_POINT ( 'NONE', #75 ) ;
#3622 = SURFACE_SIDE_STYLE ('',( #1413 ) ) ;
#3623 = DIRECTION ( 'NONE',  ( 0.000000000000000000, -1.000000000000000000, 0.000000000000000000 ) ) ;
#3624 = CARTESIAN_POINT ( 'NONE',  ( 2.945000000000000284, -2.449999999999999734, 0.000000000000000000 ) ) ;
#3625 = ORIENTED_EDGE ( 'NONE', *, *, #4466, .T. ) ;
#3626 = PRODUCT_DEFINITION_FORMATION_WITH_SPECIFIED_SOURCE ( 'ANY', '', #1939, .NOT_KNOWN. ) ;
#3628 = ORIENTED_EDGE ( 'NONE', *, *, #403, .T. ) ;
#3627 = DIRECTION ( 'NONE',  ( 0.000000000000000000, -1.000000000000000000, 0.000000000000000000 ) ) ;
#3629 = FILL_AREA_STYLE ('',( #3074 ) ) ;
#3630 = EDGE_CURVE ( 'NONE', #5226, #2708, #4454, .T. ) ;
#3631 = ORIENTED_EDGE ( 'NONE', *, *, #5869, .F. ) ;
#3632 = CARTESIAN_POINT ( 'NONE',  ( -2.465000000000000302, 2.084999999999999964, 0.000000000000000000 ) ) ;
#3633 = FACE_OUTER_BOUND ( 'NONE', #1197, .T. ) ;
#3634 = DIRECTION ( 'NONE',  ( 1.000000000000000000, 0.000000000000000000, 0.000000000000000000 ) ) ;
#3635 = SURFACE_STYLE_USAGE ( .BOTH. , #310 ) ;
#3636 = CARTESIAN_POINT ( 'NONE',  ( 2.895000000000000018, -2.135000000000000231, 0.000000000000000000 ) ) ;
#3637 = PRODUCT_DEFINITION_CONTEXT ( 'detailed design', #1377, 'design' ) ;
#3638 = DIRECTION ( 'NONE',  ( -0.7071067811865475727, 0.7071067811865475727, 0.000000000000000000 ) ) ;
#3639 = CARTESIAN_POINT ( 'NONE',  ( -2.465000000000000302, 1.879999999999999893, 0.3800000000000000044 ) ) ;
#3640 = CARTESIAN_POINT ( 'NONE',  ( 3.075000000000000178, -2.084999999999999964, 0.000000000000000000 ) ) ;
#3641 = ORIENTED_EDGE ( 'NONE', *, *, #4407, .T. ) ;
#3642 = FILL_AREA_STYLE_COLOUR ( '', #3086 ) ;
#3643 = CARTESIAN_POINT ( 'NONE',  ( 0.8299999999999999600, 2.423826859021799951, 0.3800000000000000044 ) ) ;
#3644 = EDGE_LOOP ( 'NONE', ( #2025, #4048, #3865, #2150 ) ) ;
#3645 = ADVANCED_FACE ( 'NONE', ( #3385 ), #1069, .F. ) ;
#3646 = LINE ( 'NONE', #6981, #1062 ) ;
#3647 = DIRECTION ( 'NONE',  ( -1.000000000000000000, 0.000000000000000000, 0.000000000000000000 ) ) ;
#3648 = VERTEX_POINT ( 'NONE', #2813 ) ;
#3649 =( LENGTH_UNIT ( ) NAMED_UNIT ( * ) SI_UNIT ( .MILLI., .METRE. ) );
#3650 = ORIENTED_EDGE ( 'NONE', *, *, #2089, .T. ) ;
#3651 = DIRECTION ( 'NONE',  ( 1.000000000000000000, 0.000000000000000000, 0.000000000000000000 ) ) ;
#3652 = CARTESIAN_POINT ( 'NONE',  ( -2.648310901698897268, 1.934733596112490073, 1.119999999999999885 ) ) ;
#3653 = DIRECTION ( 'NONE',  ( 0.000000000000000000, 0.000000000000000000, 1.000000000000000000 ) ) ;
#3654 = CARTESIAN_POINT ( 'NONE',  ( 0.000000000000000000, -2.893885316736099471E-16, 0.000000000000000000 ) ) ;
#3655 = ORIENTED_EDGE ( 'NONE', *, *, #6940, .F. ) ;
#3657 = ORIENTED_EDGE ( 'NONE', *, *, #2141, .F. ) ;
#3656 = CARTESIAN_POINT ( 'NONE',  ( 3.075000000000000178, 1.724999999999999867, 0.3800000000000000044 ) ) ;
#3658 = CARTESIAN_POINT ( 'NONE',  ( 0.4449999999999999512, -2.189999999999999947, 0.000000000000000000 ) ) ;
#3659 = ORIENTED_EDGE ( 'NONE', *, *, #4576, .T. ) ;
#3660 = CARTESIAN_POINT ( 'NONE',  ( -1.472500000000000142, -2.449999999999999734, 0.3300000000000000155 ) ) ;
#3661 = EDGE_CURVE ( 'NONE', #3510, #585, #1731, .T. ) ;
#3662 = EDGE_CURVE ( 'NONE', #2708, #1923, #3701, .T. ) ;
#3663 = SURFACE_STYLE_FILL_AREA ( #345 ) ;
#3664 = CARTESIAN_POINT ( 'NONE',  ( -3.075000000000000178, 2.034999999999999698, 0.3800000000000000044 ) ) ;
#3666 = DIRECTION ( 'NONE',  ( 0.7071067811865474617, -0.7071067811865474617, 0.000000000000000000 ) ) ;
#3665 = UNCERTAINTY_MEASURE_WITH_UNIT (LENGTH_MEASURE( 1.000000000000000082E-05 ), #1944, 'distance_accuracy_value', 'NONE');
#3667 = EDGE_CURVE ( 'NONE', #6510, #6770, #3925, .T. ) ;
#3668 = EDGE_CURVE ( 'NONE', #1153, #1272, #4803, .T. ) ;
#3669 = FACE_OUTER_BOUND ( 'NONE', #780, .T. ) ;
#3670 = SURFACE_SIDE_STYLE ('',( #1350 ) ) ;
#3671 = LINE ( 'NONE', #7039, #1739 ) ;
#3672 = VECTOR ( 'NONE', #4016, 1000.000000000000000 ) ;
#3673 = CARTESIAN_POINT ( 'NONE',  ( 3.075000000000000178, 2.034999999999999698, 0.3800000000000000044 ) ) ;
#3674 = AXIS2_PLACEMENT_3D ( 'NONE', #5807, #5211, #4551 ) ;
#3675 = COLOUR_RGB ( '',0.2862745098039215508, 0.2862745098039215508, 0.2862745098039215508 ) ;
#3676 = ORIENTED_EDGE ( 'NONE', *, *, #52, .T. ) ;
#3677 = DIRECTION ( 'NONE',  ( 0.000000000000000000, 0.000000000000000000, 1.000000000000000000 ) ) ;
#3678 = PRESENTATION_LAYER_ASSIGNMENT (  '', '', ( #338 ) ) ;
#3679 = PRESENTATION_STYLE_ASSIGNMENT (( #6978 ) ) ;
#3680 = ORIENTED_EDGE ( 'NONE', *, *, #4181, .F. ) ;
#3681 = VECTOR ( 'NONE', #1926, 1000.000000000000000 ) ;
#3682 = VECTOR ( 'NONE', #6442, 1000.000000000000000 ) ;
#3683 = DIRECTION ( 'NONE',  ( -0.000000000000000000, 1.000000000000000000, 0.000000000000000000 ) ) ;
#3684 = VERTEX_POINT ( 'NONE', #5560 ) ;
#3685 = DIRECTION ( 'NONE',  ( 0.000000000000000000, 0.000000000000000000, 1.000000000000000000 ) ) ;
#3686 = MECHANICAL_DESIGN_GEOMETRIC_PRESENTATION_REPRESENTATION (  '', ( #1379 ), #5649 ) ;
#3687 = PRESENTATION_LAYER_ASSIGNMENT (  '', '', ( #574 ) ) ;
#3688 =( NAMED_UNIT ( * ) PLANE_ANGLE_UNIT ( ) SI_UNIT ( $, .RADIAN. ) );
#3689 = ADVANCED_FACE ( 'NONE', ( #5523 ), #5595, .T. ) ;
#3690 = ORIENTED_EDGE ( 'NONE', *, *, #2374, .T. ) ;
#3691 = CARTESIAN_POINT ( 'NONE',  ( -0.4449999999999999512, 1.989999999999999991, 0.000000000000000000 ) ) ;
#3692 = FACE_OUTER_BOUND ( 'NONE', #3381, .T. ) ;
#3693 = STYLED_ITEM ( 'NONE', ( #2549 ), #4099 ) ;
#3694 = DIRECTION ( 'NONE',  ( 0.000000000000000000, 0.000000000000000000, 1.000000000000000000 ) ) ;
#3695 = ORIENTED_EDGE ( 'NONE', *, *, #4378, .T. ) ;
#3697 = ORIENTED_EDGE ( 'NONE', *, *, #6229, .F. ) ;
#3696 = SURFACE_SIDE_STYLE ('',( #5936 ) ) ;
#3698 = SURFACE_STYLE_USAGE ( .BOTH. , #2062 ) ;
#3699 = VECTOR ( 'NONE', #4634, 1000.000000000000000 ) ;
#3700 = VERTEX_POINT ( 'NONE', #3537 ) ;
#3701 = LINE ( 'NONE', #1660, #5876 ) ;
#3702 = SURFACE_SIDE_STYLE ('',( #3663 ) ) ;
#3703 = VECTOR ( 'NONE', #4325, 1000.000000000000000 ) ;
#3704 = ADVANCED_FACE ( 'NONE', ( #2411 ), #6762, .T. ) ;
#3705 = SURFACE_STYLE_USAGE ( .BOTH. , #3766 ) ;
#3706 = SURFACE_STYLE_USAGE ( .BOTH. , #5875 ) ;
#3707 = FILL_AREA_STYLE ('',( #3265 ) ) ;
#3708 = EDGE_CURVE ( 'NONE', #5572, #7097, #6795, .T. ) ;
#3709 = DIRECTION ( 'NONE',  ( 0.000000000000000000, 1.000000000000000000, 0.000000000000000000 ) ) ;
#3710 = EDGE_LOOP ( 'NONE', ( #1668, #2241, #4587, #3502 ) ) ;
#3711 = LINE ( 'NONE', #5260, #1000 ) ;
#3712 = ADVANCED_FACE ( 'NONE', ( #2993 ), #1255, .T. ) ;
#3713 = FACE_OUTER_BOUND ( 'NONE', #6008, .T. ) ;
#3714 = ORIENTED_EDGE ( 'NONE', *, *, #6750, .F. ) ;
#3715 = STYLED_ITEM ( 'NONE', ( #3796 ), #5956 ) ;
#3716 = DIRECTION ( 'NONE',  ( 1.000000000000000000, -2.176907891421880063E-15, 0.000000000000000000 ) ) ;
#3717 = SURFACE_STYLE_FILL_AREA ( #5891 ) ;
#3718 = ORIENTED_EDGE ( 'NONE', *, *, #6230, .F. ) ;
#3719 = DIRECTION ( 'NONE',  ( 1.000000000000000000, 0.000000000000000000, 0.000000000000000000 ) ) ;
#3720 = VECTOR ( 'NONE', #4615, 1000.000000000000000 ) ;
#3721 = CARTESIAN_POINT ( 'NONE',  ( 0.9650000000000000799, -2.189999999999999947, 0.000000000000000000 ) ) ;
#3722 = EDGE_LOOP ( 'NONE', ( #6485, #2125, #2917, #1146 ) ) ;
#3723 = CARTESIAN_POINT ( 'NONE',  ( 1.195000000000000062, -1.989999999999999991, 0.000000000000000000 ) ) ;
#3724 = COLOUR_RGB ( '',0.2862745098039215508, 0.2862745098039215508, 0.2862745098039215508 ) ;
#3725 = CARTESIAN_POINT ( 'NONE',  ( 2.465000000000000302, 2.084999999999999964, 0.3800000000000000044 ) ) ;
#3726 = EDGE_CURVE ( 'NONE', #7097, #167, #3421, .T. ) ;
#3727 =( NAMED_UNIT ( * ) SI_UNIT ( $, .STERADIAN. ) SOLID_ANGLE_UNIT ( ) );
#3728 = ORIENTED_EDGE ( 'NONE', *, *, #3557, .T. ) ;
#3730 = ORIENTED_EDGE ( 'NONE', *, *, #3661, .F. ) ;
#3729 = FACE_OUTER_BOUND ( 'NONE', #808, .T. ) ;
#3731 = COLOUR_RGB ( '',0.2862745098039215508, 0.2862745098039215508, 0.2862745098039215508 ) ;
#3732 = ORIENTED_EDGE ( 'NONE', *, *, #2648, .F. ) ;
#3733 = CARTESIAN_POINT ( 'NONE',  ( 2.945000000000000284, -2.449999999999999734, 0.3300000000000000155 ) ) ;
#3734 = DIRECTION ( 'NONE',  ( -1.000000000000000000, 5.886868053959999725E-14, 0.000000000000000000 ) ) ;
#3735 = EDGE_CURVE ( 'NONE', #3146, #7085, #3466, .T. ) ;
#3736 = DIRECTION ( 'NONE',  ( -0.7071067811865474617, 0.7071067811865474617, 0.000000000000000000 ) ) ;
#3737 = LINE ( 'NONE', #6598, #796 ) ;
#3738 = PRESENTATION_STYLE_ASSIGNMENT (( #3231 ) ) ;
#3739 =( NAMED_UNIT ( * ) PLANE_ANGLE_UNIT ( ) SI_UNIT ( $, .RADIAN. ) );
#3740 = EDGE_CURVE ( 'NONE', #261, #3194, #1802, .T. ) ;
#3741 = CARTESIAN_POINT ( 'NONE',  ( 2.465000000000000302, 1.879999999999999893, 0.000000000000000000 ) ) ;
#3742 = ORIENTED_EDGE ( 'NONE', *, *, #1972, .F. ) ;
#3743 = DIRECTION ( 'NONE',  ( 0.000000000000000000, 0.000000000000000000, 1.000000000000000000 ) ) ;
#3744 = LINE ( 'NONE', #6604, #1123 ) ;
#3745 = PLANE ( 'NONE',  #119 ) ;
#3746 = ORIENTED_EDGE ( 'NONE', *, *, #5094, .F. ) ;
#3747 = DIRECTION ( 'NONE',  ( 0.4999999999999995004, 0.8660254037844390407, 0.000000000000000000 ) ) ;
#3748 = EDGE_CURVE ( 'NONE', #5821, #3840, #3501, .T. ) ;
#3749 =( LENGTH_UNIT ( ) NAMED_UNIT ( * ) SI_UNIT ( .MILLI., .METRE. ) );
#3750 = ORIENTED_EDGE ( 'NONE', *, *, #3468, .T. ) ;
#3751 = SURFACE_STYLE_FILL_AREA ( #2087 ) ;
#3752 =( NAMED_UNIT ( * ) PLANE_ANGLE_UNIT ( ) SI_UNIT ( $, .RADIAN. ) );
#3753 = ORIENTED_EDGE ( 'NONE', *, *, #4197, .F. ) ;
#3754 = FILL_AREA_STYLE_COLOUR ( '', #5760 ) ;
#3755 = CARTESIAN_POINT ( 'NONE',  ( -0.9650000000000000799, -1.989999999999999991, 0.000000000000000000 ) ) ;
#3756 = DIRECTION ( 'NONE',  ( -1.000000000000000000, 0.000000000000000000, 0.000000000000000000 ) ) ;
#3757 = EDGE_LOOP ( 'NONE', ( #160, #4719, #4987, #3191 ) ) ;
#3759 = VERTEX_POINT ( 'NONE', #1841 ) ;
#3758 = DIRECTION ( 'NONE',  ( 0.000000000000000000, 0.000000000000000000, 1.000000000000000000 ) ) ;
#3760 = LINE ( 'NONE', #7102, #3570 ) ;
#3761 = EDGE_LOOP ( 'NONE', ( #5087, #2564, #5525, #5604 ) ) ;
#3762 = CARTESIAN_POINT ( 'NONE',  ( -3.075000000000000178, 0.7649999999999999023, 0.000000000000000000 ) ) ;
#3763 = LINE ( 'NONE', #1011, #3703 ) ;
#3764 = CARTESIAN_POINT ( 'NONE',  ( 2.945000000000000284, -0.8149999999999999467, 0.3300000000000000155 ) ) ;
#3765 = EDGE_LOOP ( 'NONE', ( #1752, #2779, #5199, #2421 ) ) ;
#3766 = SURFACE_SIDE_STYLE ('',( #6454 ) ) ;
#3767 = DIRECTION ( 'NONE',  ( 0.000000000000000000, 0.000000000000000000, -1.000000000000000000 ) ) ;
#3768 = DIRECTION ( 'NONE',  ( 9.424643672539529398E-17, -1.000000000000000000, 0.000000000000000000 ) ) ;
#3769 = ADVANCED_FACE ( 'NONE', ( #2448 ), #2305, .T. ) ;
#3770 = DIRECTION ( 'NONE',  ( 0.000000000000000000, 0.000000000000000000, 1.000000000000000000 ) ) ;
#3771 = CARTESIAN_POINT ( 'NONE',  ( 2.945000000000000284, 0.4550000000000000155, 0.3800000000000000044 ) ) ;
#3772 = VECTOR ( 'NONE', #350, 1000.000000000000000 ) ;
#3773 = DIRECTION ( 'NONE',  ( 0.000000000000000000, 0.000000000000000000, -1.000000000000000000 ) ) ;
#3774 = VERTEX_POINT ( 'NONE', #4496 ) ;
#3775 = AXIS2_PLACEMENT_3D ( 'NONE', #6872, #5674, #715 ) ;
#3776 = DIRECTION ( 'NONE',  ( -1.000000000000000000, 0.000000000000000000, 0.000000000000000000 ) ) ;
#3777 = VERTEX_POINT ( 'NONE', #2343 ) ;
#3778 = CARTESIAN_POINT ( 'NONE',  ( 2.945000000000000284, -2.449999999999999734, 0.000000000000000000 ) ) ;
#3779 = VECTOR ( 'NONE', #2074, 1000.000000000000000 ) ;
#3780 = AXIS2_PLACEMENT_3D ( 'NONE', #2122, #2670, #5450 ) ;
#3781 = VECTOR ( 'NONE', #3123, 1000.000000000000000 ) ;
#3782 =( NAMED_UNIT ( * ) PLANE_ANGLE_UNIT ( ) SI_UNIT ( $, .RADIAN. ) );
#3783 = ORIENTED_EDGE ( 'NONE', *, *, #5074, .T. ) ;
#3784 = CARTESIAN_POINT ( 'NONE',  ( -0.5799999999999999600, -1.287500000000000089, 0.000000000000000000 ) ) ;
#3785 = EDGE_CURVE ( 'NONE', #1618, #4077, #679, .T. ) ;
#3786 = ADVANCED_FACE ( 'NONE', ( #2375 ), #4613, .T. ) ;
#3787 = DIRECTION ( 'NONE',  ( 1.000000000000000000, 0.000000000000000000, 0.000000000000000000 ) ) ;
#3788 = MECHANICAL_DESIGN_GEOMETRIC_PRESENTATION_REPRESENTATION (  '', ( #7032 ), #4461 ) ;
#3789 = VECTOR ( 'NONE', #6639, 1000.000000000000000 ) ;
#3790 = VECTOR ( 'NONE', #6859, 999.9999999999998863 ) ;
#3791 = ORIENTED_EDGE ( 'NONE', *, *, #3604, .T. ) ;
#3792 = PRESENTATION_LAYER_ASSIGNMENT (  '', '', ( #1829 ) ) ;
#3793 = ADVANCED_FACE ( 'NONE', ( #4567 ), #2883, .F. ) ;
#3794 = FILL_AREA_STYLE_COLOUR ( '', #3437 ) ;
#3795 = LINE ( 'NONE', #3247, #5547 ) ;
#3796 = PRESENTATION_STYLE_ASSIGNMENT (( #1043 ) ) ;
#3797 = ORIENTED_EDGE ( 'NONE', *, *, #4263, .T. ) ;
#3798 = CARTESIAN_POINT ( 'NONE',  ( -2.465000000000000302, -0.8649999999999999911, 0.3800000000000000044 ) ) ;
#3799 = VECTOR ( 'NONE', #5717, 1000.000000000000000 ) ;
#3800 = ORIENTED_EDGE ( 'NONE', *, *, #5184, .T. ) ;
#3801 = FACE_OUTER_BOUND ( 'NONE', #2847, .T. ) ;
#3802 = EDGE_CURVE ( 'NONE', #1991, #6817, #1402, .T. ) ;
#3803 = ORIENTED_EDGE ( 'NONE', *, *, #6560, .F. ) ;
#3804 = FACE_OUTER_BOUND ( 'NONE', #2446, .T. ) ;
#3805 = EDGE_LOOP ( 'NONE', ( #3967, #6178, #5677, #5539 ) ) ;
#3806 = PRESENTATION_LAYER_ASSIGNMENT (  '', '', ( #2410 ) ) ;
#3807 = DIRECTION ( 'NONE',  ( 0.000000000000000000, 1.000000000000000000, 0.000000000000000000 ) ) ;
#3808 = FACE_OUTER_BOUND ( 'NONE', #4388, .T. ) ;
#3809 =( GEOMETRIC_REPRESENTATION_CONTEXT ( 3 ) GLOBAL_UNCERTAINTY_ASSIGNED_CONTEXT ( ( #4942 ) ) GLOBAL_UNIT_ASSIGNED_CONTEXT ( ( #7014, #3688, #2667 ) ) REPRESENTATION_CONTEXT ( 'NONE', 'WORKASPACE' ) );
#3810 = CARTESIAN_POINT ( 'NONE',  ( -2.945000000000000284, 0.4550000000000000155, 0.000000000000000000 ) ) ;
#3811 = ORIENTED_EDGE ( 'NONE', *, *, #5372, .T. ) ;
#3812 = STYLED_ITEM ( 'NONE', ( #2749 ), #4647 ) ;
#3813 = LINE ( 'NONE', #3156, #5039 ) ;
#3814 = LINE ( 'NONE', #559, #3438 ) ;
#3815 = LINE ( 'NONE', #2689, #329 ) ;
#3816 =( NAMED_UNIT ( * ) PLANE_ANGLE_UNIT ( ) SI_UNIT ( $, .RADIAN. ) );
#3817 = VECTOR ( 'NONE', #1113, 1000.000000000000000 ) ;
#3818 = ADVANCED_FACE ( 'NONE', ( #3713 ), #2620, .F. ) ;
#3819 = LINE ( 'NONE', #4304, #1353 ) ;
#3820 = VECTOR ( 'NONE', #582, 1000.000000000000000 ) ;
#3821 = ORIENTED_EDGE ( 'NONE', *, *, #3048, .T. ) ;
#3822 = DIRECTION ( 'NONE',  ( 0.000000000000000000, 0.000000000000000000, 1.000000000000000000 ) ) ;
#3823 = VECTOR ( 'NONE', #4555, 1000.000000000000000 ) ;
#3824 = VERTEX_POINT ( 'NONE', #5789 ) ;
#3825 = CARTESIAN_POINT ( 'NONE',  ( -2.465000000000000302, -0.4550000000000000155, 0.000000000000000000 ) ) ;
#3826 = ORIENTED_EDGE ( 'NONE', *, *, #1095, .F. ) ;
#3827 = CARTESIAN_POINT ( 'NONE',  ( 2.945000000000000284, -2.449999999999999734, 0.000000000000000000 ) ) ;
#3828 = DIRECTION ( 'NONE',  ( 0.4999999999999998890, -0.8660254037844387076, 0.000000000000000000 ) ) ;
#3829 = ORIENTED_EDGE ( 'NONE', *, *, #3708, .F. ) ;
#3830 = CARTESIAN_POINT ( 'NONE',  ( 2.895000000000000018, -1.724999999999999867, 0.000000000000000000 ) ) ;
#3832 = ORIENTED_EDGE ( 'NONE', *, *, #361, .F. ) ;
#3831 = LINE ( 'NONE', #782, #211 ) ;
#3833 = CARTESIAN_POINT ( 'NONE',  ( 2.945000000000000284, -2.084999999999999964, 0.000000000000000000 ) ) ;
#3834 = ORIENTED_EDGE ( 'NONE', *, *, #2723, .T. ) ;
#3835 =( GEOMETRIC_REPRESENTATION_CONTEXT ( 3 ) GLOBAL_UNCERTAINTY_ASSIGNED_CONTEXT ( ( #347 ) ) GLOBAL_UNIT_ASSIGNED_CONTEXT ( ( #1805, #3314, #4981 ) ) REPRESENTATION_CONTEXT ( 'NONE', 'WORKASPACE' ) );
#3836 = FACE_OUTER_BOUND ( 'NONE', #3245, .T. ) ;
#3837 = CARTESIAN_POINT ( 'NONE',  ( 2.895000000000000018, 0.8149999999999999467, 0.000000000000000000 ) ) ;
#3838 = EDGE_CURVE ( 'NONE', #5258, #5149, #5225, .T. ) ;
#3839 = FACE_OUTER_BOUND ( 'NONE', #6377, .T. ) ;
#3840 = VERTEX_POINT ( 'NONE', #4175 ) ;
#3841 = STYLED_ITEM ( 'NONE', ( #4972 ), #6389 ) ;
#3842 = EDGE_CURVE ( 'NONE', #2788, #5258, #1470, .T. ) ;
#3843 = CARTESIAN_POINT ( 'NONE',  ( 2.465000000000000302, 0.8149999999999999467, 0.3800000000000000044 ) ) ;
#3844 = CARTESIAN_POINT ( 'NONE',  ( 2.465000000000000302, 1.675000000000000044, 0.000000000000000000 ) ) ;
#3845 = CARTESIAN_POINT ( 'NONE',  ( -0.8299999999999999600, -2.423826859021799951, 0.3300000000000000155 ) ) ;
#3846 = AXIS2_PLACEMENT_3D ( 'NONE', #1799, #3923, #6760 ) ;
#3847 = PRESENTATION_STYLE_ASSIGNMENT (( #7077 ) ) ;
#3848 = AXIS2_PLACEMENT_3D ( 'NONE', #422, #5883, #4274 ) ;
#3849 = DIRECTION ( 'NONE',  ( 0.000000000000000000, 0.000000000000000000, 1.000000000000000000 ) ) ;
#3850 = SHAPE_REPRESENTATION ( 'Trans_Vishay_SIR681DP-T1-RE3_eec.STEP', ( #5705, #2931, #3848 ), #1191 ) ;
#3851 = ORIENTED_EDGE ( 'NONE', *, *, #5600, .T. ) ;
#3852 =( NAMED_UNIT ( * ) SI_UNIT ( $, .STERADIAN. ) SOLID_ANGLE_UNIT ( ) );
#3853 = LINE ( 'NONE', #6643, #7041 ) ;
#3854 = VERTEX_POINT ( 'NONE', #3643 ) ;
#3855 = PRESENTATION_STYLE_ASSIGNMENT (( #996 ) ) ;
#3856 = SURFACE_STYLE_FILL_AREA ( #2882 ) ;
#3857 =( LENGTH_UNIT ( ) NAMED_UNIT ( * ) SI_UNIT ( .MILLI., .METRE. ) );
#3858 = ORIENTED_EDGE ( 'NONE', *, *, #3192, .T. ) ;
#3859 = EDGE_CURVE ( 'NONE', #6201, #7097, #6947, .T. ) ;
#3860 = CARTESIAN_POINT ( 'NONE',  ( -2.895000000000000018, -2.135000000000000231, 0.000000000000000000 ) ) ;
#3861 = UNCERTAINTY_MEASURE_WITH_UNIT (LENGTH_MEASURE( 1.000000000000000082E-05 ), #984, 'distance_accuracy_value', 'NONE');
#3862 = DIRECTION ( 'NONE',  ( 1.000000000000000000, -4.550094363217860219E-16, 0.000000000000000000 ) ) ;
#3863 = ORIENTED_EDGE ( 'NONE', *, *, #3740, .F. ) ;
#3864 = CARTESIAN_POINT ( 'NONE',  ( 2.465000000000000302, -1.879999999999999893, 0.000000000000000000 ) ) ;
#3865 = ORIENTED_EDGE ( 'NONE', *, *, #4101, .F. ) ;
#3866 = CARTESIAN_POINT ( 'NONE',  ( 2.945000000000000284, 1.724999999999999867, 0.000000000000000000 ) ) ;
#3867 = ORIENTED_EDGE ( 'NONE', *, *, #437, .T. ) ;
#3868 = DIRECTION ( 'NONE',  ( 0.000000000000000000, 0.000000000000000000, 1.000000000000000000 ) ) ;
#3869 = SURFACE_STYLE_USAGE ( .BOTH. , #4583 ) ;
#3870 = ORIENTED_EDGE ( 'NONE', *, *, #927, .T. ) ;
#3871 = PRESENTATION_STYLE_ASSIGNMENT (( #3480 ) ) ;
#3872 = CARTESIAN_POINT ( 'NONE',  ( 2.945000000000000284, -0.5050000000000000044, 0.000000000000000000 ) ) ;
#3873 = DIRECTION ( 'NONE',  ( -0.4999999999999995004, -0.8660254037844390407, 0.000000000000000000 ) ) ;
#3874 = EDGE_CURVE ( 'NONE', #3337, #6517, #4783, .T. ) ;
#3875 = DIRECTION ( 'NONE',  ( -1.000000000000000000, 0.000000000000000000, 0.000000000000000000 ) ) ;
#3876 = CARTESIAN_POINT ( 'NONE',  ( 1.765000000000000124, -0.5950000000000000844, 0.000000000000000000 ) ) ;
#3877 = CARTESIAN_POINT ( 'NONE',  ( 0.8299999999999999600, -2.423826859021799951, 0.000000000000000000 ) ) ;
#3878 = CARTESIAN_POINT ( 'NONE',  ( 0.9650000000000000799, -1.989999999999999991, 0.000000000000000000 ) ) ;
#3879 = ORIENTED_EDGE ( 'NONE', *, *, #7018, .T. ) ;
#3880 = EDGE_CURVE ( 'NONE', #6002, #1707, #829, .T. ) ;
#3881 = FACE_OUTER_BOUND ( 'NONE', #1340, .T. ) ;
#3882 = CARTESIAN_POINT ( 'NONE',  ( -2.465000000000000302, 1.675000000000000044, 0.000000000000000000 ) ) ;
#3883 = VECTOR ( 'NONE', #6131, 1000.000000000000000 ) ;
#3884 = ORIENTED_EDGE ( 'NONE', *, *, #1460, .F. ) ;
#3885 = CARTESIAN_POINT ( 'NONE',  ( -2.465000000000000302, -1.879999999999999893, 0.3800000000000000044 ) ) ;
#3886 = DIRECTION ( 'NONE',  ( -0.7071067811865570096, 0.7071067811865380248, 0.000000000000000000 ) ) ;
#3887 = CARTESIAN_POINT ( 'NONE',  ( -2.874777666791120456, -2.379777666791120350, 0.9981208709751409058 ) ) ;
#3888 = ORIENTED_EDGE ( 'NONE', *, *, #4606, .F. ) ;
#3889 = CARTESIAN_POINT ( 'NONE',  ( -2.895000000000000018, -0.8649999999999999911, 0.000000000000000000 ) ) ;
#3890 = AXIS2_PLACEMENT_3D ( 'NONE', #5185, #5814, #822 ) ;
#3891 = ORIENTED_EDGE ( 'NONE', *, *, #783, .T. ) ;
#3892 = LINE ( 'NONE', #6214, #1998 ) ;
#3893 = ADVANCED_FACE ( 'NONE', ( #5825 ), #863, .F. ) ;
#3894 = AXIS2_PLACEMENT_3D ( 'NONE', #3520, #5844, #2001 ) ;
#3895 = ORIENTED_EDGE ( 'NONE', *, *, #3220, .F. ) ;
#3896 = VECTOR ( 'NONE', #4098, 1000.000000000000000 ) ;
#3897 = CARTESIAN_POINT ( 'NONE',  ( 0.08477390857198019436, 1.272404673828979815, 0.000000000000000000 ) ) ;
#3898 = ORIENTED_EDGE ( 'NONE', *, *, #3370, .T. ) ;
#3899 = CARTESIAN_POINT ( 'NONE',  ( 0.5799999999999999600, -2.423826859021799951, 0.000000000000000000 ) ) ;
#3900 = FACE_OUTER_BOUND ( 'NONE', #6622, .T. ) ;
#3901 = COLOUR_RGB ( '',0.2862745098039215508, 0.2862745098039215508, 0.2862745098039215508 ) ;
#3902 = AXIS2_PLACEMENT_3D ( 'NONE', #1565, #1673, #3767 ) ;
#3903 = ORIENTED_EDGE ( 'NONE', *, *, #7115, .F. ) ;
#3904 = ORIENTED_EDGE ( 'NONE', *, *, #6343, .F. ) ;
#3905 = LINE ( 'NONE', #6118, #2286 ) ;
#3906 = AXIS2_PLACEMENT_3D ( 'NONE', #6831, #3951, #251 ) ;
#3907 = STYLED_ITEM ( 'NONE', ( #2624 ), #1055 ) ;
#3908 = VECTOR ( 'NONE', #4952, 1000.000000000000000 ) ;
#3909 = SURFACE_SIDE_STYLE ('',( #660 ) ) ;
#3910 = LINE ( 'NONE', #6192, #5418 ) ;
#3911 = LINE ( 'NONE', #987, #1395 ) ;
#3912 = EDGE_CURVE ( 'NONE', #2024, #1857, #3344, .T. ) ;
#3913 = AXIS2_PLACEMENT_3D ( 'NONE', #6045, #6594, #6629 ) ;
#3914 = LINE ( 'NONE', #6238, #6098 ) ;
#3915 = DIRECTION ( 'NONE',  ( 1.000000000000000000, 0.000000000000000000, 0.000000000000000000 ) ) ;
#3916 = ADVANCED_FACE ( 'NONE', ( #2696 ), #4443, .F. ) ;
#3917 = DIRECTION ( 'NONE',  ( 0.000000000000000000, 0.000000000000000000, 1.000000000000000000 ) ) ;
#3918 = UNCERTAINTY_MEASURE_WITH_UNIT (LENGTH_MEASURE( 1.000000000000000082E-05 ), #2328, 'distance_accuracy_value', 'NONE');
#3919 = EDGE_CURVE ( 'NONE', #429, #125, #538, .T. ) ;
#3920 = AXIS2_PLACEMENT_3D ( 'NONE', #5327, #392, #2582 ) ;
#3921 = DIRECTION ( 'NONE',  ( 1.000000000000000000, 0.000000000000000000, 0.000000000000000000 ) ) ;
#3922 = EDGE_LOOP ( 'NONE', ( #2063, #6519, #995, #1539 ) ) ;
#3923 = DIRECTION ( 'NONE',  ( -1.000000000000000000, -4.252870457233460798E-15, 0.000000000000000000 ) ) ;
#3924 = FILL_AREA_STYLE_COLOUR ( '', #1847 ) ;
#3925 = LINE ( 'NONE', #4772, #5769 ) ;
#3926 = ORIENTED_EDGE ( 'NONE', *, *, #2007, .F. ) ;
#3927 = AXIS2_PLACEMENT_3D ( 'NONE', #3558, #3017, #4739 ) ;
#3928 =( NAMED_UNIT ( * ) PLANE_ANGLE_UNIT ( ) SI_UNIT ( $, .RADIAN. ) );
#3929 = PRESENTATION_STYLE_ASSIGNMENT (( #6695 ) ) ;
#3930 = ORIENTED_EDGE ( 'NONE', *, *, #6675, .T. ) ;
#3931 = DIRECTION ( 'NONE',  ( 0.000000000000000000, 0.000000000000000000, 1.000000000000000000 ) ) ;
#3932 = ORIENTED_EDGE ( 'NONE', *, *, #5266, .T. ) ;
#3933 = CARTESIAN_POINT ( 'NONE',  ( 3.075000000000000178, -0.8149999999999999467, 0.000000000000000000 ) ) ;
#3934 = EDGE_LOOP ( 'NONE', ( #3938, #1516, #6478, #4393 ) ) ;
#3935 = CARTESIAN_POINT ( 'NONE',  ( 2.895000000000000018, -0.8649999999999999911, 0.3800000000000000044 ) ) ;
#3936 = VECTOR ( 'NONE', #6741, 1000.000000000000000 ) ;
#3937 = LINE ( 'NONE', #1160, #2209 ) ;
#3938 = ORIENTED_EDGE ( 'NONE', *, *, #6062, .F. ) ;
#3940 = VERTEX_POINT ( 'NONE', #3878 ) ;
#3939 = FACE_OUTER_BOUND ( 'NONE', #4984, .T. ) ;
#3941 = VECTOR ( 'NONE', #3747, 999.9999999999998863 ) ;
#3942 = PRESENTATION_STYLE_ASSIGNMENT (( #1198 ) ) ;
#3943 = DIRECTION ( 'NONE',  ( -1.000000000000000000, -9.424643672539529398E-17, -8.966949475172358999E-16 ) ) ;
#3944 = CARTESIAN_POINT ( 'NONE',  ( 2.895000000000000018, 0.4049999999999999711, 0.3300000000000000155 ) ) ;
#3945 = ADVANCED_FACE ( 'NONE', ( #2807 ), #3745, .F. ) ;
#3946 = CARTESIAN_POINT ( 'NONE',  ( 3.075000000000000178, -2.084999999999999964, 0.3800000000000000044 ) ) ;
#3947 = PLANE ( 'NONE',  #5877 ) ;
#3948 = APPLICATION_PROTOCOL_DEFINITION ( 'draft international standard', 'automotive_design', 1998, #997 ) ;
#3949 = EDGE_CURVE ( 'NONE', #5384, #2024, #5079, .T. ) ;
#3950 = VECTOR ( 'NONE', #3619, 1000.000000000000000 ) ;
#3951 = DIRECTION ( 'NONE',  ( 0.7071067811865400232, 0.7071067811865550112, 0.000000000000000000 ) ) ;
#3952 = SURFACE_STYLE_FILL_AREA ( #2257 ) ;
#3953 = EDGE_CURVE ( 'NONE', #1039, #5991, #2331, .T. ) ;
#3954 =( GEOMETRIC_REPRESENTATION_CONTEXT ( 3 ) GLOBAL_UNCERTAINTY_ASSIGNED_CONTEXT ( ( #6387 ) ) GLOBAL_UNIT_ASSIGNED_CONTEXT ( ( #4377, #989, #1029 ) ) REPRESENTATION_CONTEXT ( 'NONE', 'WORKASPACE' ) );
#3955 = CARTESIAN_POINT ( 'NONE',  ( 2.945000000000000284, -0.5050000000000000044, 0.000000000000000000 ) ) ;
#3956 = ORIENTED_EDGE ( 'NONE', *, *, #6408, .F. ) ;
#3957 = DIRECTION ( 'NONE',  ( -1.000000000000000000, 0.000000000000000000, 0.000000000000000000 ) ) ;
#3958 = LINE ( 'NONE', #4071, #2737 ) ;
#3959 = SURFACE_SIDE_STYLE ('',( #3856 ) ) ;
#3960 = DIRECTION ( 'NONE',  ( 0.000000000000000000, -1.000000000000000000, 0.000000000000000000 ) ) ;
#3961 = ORIENTED_EDGE ( 'NONE', *, *, #2836, .F. ) ;
#3962 = ADVANCED_FACE ( 'NONE', ( #3455 ), #3528, .T. ) ;
#3963 = EDGE_CURVE ( 'NONE', #6817, #5996, #5147, .T. ) ;
#3964 = DIRECTION ( 'NONE',  ( 1.000000000000000000, 0.000000000000000000, 0.000000000000000000 ) ) ;
#3965 = ORIENTED_EDGE ( 'NONE', *, *, #1106, .T. ) ;
#3966 = CARTESIAN_POINT ( 'NONE',  ( 2.895000000000000018, -2.135000000000000231, 0.3300000000000000155 ) ) ;
#3967 = ORIENTED_EDGE ( 'NONE', *, *, #214, .T. ) ;
#3968 = CARTESIAN_POINT ( 'NONE',  ( 2.945000000000000284, -0.8149999999999999467, 0.3800000000000000044 ) ) ;
#3969 = ORIENTED_EDGE ( 'NONE', *, *, #4326, .F. ) ;
#3970 = SURFACE_STYLE_FILL_AREA ( #2318 ) ;
#3971 = SURFACE_SIDE_STYLE ('',( #86 ) ) ;
#3972 = EDGE_LOOP ( 'NONE', ( #5022, #3473, #3714, #5305 ) ) ;
#3974 = EDGE_LOOP ( 'NONE', ( #3161, #5496, #4635, #2271 ) ) ;
#3973 = LINE ( 'NONE', #1116, #2845 ) ;
#3975 = CARTESIAN_POINT ( 'NONE',  ( -2.945000000000000284, 1.224999999999999867, 0.3300000000000040123 ) ) ;
#3976 =( NAMED_UNIT ( * ) PLANE_ANGLE_UNIT ( ) SI_UNIT ( $, .RADIAN. ) );
#3977 = DIRECTION ( 'NONE',  ( 0.7071067811865474617, -0.7071067811865474617, 0.000000000000000000 ) ) ;
#3978 = CARTESIAN_POINT ( 'NONE',  ( -1.041281245747259776, -0.01435439709616219937, 0.000000000000000000 ) ) ;
#3979 = CARTESIAN_POINT ( 'NONE',  ( -2.465000000000000302, -1.724999999999999867, 0.000000000000000000 ) ) ;
#3980 = EDGE_CURVE ( 'NONE', #7091, #5164, #1872, .T. ) ;
#3981 = DIRECTION ( 'NONE',  ( 1.000000000000000000, 0.000000000000000000, 0.000000000000000000 ) ) ;
#3982 = FILL_AREA_STYLE ('',( #6279 ) ) ;
#3983 = CARTESIAN_POINT ( 'NONE',  ( 2.945000000000000284, 0.4550000000000000155, 0.3300000000000000155 ) ) ;
#3984 = UNCERTAINTY_MEASURE_WITH_UNIT (LENGTH_MEASURE( 1.000000000000000082E-05 ), #5562, 'distance_accuracy_value', 'NONE');
#3985 = DIRECTION ( 'NONE',  ( 0.000000000000000000, 0.000000000000000000, -1.000000000000000000 ) ) ;
#3986 = ORIENTED_EDGE ( 'NONE', *, *, #177, .T. ) ;
#3987 = DIRECTION ( 'NONE',  ( 0.000000000000000000, 0.000000000000000000, 1.000000000000000000 ) ) ;
#3988 =( NAMED_UNIT ( * ) SI_UNIT ( $, .STERADIAN. ) SOLID_ANGLE_UNIT ( ) );
#3989 = FILL_AREA_STYLE_COLOUR ( '', #5413 ) ;
#3990 = DIRECTION ( 'NONE',  ( 0.000000000000000000, -1.000000000000000000, 0.000000000000000000 ) ) ;
#3991 = ORIENTED_EDGE ( 'NONE', *, *, #5520, .F. ) ;
#3992 = LINE ( 'NONE', #3889, #935 ) ;
#3993 = SURFACE_STYLE_USAGE ( .BOTH. , #3357 ) ;
#3994 = AXIS2_PLACEMENT_3D ( 'NONE', #4054, #6856, #3011 ) ;
#3995 = CARTESIAN_POINT ( 'NONE',  ( -2.945000000000000284, 2.449999999999999734, 0.000000000000000000 ) ) ;
#3996 = ORIENTED_EDGE ( 'NONE', *, *, #5210, .F. ) ;
#3997 = CARTESIAN_POINT ( 'NONE',  ( 2.945000000000000284, -0.5050000000000000044, 0.000000000000000000 ) ) ;
#3998 = ORIENTED_EDGE ( 'NONE', *, *, #284, .F. ) ;
#3999 = CARTESIAN_POINT ( 'NONE',  ( 2.895000000000000018, 1.675000000000000044, 0.000000000000000000 ) ) ;
#4000 = VECTOR ( 'NONE', #676, 1000.000000000000000 ) ;
#4001 = EDGE_LOOP ( 'NONE', ( #2962, #6109, #3330, #5331 ) ) ;
#4002 =( LENGTH_UNIT ( ) NAMED_UNIT ( * ) SI_UNIT ( .MILLI., .METRE. ) );
#4003 = CARTESIAN_POINT ( 'NONE',  ( -2.465000000000000302, 2.084999999999999964, 0.3800000000000000044 ) ) ;
#4004 =( NAMED_UNIT ( * ) SI_UNIT ( $, .STERADIAN. ) SOLID_ANGLE_UNIT ( ) );
#4005 = ADVANCED_FACE ( 'NONE', ( #5115 ), #774, .F. ) ;
#4006 = PRESENTATION_LAYER_ASSIGNMENT (  '', '', ( #2742 ) ) ;
#4007 = PRESENTATION_LAYER_ASSIGNMENT (  '', '', ( #778 ) ) ;
#4008 = STYLED_ITEM ( 'NONE', ( #1719 ), #2248 ) ;
#4009 = EDGE_LOOP ( 'NONE', ( #3932, #4117, #2842, #4252 ) ) ;
#4010 = VECTOR ( 'NONE', #100, 999.9999999999998863 ) ;
#4011 = EDGE_LOOP ( 'NONE', ( #381, #5512, #5018, #1417, #5431, #42, #2260, #1164, #4861, #5444, #5051, #2098, #2656, #1784, #6714, #4140, #5341, #1265, #1156, #179, #298, #5561, #4323, #6835, #2203, #5830, #3442, #4417, #4590, #1549, #578, #3215, #756, #6857, #5262, #2263 ) ) ;
#4012 = EDGE_CURVE ( 'NONE', #1859, #4825, #2833, .T. ) ;
#4013 = UNCERTAINTY_MEASURE_WITH_UNIT (LENGTH_MEASURE( 1.000000000000000082E-05 ), #5588, 'distance_accuracy_value', 'NONE');
#4014 = CARTESIAN_POINT ( 'NONE',  ( -2.895000000000000018, -0.8649999999999999911, 0.3300000000000000155 ) ) ;
#4015 = ORIENTED_EDGE ( 'NONE', *, *, #3295, .F. ) ;
#4016 = DIRECTION ( 'NONE',  ( 0.000000000000000000, 0.000000000000000000, 1.000000000000000000 ) ) ;
#4017 = VECTOR ( 'NONE', #4058, 1000.000000000000000 ) ;
#4018 = CARTESIAN_POINT ( 'NONE',  ( 0.8299999999999999600, -2.575000000000000178, 0.000000000000000000 ) ) ;
#4019 = VECTOR ( 'NONE', #6081, 1000.000000000000000 ) ;
#4020 = MECHANICAL_DESIGN_GEOMETRIC_PRESENTATION_REPRESENTATION (  '', ( #4237 ), #5878 ) ;
#4021 = STYLED_ITEM ( 'NONE', ( #1010 ), #185 ) ;
#4022 = DIRECTION ( 'NONE',  ( -0.000000000000000000, 1.000000000000000000, 0.000000000000000000 ) ) ;
#4023 = CARTESIAN_POINT ( 'NONE',  ( -2.895000000000000018, 0.4049999999999999711, 0.3800000000000000044 ) ) ;
#4024 = PLANE ( 'NONE',  #5222 ) ;
#4025 =( GEOMETRIC_REPRESENTATION_CONTEXT ( 3 ) GLOBAL_UNCERTAINTY_ASSIGNED_CONTEXT ( ( #5693 ) ) GLOBAL_UNIT_ASSIGNED_CONTEXT ( ( #6839, #4142, #2041 ) ) REPRESENTATION_CONTEXT ( 'NONE', 'WORKASPACE' ) );
#4026 = CARTESIAN_POINT ( 'NONE',  ( 0.5799999999999999600, -2.575000000000000178, 0.000000000000000000 ) ) ;
#4027 = VECTOR ( 'NONE', #6512, 1000.000000000000000 ) ;
#4028 = SURFACE_STYLE_FILL_AREA ( #2910 ) ;
#4029 =( NAMED_UNIT ( * ) SI_UNIT ( $, .STERADIAN. ) SOLID_ANGLE_UNIT ( ) );
#4030 = VECTOR ( 'NONE', #1566, 1000.000000000000000 ) ;
#4031 = STYLED_ITEM ( 'NONE', ( #2145 ), #1072 ) ;
#4032 = EDGE_CURVE ( 'NONE', #1002, #2860, #2874, .T. ) ;
#4033 = DIRECTION ( 'NONE',  ( 0.000000000000000000, 0.000000000000000000, 1.000000000000000000 ) ) ;
#4034 = ORIENTED_EDGE ( 'NONE', *, *, #2432, .F. ) ;
#4035 = DIRECTION ( 'NONE',  ( -1.000000000000000000, 0.000000000000000000, 0.000000000000000000 ) ) ;
#4036 = FACE_OUTER_BOUND ( 'NONE', #6885, .T. ) ;
#4037 = VECTOR ( 'NONE', #986, 1000.000000000000000 ) ;
#4038 = SURFACE_STYLE_USAGE ( .BOTH. , #1878 ) ;
#4039 = SURFACE_SIDE_STYLE ('',( #5123 ) ) ;
#4040 = ORIENTED_EDGE ( 'NONE', *, *, #1800, .T. ) ;
#4041 = VECTOR ( 'NONE', #4508, 1000.000000000000000 ) ;
#4042 = DIRECTION ( 'NONE',  ( 0.000000000000000000, 0.000000000000000000, -1.000000000000000000 ) ) ;
#4043 = EDGE_LOOP ( 'NONE', ( #6899, #7066, #2194, #1449 ) ) ;
#4044 = CARTESIAN_POINT ( 'NONE',  ( 0.4450000000000179923, -1.879999999999999893, 0.3800000000000000044 ) ) ;
#4045 = ORIENTED_EDGE ( 'NONE', *, *, #1137, .T. ) ;
#4046 =( NAMED_UNIT ( * ) SI_UNIT ( $, .STERADIAN. ) SOLID_ANGLE_UNIT ( ) );
#4047 = AXIS2_PLACEMENT_3D ( 'NONE', #4499, #2843, #9 ) ;
#4048 = ORIENTED_EDGE ( 'NONE', *, *, #4300, .T. ) ;
#4049 = CARTESIAN_POINT ( 'NONE',  ( 1.472500000000000142, 2.449999999999999734, 0.3300000000000050115 ) ) ;
#4050 = FILL_AREA_STYLE_COLOUR ( '', #7052 ) ;
#4051 = CARTESIAN_POINT ( 'NONE',  ( 2.705000000000000071, -2.324999999999999734, 0.000000000000000000 ) ) ;
#4052 = PRESENTATION_LAYER_ASSIGNMENT (  '', '', ( #5799 ) ) ;
#4053 = ORIENTED_EDGE ( 'NONE', *, *, #654, .F. ) ;
#4055 = ORIENTED_EDGE ( 'NONE', *, *, #6427, .F. ) ;
#4054 = CARTESIAN_POINT ( 'NONE',  ( -2.895000000000000018, -1.724999999999999867, 0.000000000000000000 ) ) ;
#4056 = LINE ( 'NONE', #3658, #3328 ) ;
#4057 = SURFACE_STYLE_FILL_AREA ( #700 ) ;
#4058 = DIRECTION ( 'NONE',  ( -0.7071067811865570096, -0.7071067811865380248, 0.000000000000000000 ) ) ;
#4059 = EDGE_CURVE ( 'NONE', #3684, #6057, #103, .T. ) ;
#4060 =( GEOMETRIC_REPRESENTATION_CONTEXT ( 3 ) GLOBAL_UNCERTAINTY_ASSIGNED_CONTEXT ( ( #5081 ) ) GLOBAL_UNIT_ASSIGNED_CONTEXT ( ( #6407, #6436, #4188 ) ) REPRESENTATION_CONTEXT ( 'NONE', 'WORKASPACE' ) );
#4061 = CARTESIAN_POINT ( 'NONE',  ( -0.4449999999999999512, 2.189999999999999947, 0.000000000000000000 ) ) ;
#4062 = CARTESIAN_POINT ( 'NONE',  ( -2.895000000000000018, -1.724999999999999867, 0.000000000000000000 ) ) ;
#4063 = EDGE_CURVE ( 'NONE', #6652, #5030, #2913, .T. ) ;
#4064 = SURFACE_STYLE_FILL_AREA ( #438 ) ;
#4065 = FILL_AREA_STYLE_COLOUR ( '', #502 ) ;
#4066 = DIRECTION ( 'NONE',  ( 0.000000000000000000, 0.000000000000000000, 1.000000000000000000 ) ) ;
#4067 = VECTOR ( 'NONE', #4557, 1000.000000000000000 ) ;
#4068 = DIRECTION ( 'NONE',  ( 0.000000000000000000, 0.000000000000000000, 1.000000000000000000 ) ) ;
#4069 = ORIENTED_EDGE ( 'NONE', *, *, #142, .F. ) ;
#4070 = LINE ( 'NONE', #4104, #4648 ) ;
#4071 = CARTESIAN_POINT ( 'NONE',  ( 1.232500000000000151, 1.675000000000000044, 0.000000000000000000 ) ) ;
#4072 = CARTESIAN_POINT ( 'NONE',  ( -2.945000000000000284, -0.8149999999999999467, 0.000000000000000000 ) ) ;
#4073 = VERTEX_POINT ( 'NONE', #144 ) ;
#4074 = COLOUR_RGB ( '',0.2862745098039215508, 0.2862745098039215508, 0.2862745098039215508 ) ;
#4075 = LINE ( 'NONE', #5229, #387 ) ;
#4076 = CARTESIAN_POINT ( 'NONE',  ( -2.945000000000000284, -2.449999999999999734, 0.000000000000000000 ) ) ;
#4077 = VERTEX_POINT ( 'NONE', #6195 ) ;
#4078 = FACE_OUTER_BOUND ( 'NONE', #6100, .T. ) ;
#4079 = ORIENTED_EDGE ( 'NONE', *, *, #1106, .F. ) ;
#4080 = DIRECTION ( 'NONE',  ( 1.000000000000000000, 0.000000000000000000, 0.000000000000000000 ) ) ;
#4081 = EDGE_CURVE ( 'NONE', #3824, #2384, #4560, .T. ) ;
#4082 = ORIENTED_EDGE ( 'NONE', *, *, #3963, .T. ) ;
#4083 = FILL_AREA_STYLE ('',( #3546 ) ) ;
#4084 = PRESENTATION_STYLE_ASSIGNMENT (( #5238 ) ) ;
#4085 = CARTESIAN_POINT ( 'NONE',  ( -2.430100225889860521, 1.934733596112490073, 1.119999999999999885 ) ) ;
#4086 = ORIENTED_EDGE ( 'NONE', *, *, #2824, .T. ) ;
#4088 = ORIENTED_EDGE ( 'NONE', *, *, #2614, .F. ) ;
#4087 = CARTESIAN_POINT ( 'NONE',  ( -3.075000000000000178, 0.7649999999999999023, 0.3800000000000000044 ) ) ;
#4089 = CARTESIAN_POINT ( 'NONE',  ( 2.945000000000000284, -2.084999999999999964, 0.3800000000000000044 ) ) ;
#4090 = CARTESIAN_POINT ( 'NONE',  ( -2.945000000000000284, -2.449999999999999734, 0.000000000000000000 ) ) ;
#4091 = LINE ( 'NONE', #3595, #1359 ) ;
#4092 = DIRECTION ( 'NONE',  ( 0.000000000000000000, 0.000000000000000000, 1.000000000000000000 ) ) ;
#4093 = DIRECTION ( 'NONE',  ( 0.000000000000000000, -1.000000000000000000, 0.000000000000000000 ) ) ;
#4094 = UNCERTAINTY_MEASURE_WITH_UNIT (LENGTH_MEASURE( 1.000000000000000082E-05 ), #5904, 'distance_accuracy_value', 'NONE');
#4095 = DIRECTION ( 'NONE',  ( 0.7071067811865510144, 0.7071067811865441310, 0.000000000000000000 ) ) ;
#4096 = EDGE_CURVE ( 'NONE', #545, #5273, #1830, .T. ) ;
#4097 = DIRECTION ( 'NONE',  ( 0.000000000000000000, 0.000000000000000000, 1.000000000000000000 ) ) ;
#4098 = DIRECTION ( 'NONE',  ( -0.7071067811865550112, -0.7071067811865400232, 0.000000000000000000 ) ) ;
#4099 = ADVANCED_FACE ( 'NONE', ( #5704 ), #6895, .T. ) ;
#4100 = CARTESIAN_POINT ( 'NONE',  ( -2.945000000000000284, 2.449999999999999734, 0.000000000000000000 ) ) ;
#4101 = EDGE_CURVE ( 'NONE', #1707, #2996, #2009, .T. ) ;
#4102 = DIRECTION ( 'NONE',  ( 0.000000000000000000, -1.000000000000000000, 0.000000000000000000 ) ) ;
#4103 = EDGE_LOOP ( 'NONE', ( #3177, #3367, #2189, #4338 ) ) ;
#4104 = CARTESIAN_POINT ( 'NONE',  ( 2.717499999999999805, 2.262500000000000178, 0.000000000000000000 ) ) ;
#4105 =( NAMED_UNIT ( * ) SI_UNIT ( $, .STERADIAN. ) SOLID_ANGLE_UNIT ( ) );
#4106 = VERTEX_POINT ( 'NONE', #3605 ) ;
#4107 = CARTESIAN_POINT ( 'NONE',  ( -2.465000000000000302, 0.8149999999999999467, 0.000000000000000000 ) ) ;
#4108 = ORIENTED_EDGE ( 'NONE', *, *, #2247, .T. ) ;
#4109 =( LENGTH_UNIT ( ) NAMED_UNIT ( * ) SI_UNIT ( .MILLI., .METRE. ) );
#4110 = ORIENTED_EDGE ( 'NONE', *, *, #6133, .F. ) ;
#4111 = ORIENTED_EDGE ( 'NONE', *, *, #6400, .F. ) ;
#4112 = SURFACE_SIDE_STYLE ('',( #4582 ) ) ;
#4113 = PLANE ( 'NONE',  #4848 ) ;
#4114 = VECTOR ( 'NONE', #2719, 1000.000000000000000 ) ;
#4115 = LINE ( 'NONE', #6854, #5558 ) ;
#4116 = EDGE_CURVE ( 'NONE', #2147, #1697, #5913, .T. ) ;
#4117 = ORIENTED_EDGE ( 'NONE', *, *, #5432, .T. ) ;
#4119 = ORIENTED_EDGE ( 'NONE', *, *, #5291, .T. ) ;
#4118 = CARTESIAN_POINT ( 'NONE',  ( -2.895000000000000018, -0.4550000000000000155, 0.3800000000000000044 ) ) ;
#4120 = MECHANICAL_DESIGN_GEOMETRIC_PRESENTATION_REPRESENTATION (  '', ( #7136 ), #6440 ) ;
#4121 = VECTOR ( 'NONE', #1876, 1000.000000000000000 ) ;
#4122 = CARTESIAN_POINT ( 'NONE',  ( 2.757742740085070032, 0.6099999999999999867, 0.3800000000000000044 ) ) ;
#4123 = PRESENTATION_STYLE_ASSIGNMENT (( #6781 ) ) ;
#4124 = DIRECTION ( 'NONE',  ( 1.000000000000000000, 0.000000000000000000, 0.000000000000000000 ) ) ;
#4125 = DIRECTION ( 'NONE',  ( 1.000000000000000000, 0.000000000000000000, 0.000000000000000000 ) ) ;
#4126 = CARTESIAN_POINT ( 'NONE',  ( -1.195000000000000062, 1.989999999999999991, 0.3300000000000000155 ) ) ;
#4127 = PLANE ( 'NONE',  #7064 ) ;
#4128 = AXIS2_PLACEMENT_3D ( 'NONE', #858, #3563, #4700 ) ;
#4129 = DIRECTION ( 'NONE',  ( 0.000000000000000000, 0.000000000000000000, 1.000000000000000000 ) ) ;
#4130 = PLANE ( 'NONE',  #4297 ) ;
#4131 = PRESENTATION_LAYER_ASSIGNMENT (  '', '', ( #7032 ) ) ;
#4132 = VECTOR ( 'NONE', #2353, 1000.000000000000000 ) ;
#4133 = STYLED_ITEM ( 'NONE', ( #1165 ), #2581 ) ;
#4134 = MECHANICAL_DESIGN_GEOMETRIC_PRESENTATION_REPRESENTATION (  '', ( #1599 ), #2518 ) ;
#4135 = SURFACE_STYLE_USAGE ( .BOTH. , #3670 ) ;
#4136 = EDGE_CURVE ( 'NONE', #6015, #5206, #354, .T. ) ;
#4137 = MECHANICAL_DESIGN_GEOMETRIC_PRESENTATION_REPRESENTATION (  '', ( #1254 ), #4025 ) ;
#4138 = AXIS2_PLACEMENT_3D ( 'NONE', #1667, #5605, #4465 ) ;
#4139 = SURFACE_STYLE_FILL_AREA ( #1981 ) ;
#4140 = ORIENTED_EDGE ( 'NONE', *, *, #231, .T. ) ;
#4141 = VECTOR ( 'NONE', #4066, 1000.000000000000000 ) ;
#4142 =( NAMED_UNIT ( * ) PLANE_ANGLE_UNIT ( ) SI_UNIT ( $, .RADIAN. ) );
#4143 = VECTOR ( 'NONE', #1512, 1000.000000000000000 ) ;
#4144 =( GEOMETRIC_REPRESENTATION_CONTEXT ( 3 ) GLOBAL_UNCERTAINTY_ASSIGNED_CONTEXT ( ( #4354 ) ) GLOBAL_UNIT_ASSIGNED_CONTEXT ( ( #2088, #3752, #2702 ) ) REPRESENTATION_CONTEXT ( 'NONE', 'WORKASPACE' ) );
#4145 = ORIENTED_EDGE ( 'NONE', *, *, #6892, .T. ) ;
#4146 = ADVANCED_FACE ( 'NONE', ( #3054 ), #316, .T. ) ;
#4147 = FACE_OUTER_BOUND ( 'NONE', #3000, .T. ) ;
#4148 = VECTOR ( 'NONE', #4298, 1000.000000000000000 ) ;
#4149 = VERTEX_POINT ( 'NONE', #5815 ) ;
#4150 = SURFACE_STYLE_USAGE ( .BOTH. , #2591 ) ;
#4151 = SURFACE_SIDE_STYLE ('',( #5235 ) ) ;
#4152 = EDGE_LOOP ( 'NONE', ( #4787, #6069, #47, #7057, #2584, #2100, #1079, #1084 ) ) ;
#4153 = VECTOR ( 'NONE', #760, 1000.000000000000000 ) ;
#4154 = CARTESIAN_POINT ( 'NONE',  ( -2.465000000000000302, 0.4049999999999999711, 0.3300000000000000155 ) ) ;
#4155 = DIRECTION ( 'NONE',  ( 1.000000000000000000, 0.000000000000000000, 0.000000000000000000 ) ) ;
#4156 = ORIENTED_EDGE ( 'NONE', *, *, #1126, .F. ) ;
#4157 = VECTOR ( 'NONE', #1124, 1000.000000000000000 ) ;
#4159 = ORIENTED_EDGE ( 'NONE', *, *, #2177, .F. ) ;
#4158 = LINE ( 'NONE', #2430, #3425 ) ;
#4160 = ORIENTED_EDGE ( 'NONE', *, *, #2458, .T. ) ;
#4161 = LINE ( 'NONE', #814, #786 ) ;
#4162 = CARTESIAN_POINT ( 'NONE',  ( 3.075000000000000178, 2.034999999999999698, 0.000000000000000000 ) ) ;
#4163 = UNCERTAINTY_MEASURE_WITH_UNIT (LENGTH_MEASURE( 1.000000000000000082E-05 ), #4933, 'distance_accuracy_value', 'NONE');
#4164 = FACE_OUTER_BOUND ( 'NONE', #2397, .T. ) ;
#4165 = DIRECTION ( 'NONE',  ( -0.7071067811865475727, -0.7071067811865475727, 0.000000000000000000 ) ) ;
#4166 =( NAMED_UNIT ( * ) SI_UNIT ( $, .STERADIAN. ) SOLID_ANGLE_UNIT ( ) );
#4167 = ADVANCED_FACE ( 'NONE', ( #4203 ), #5255, .F. ) ;
#4168 =( LENGTH_UNIT ( ) NAMED_UNIT ( * ) SI_UNIT ( .MILLI., .METRE. ) );
#4169 = SURFACE_SIDE_STYLE ('',( #2035 ) ) ;
#4170 = COLOUR_RGB ( '',0.2862745098039215508, 0.2862745098039215508, 0.2862745098039215508 ) ;
#4171 = ORIENTED_EDGE ( 'NONE', *, *, #883, .F. ) ;
#4172 =( NAMED_UNIT ( * ) PLANE_ANGLE_UNIT ( ) SI_UNIT ( $, .RADIAN. ) );
#4173 = DIRECTION ( 'NONE',  ( -1.000000000000000000, -1.132880637372609972E-16, 0.000000000000000000 ) ) ;
#4174 = MECHANICAL_DESIGN_GEOMETRIC_PRESENTATION_REPRESENTATION (  '', ( #2334 ), #3835 ) ;
#4175 = CARTESIAN_POINT ( 'NONE',  ( -1.195000000000000062, -1.989999999999999991, 0.3300000000000000155 ) ) ;
#4176 = ORIENTED_EDGE ( 'NONE', *, *, #1457, .F. ) ;
#4177 = LINE ( 'NONE', #1363, #1877 ) ;
#4178 = UNCERTAINTY_MEASURE_WITH_UNIT (LENGTH_MEASURE( 1.000000000000000082E-05 ), #7100, 'distance_accuracy_value', 'NONE');
#4179 = VECTOR ( 'NONE', #723, 1000.000000000000000 ) ;
#4180 = VERTEX_POINT ( 'NONE', #2611 ) ;
#4181 = EDGE_CURVE ( 'NONE', #5193, #3824, #5220, .T. ) ;
#4182 = ORIENTED_EDGE ( 'NONE', *, *, #5141, .F. ) ;
#4183 = VECTOR ( 'NONE', #5603, 1000.000000000000000 ) ;
#4184 = EDGE_CURVE ( 'NONE', #6154, #5853, #3189, .T. ) ;
#4185 = EDGE_CURVE ( 'NONE', #4277, #2449, #4812, .T. ) ;
#4186 = PRESENTATION_STYLE_ASSIGNMENT (( #2021 ) ) ;
#4187 = CARTESIAN_POINT ( 'NONE',  ( -2.895000000000000018, 2.084999999999999964, 0.3300000000000000155 ) ) ;
#4188 =( NAMED_UNIT ( * ) SI_UNIT ( $, .STERADIAN. ) SOLID_ANGLE_UNIT ( ) );
#4189 = APPLICATION_CONTEXT ( 'automotive_design' ) ;
#4190 = CARTESIAN_POINT ( 'NONE',  ( 2.465000000000000302, -0.8649999999999999911, 0.000000000000000000 ) ) ;
#4191 = ORIENTED_EDGE ( 'NONE', *, *, #2177, .T. ) ;
#4192 =( GEOMETRIC_REPRESENTATION_CONTEXT ( 3 ) GLOBAL_UNCERTAINTY_ASSIGNED_CONTEXT ( ( #3665 ) ) GLOBAL_UNIT_ASSIGNED_CONTEXT ( ( #1944, #4172, #1400 ) ) REPRESENTATION_CONTEXT ( 'NONE', 'WORKASPACE' ) );
#4194 = VERTEX_POINT ( 'NONE', #562 ) ;
#4193 = DIRECTION ( 'NONE',  ( 1.000000000000000000, 0.000000000000000000, 0.000000000000000000 ) ) ;
#4195 = DIRECTION ( 'NONE',  ( 1.000000000000000000, 0.000000000000000000, 0.000000000000000000 ) ) ;
#4196 = ORIENTED_EDGE ( 'NONE', *, *, #5266, .F. ) ;
#4197 = EDGE_CURVE ( 'NONE', #1190, #6369, #460, .T. ) ;
#4198 = CARTESIAN_POINT ( 'NONE',  ( -2.465000000000000302, 1.675000000000000044, 0.3300000000000000155 ) ) ;
#4199 = CARTESIAN_POINT ( 'NONE',  ( 3.075000000000000178, -1.775000000000000133, 0.000000000000000000 ) ) ;
#4200 = CARTESIAN_POINT ( 'NONE',  ( -2.895000000000000018, -0.8649999999999999911, 0.3800000000000000044 ) ) ;
#4201 = SURFACE_SIDE_STYLE ('',( #1935 ) ) ;
#4202 = CARTESIAN_POINT ( 'NONE',  ( -2.945000000000000284, -0.5050000000000000044, 0.3300000000000000155 ) ) ;
#4203 = FACE_OUTER_BOUND ( 'NONE', #4245, .T. ) ;
#4204 = CARTESIAN_POINT ( 'NONE',  ( -2.465000000000000302, -0.8649999999999999911, 0.3300000000000000155 ) ) ;
#4205 = ADVANCED_FACE ( 'NONE', ( #6600 ), #2652, .F. ) ;
#4206 = DIRECTION ( 'NONE',  ( 0.000000000000000000, 1.000000000000000000, 0.000000000000000000 ) ) ;
#4207 = ORIENTED_EDGE ( 'NONE', *, *, #33, .F. ) ;
#4208 = SURFACE_SIDE_STYLE ('',( #2013 ) ) ;
#4209 = ORIENTED_EDGE ( 'NONE', *, *, #2974, .T. ) ;
#4210 = DIRECTION ( 'NONE',  ( 0.000000000000000000, 1.000000000000000000, 0.000000000000000000 ) ) ;
#4211 = FACE_OUTER_BOUND ( 'NONE', #3351, .T. ) ;
#4212 = EDGE_LOOP ( 'NONE', ( #5401, #6024, #2878, #123 ) ) ;
#4213 = VERTEX_POINT ( 'NONE', #2215 ) ;
#4214 = DIRECTION ( 'NONE',  ( 0.000000000000000000, 0.000000000000000000, -1.000000000000000000 ) ) ;
#4215 = EDGE_CURVE ( 'NONE', #5972, #608, #2136, .T. ) ;
#4216 = SURFACE_STYLE_USAGE ( .BOTH. , #5836 ) ;
#4217 = PLANE ( 'NONE',  #5993 ) ;
#4218 = EDGE_LOOP ( 'NONE', ( #1587, #5406, #5626, #5241 ) ) ;
#4220 = ORIENTED_EDGE ( 'NONE', *, *, #4606, .T. ) ;
#4219 = DIRECTION ( 'NONE',  ( 1.000000000000000000, 0.000000000000000000, 0.000000000000000000 ) ) ;
#4221 = VERTEX_POINT ( 'NONE', #3845 ) ;
#4222 = CARTESIAN_POINT ( 'NONE',  ( -0.8299999999999999600, -2.575000000000000178, 0.3300000000000000155 ) ) ;
#4223 = LINE ( 'NONE', #3664, #6827 ) ;
#4224 = EDGE_CURVE ( 'NONE', #2898, #6983, #7075, .T. ) ;
#4225 = DIRECTION ( 'NONE',  ( 0.000000000000000000, 0.000000000000000000, 1.000000000000000000 ) ) ;
#4226 = VECTOR ( 'NONE', #815, 1000.000000000000000 ) ;
#4227 = VECTOR ( 'NONE', #5032, 1000.000000000000000 ) ;
#4228 = CARTESIAN_POINT ( 'NONE',  ( -3.075000000000000178, 0.7649999999999999023, 0.000000000000000000 ) ) ;
#4229 = COLOUR_RGB ( '',0.2862745098039215508, 0.2862745098039215508, 0.2862745098039215508 ) ;
#4230 = ORIENTED_EDGE ( 'NONE', *, *, #6880, .F. ) ;
#4231 = AXIS2_PLACEMENT_3D ( 'NONE', #4376, #961, #1538 ) ;
#4232 = SURFACE_SIDE_STYLE ('',( #6356 ) ) ;
#4233 = SURFACE_SIDE_STYLE ('',( #6506 ) ) ;
#4234 = ORIENTED_EDGE ( 'NONE', *, *, #6766, .F. ) ;
#4235 =( GEOMETRIC_REPRESENTATION_CONTEXT ( 3 ) GLOBAL_UNCERTAINTY_ASSIGNED_CONTEXT ( ( #5454 ) ) GLOBAL_UNIT_ASSIGNED_CONTEXT ( ( #4347, #1879, #4105 ) ) REPRESENTATION_CONTEXT ( 'NONE', 'WORKASPACE' ) );
#4236 = PRESENTATION_LAYER_ASSIGNMENT (  '', '', ( #1832 ) ) ;
#4237 = STYLED_ITEM ( 'NONE', ( #6267 ), #2684 ) ;
#4238 = FILL_AREA_STYLE_COLOUR ( '', #1526 ) ;
#4239 = CARTESIAN_POINT ( 'NONE',  ( 0.5799999999999999600, -2.575000000000000178, 0.000000000000000000 ) ) ;
#4240 = ORIENTED_EDGE ( 'NONE', *, *, #1687, .F. ) ;
#4241 = LINE ( 'NONE', #3784, #6155 ) ;
#4242 = VECTOR ( 'NONE', #1756, 1000.000000000000000 ) ;
#4243 = AXIS2_PLACEMENT_3D ( 'NONE', #2730, #7153, #5481 ) ;
#4244 = DIRECTION ( 'NONE',  ( 0.000000000000000000, 1.000000000000000000, 0.000000000000000000 ) ) ;
#4245 = EDGE_LOOP ( 'NONE', ( #6325, #871, #6465, #2028 ) ) ;
#4246 = EDGE_CURVE ( 'NONE', #5613, #6321, #1121, .T. ) ;
#4247 =( NAMED_UNIT ( * ) SI_UNIT ( $, .STERADIAN. ) SOLID_ANGLE_UNIT ( ) );
#4248 =( LENGTH_UNIT ( ) NAMED_UNIT ( * ) SI_UNIT ( .MILLI., .METRE. ) );
#4249 = LINE ( 'NONE', #5488, #5912 ) ;
#4250 = AXIS2_PLACEMENT_3D ( 'NONE', #204, #6825, #1865 ) ;
#4251 = ORIENTED_EDGE ( 'NONE', *, *, #4858, .T. ) ;
#4252 = ORIENTED_EDGE ( 'NONE', *, *, #6404, .F. ) ;
#4253 = ORIENTED_EDGE ( 'NONE', *, *, #3171, .T. ) ;
#4254 = EDGE_CURVE ( 'NONE', #5384, #2040, #5946, .T. ) ;
#4255 = CARTESIAN_POINT ( 'NONE',  ( -2.861967654140120221, 2.366967654140120114, 1.119999999999999885 ) ) ;
#4256 = VECTOR ( 'NONE', #2854, 1000.000000000000000 ) ;
#4257 = ORIENTED_EDGE ( 'NONE', *, *, #3527, .T. ) ;
#4258 = DIRECTION ( 'NONE',  ( 0.8660254037844390407, -0.4999999999999995004, 0.000000000000000000 ) ) ;
#4259 = DIRECTION ( 'NONE',  ( 0.000000000000000000, 0.000000000000000000, 1.000000000000000000 ) ) ;
#4260 = CARTESIAN_POINT ( 'NONE',  ( 0.000000000000000000, -2.893885316736099471E-16, 0.000000000000000000 ) ) ;
#4261 = VECTOR ( 'NONE', #1446, 1000.000000000000000 ) ;
#4262 = LINE ( 'NONE', #982, #6549 ) ;
#4263 = EDGE_CURVE ( 'NONE', #3684, #6652, #2763, .T. ) ;
#4264 = DIRECTION ( 'NONE',  ( 0.7071067811865380248, -0.7071067811865570096, 0.000000000000000000 ) ) ;
#4265 = EDGE_CURVE ( 'NONE', #1513, #3009, #6529, .T. ) ;
#4266 =( NAMED_UNIT ( * ) SI_UNIT ( $, .STERADIAN. ) SOLID_ANGLE_UNIT ( ) );
#4267 = MECHANICAL_DESIGN_GEOMETRIC_PRESENTATION_REPRESENTATION (  '', ( #2082 ), #5550 ) ;
#4268 = CARTESIAN_POINT ( 'NONE',  ( 2.895000000000000018, -1.724999999999999867, 0.000000000000000000 ) ) ;
#4269 = ADVANCED_FACE ( 'NONE', ( #1023 ), #3232, .T. ) ;
#4270 = DIRECTION ( 'NONE',  ( 1.000000000000000000, 1.516698121072619908E-16, 0.000000000000000000 ) ) ;
#4271 = ADVANCED_FACE ( 'NONE', ( #2690 ), #4886, .F. ) ;
#4272 =( LENGTH_UNIT ( ) NAMED_UNIT ( * ) SI_UNIT ( .MILLI., .METRE. ) );
#4273 = ORIENTED_EDGE ( 'NONE', *, *, #1226, .T. ) ;
#4274 = DIRECTION ( 'NONE',  ( -1.000000000000000000, 0.000000000000000000, 0.000000000000000000 ) ) ;
#4275 = ORIENTED_EDGE ( 'NONE', *, *, #5869, .T. ) ;
#4276 = CARTESIAN_POINT ( 'NONE',  ( 2.895000000000000018, -0.4550000000000000155, 0.000000000000000000 ) ) ;
#4277 = VERTEX_POINT ( 'NONE', #5695 ) ;
#4278 = FACE_OUTER_BOUND ( 'NONE', #5682, .T. ) ;
#4279 = ORIENTED_EDGE ( 'NONE', *, *, #2594, .F. ) ;
#4280 = FACE_OUTER_BOUND ( 'NONE', #486, .T. ) ;
#4281 =( NAMED_UNIT ( * ) PLANE_ANGLE_UNIT ( ) SI_UNIT ( $, .RADIAN. ) );
#4282 =( GEOMETRIC_REPRESENTATION_CONTEXT ( 3 ) GLOBAL_UNCERTAINTY_ASSIGNED_CONTEXT ( ( #5323 ) ) GLOBAL_UNIT_ASSIGNED_CONTEXT ( ( #71, #1138, #3852 ) ) REPRESENTATION_CONTEXT ( 'NONE', 'WORKASPACE' ) );
#4283 = CARTESIAN_POINT ( 'NONE',  ( 2.861967654140120221, -2.366967654140120114, 1.119999999999999885 ) ) ;
#4284 = ORIENTED_EDGE ( 'NONE', *, *, #6427, .T. ) ;
#4285 = CARTESIAN_POINT ( 'NONE',  ( -2.895000000000000018, 1.675000000000000044, 0.000000000000000000 ) ) ;
#4286 = EDGE_CURVE ( 'NONE', #2954, #2537, #170, .T. ) ;
#4288 = ORIENTED_EDGE ( 'NONE', *, *, #7115, .T. ) ;
#4287 = CARTESIAN_POINT ( 'NONE',  ( -2.895000000000000018, 2.084999999999999964, 0.000000000000000000 ) ) ;
#4289 = PRESENTATION_LAYER_ASSIGNMENT (  '', '', ( #855 ) ) ;
#4290 = DIRECTION ( 'NONE',  ( -0.4999999999999998890, 0.8660254037844387076, 0.000000000000000000 ) ) ;
#4291 = ORIENTED_EDGE ( 'NONE', *, *, #2219, .F. ) ;
#4292 = CARTESIAN_POINT ( 'NONE',  ( 2.895000000000000018, 2.084999999999999964, 0.000000000000000000 ) ) ;
#4293 = FACE_OUTER_BOUND ( 'NONE', #6216, .T. ) ;
#4294 = DIRECTION ( 'NONE',  ( 0.7071067811865474617, 0.7071067811865474617, 0.000000000000000000 ) ) ;
#4295 = FILL_AREA_STYLE ('',( #983 ) ) ;
#4296 = CARTESIAN_POINT ( 'NONE',  ( 1.195000000000000062, 1.989999999999999991, 0.3800000000000000044 ) ) ;
#4297 = AXIS2_PLACEMENT_3D ( 'NONE', #3525, #5181, #5218 ) ;
#4298 = DIRECTION ( 'NONE',  ( 0.000000000000000000, 0.000000000000000000, 1.000000000000000000 ) ) ;
#4299 = FILL_AREA_STYLE_COLOUR ( '', #5792 ) ;
#4300 = EDGE_CURVE ( 'NONE', #1094, #2996, #1710, .T. ) ;
#4301 = CARTESIAN_POINT ( 'NONE',  ( 2.945000000000000284, 2.034999999999999698, 0.000000000000000000 ) ) ;
#4302 = EDGE_LOOP ( 'NONE', ( #5641, #3858, #6470, #4723 ) ) ;
#4303 =( NAMED_UNIT ( * ) PLANE_ANGLE_UNIT ( ) SI_UNIT ( $, .RADIAN. ) );
#4304 = CARTESIAN_POINT ( 'NONE',  ( 2.895000000000000018, 0.4049999999999999711, 0.3800000000000000044 ) ) ;
#4305 = EDGE_CURVE ( 'NONE', #6015, #6002, #137, .T. ) ;
#4306 = ORIENTED_EDGE ( 'NONE', *, *, #613, .F. ) ;
#4307 = PLANE ( 'NONE',  #3106 ) ;
#4308 = ORIENTED_EDGE ( 'NONE', *, *, #4215, .F. ) ;
#4309 = DIRECTION ( 'NONE',  ( -0.000000000000000000, 1.000000000000000000, 0.000000000000000000 ) ) ;
#4310 =( REPRESENTATION_RELATIONSHIP ('NONE','NONE', #3850, #2372 ) REPRESENTATION_RELATIONSHIP_WITH_TRANSFORMATION ( #6165 )SHAPE_REPRESENTATION_RELATIONSHIP( ) );
#4311 = EDGE_CURVE ( 'NONE', #2930, #5149, #1789, .T. ) ;
#4312 = FILL_AREA_STYLE ('',( #7121 ) ) ;
#4313 = ORIENTED_EDGE ( 'NONE', *, *, #5015, .T. ) ;
#4314 = FACE_OUTER_BOUND ( 'NONE', #6745, .T. ) ;
#4315 = DIRECTION ( 'NONE',  ( 0.7071067811865380248, -0.7071067811865570096, 0.000000000000000000 ) ) ;
#4316 = FACE_OUTER_BOUND ( 'NONE', #263, .T. ) ;
#4317 = CARTESIAN_POINT ( 'NONE',  ( 3.075000000000000178, -0.5050000000000000044, 0.3800000000000000044 ) ) ;
#4318 = ORIENTED_EDGE ( 'NONE', *, *, #635, .F. ) ;
#4319 = FACE_OUTER_BOUND ( 'NONE', #6979, .T. ) ;
#4321 = ORIENTED_EDGE ( 'NONE', *, *, #7134, .T. ) ;
#4320 = SURFACE_SIDE_STYLE ('',( #483 ) ) ;
#4322 = LINE ( 'NONE', #1593, #4947 ) ;
#4323 = ORIENTED_EDGE ( 'NONE', *, *, #7030, .T. ) ;
#4324 = CARTESIAN_POINT ( 'NONE',  ( 0.8299999999999999600, -2.423826859021799951, 0.000000000000000000 ) ) ;
#4325 = DIRECTION ( 'NONE',  ( 1.000000000000000000, 0.000000000000000000, 0.000000000000000000 ) ) ;
#4326 = EDGE_CURVE ( 'NONE', #2119, #597, #4439, .T. ) ;
#4327 = DIRECTION ( 'NONE',  ( 0.000000000000000000, -1.000000000000000000, 0.000000000000000000 ) ) ;
#4328 = ORIENTED_EDGE ( 'NONE', *, *, #4440, .F. ) ;
#4329 =( LENGTH_UNIT ( ) NAMED_UNIT ( * ) SI_UNIT ( .MILLI., .METRE. ) );
#4330 = CARTESIAN_POINT ( 'NONE',  ( 2.465000000000000302, 1.879999999999999893, 0.3300000000000000155 ) ) ;
#4331 = CARTESIAN_POINT ( 'NONE',  ( 0.8299999999999999600, -2.575000000000000178, 0.3800000000000000044 ) ) ;
#4332 = CARTESIAN_POINT ( 'NONE',  ( -1.447500000000000009, -2.135000000000000231, 0.000000000000000000 ) ) ;
#4333 = DIRECTION ( 'NONE',  ( 0.000000000000000000, 0.000000000000000000, 1.000000000000000000 ) ) ;
#4334 = VECTOR ( 'NONE', #3230, 1000.000000000000000 ) ;
#4335 = SURFACE_SIDE_STYLE ('',( #464 ) ) ;
#4336 = PLANE ( 'NONE',  #6091 ) ;
#4337 = VECTOR ( 'NONE', #2991, 1000.000000000000000 ) ;
#4338 = ORIENTED_EDGE ( 'NONE', *, *, #1501, .F. ) ;
#4339 = CARTESIAN_POINT ( 'NONE',  ( 0.9650000000000000799, 2.189999999999999947, 0.000000000000000000 ) ) ;
#4340 = COLOUR_RGB ( '',0.2862745098039215508, 0.2862745098039215508, 0.2862745098039215508 ) ;
#4341 = MECHANICAL_DESIGN_GEOMETRIC_PRESENTATION_REPRESENTATION (  '', ( #4008 ), #2403 ) ;
#4342 = EDGE_LOOP ( 'NONE', ( #1850, #4251, #218, #4176 ) ) ;
#4343 = DIRECTION ( 'NONE',  ( -0.7071067811865550112, 0.7071067811865400232, 0.000000000000000000 ) ) ;
#4344 = EDGE_CURVE ( 'NONE', #4350, #2537, #1820, .T. ) ;
#4345 = CARTESIAN_POINT ( 'NONE',  ( -2.465000000000000302, 0.8149999999999999467, 0.3800000000000000044 ) ) ;
#4346 = VECTOR ( 'NONE', #3404, 1000.000000000000000 ) ;
#4347 =( LENGTH_UNIT ( ) NAMED_UNIT ( * ) SI_UNIT ( .MILLI., .METRE. ) );
#4348 = PRESENTATION_LAYER_ASSIGNMENT (  '', '', ( #115 ) ) ;
#4349 = VECTOR ( 'NONE', #1008, 1000.000000000000000 ) ;
#4350 = VERTEX_POINT ( 'NONE', #3405 ) ;
#4351 = PRESENTATION_LAYER_ASSIGNMENT (  '', '', ( #1599 ) ) ;
#4352 = CARTESIAN_POINT ( 'NONE',  ( -2.895000000000000018, 1.675000000000000044, 0.000000000000000000 ) ) ;
#4353 = EDGE_CURVE ( 'NONE', #6976, #2568, #3910, .T. ) ;
#4354 = UNCERTAINTY_MEASURE_WITH_UNIT (LENGTH_MEASURE( 1.000000000000000082E-05 ), #2088, 'distance_accuracy_value', 'NONE');
#4355 = PRESENTATION_LAYER_ASSIGNMENT (  '', '', ( #3105 ) ) ;
#4356 = CARTESIAN_POINT ( 'NONE',  ( 2.895000000000000018, 2.084999999999999964, 0.000000000000000000 ) ) ;
#4357 = VECTOR ( 'NONE', #3647, 1000.000000000000000 ) ;
#4358 = VECTOR ( 'NONE', #5533, 1000.000000000000000 ) ;
#4359 = VERTEX_POINT ( 'NONE', #2904 ) ;
#4360 = CARTESIAN_POINT ( 'NONE',  ( 2.945000000000000284, -0.8149999999999999467, 0.3800000000000000044 ) ) ;
#4362 = EDGE_LOOP ( 'NONE', ( #2113, #6881, #4747, #4385 ) ) ;
#4361 = PLANE ( 'NONE',  #5865 ) ;
#4363 = DIRECTION ( 'NONE',  ( 1.000000000000000000, 0.000000000000000000, 0.000000000000000000 ) ) ;
#4364 = ORIENTED_EDGE ( 'NONE', *, *, #6785, .T. ) ;
#4365 = DIRECTION ( 'NONE',  ( -1.000000000000000000, 0.000000000000000000, 0.000000000000000000 ) ) ;
#4366 = CARTESIAN_POINT ( 'NONE',  ( 2.465000000000000302, -0.4550000000000000155, 0.3300000000000000155 ) ) ;
#4367 = VECTOR ( 'NONE', #6199, 1000.000000000000000 ) ;
#4368 = DIRECTION ( 'NONE',  ( 0.7071067811865380248, -0.7071067811865570096, 0.000000000000000000 ) ) ;
#4369 = ORIENTED_EDGE ( 'NONE', *, *, #6018, .T. ) ;
#4370 = LINE ( 'NONE', #6597, #5313 ) ;
#4371 = SURFACE_SIDE_STYLE ('',( #4911 ) ) ;
#4372 = SURFACE_SIDE_STYLE ('',( #956 ) ) ;
#4373 = DIRECTION ( 'NONE',  ( 1.000000000000000000, -4.550094363217860219E-16, 0.000000000000000000 ) ) ;
#4374 = SURFACE_STYLE_FILL_AREA ( #2179 ) ;
#4375 = AXIS2_PLACEMENT_3D ( 'NONE', #3755, #4793, #5487 ) ;
#4376 = CARTESIAN_POINT ( 'NONE',  ( 2.895000000000000018, 0.4049999999999999711, 0.000000000000000000 ) ) ;
#4377 =( LENGTH_UNIT ( ) NAMED_UNIT ( * ) SI_UNIT ( .MILLI., .METRE. ) );
#4378 = EDGE_CURVE ( 'NONE', #6379, #197, #2864, .T. ) ;
#4379 = CARTESIAN_POINT ( 'NONE',  ( 0.4449999999999999512, 1.879999999999999893, 0.000000000000000000 ) ) ;
#4380 = PRESENTATION_LAYER_ASSIGNMENT (  '', '', ( #3475 ) ) ;
#4381 = DIRECTION ( 'NONE',  ( 0.000000000000000000, 0.000000000000000000, 1.000000000000000000 ) ) ;
#4382 = VERTEX_POINT ( 'NONE', #4018 ) ;
#4383 = VECTOR ( 'NONE', #4992, 1000.000000000000000 ) ;
#4384 = PLANE ( 'NONE',  #2532 ) ;
#4385 = ORIENTED_EDGE ( 'NONE', *, *, #1205, .T. ) ;
#4386 = CARTESIAN_POINT ( 'NONE',  ( 2.945000000000000284, 2.034999999999999698, 0.000000000000000000 ) ) ;
#4387 =( LENGTH_UNIT ( ) NAMED_UNIT ( * ) SI_UNIT ( .MILLI., .METRE. ) );
#4388 = EDGE_LOOP ( 'NONE', ( #3496, #6763, #29, #6903 ) ) ;
#4389 = SURFACE_STYLE_FILL_AREA ( #2197 ) ;
#4390 = DIRECTION ( 'NONE',  ( -1.000000000000000000, -1.132880637372609972E-16, 0.000000000000000000 ) ) ;
#4391 = AXIS2_PLACEMENT_3D ( 'NONE', #2168, #4368, #1638 ) ;
#4392 = EDGE_CURVE ( 'NONE', #877, #3033, #2361, .T. ) ;
#4393 = ORIENTED_EDGE ( 'NONE', *, *, #4850, .F. ) ;
#4394 = SURFACE_STYLE_USAGE ( .BOTH. , #6068 ) ;
#4396 = ORIENTED_EDGE ( 'NONE', *, *, #270, .F. ) ;
#4395 = LINE ( 'NONE', #5086, #7017 ) ;
#4397 = ADVANCED_FACE ( 'NONE', ( #6236 ), #5033, .T. ) ;
#4398 = EDGE_LOOP ( 'NONE', ( #4650, #2376, #735, #3834 ) ) ;
#4399 = VECTOR ( 'NONE', #2519, 1000.000000000000000 ) ;
#4400 = DIRECTION ( 'NONE',  ( -0.7071067811865570096, -0.7071067811865380248, 0.000000000000000000 ) ) ;
#4401 = FILL_AREA_STYLE_COLOUR ( '', #2881 ) ;
#4402 =( LENGTH_UNIT ( ) NAMED_UNIT ( * ) SI_UNIT ( .MILLI., .METRE. ) );
#4403 = VERTEX_POINT ( 'NONE', #1281 ) ;
#4404 = STYLED_ITEM ( 'NONE', ( #1347 ), #6494 ) ;
#4405 = FILL_AREA_STYLE_COLOUR ( '', #1932 ) ;
#4406 = DIRECTION ( 'NONE',  ( 0.000000000000000000, -1.000000000000000000, 0.000000000000000000 ) ) ;
#4407 = EDGE_CURVE ( 'NONE', #694, #6652, #739, .T. ) ;
#4408 = CARTESIAN_POINT ( 'NONE',  ( -2.945000000000000284, -0.5050000000000000044, 0.3800000000000000044 ) ) ;
#4409 = CARTESIAN_POINT ( 'NONE',  ( -2.895000000000000018, 1.675000000000000044, 0.3300000000000000155 ) ) ;
#4410 = VECTOR ( 'NONE', #5707, 1000.000000000000000 ) ;
#4411 = CARTESIAN_POINT ( 'NONE',  ( -3.075000000000000178, -2.084999999999999964, 0.000000000000000000 ) ) ;
#4412 = CARTESIAN_POINT ( 'NONE',  ( 2.895000000000000018, 0.4049999999999999711, 0.000000000000000000 ) ) ;
#4413 = PRESENTATION_STYLE_ASSIGNMENT (( #1132 ) ) ;
#4414 = ORIENTED_EDGE ( 'NONE', *, *, #6133, .T. ) ;
#4415 = ADVANCED_FACE ( 'NONE', ( #1200 ), #5140, .T. ) ;
#4416 = DIRECTION ( 'NONE',  ( -1.000000000000000000, 0.000000000000000000, 0.000000000000000000 ) ) ;
#4417 = ORIENTED_EDGE ( 'NONE', *, *, #6180, .T. ) ;
#4418 = DIRECTION ( 'NONE',  ( 0.000000000000000000, 1.000000000000000000, 0.000000000000000000 ) ) ;
#4419 = DIRECTION ( 'NONE',  ( -0.7071067811865380248, -0.7071067811865570096, 0.000000000000000000 ) ) ;
#4420 =( NAMED_UNIT ( * ) SI_UNIT ( $, .STERADIAN. ) SOLID_ANGLE_UNIT ( ) );
#4421 = VERTEX_POINT ( 'NONE', #4061 ) ;
#4422 = FACE_OUTER_BOUND ( 'NONE', #1065, .T. ) ;
#4423 = DIRECTION ( 'NONE',  ( 0.000000000000000000, 1.000000000000000000, 0.000000000000000000 ) ) ;
#4424 = CARTESIAN_POINT ( 'NONE',  ( 3.075000000000000178, 1.724999999999999867, 0.000000000000000000 ) ) ;
#4425 = ORIENTED_EDGE ( 'NONE', *, *, #1411, .F. ) ;
#4426 = DIRECTION ( 'NONE',  ( 0.000000000000000000, -1.000000000000000000, 0.000000000000000000 ) ) ;
#4427 = ORIENTED_EDGE ( 'NONE', *, *, #6816, .T. ) ;
#4428 = CARTESIAN_POINT ( 'NONE',  ( 2.895000000000000018, 0.8149999999999999467, 0.000000000000000000 ) ) ;
#4429 = ORIENTED_EDGE ( 'NONE', *, *, #5000, .T. ) ;
#4430 = EDGE_CURVE ( 'NONE', #5456, #5952, #5846, .T. ) ;
#4431 = DIRECTION ( 'NONE',  ( 0.000000000000000000, 0.000000000000000000, 1.000000000000000000 ) ) ;
#4432 = PLANE ( 'NONE',  #1973 ) ;
#4433 = VERTEX_POINT ( 'NONE', #2031 ) ;
#4435 = VERTEX_POINT ( 'NONE', #5809 ) ;
#4434 = CARTESIAN_POINT ( 'NONE',  ( -0.4449999999999999512, -1.989999999999999991, 0.000000000000000000 ) ) ;
#4436 = SURFACE_SIDE_STYLE ('',( #168 ) ) ;
#4437 = DIRECTION ( 'NONE',  ( -0.7071067811865550112, 0.7071067811865400232, 0.000000000000000000 ) ) ;
#4438 = ADVANCED_FACE ( 'NONE', ( #6998 ), #4664, .T. ) ;
#4439 = LINE ( 'NONE', #701, #2647 ) ;
#4440 = EDGE_CURVE ( 'NONE', #156, #4106, #5771, .T. ) ;
#4441 = CARTESIAN_POINT ( 'NONE',  ( 2.895000000000000018, 2.084999999999999964, 0.000000000000000000 ) ) ;
#4442 = PLANE ( 'NONE',  #3092 ) ;
#4443 = PLANE ( 'NONE',  #344 ) ;
#4444 = STYLED_ITEM ( 'NONE', ( #1589 ), #1901 ) ;
#4445 =( NAMED_UNIT ( * ) SI_UNIT ( $, .STERADIAN. ) SOLID_ANGLE_UNIT ( ) );
#4446 = PLANE ( 'NONE',  #274 ) ;
#4447 = CARTESIAN_POINT ( 'NONE',  ( -2.945000000000000284, -0.5050000000000000044, 0.000000000000000000 ) ) ;
#4448 = VECTOR ( 'NONE', #1927, 1000.000000000000000 ) ;
#4449 = AXIS2_PLACEMENT_3D ( 'NONE', #828, #2513, #3610 ) ;
#4450 = ORIENTED_EDGE ( 'NONE', *, *, #3515, .T. ) ;
#4451 = CARTESIAN_POINT ( 'NONE',  ( 2.465000000000000302, 1.879999999999999893, 0.3300000000000000155 ) ) ;
#4452 = CARTESIAN_POINT ( 'NONE',  ( 2.465000000000000302, 1.675000000000000044, 0.3300000000000000155 ) ) ;
#4453 = EDGE_CURVE ( 'NONE', #1322, #2930, #4223, .T. ) ;
#4454 = LINE ( 'NONE', #3825, #565 ) ;
#4455 = ORIENTED_EDGE ( 'NONE', *, *, #470, .F. ) ;
#4456 = CARTESIAN_POINT ( 'NONE',  ( 2.895000000000000018, -0.4550000000000000155, 0.3300000000000000155 ) ) ;
#4457 = MECHANICAL_DESIGN_GEOMETRIC_PRESENTATION_REPRESENTATION (  '', ( #5871 ), #102 ) ;
#4458 = LINE ( 'NONE', #3358, #4471 ) ;
#4459 = ORIENTED_EDGE ( 'NONE', *, *, #1337, .F. ) ;
#4460 = LINE ( 'NONE', #1776, #5696 ) ;
#4461 =( GEOMETRIC_REPRESENTATION_CONTEXT ( 3 ) GLOBAL_UNCERTAINTY_ASSIGNED_CONTEXT ( ( #1625 ) ) GLOBAL_UNIT_ASSIGNED_CONTEXT ( ( #4594, #6966, #2496 ) ) REPRESENTATION_CONTEXT ( 'NONE', 'WORKASPACE' ) );
#4462 = VERTEX_POINT ( 'NONE', #881 ) ;
#4463 = VECTOR ( 'NONE', #4855, 1000.000000000000000 ) ;
#4464 = MECHANICAL_DESIGN_GEOMETRIC_PRESENTATION_REPRESENTATION (  '', ( #1829 ), #902 ) ;
#4465 = DIRECTION ( 'NONE',  ( 1.000000000000000000, 0.000000000000000000, 0.000000000000000000 ) ) ;
#4466 = EDGE_CURVE ( 'NONE', #7020, #2616, #5214, .T. ) ;
#4467 = ORIENTED_EDGE ( 'NONE', *, *, #821, .F. ) ;
#4468 = DIRECTION ( 'NONE',  ( 1.000000000000000000, 0.000000000000000000, 0.000000000000000000 ) ) ;
#4469 = CARTESIAN_POINT ( 'NONE',  ( -1.777500000000000080, 0.5575000000000130962, 0.000000000000000000 ) ) ;
#4470 = VECTOR ( 'NONE', #752, 1000.000000000000000 ) ;
#4471 = VECTOR ( 'NONE', #3828, 1000.000000000000000 ) ;
#4472 = ORIENTED_EDGE ( 'NONE', *, *, #2154, .T. ) ;
#4474 = EDGE_LOOP ( 'NONE', ( #4171, #3695, #5751, #5188 ) ) ;
#4473 = CARTESIAN_POINT ( 'NONE',  ( 2.465000000000000302, 0.4049999999999999711, 0.000000000000000000 ) ) ;
#4475 =( NAMED_UNIT ( * ) PLANE_ANGLE_UNIT ( ) SI_UNIT ( $, .RADIAN. ) );
#4476 = AXIS2_PLACEMENT_3D ( 'NONE', #1174, #3378, #6721 ) ;
#4477 = VECTOR ( 'NONE', #1953, 1000.000000000000000 ) ;
#4478 = CARTESIAN_POINT ( 'NONE',  ( 2.945000000000000284, 0.4550000000000000155, 0.3300000000000000155 ) ) ;
#4479 =( LENGTH_UNIT ( ) NAMED_UNIT ( * ) SI_UNIT ( .MILLI., .METRE. ) );
#4480 = CARTESIAN_POINT ( 'NONE',  ( -2.465000000000000302, 0.8149999999999999467, 0.000000000000000000 ) ) ;
#4481 = ORIENTED_EDGE ( 'NONE', *, *, #4487, .F. ) ;
#4482 = COLOUR_RGB ( '',0.2862745098039215508, 0.2862745098039215508, 0.2862745098039215508 ) ;
#4483 = DIRECTION ( 'NONE',  ( 0.000000000000000000, 0.000000000000000000, 1.000000000000000000 ) ) ;
#4484 = EDGE_CURVE ( 'NONE', #595, #258, #1928, .T. ) ;
#4485 = LINE ( 'NONE', #3876, #4010 ) ;
#4486 = APPLICATION_PROTOCOL_DEFINITION ( 'draft international standard', 'automotive_design', 1998, #3602 ) ;
#4487 = EDGE_CURVE ( 'NONE', #2454, #6221, #5867, .T. ) ;
#4488 = EDGE_CURVE ( 'NONE', #5519, #5821, #6863, .T. ) ;
#4489 = DIRECTION ( 'NONE',  ( 0.000000000000000000, 1.000000000000000000, 0.000000000000000000 ) ) ;
#4490 = LINE ( 'NONE', #1242, #5774 ) ;
#4491 = UNCERTAINTY_MEASURE_WITH_UNIT (LENGTH_MEASURE( 1.000000000000000082E-05 ), #4248, 'distance_accuracy_value', 'NONE');
#4492 =( GEOMETRIC_REPRESENTATION_CONTEXT ( 3 ) GLOBAL_UNCERTAINTY_ASSIGNED_CONTEXT ( ( #3984 ) ) GLOBAL_UNIT_ASSIGNED_CONTEXT ( ( #5562, #3928, #6175 ) ) REPRESENTATION_CONTEXT ( 'NONE', 'WORKASPACE' ) );
#4493 = CARTESIAN_POINT ( 'NONE',  ( 2.895000000000000018, 0.8149999999999999467, 0.000000000000000000 ) ) ;
#4494 = ORIENTED_EDGE ( 'NONE', *, *, #1450, .F. ) ;
#4495 = LINE ( 'NONE', #2776, #2580 ) ;
#4496 = CARTESIAN_POINT ( 'NONE',  ( 0.4449999999999999512, -2.189999999999999947, 0.000000000000000000 ) ) ;
#4497 = ORIENTED_EDGE ( 'NONE', *, *, #571, .F. ) ;
#4498 = AXIS2_PLACEMENT_3D ( 'NONE', #4480, #5730, #6826 ) ;
#4499 = CARTESIAN_POINT ( 'NONE',  ( -3.075000000000000178, -0.8149999999999999467, 0.000000000000000000 ) ) ;
#4500 = CARTESIAN_POINT ( 'NONE',  ( 2.465000000000000302, 1.675000000000000044, 0.000000000000000000 ) ) ;
#4501 = FACE_OUTER_BOUND ( 'NONE', #3974, .T. ) ;
#4502 = EDGE_LOOP ( 'NONE', ( #2887, #5722, #6878, #4716 ) ) ;
#4503 = CARTESIAN_POINT ( 'NONE',  ( 3.075000000000000178, -2.084999999999999964, 0.000000000000000000 ) ) ;
#4504 = EDGE_LOOP ( 'NONE', ( #3169, #5129, #6063, #3888 ) ) ;
#4505 = FACE_OUTER_BOUND ( 'NONE', #3805, .T. ) ;
#4506 = ORIENTED_EDGE ( 'NONE', *, *, #7113, .F. ) ;
#4507 = PLANE ( 'NONE',  #3431 ) ;
#4508 = DIRECTION ( 'NONE',  ( 0.000000000000000000, 1.000000000000000000, 0.000000000000000000 ) ) ;
#4509 = VECTOR ( 'NONE', #4327, 1000.000000000000000 ) ;
#4510 = PRESENTATION_STYLE_ASSIGNMENT (( #2319 ) ) ;
#4511 = EDGE_CURVE ( 'NONE', #5644, #1786, #6305, .T. ) ;
#4512 = ORIENTED_EDGE ( 'NONE', *, *, #423, .T. ) ;
#4513 = ORIENTED_EDGE ( 'NONE', *, *, #4888, .F. ) ;
#4514 = DIRECTION ( 'NONE',  ( -1.000000000000000000, 0.000000000000000000, 0.000000000000000000 ) ) ;
#4515 = PRODUCT_DEFINITION_SHAPE ( 'NONE', 'NONE',  #7156 ) ;
#4516 = CARTESIAN_POINT ( 'NONE',  ( 2.895000000000000018, 0.8149999999999999467, 0.000000000000000000 ) ) ;
#4517 = PLANE ( 'NONE',  #6089 ) ;
#4518 = PRODUCT_RELATED_PRODUCT_CATEGORY ( 'part', '', ( #2915 ) ) ;
#4519 = PRESENTATION_STYLE_ASSIGNMENT (( #3485 ) ) ;
#4520 = VECTOR ( 'NONE', #1077, 1000.000000000000000 ) ;
#4521 =( NAMED_UNIT ( * ) PLANE_ANGLE_UNIT ( ) SI_UNIT ( $, .RADIAN. ) );
#4522 =( NAMED_UNIT ( * ) SI_UNIT ( $, .STERADIAN. ) SOLID_ANGLE_UNIT ( ) );
#4523 = PRESENTATION_STYLE_ASSIGNMENT (( #5078 ) ) ;
#4524 = AXIS2_PLACEMENT_3D ( 'NONE', #675, #6792, #1250 ) ;
#4525 = DIRECTION ( 'NONE',  ( 0.000000000000000000, -1.000000000000000000, 0.000000000000000000 ) ) ;
#4526 = CARTESIAN_POINT ( 'NONE',  ( -2.465000000000000302, -0.4324999999999999956, 0.000000000000000000 ) ) ;
#4527 = ADVANCED_FACE ( 'NONE', ( #3047 ), #5176, .T. ) ;
#4528 = PRODUCT_DEFINITION_FORMATION_WITH_SPECIFIED_SOURCE ( 'ANY', '', #2915, .NOT_KNOWN. ) ;
#4529 = ADVANCED_FACE ( 'NONE', ( #243 ), #1898, .T. ) ;
#4530 = DIRECTION ( 'NONE',  ( 0.000000000000000000, 0.000000000000000000, 1.000000000000000000 ) ) ;
#4531 = ORIENTED_EDGE ( 'NONE', *, *, #6866, .F. ) ;
#4532 = CARTESIAN_POINT ( 'NONE',  ( -1.251023908571980092, 1.694592058173890026, 0.000000000000000000 ) ) ;
#4533 = CARTESIAN_POINT ( 'NONE',  ( -2.465000000000000302, 0.8149999999999999467, 0.000000000000000000 ) ) ;
#4534 = VERTEX_POINT ( 'NONE', #2542 ) ;
#4535 =( NAMED_UNIT ( * ) SI_UNIT ( $, .STERADIAN. ) SOLID_ANGLE_UNIT ( ) );
#4536 = ORIENTED_EDGE ( 'NONE', *, *, #4929, .F. ) ;
#4537 = ADVANCED_FACE ( 'NONE', ( #4736 ), #2002, .T. ) ;
#4538 = CARTESIAN_POINT ( 'NONE',  ( 1.232500000000000151, -0.8649999999999999911, 0.000000000000000000 ) ) ;
#4539 =( NAMED_UNIT ( * ) SI_UNIT ( $, .STERADIAN. ) SOLID_ANGLE_UNIT ( ) );
#4540 = SURFACE_STYLE_FILL_AREA ( #3540 ) ;
#4541 = ORIENTED_EDGE ( 'NONE', *, *, #6302, .F. ) ;
#4542 = LINE ( 'NONE', #2959, #6618 ) ;
#4543 = ORIENTED_EDGE ( 'NONE', *, *, #6989, .F. ) ;
#4544 = DIRECTION ( 'NONE',  ( 0.7071067811865550112, -0.7071067811865400232, 0.000000000000000000 ) ) ;
#4545 = EDGE_LOOP ( 'NONE', ( #1183, #1579, #909, #7122 ) ) ;
#4546 = LINE ( 'NONE', #6772, #1006 ) ;
#4547 = DIRECTION ( 'NONE',  ( 0.000000000000000000, 0.000000000000000000, 1.000000000000000000 ) ) ;
#4548 = VERTEX_POINT ( 'NONE', #4366 ) ;
#4549 = ORIENTED_EDGE ( 'NONE', *, *, #6082, .F. ) ;
#4550 = LINE ( 'NONE', #2323, #5178 ) ;
#4551 = DIRECTION ( 'NONE',  ( 0.000000000000000000, 1.000000000000000000, 0.000000000000000000 ) ) ;
#4552 = FILL_AREA_STYLE ('',( #1709 ) ) ;
#4553 = PRODUCT_RELATED_PRODUCT_CATEGORY ( 'part', '', ( #6789 ) ) ;
#4554 = DIRECTION ( 'NONE',  ( 0.000000000000000000, 0.000000000000000000, 1.000000000000000000 ) ) ;
#4555 = DIRECTION ( 'NONE',  ( 0.000000000000000000, 0.000000000000000000, 1.000000000000000000 ) ) ;
#4556 = DIRECTION ( 'NONE',  ( 1.000000000000000000, 0.000000000000000000, 0.000000000000000000 ) ) ;
#4557 = DIRECTION ( 'NONE',  ( 0.000000000000000000, 0.000000000000000000, 1.000000000000000000 ) ) ;
#4558 = DIRECTION ( 'NONE',  ( 1.000000000000000000, 0.000000000000000000, 0.000000000000000000 ) ) ;
#4559 = APPLICATION_PROTOCOL_DEFINITION ( 'draft international standard', 'automotive_design', 1998, #6935 ) ;
#4560 = LINE ( 'NONE', #710, #5885 ) ;
#4561 = PLANE ( 'NONE',  #5403 ) ;
#4562 = ORIENTED_EDGE ( 'NONE', *, *, #2688, .F. ) ;
#4563 = DIRECTION ( 'NONE',  ( 0.000000000000000000, -1.000000000000000000, 0.000000000000000000 ) ) ;
#4564 = EDGE_CURVE ( 'NONE', #5974, #153, #4879, .T. ) ;
#4565 = DIRECTION ( 'NONE',  ( 0.7071067811865474617, -0.7071067811865474617, 0.000000000000000000 ) ) ;
#4566 = FILL_AREA_STYLE ('',( #182 ) ) ;
#4567 = FACE_OUTER_BOUND ( 'NONE', #297, .T. ) ;
#4568 = ORIENTED_EDGE ( 'NONE', *, *, #4466, .F. ) ;
#4569 = ADVANCED_FACE ( 'NONE', ( #2208 ), #951, .T. ) ;
#4570 = DIRECTION ( 'NONE',  ( -1.000000000000000000, 0.000000000000000000, 0.000000000000000000 ) ) ;
#4571 = DIRECTION ( 'NONE',  ( 1.000000000000000000, 0.000000000000000000, 0.000000000000000000 ) ) ;
#4572 =( GEOMETRIC_REPRESENTATION_CONTEXT ( 3 ) GLOBAL_UNCERTAINTY_ASSIGNED_CONTEXT ( ( #6429 ) ) GLOBAL_UNIT_ASSIGNED_CONTEXT ( ( #2939, #2389, #1416 ) ) REPRESENTATION_CONTEXT ( 'NONE', 'WORKASPACE' ) );
#4573 = CYLINDRICAL_SURFACE ( 'NONE', #915, 0.2182106758090371357 ) ;
#4574 = ORIENTED_EDGE ( 'NONE', *, *, #3919, .F. ) ;
#4575 = DIRECTION ( 'NONE',  ( 0.000000000000000000, 1.000000000000000000, 0.000000000000000000 ) ) ;
#4576 = EDGE_CURVE ( 'NONE', #1272, #3510, #5427, .T. ) ;
#4577 = EDGE_LOOP ( 'NONE', ( #6521, #6049, #128, #1684 ) ) ;
#4578 = DIRECTION ( 'NONE',  ( -1.000000000000000000, -9.424643672539529398E-17, -8.966949475172358999E-16 ) ) ;
#4579 = PRESENTATION_LAYER_ASSIGNMENT (  '', '', ( #3432 ) ) ;
#4580 = ORIENTED_EDGE ( 'NONE', *, *, #899, .F. ) ;
#4581 = EDGE_CURVE ( 'NONE', #551, #936, #5908, .T. ) ;
#4582 = SURFACE_STYLE_FILL_AREA ( #5756 ) ;
#4583 = SURFACE_SIDE_STYLE ('',( #3970 ) ) ;
#4584 = VECTOR ( 'NONE', #4437, 1000.000000000000000 ) ;
#4585 = VECTOR ( 'NONE', #6747, 999.9999999999998863 ) ;
#4586 =( GEOMETRIC_REPRESENTATION_CONTEXT ( 3 ) GLOBAL_UNCERTAINTY_ASSIGNED_CONTEXT ( ( #6345 ) ) GLOBAL_UNIT_ASSIGNED_CONTEXT ( ( #2295, #140, #175 ) ) REPRESENTATION_CONTEXT ( 'NONE', 'WORKASPACE' ) );
#4587 = ORIENTED_EDGE ( 'NONE', *, *, #1812, .F. ) ;
#4588 = AXIS2_PLACEMENT_3D ( 'NONE', #1204, #3915, #5665 ) ;
#4590 = ORIENTED_EDGE ( 'NONE', *, *, #571, .T. ) ;
#4589 = CARTESIAN_POINT ( 'NONE',  ( -2.861967654140120221, -1.387778780781450113E-16, 1.119999999999999885 ) ) ;
#4591 = CARTESIAN_POINT ( 'NONE',  ( -2.465000000000000302, -2.135000000000000231, 0.000000000000000000 ) ) ;
#4592 = UNCERTAINTY_MEASURE_WITH_UNIT (LENGTH_MEASURE( 1.000000000000000082E-05 ), #1423, 'distance_accuracy_value', 'NONE');
#4593 = SURFACE_STYLE_FILL_AREA ( #3445 ) ;
#4594 =( LENGTH_UNIT ( ) NAMED_UNIT ( * ) SI_UNIT ( .MILLI., .METRE. ) );
#4595 = PRESENTATION_LAYER_ASSIGNMENT (  '', '', ( #1602 ) ) ;
#4596 = DIRECTION ( 'NONE',  ( 0.000000000000000000, 0.000000000000000000, 1.000000000000000000 ) ) ;
#4597 = PRESENTATION_LAYER_ASSIGNMENT (  '', '', ( #6567 ) ) ;
#4598 = MECHANICAL_DESIGN_GEOMETRIC_PRESENTATION_REPRESENTATION (  '', ( #1246 ), #672 ) ;
#4599 = PRESENTATION_STYLE_ASSIGNMENT (( #2868 ) ) ;
#4600 = DIRECTION ( 'NONE',  ( -1.000000000000000000, 4.550094363217860219E-16, 0.000000000000000000 ) ) ;
#4601 = PRESENTATION_STYLE_ASSIGNMENT (( #666 ) ) ;
#4602 = PRESENTATION_LAYER_ASSIGNMENT (  '', '', ( #121 ) ) ;
#4603 =( LENGTH_UNIT ( ) NAMED_UNIT ( * ) SI_UNIT ( .MILLI., .METRE. ) );
#4604 = CARTESIAN_POINT ( 'NONE',  ( -3.075000000000000178, -0.8149999999999999467, 0.000000000000000000 ) ) ;
#4605 = MECHANICAL_DESIGN_GEOMETRIC_PRESENTATION_REPRESENTATION (  '', ( #2410 ), #7040 ) ;
#4606 = EDGE_CURVE ( 'NONE', #1740, #4996, #7104, .T. ) ;
#4607 = CARTESIAN_POINT ( 'NONE',  ( -0.9650000000000000799, -2.189999999999999947, 0.000000000000000000 ) ) ;
#4608 = ORIENTED_EDGE ( 'NONE', *, *, #5472, .T. ) ;
#4609 = SURFACE_SIDE_STYLE ('',( #2409 ) ) ;
#4610 = LINE ( 'NONE', #257, #4000 ) ;
#4611 = AXIS2_PLACEMENT_3D ( 'NONE', #496, #5436, #3267 ) ;
#4612 = LINE ( 'NONE', #1295, #7140 ) ;
#4613 = PLANE ( 'NONE',  #6813 ) ;
#4614 = ORIENTED_EDGE ( 'NONE', *, *, #832, .T. ) ;
#4615 = DIRECTION ( 'NONE',  ( 0.000000000000000000, -1.000000000000000000, 0.000000000000000000 ) ) ;
#4616 =( GEOMETRIC_REPRESENTATION_CONTEXT ( 3 ) GLOBAL_UNCERTAINTY_ASSIGNED_CONTEXT ( ( #4491 ) ) GLOBAL_UNIT_ASSIGNED_CONTEXT ( ( #4248, #4281, #6990 ) ) REPRESENTATION_CONTEXT ( 'NONE', 'WORKASPACE' ) );
#4617 = CARTESIAN_POINT ( 'NONE',  ( 2.945000000000000284, 2.034999999999999698, 0.000000000000000000 ) ) ;
#4618 = ORIENTED_EDGE ( 'NONE', *, *, #5046, .F. ) ;
#4619 = DIRECTION ( 'NONE',  ( 0.000000000000000000, 0.000000000000000000, 1.000000000000000000 ) ) ;
#4620 = EDGE_LOOP ( 'NONE', ( #2017, #844, #23, #5718 ) ) ;
#4621 = CARTESIAN_POINT ( 'NONE',  ( -0.8299999999999999600, -1.989999999999999991, 0.000000000000000000 ) ) ;
#4622 = VERTEX_POINT ( 'NONE', #3152 ) ;
#4623 = LINE ( 'NONE', #6960, #1858 ) ;
#4624 = ADVANCED_FACE ( 'NONE', ( #3808 ), #3289, .T. ) ;
#4625 = CARTESIAN_POINT ( 'NONE',  ( -1.195000000000000062, 1.989999999999999991, 0.3300000000000000155 ) ) ;
#4626 = EDGE_CURVE ( 'NONE', #7131, #1908, #489, .T. ) ;
#4627 = ORIENTED_EDGE ( 'NONE', *, *, #5735, .F. ) ;
#4628 = VERTEX_POINT ( 'NONE', #5498 ) ;
#4629 = VERTEX_POINT ( 'NONE', #2644 ) ;
#4630 = CARTESIAN_POINT ( 'NONE',  ( -0.8299999999999999600, -2.423826859021799951, 0.3300000000000000155 ) ) ;
#4631 = DIRECTION ( 'NONE',  ( 9.424643672539529398E-17, -1.000000000000000000, 0.000000000000000000 ) ) ;
#4632 = PLANE ( 'NONE',  #451 ) ;
#4633 = AXIS2_PLACEMENT_3D ( 'NONE', #1083, #3290, #5499 ) ;
#4634 = DIRECTION ( 'NONE',  ( 0.000000000000000000, -1.000000000000000000, 0.000000000000000000 ) ) ;
#4635 = ORIENTED_EDGE ( 'NONE', *, *, #5837, .T. ) ;
#4636 = AXIS2_PLACEMENT_3D ( 'NONE', #3504, #4676, #3580 ) ;
#4637 =( NAMED_UNIT ( * ) PLANE_ANGLE_UNIT ( ) SI_UNIT ( $, .RADIAN. ) );
#4638 = SURFACE_STYLE_FILL_AREA ( #2033 ) ;
#4639 =( NAMED_UNIT ( * ) PLANE_ANGLE_UNIT ( ) SI_UNIT ( $, .RADIAN. ) );
#4640 = VECTOR ( 'NONE', #856, 1000.000000000000000 ) ;
#4641 =( NAMED_UNIT ( * ) PLANE_ANGLE_UNIT ( ) SI_UNIT ( $, .RADIAN. ) );
#4642 = ORIENTED_EDGE ( 'NONE', *, *, #3591, .F. ) ;
#4643 = LINE ( 'NONE', #4673, #3041 ) ;
#4644 = CARTESIAN_POINT ( 'NONE',  ( 2.895000000000000018, -0.4550000000000000155, 0.000000000000000000 ) ) ;
#4645 = CARTESIAN_POINT ( 'NONE',  ( -0.5799999999999999600, 2.423826859021799951, 0.000000000000000000 ) ) ;
#4646 = ORIENTED_EDGE ( 'NONE', *, *, #643, .T. ) ;
#4647 = ADVANCED_FACE ( 'NONE', ( #4293 ), #4907, .F. ) ;
#4648 = VECTOR ( 'NONE', #2989, 999.9999999999998863 ) ;
#4649 = CARTESIAN_POINT ( 'NONE',  ( -0.8299999999999999600, 2.423826859021799951, 0.000000000000000000 ) ) ;
#4650 = ORIENTED_EDGE ( 'NONE', *, *, #127, .T. ) ;
#4651 = PRODUCT_DEFINITION ( 'UNKNOWN', '', #4528, #5285 ) ;
#4652 = ORIENTED_EDGE ( 'NONE', *, *, #5925, .F. ) ;
#4653 = ORIENTED_EDGE ( 'NONE', *, *, #6445, .F. ) ;
#4654 = FACE_OUTER_BOUND ( 'NONE', #557, .T. ) ;
#4655 = LINE ( 'NONE', #234, #6847 ) ;
#4656 = ORIENTED_EDGE ( 'NONE', *, *, #1947, .T. ) ;
#4658 = VERTEX_POINT ( 'NONE', #4805 ) ;
#4657 = DIRECTION ( 'NONE',  ( 1.000000000000000000, 0.000000000000000000, 0.000000000000000000 ) ) ;
#4659 = EDGE_CURVE ( 'NONE', #6948, #5127, #6523, .T. ) ;
#4660 = LINE ( 'NONE', #3833, #2755 ) ;
#4661 = SURFACE_STYLE_USAGE ( .BOTH. , #1862 ) ;
#4662 = CARTESIAN_POINT ( 'NONE',  ( -1.195000000000000062, 1.989999999999999991, 0.000000000000000000 ) ) ;
#4663 = CARTESIAN_POINT ( 'NONE',  ( 0.5799999999999999600, -2.423826859021799951, 0.000000000000000000 ) ) ;
#4664 = PLANE ( 'NONE',  #240 ) ;
#4665 = CARTESIAN_POINT ( 'NONE',  ( -2.945000000000000284, -0.5050000000000000044, 0.000000000000000000 ) ) ;
#4666 = UNCERTAINTY_MEASURE_WITH_UNIT (LENGTH_MEASURE( 1.000000000000000082E-05 ), #5884, 'distance_accuracy_value', 'NONE');
#4667 = DIRECTION ( 'NONE',  ( 0.000000000000000000, 0.000000000000000000, 1.000000000000000000 ) ) ;
#4668 = FILL_AREA_STYLE_COLOUR ( '', #2158 ) ;
#4669 = EDGE_CURVE ( 'NONE', #2860, #6805, #3225, .T. ) ;
#4670 = CARTESIAN_POINT ( 'NONE',  ( 2.945000000000000284, -0.8149999999999999467, 0.000000000000000000 ) ) ;
#4671 = LINE ( 'NONE', #6354, #1015 ) ;
#4672 = ORIENTED_EDGE ( 'NONE', *, *, #6617, .F. ) ;
#4673 = CARTESIAN_POINT ( 'NONE',  ( 2.945000000000000284, 1.724999999999999867, 0.3800000000000000044 ) ) ;
#4674 = DIRECTION ( 'NONE',  ( -1.000000000000000000, 0.000000000000000000, 0.000000000000000000 ) ) ;
#4675 = ORIENTED_EDGE ( 'NONE', *, *, #3221, .T. ) ;
#4676 = DIRECTION ( 'NONE',  ( 0.000000000000000000, 0.000000000000000000, 1.000000000000000000 ) ) ;
#4677 = SURFACE_STYLE_FILL_AREA ( #1474 ) ;
#4678 = EDGE_LOOP ( 'NONE', ( #2484, #2967, #1471, #2465 ) ) ;
#4679 = DIRECTION ( 'NONE',  ( 1.000000000000000000, 0.000000000000000000, 0.000000000000000000 ) ) ;
#4680 = LINE ( 'NONE', #3544, #3799 ) ;
#4681 = ORIENTED_EDGE ( 'NONE', *, *, #7076, .T. ) ;
#4682 = UNCERTAINTY_MEASURE_WITH_UNIT (LENGTH_MEASURE( 1.000000000000000082E-05 ), #3749, 'distance_accuracy_value', 'NONE');
#4683 = LINE ( 'NONE', #5896, #6090 ) ;
#4684 = LINE ( 'NONE', #6299, #6115 ) ;
#4685 = AXIS2_PLACEMENT_3D ( 'NONE', #7107, #3292, #7001 ) ;
#4686 = DIRECTION ( 'NONE',  ( -0.7071067811865441310, 0.7071067811865510144, 0.000000000000000000 ) ) ;
#4687 = ORIENTED_EDGE ( 'NONE', *, *, #1941, .F. ) ;
#4688 = EDGE_CURVE ( 'NONE', #2024, #5275, #3763, .T. ) ;
#4689 = EDGE_LOOP ( 'NONE', ( #628, #4733, #6364, #3286 ) ) ;
#4690 = LINE ( 'NONE', #5766, #1014 ) ;
#4691 = ORIENTED_EDGE ( 'NONE', *, *, #4892, .T. ) ;
#4692 = CARTESIAN_POINT ( 'NONE',  ( -3.075000000000000178, -1.775000000000000133, 0.000000000000000000 ) ) ;
#4693 =( LENGTH_UNIT ( ) NAMED_UNIT ( * ) SI_UNIT ( .MILLI., .METRE. ) );
#4694 = STYLED_ITEM ( 'NONE', ( #3500 ), #3198 ) ;
#4695 = PRESENTATION_LAYER_ASSIGNMENT (  '', '', ( #2161 ) ) ;
#4696 = STYLED_ITEM ( 'NONE', ( #2402 ), #2264 ) ;
#4697 = DIRECTION ( 'NONE',  ( 1.000000000000000000, 0.000000000000000000, 0.000000000000000000 ) ) ;
#4698 = UNCERTAINTY_MEASURE_WITH_UNIT (LENGTH_MEASURE( 1.000000000000000082E-05 ), #7045, 'distance_accuracy_value', 'NONE');
#4699 = FACE_OUTER_BOUND ( 'NONE', #305, .T. ) ;
#4700 = DIRECTION ( 'NONE',  ( 0.000000000000000000, 1.000000000000000000, 0.000000000000000000 ) ) ;
#4701 = VECTOR ( 'NONE', #878, 1000.000000000000114 ) ;
#4702 = MECHANICAL_DESIGN_GEOMETRIC_PRESENTATION_REPRESENTATION (  '', ( #4133 ), #7036 ) ;
#4703 = DIRECTION ( 'NONE',  ( 0.000000000000000000, 0.000000000000000000, 1.000000000000000000 ) ) ;
#4704 = UNCERTAINTY_MEASURE_WITH_UNIT (LENGTH_MEASURE( 1.000000000000000082E-05 ), #2433, 'distance_accuracy_value', 'NONE');
#4705 = EDGE_CURVE ( 'NONE', #3854, #5173, #625, .T. ) ;
#4706 = VECTOR ( 'NONE', #2585, 1000.000000000000000 ) ;
#4707 = VECTOR ( 'NONE', #17, 1000.000000000000000 ) ;
#4708 = PLANE ( 'NONE',  #4231 ) ;
#4709 = ORIENTED_EDGE ( 'NONE', *, *, #1945, .T. ) ;
#4710 = PLANE ( 'NONE',  #171 ) ;
#4711 = EDGE_CURVE ( 'NONE', #5952, #212, #1158, .T. ) ;
#4712 = EDGE_CURVE ( 'NONE', #2958, #2140, #2823, .T. ) ;
#4713 =( GEOMETRIC_REPRESENTATION_CONTEXT ( 3 ) GLOBAL_UNCERTAINTY_ASSIGNED_CONTEXT ( ( #3444 ) ) GLOBAL_UNIT_ASSIGNED_CONTEXT ( ( #924, #824, #3125 ) ) REPRESENTATION_CONTEXT ( 'NONE', 'WORKASPACE' ) );
#4714 = FILL_AREA_STYLE ('',( #4824 ) ) ;
#4715 = VECTOR ( 'NONE', #4068, 1000.000000000000000 ) ;
#4716 = ORIENTED_EDGE ( 'NONE', *, *, #4484, .F. ) ;
#4717 = FACE_OUTER_BOUND ( 'NONE', #1663, .T. ) ;
#4718 = VECTOR ( 'NONE', #2721, 1000.000000000000000 ) ;
#4719 = ORIENTED_EDGE ( 'NONE', *, *, #3346, .T. ) ;
#4720 = SURFACE_STYLE_FILL_AREA ( #402 ) ;
#4721 = EDGE_CURVE ( 'NONE', #7023, #1357, #2243, .T. ) ;
#4722 = LINE ( 'NONE', #6849, #1717 ) ;
#4723 = ORIENTED_EDGE ( 'NONE', *, *, #2669, .F. ) ;
#4724 = VECTOR ( 'NONE', #2935, 1000.000000000000000 ) ;
#4725 = LINE ( 'NONE', #4761, #5400 ) ;
#4726 = DIRECTION ( 'NONE',  ( -1.000000000000000000, 0.000000000000000000, 0.000000000000000000 ) ) ;
#4727 = CARTESIAN_POINT ( 'NONE',  ( -2.648310901698897268, 1.934733596112490073, -6.623158270370040235 ) ) ;
#4728 = ORIENTED_EDGE ( 'NONE', *, *, #6294, .T. ) ;
#4729 = VECTOR ( 'NONE', #64, 1000.000000000000000 ) ;
#4731 = ORIENTED_EDGE ( 'NONE', *, *, #1675, .F. ) ;
#4730 = DIRECTION ( 'NONE',  ( 0.000000000000000000, 0.000000000000000000, 1.000000000000000000 ) ) ;
#4732 = LINE ( 'NONE', #811, #6332 ) ;
#4733 = ORIENTED_EDGE ( 'NONE', *, *, #5141, .T. ) ;
#4734 = PRESENTATION_STYLE_ASSIGNMENT (( #6888 ) ) ;
#4735 = CARTESIAN_POINT ( 'NONE',  ( 0.000000000000000000, -2.775557561562889872E-16, 1.119999999999999885 ) ) ;
#4736 = FACE_OUTER_BOUND ( 'NONE', #1101, .T. ) ;
#4737 = EDGE_CURVE ( 'NONE', #6586, #5064, #5024, .T. ) ;
#4739 = DIRECTION ( 'NONE',  ( 1.000000000000000000, 0.000000000000000000, 0.000000000000000000 ) ) ;
#4738 = UNCERTAINTY_MEASURE_WITH_UNIT (LENGTH_MEASURE( 1.000000000000000082E-05 ), #6578, 'distance_accuracy_value', 'NONE');
#4740 = VECTOR ( 'NONE', #952, 999.9999999999998863 ) ;
#4741 = LINE ( 'NONE', #6275, #2856 ) ;
#4742 = LINE ( 'NONE', #2008, #3781 ) ;
#4743 = FILL_AREA_STYLE_COLOUR ( '', #1378 ) ;
#4744 = CARTESIAN_POINT ( 'NONE',  ( 2.465000000000000302, 1.879999999999999893, 0.000000000000000000 ) ) ;
#4745 = CIRCLE ( 'NONE', #6025, 0.2182106758090371357 ) ;
#4746 = SURFACE_SIDE_STYLE ('',( #4139 ) ) ;
#4747 = ORIENTED_EDGE ( 'NONE', *, *, #3187, .T. ) ;
#4748 = CARTESIAN_POINT ( 'NONE',  ( 2.945000000000000284, -2.084999999999999964, 0.000000000000000000 ) ) ;
#4749 = PLANE ( 'NONE',  #563 ) ;
#4750 = ADVANCED_FACE ( 'NONE', ( #6658 ), #4432, .T. ) ;
#4751 = PRESENTATION_LAYER_ASSIGNMENT (  '', '', ( #2218 ) ) ;
#4752 = CARTESIAN_POINT ( 'NONE',  ( -3.075000000000000178, 1.724999999999999867, 0.000000000000000000 ) ) ;
#4753 = ORIENTED_EDGE ( 'NONE', *, *, #370, .F. ) ;
#4754 = DIRECTION ( 'NONE',  ( 0.000000000000000000, -1.000000000000000000, 0.000000000000000000 ) ) ;
#4755 = PRESENTATION_STYLE_ASSIGNMENT (( #5304 ) ) ;
#4756 = ORIENTED_EDGE ( 'NONE', *, *, #6224, .T. ) ;
#4757 = FACE_OUTER_BOUND ( 'NONE', #5531, .T. ) ;
#4758 = ADVANCED_FACE ( 'NONE', ( #2276 ), #1782, .T. ) ;
#4759 = ORIENTED_EDGE ( 'NONE', *, *, #6593, .F. ) ;
#4760 = VECTOR ( 'NONE', #5593, 1000.000000000000000 ) ;
#4761 = CARTESIAN_POINT ( 'NONE',  ( 2.895000000000000018, 2.084999999999999964, 0.3300000000000000155 ) ) ;
#4762 = LINE ( 'NONE', #6329, #3004 ) ;
#4763 = DIRECTION ( 'NONE',  ( 1.000000000000000000, 0.000000000000000000, 0.000000000000000000 ) ) ;
#4764 = ADVANCED_FACE ( 'NONE', ( #1703 ), #6185, .F. ) ;
#4765 = CARTESIAN_POINT ( 'NONE',  ( -2.945000000000000284, -1.775000000000000133, 0.3300000000000000155 ) ) ;
#4766 = EDGE_LOOP ( 'NONE', ( #6791, #4253, #910, #2539, #8, #2269, #2551, #1640 ) ) ;
#4767 = VECTOR ( 'NONE', #2552, 1000.000000000000000 ) ;
#4769 = ORIENTED_EDGE ( 'NONE', *, *, #2869, .F. ) ;
#4768 = SURFACE_STYLE_USAGE ( .BOTH. , #1487 ) ;
#4770 = LINE ( 'NONE', #3115, #5056 ) ;
#4771 = EDGE_LOOP ( 'NONE', ( #5264, #60, #6771, #6411, #4273, #1179, #6487, #1133, #3625, #6577, #3543, #465, #570, #2350, #3545, #3306, #5714, #1488, #1162, #6295, #4209, #19, #4512, #320, #5365, #970, #4108, #1803, #5706, #1746, #1894, #2388, #3659, #6987, #539, #3185, #4656, #2727, #82, #6384, #2047, #2014, #2678, #3332, #5858, #2969, #972, #3898, #2838, #5596, #6067, #4119 ) ) ;
#4772 = CARTESIAN_POINT ( 'NONE',  ( 2.895000000000000018, -2.135000000000000231, 0.000000000000000000 ) ) ;
#4773 = DIRECTION ( 'NONE',  ( 0.000000000000000000, -1.000000000000000000, 0.000000000000000000 ) ) ;
#4774 = SURFACE_STYLE_USAGE ( .BOTH. , #3016 ) ;
#4775 = CARTESIAN_POINT ( 'NONE',  ( -0.2224999999999999756, 1.989999999999999991, 0.000000000000000000 ) ) ;
#4776 = EDGE_CURVE ( 'NONE', #197, #2119, #1814, .T. ) ;
#4777 = FACE_OUTER_BOUND ( 'NONE', #6768, .T. ) ;
#4778 = LINE ( 'NONE', #6461, #594 ) ;
#4779 = CARTESIAN_POINT ( 'NONE',  ( -3.075000000000000178, 1.724999999999999867, 0.000000000000000000 ) ) ;
#4780 = ORIENTED_EDGE ( 'NONE', *, *, #4659, .T. ) ;
#4781 = EDGE_CURVE ( 'NONE', #1302, #4433, #692, .T. ) ;
#4782 = SURFACE_SIDE_STYLE ('',( #3058 ) ) ;
#4783 = LINE ( 'NONE', #3095, #6225 ) ;
#4784 = ORIENTED_EDGE ( 'NONE', *, *, #6800, .F. ) ;
#4785 = PRESENTATION_STYLE_ASSIGNMENT (( #5922 ) ) ;
#4786 = LINE ( 'NONE', #5340, #1724 ) ;
#4787 = ORIENTED_EDGE ( 'NONE', *, *, #1808, .T. ) ;
#4788 = CARTESIAN_POINT ( 'NONE',  ( 2.945000000000000284, 2.034999999999999698, 0.000000000000000000 ) ) ;
#4789 = SURFACE_STYLE_FILL_AREA ( #4312 ) ;
#4790 = EDGE_CURVE ( 'NONE', #2898, #5043, #2895, .T. ) ;
#4791 = ORIENTED_EDGE ( 'NONE', *, *, #7113, .T. ) ;
#4792 =( NAMED_UNIT ( * ) PLANE_ANGLE_UNIT ( ) SI_UNIT ( $, .RADIAN. ) );
#4793 = DIRECTION ( 'NONE',  ( -1.000000000000000000, 0.000000000000000000, 0.000000000000000000 ) ) ;
#4794 = CARTESIAN_POINT ( 'NONE',  ( 3.075000000000000178, 0.7649999999999999023, 0.000000000000000000 ) ) ;
#4795 = EDGE_CURVE ( 'NONE', #1506, #6015, #3325, .T. ) ;
#4796 = PRESENTATION_STYLE_ASSIGNMENT (( #5348 ) ) ;
#4797 = ORIENTED_EDGE ( 'NONE', *, *, #613, .T. ) ;
#4798 = VERTEX_POINT ( 'NONE', #4003 ) ;
#4799 = CARTESIAN_POINT ( 'NONE',  ( -0.9650000000000000799, -1.989999999999999991, 0.3300000000000000155 ) ) ;
#4800 = EDGE_CURVE ( 'NONE', #1857, #2040, #5536, .T. ) ;
#4801 =( GEOMETRIC_REPRESENTATION_CONTEXT ( 3 ) GLOBAL_UNCERTAINTY_ASSIGNED_CONTEXT ( ( #2588 ) ) GLOBAL_UNIT_ASSIGNED_CONTEXT ( ( #3331, #59, #4995 ) ) REPRESENTATION_CONTEXT ( 'NONE', 'WORKASPACE' ) );
#4802 = VERTEX_POINT ( 'NONE', #2565 ) ;
#4803 = LINE ( 'NONE', #2149, #5522 ) ;
#4804 = CARTESIAN_POINT ( 'NONE',  ( -3.075000000000000178, 0.4550000000000000155, 0.3800000000000000044 ) ) ;
#4805 = CARTESIAN_POINT ( 'NONE',  ( -2.465000000000000302, 0.8149999999999999467, 0.3800000000000000044 ) ) ;
#4806 = CARTESIAN_POINT ( 'NONE',  ( -0.9650000000000000799, 1.989999999999999991, 0.000000000000000000 ) ) ;
#4807 = CLOSED_SHELL ( 'NONE', ( #2645, #2908, #4930, #5428, #1634, #5082, #1633, #1159, #7021, #1168 ) ) ;
#4808 = PRESENTATION_LAYER_ASSIGNMENT (  '', '', ( #776 ) ) ;
#4809 = CARTESIAN_POINT ( 'NONE',  ( -2.375000000000000000, 1.334999999999999964, 0.000000000000000000 ) ) ;
#4810 = DIRECTION ( 'NONE',  ( 0.000000000000000000, 1.000000000000000000, 0.000000000000000000 ) ) ;
#4811 = DIRECTION ( 'NONE',  ( 0.000000000000000000, 1.000000000000000000, 0.000000000000000000 ) ) ;
#4812 = LINE ( 'NONE', #4409, #4030 ) ;
#4813 = VECTOR ( 'NONE', #6023, 1000.000000000000000 ) ;
#4814 = DIRECTION ( 'NONE',  ( -1.132880637372609972E-16, 1.000000000000000000, -1.077863926709489990E-15 ) ) ;
#4815 =( GEOMETRIC_REPRESENTATION_CONTEXT ( 3 ) GLOBAL_UNCERTAINTY_ASSIGNED_CONTEXT ( ( #3861 ) ) GLOBAL_UNIT_ASSIGNED_CONTEXT ( ( #984, #2651, #1645 ) ) REPRESENTATION_CONTEXT ( 'NONE', 'WORKASPACE' ) );
#4816 = PRESENTATION_STYLE_ASSIGNMENT (( #3296 ) ) ;
#4817 = PRESENTATION_LAYER_ASSIGNMENT (  '', '', ( #5168 ) ) ;
#4818 = VECTOR ( 'NONE', #4514, 1000.000000000000000 ) ;
#4819 = ORIENTED_EDGE ( 'NONE', *, *, #357, .F. ) ;
#4820 = DIRECTION ( 'NONE',  ( 1.000000000000000000, 0.000000000000000000, 0.000000000000000000 ) ) ;
#4821 = AXIS2_PLACEMENT_3D ( 'NONE', #7080, #2615, #5475 ) ;
#4822 =( NAMED_UNIT ( * ) PLANE_ANGLE_UNIT ( ) SI_UNIT ( $, .RADIAN. ) );
#4823 = ORIENTED_EDGE ( 'NONE', *, *, #6445, .T. ) ;
#4824 = FILL_AREA_STYLE_COLOUR ( '', #2175 ) ;
#4825 = VERTEX_POINT ( 'NONE', #4187 ) ;
#4826 = COLOUR_RGB ( '',0.2862745098039215508, 0.2862745098039215508, 0.2862745098039215508 ) ;
#4827 = STYLED_ITEM ( 'NONE', ( #7096 ), #805 ) ;
#4828 = VECTOR ( 'NONE', #6820, 1000.000000000000000 ) ;
#4829 = EDGE_CURVE ( 'NONE', #2454, #1466, #1918, .T. ) ;
#4830 = DIRECTION ( 'NONE',  ( 0.000000000000000000, 0.000000000000000000, 1.000000000000000000 ) ) ;
#4831 = SURFACE_STYLE_FILL_AREA ( #5554 ) ;
#4832 = ORIENTED_EDGE ( 'NONE', *, *, #623, .T. ) ;
#4833 = FILL_AREA_STYLE ('',( #579 ) ) ;
#4834 = VECTOR ( 'NONE', #5038, 1000.000000000000000 ) ;
#4835 = PRESENTATION_LAYER_ASSIGNMENT (  '', '', ( #3907 ) ) ;
#4836 = PRESENTATION_LAYER_ASSIGNMENT (  '', '', ( #1842 ) ) ;
#4837 = LINE ( 'NONE', #4345, #4027 ) ;
#4838 = ORIENTED_EDGE ( 'NONE', *, *, #3023, .T. ) ;
#4839 = SURFACE_STYLE_FILL_AREA ( #2092 ) ;
#4840 = CARTESIAN_POINT ( 'NONE',  ( -2.465000000000000302, 1.675000000000000044, 0.000000000000000000 ) ) ;
#4841 = VECTOR ( 'NONE', #2829, 1000.000000000000000 ) ;
#4842 =( NAMED_UNIT ( * ) PLANE_ANGLE_UNIT ( ) SI_UNIT ( $, .RADIAN. ) );
#4843 = ORIENTED_EDGE ( 'NONE', *, *, #2341, .F. ) ;
#4844 = CARTESIAN_POINT ( 'NONE',  ( -2.895000000000000018, 0.8149999999999999467, 0.000000000000000000 ) ) ;
#4846 = ORIENTED_EDGE ( 'NONE', *, *, #6408, .T. ) ;
#4845 = DIRECTION ( 'NONE',  ( -1.000000000000000000, 0.000000000000000000, 0.000000000000000000 ) ) ;
#4847 = CARTESIAN_POINT ( 'NONE',  ( 0.5799999999999999600, -2.423826859021799951, 0.000000000000000000 ) ) ;
#4848 = AXIS2_PLACEMENT_3D ( 'NONE', #6584, #513, #4214 ) ;
#4849 = ORIENTED_EDGE ( 'NONE', *, *, #6560, .T. ) ;
#4850 = EDGE_CURVE ( 'NONE', #3394, #4073, #4762, .T. ) ;
#4851 = DIRECTION ( 'NONE',  ( 1.000000000000000000, 0.000000000000000000, 0.000000000000000000 ) ) ;
#4852 = FILL_AREA_STYLE ('',( #4401 ) ) ;
#4853 = SURFACE_STYLE_FILL_AREA ( #1053 ) ;
#4854 = DIRECTION ( 'NONE',  ( -1.132880637372609972E-16, 1.000000000000000000, -1.077863926709489990E-15 ) ) ;
#4855 = DIRECTION ( 'NONE',  ( 1.132880637372609972E-16, -1.000000000000000000, 0.000000000000000000 ) ) ;
#4856 = EDGE_CURVE ( 'NONE', #4213, #1705, #2460, .T. ) ;
#4857 = SURFACE_SIDE_STYLE ('',( #2653 ) ) ;
#4858 = EDGE_CURVE ( 'NONE', #447, #794, #6406, .T. ) ;
#4859 = VERTEX_POINT ( 'NONE', #266 ) ;
#4860 = LINE ( 'NONE', #2658, #7025 ) ;
#4861 = ORIENTED_EDGE ( 'NONE', *, *, #2144, .T. ) ;
#4862 = LINE ( 'NONE', #1066, #2797 ) ;
#4863 = SURFACE_SIDE_STYLE ('',( #2664 ) ) ;
#4864 = EDGE_LOOP ( 'NONE', ( #2431, #3797, #7054, #4993 ) ) ;
#4865 = SURFACE_STYLE_USAGE ( .BOTH. , #2666 ) ;
#4866 =( GEOMETRIC_REPRESENTATION_CONTEXT ( 3 ) GLOBAL_UNCERTAINTY_ASSIGNED_CONTEXT ( ( #2575 ) ) GLOBAL_UNIT_ASSIGNED_CONTEXT ( ( #1733, #5598, #5563 ) ) REPRESENTATION_CONTEXT ( 'NONE', 'WORKASPACE' ) );
#4867 = DIRECTION ( 'NONE',  ( 0.000000000000000000, -1.000000000000000000, 0.000000000000000000 ) ) ;
#4868 = ADVANCED_FACE ( 'NONE', ( #4654 ), #5757, .T. ) ;
#4869 = VERTEX_POINT ( 'NONE', #3652 ) ;
#4870 = CARTESIAN_POINT ( 'NONE',  ( 0.8299999999999999600, -2.575000000000000178, 0.000000000000000000 ) ) ;
#4871 = DIRECTION ( 'NONE',  ( 0.000000000000000000, -1.000000000000000000, 0.000000000000000000 ) ) ;
#4872 = VECTOR ( 'NONE', #5180, 1000.000000000000000 ) ;
#4873 = FILL_AREA_STYLE ('',( #546 ) ) ;
#4874 = SURFACE_STYLE_FILL_AREA ( #2674 ) ;
#4875 = ORIENTED_EDGE ( 'NONE', *, *, #5987, .T. ) ;
#4876 = ORIENTED_EDGE ( 'NONE', *, *, #4286, .F. ) ;
#4877 = VECTOR ( 'NONE', #6094, 1000.000000000000000 ) ;
#4878 = ORIENTED_EDGE ( 'NONE', *, *, #957, .T. ) ;
#4879 = LINE ( 'NONE', #1670, #5784 ) ;
#4880 = FACE_OUTER_BOUND ( 'NONE', #1621, .T. ) ;
#4881 = ORIENTED_EDGE ( 'NONE', *, *, #5492, .T. ) ;
#4882 = EDGE_CURVE ( 'NONE', #80, #342, #2489, .T. ) ;
#4883 = DIRECTION ( 'NONE',  ( 1.000000000000000000, -1.907599698668650031E-16, 0.000000000000000000 ) ) ;
#4884 = PRESENTATION_STYLE_ASSIGNMENT (( #2134 ) ) ;
#4885 = PLANE ( 'NONE',  #2169 ) ;
#4886 = PLANE ( 'NONE',  #3343 ) ;
#4887 = LINE ( 'NONE', #3771, #2548 ) ;
#4888 = EDGE_CURVE ( 'NONE', #2422, #3222, #4684, .T. ) ;
#4889 = VECTOR ( 'NONE', #5145, 1000.000000000000000 ) ;
#4890 = CARTESIAN_POINT ( 'NONE',  ( 0.000000000000000000, 0.000000000000000000, 0.000000000000000000 ) ) ;
#4891 = DIRECTION ( 'NONE',  ( 0.000000000000000000, 0.000000000000000000, 1.000000000000000000 ) ) ;
#4892 = EDGE_CURVE ( 'NONE', #5226, #2821, #1993, .T. ) ;
#4893 = ORIENTED_EDGE ( 'NONE', *, *, #1808, .F. ) ;
#4894 = DIRECTION ( 'NONE',  ( 1.000000000000000000, 0.000000000000000000, 0.000000000000000000 ) ) ;
#4895 = CARTESIAN_POINT ( 'NONE',  ( 2.945000000000000284, -1.775000000000000133, 0.000000000000000000 ) ) ;
#4896 = ORIENTED_EDGE ( 'NONE', *, *, #899, .T. ) ;
#4897 = CARTESIAN_POINT ( 'NONE',  ( -2.945000000000000284, -1.775000000000000133, 0.000000000000000000 ) ) ;
#4898 = ORIENTED_EDGE ( 'NONE', *, *, #2783, .F. ) ;
#4899 = DIRECTION ( 'NONE',  ( 0.000000000000000000, 0.000000000000000000, 1.000000000000000000 ) ) ;
#4900 = CARTESIAN_POINT ( 'NONE',  ( -2.430100225889860521, 1.934733596112490073, 1.119999999999999885 ) ) ;
#4901 = VERTEX_POINT ( 'NONE', #802 ) ;
#4902 = DIRECTION ( 'NONE',  ( 1.000000000000000000, 0.000000000000000000, 0.000000000000000000 ) ) ;
#4903 = ORIENTED_EDGE ( 'NONE', *, *, #2312, .T. ) ;
#4904 = SURFACE_SIDE_STYLE ('',( #1632 ) ) ;
#4905 = EDGE_LOOP ( 'NONE', ( #4536, #2811, #4427, #5965 ) ) ;
#4906 = CARTESIAN_POINT ( 'NONE',  ( -2.945000000000000284, -2.084999999999999964, 0.000000000000000000 ) ) ;
#4907 = PLANE ( 'NONE',  #819 ) ;
#4908 = EDGE_CURVE ( 'NONE', #2748, #2132, #333, .T. ) ;
#4909 = ORIENTED_EDGE ( 'NONE', *, *, #2514, .T. ) ;
#4910 = ORIENTED_EDGE ( 'NONE', *, *, #4856, .F. ) ;
#4911 = SURFACE_STYLE_FILL_AREA ( #4295 ) ;
#4912 = LINE ( 'NONE', #4478, #6215 ) ;
#4913 = FILL_AREA_STYLE_COLOUR ( '', #4482 ) ;
#4914 = LINE ( 'NONE', #3336, #6951 ) ;
#4915 = AXIS2_PLACEMENT_3D ( 'NONE', #6709, #3401, #1747 ) ;
#4916 = VECTOR ( 'NONE', #1903, 1000.000000000000000 ) ;
#4917 =( NAMED_UNIT ( * ) SI_UNIT ( $, .STERADIAN. ) SOLID_ANGLE_UNIT ( ) );
#4918 = CARTESIAN_POINT ( 'NONE',  ( 0.5799999999999999600, -2.575000000000000178, 0.000000000000000000 ) ) ;
#4919 = VECTOR ( 'NONE', #2822, 999.9999999999998863 ) ;
#4920 = VECTOR ( 'NONE', #289, 1000.000000000000000 ) ;
#4921 = PRESENTATION_STYLE_ASSIGNMENT (( #5440 ) ) ;
#4922 = ORIENTED_EDGE ( 'NONE', *, *, #5783, .F. ) ;
#4923 = ADVANCED_FACE ( 'NONE', ( #2529 ), #872, .T. ) ;
#4924 = CARTESIAN_POINT ( 'NONE',  ( -2.465000000000000302, -2.135000000000000231, 0.000000000000000000 ) ) ;
#4925 = COLOUR_RGB ( '',0.2862745098039215508, 0.2862745098039215508, 0.2862745098039215508 ) ;
#4926 = VECTOR ( 'NONE', #6260, 1000.000000000000000 ) ;
#4927 = VECTOR ( 'NONE', #1570, 1000.000000000000000 ) ;
#4928 = STYLED_ITEM ( 'NONE', ( #2181 ), #1352 ) ;
#4929 = EDGE_CURVE ( 'NONE', #2817, #447, #3069, .T. ) ;
#4930 = ADVANCED_FACE ( 'NONE', ( #5270 ), #840, .T. ) ;
#4931 = DIRECTION ( 'NONE',  ( -1.000000000000000000, 0.000000000000000000, 0.000000000000000000 ) ) ;
#4932 = ORIENTED_EDGE ( 'NONE', *, *, #6648, .T. ) ;
#4933 =( LENGTH_UNIT ( ) NAMED_UNIT ( * ) SI_UNIT ( .MILLI., .METRE. ) );
#4934 = COLOUR_RGB ( '',0.2862745098039215508, 0.2862745098039215508, 0.2862745098039215508 ) ;
#4935 = DIRECTION ( 'NONE',  ( 0.7071067811865510144, 0.7071067811865441310, 0.000000000000000000 ) ) ;
#4936 = VECTOR ( 'NONE', #4483, 1000.000000000000000 ) ;
#4937 = MECHANICAL_DESIGN_GEOMETRIC_PRESENTATION_REPRESENTATION (  '', ( #5524 ), #3099 ) ;
#4938 = ORIENTED_EDGE ( 'NONE', *, *, #6750, .T. ) ;
#4939 = MECHANICAL_DESIGN_GEOMETRIC_PRESENTATION_REPRESENTATION (  '', ( #6459 ), #6219 ) ;
#4940 = CARTESIAN_POINT ( 'NONE',  ( 2.895000000000000018, 2.084999999999999964, 0.000000000000000000 ) ) ;
#4941 = CARTESIAN_POINT ( 'NONE',  ( 2.895000000000000018, -0.8649999999999999911, 0.3800000000000000044 ) ) ;
#4942 = UNCERTAINTY_MEASURE_WITH_UNIT (LENGTH_MEASURE( 1.000000000000000082E-05 ), #7014, 'distance_accuracy_value', 'NONE');
#4943 =( GEOMETRIC_REPRESENTATION_CONTEXT ( 3 ) GLOBAL_UNCERTAINTY_ASSIGNED_CONTEXT ( ( #5106 ) ) GLOBAL_UNIT_ASSIGNED_CONTEXT ( ( #1543, #965, #932 ) ) REPRESENTATION_CONTEXT ( 'NONE', 'WORKASPACE' ) );
#4944 = EDGE_CURVE ( 'NONE', #2117, #4901, #4623, .T. ) ;
#4945 = LINE ( 'NONE', #6005, #6217 ) ;
#4946 = VECTOR ( 'NONE', #3505, 1000.000000000000000 ) ;
#4947 = VECTOR ( 'NONE', #4363, 1000.000000000000000 ) ;
#4948 = ORIENTED_EDGE ( 'NONE', *, *, #6198, .T. ) ;
#4949 = DIRECTION ( 'NONE',  ( -0.7071067811865400232, 0.7071067811865550112, 0.000000000000000000 ) ) ;
#4951 = ORIENTED_EDGE ( 'NONE', *, *, #6086, .T. ) ;
#4950 = CARTESIAN_POINT ( 'NONE',  ( 3.075000000000000178, 0.4550000000000000155, 0.000000000000000000 ) ) ;
#4952 = DIRECTION ( 'NONE',  ( 0.000000000000000000, 1.000000000000000000, 0.000000000000000000 ) ) ;
#4953 = ORIENTED_EDGE ( 'NONE', *, *, #98, .F. ) ;
#4954 = VECTOR ( 'NONE', #5504, 999.9999999999998863 ) ;
#4955 = CARTESIAN_POINT ( 'NONE',  ( 2.465000000000000302, 0.4049999999999999711, 0.000000000000000000 ) ) ;
#4956 = AXIS2_PLACEMENT_3D ( 'NONE', #6245, #6134, #5117 ) ;
#4957 = VECTOR ( 'NONE', #1605, 1000.000000000000000 ) ;
#4958 = DIRECTION ( 'NONE',  ( 0.000000000000000000, 1.000000000000000000, 0.000000000000000000 ) ) ;
#4959 = ORIENTED_EDGE ( 'NONE', *, *, #5094, .T. ) ;
#4960 = STYLED_ITEM ( 'NONE', ( #6340 ), #4527 ) ;
#4961 = DIRECTION ( 'NONE',  ( 0.8660254037844390407, -0.4999999999999995004, 0.000000000000000000 ) ) ;
#4962 = LINE ( 'NONE', #25, #4463 ) ;
#4963 = PLANE ( 'NONE',  #2180 ) ;
#4964 = ADVANCED_FACE ( 'NONE', ( #3038 ), #4113, .F. ) ;
#4965 = SURFACE_STYLE_FILL_AREA ( #1088 ) ;
#4966 =( LENGTH_UNIT ( ) NAMED_UNIT ( * ) SI_UNIT ( .MILLI., .METRE. ) );
#4967 = PRESENTATION_LAYER_ASSIGNMENT (  '', '', ( #3588 ) ) ;
#4968 = PLANE ( 'NONE',  #4821 ) ;
#4969 = LINE ( 'NONE', #7114, #5395 ) ;
#4970 = VECTOR ( 'NONE', #1502, 1000.000000000000000 ) ;
#4971 = ORIENTED_EDGE ( 'NONE', *, *, #3435, .T. ) ;
#4972 = PRESENTATION_STYLE_ASSIGNMENT (( #1655 ) ) ;
#4973 =( GEOMETRIC_REPRESENTATION_CONTEXT ( 3 ) GLOBAL_UNCERTAINTY_ASSIGNED_CONTEXT ( ( #2914 ) ) GLOBAL_UNIT_ASSIGNED_CONTEXT ( ( #4693, #2004, #417 ) ) REPRESENTATION_CONTEXT ( 'NONE', 'WORKASPACE' ) );
#4974 = VERTEX_POINT ( 'NONE', #940 ) ;
#4975 = EDGE_CURVE ( 'NONE', #3362, #2419, #6542, .T. ) ;
#4976 = STYLED_ITEM ( 'NONE', ( #3548 ), #5880 ) ;
#4977 = LINE ( 'NONE', #4452, #2159 ) ;
#4978 = ORIENTED_EDGE ( 'NONE', *, *, #7076, .F. ) ;
#4979 = EDGE_CURVE ( 'NONE', #80, #6840, #434, .T. ) ;
#4980 = LINE ( 'NONE', #4538, #477 ) ;
#4981 =( NAMED_UNIT ( * ) SI_UNIT ( $, .STERADIAN. ) SOLID_ANGLE_UNIT ( ) );
#4982 = VECTOR ( 'NONE', #5155, 1000.000000000000000 ) ;
#4983 = DIRECTION ( 'NONE',  ( 0.000000000000000000, 0.000000000000000000, 1.000000000000000000 ) ) ;
#4984 = EDGE_LOOP ( 'NONE', ( #962, #6954, #6656, #1546 ) ) ;
#4985 = DIRECTION ( 'NONE',  ( 0.000000000000000000, 0.000000000000000000, -1.000000000000000000 ) ) ;
#4986 = EDGE_CURVE ( 'NONE', #1740, #2147, #2736, .T. ) ;
#4987 = ORIENTED_EDGE ( 'NONE', *, *, #5153, .F. ) ;
#4988 = ORIENTED_EDGE ( 'NONE', *, *, #4254, .T. ) ;
#4989 = MECHANICAL_DESIGN_GEOMETRIC_PRESENTATION_REPRESENTATION (  '', ( #4404 ), #2106 ) ;
#4990 = ADVANCED_FACE ( 'NONE', ( #5897 ), #3173, .F. ) ;
#4991 = CARTESIAN_POINT ( 'NONE',  ( -2.895000000000000018, -0.4550000000000000155, 0.3300000000000000155 ) ) ;
#4992 = DIRECTION ( 'NONE',  ( 1.000000000000000000, 0.000000000000000000, 0.000000000000000000 ) ) ;
#4993 = ORIENTED_EDGE ( 'NONE', *, *, #5074, .F. ) ;
#4994 = COLOUR_RGB ( '',0.2862745098039215508, 0.2862745098039215508, 0.2862745098039215508 ) ;
#4996 = VERTEX_POINT ( 'NONE', #3209 ) ;
#4995 =( NAMED_UNIT ( * ) SI_UNIT ( $, .STERADIAN. ) SOLID_ANGLE_UNIT ( ) );
#4997 = FILL_AREA_STYLE ('',( #598 ) ) ;
#4998 = DIRECTION ( 'NONE',  ( 1.000000000000000000, 0.000000000000000000, 0.000000000000000000 ) ) ;
#4999 = DIRECTION ( 'NONE',  ( 0.000000000000000000, 0.000000000000000000, 1.000000000000000000 ) ) ;
#5000 = EDGE_CURVE ( 'NONE', #3777, #125, #6434, .T. ) ;
#5001 = CARTESIAN_POINT ( 'NONE',  ( 2.895000000000000018, -1.724999999999999867, 0.000000000000000000 ) ) ;
#5002 = SURFACE_STYLE_USAGE ( .BOTH. , #6277 ) ;
#5003 = DIRECTION ( 'NONE',  ( 0.000000000000000000, 0.000000000000000000, 1.000000000000000000 ) ) ;
#5004 = DIRECTION ( 'NONE',  ( 0.4999999999999995004, 0.8660254037844390407, 0.000000000000000000 ) ) ;
#5005 = DIRECTION ( 'NONE',  ( 1.000000000000000000, 0.000000000000000000, 0.000000000000000000 ) ) ;
#5006 = UNCERTAINTY_MEASURE_WITH_UNIT (LENGTH_MEASURE( 1.000000000000000082E-05 ), #6151, 'distance_accuracy_value', 'NONE');
#5007 = EDGE_CURVE ( 'NONE', #4382, #2173, #1517, .T. ) ;
#5008 = FACE_OUTER_BOUND ( 'NONE', #758, .T. ) ;
#5009 = ORIENTED_EDGE ( 'NONE', *, *, #3329, .T. ) ;
#5010 = CARTESIAN_POINT ( 'NONE',  ( 2.465000000000000302, 0.8149999999999999467, 0.000000000000000000 ) ) ;
#5011 = CARTESIAN_POINT ( 'NONE',  ( -0.9650000000000000799, -1.989999999999999991, 0.000000000000000000 ) ) ;
#5012 = LINE ( 'NONE', #544, #5398 ) ;
#5013 = ORIENTED_EDGE ( 'NONE', *, *, #6453, .F. ) ;
#5014 = LINE ( 'NONE', #4456, #1040 ) ;
#5015 = EDGE_CURVE ( 'NONE', #1521, #212, #2671, .T. ) ;
#5016 = FILL_AREA_STYLE ('',( #2815 ) ) ;
#5017 = FACE_OUTER_BOUND ( 'NONE', #323, .T. ) ;
#5018 = ORIENTED_EDGE ( 'NONE', *, *, #2335, .T. ) ;
#5019 = CARTESIAN_POINT ( 'NONE',  ( -2.465000000000000302, -0.8649999999999999911, 0.000000000000000000 ) ) ;
#5020 = ORIENTED_EDGE ( 'NONE', *, *, #2023, .F. ) ;
#5021 = CARTESIAN_POINT ( 'NONE',  ( -2.945000000000000284, 1.724999999999999867, 0.000000000000000000 ) ) ;
#5022 = ORIENTED_EDGE ( 'NONE', *, *, #2974, .F. ) ;
#5023 = LINE ( 'NONE', #5497, #3312 ) ;
#5024 = LINE ( 'NONE', #4991, #1149 ) ;
#5025 = DIRECTION ( 'NONE',  ( 0.000000000000000000, 0.000000000000000000, -1.000000000000000000 ) ) ;
#5026 = EDGE_LOOP ( 'NONE', ( #754, #4691, #5578, #5833 ) ) ;
#5027 = ADVANCED_FACE ( 'NONE', ( #7094 ), #1041, .T. ) ;
#5028 = EDGE_CURVE ( 'NONE', #1272, #2140, #3795, .T. ) ;
#5030 = VERTEX_POINT ( 'NONE', #7123 ) ;
#5029 =( LENGTH_UNIT ( ) NAMED_UNIT ( * ) SI_UNIT ( .MILLI., .METRE. ) );
#5031 = FACE_OUTER_BOUND ( 'NONE', #3114, .T. ) ;
#5032 = DIRECTION ( 'NONE',  ( 0.000000000000000000, 1.000000000000000000, 0.000000000000000000 ) ) ;
#5033 = PLANE ( 'NONE',  #1142 ) ;
#5034 = CARTESIAN_POINT ( 'NONE',  ( -2.465000000000000302, 2.084999999999999964, 0.000000000000000000 ) ) ;
#5035 = LINE ( 'NONE', #1679, #3789 ) ;
#5036 = FILL_AREA_STYLE ('',( #66 ) ) ;
#5037 = FACE_OUTER_BOUND ( 'NONE', #5534, .T. ) ;
#5038 = DIRECTION ( 'NONE',  ( -1.000000000000000000, 0.000000000000000000, 0.000000000000000000 ) ) ;
#5039 = VECTOR ( 'NONE', #6527, 1000.000000000000000 ) ;
#5040 = CARTESIAN_POINT ( 'NONE',  ( -2.945000000000000284, -1.775000000000000133, 0.000000000000000000 ) ) ;
#5041 = LINE ( 'NONE', #2950, #3110 ) ;
#5042 = VECTOR ( 'NONE', #1051, 999.9999999999998863 ) ;
#5043 = VERTEX_POINT ( 'NONE', #4352 ) ;
#5044 = CARTESIAN_POINT ( 'NONE',  ( 3.075000000000000178, -2.084999999999999964, 0.000000000000000000 ) ) ;
#5045 = EDGE_LOOP ( 'NONE', ( #785, #432, #2717, #5592 ) ) ;
#5046 = EDGE_CURVE ( 'NONE', #2419, #429, #1623, .T. ) ;
#5047 = PLANE ( 'NONE',  #4047 ) ;
#5048 = STYLED_ITEM ( 'NONE', ( #5237 ), #377 ) ;
#5049 = AXIS2_PLACEMENT_3D ( 'NONE', #5146, #207, #3981 ) ;
#5050 = PRESENTATION_STYLE_ASSIGNMENT (( #3426 ) ) ;
#5051 = ORIENTED_EDGE ( 'NONE', *, *, #5645, .T. ) ;
#5052 = CARTESIAN_POINT ( 'NONE',  ( -2.465000000000000302, 0.4049999999999999711, 0.000000000000000000 ) ) ;
#5053 = COLOUR_RGB ( '',0.2862745098039215508, 0.2862745098039215508, 0.2862745098039215508 ) ;
#5054 = ORIENTED_EDGE ( 'NONE', *, *, #3175, .T. ) ;
#5055 = MECHANICAL_DESIGN_GEOMETRIC_PRESENTATION_REPRESENTATION (  '', ( #3204 ), #5979 ) ;
#5056 = VECTOR ( 'NONE', #380, 1000.000000000000000 ) ;
#5057 = AXIS2_PLACEMENT_3D ( 'NONE', #889, #4102, #1942 ) ;
#5058 = LINE ( 'NONE', #3933, #4707 ) ;
#5059 = ORIENTED_EDGE ( 'NONE', *, *, #655, .F. ) ;
#5060 = LINE ( 'NONE', #1157, #101 ) ;
#5061 = CARTESIAN_POINT ( 'NONE',  ( 1.195000000000000062, 1.989999999999999991, 0.3800000000000000044 ) ) ;
#5062 =( GEOMETRIC_REPRESENTATION_CONTEXT ( 3 ) GLOBAL_UNCERTAINTY_ASSIGNED_CONTEXT ( ( #317 ) ) GLOBAL_UNIT_ASSIGNED_CONTEXT ( ( #2633, #4842, #3727 ) ) REPRESENTATION_CONTEXT ( 'NONE', 'WORKASPACE' ) );
#5063 = AXIS2_PLACEMENT_3D ( 'NONE', #6655, #1698, #5571 ) ;
#5064 = VERTEX_POINT ( 'NONE', #719 ) ;
#5066 = ORIENTED_EDGE ( 'NONE', *, *, #3535, .T. ) ;
#5065 = PLANE ( 'NONE',  #1691 ) ;
#5067 = EDGE_CURVE ( 'NONE', #3362, #1410, #5014, .T. ) ;
#5068 = CARTESIAN_POINT ( 'NONE',  ( 0.9650000000000000799, 2.189999999999999947, 0.000000000000000000 ) ) ;
#5069 =( GEOMETRIC_REPRESENTATION_CONTEXT ( 3 ) GLOBAL_UNCERTAINTY_ASSIGNED_CONTEXT ( ( #201 ) ) GLOBAL_UNIT_ASSIGNED_CONTEXT ( ( #4168, #1432, #1905 ) ) REPRESENTATION_CONTEXT ( 'NONE', 'WORKASPACE' ) );
#5070 = VECTOR ( 'NONE', #260, 1000.000000000000000 ) ;
#5071 = VECTOR ( 'NONE', #74, 1000.000000000000000 ) ;
#5072 =( NAMED_UNIT ( * ) PLANE_ANGLE_UNIT ( ) SI_UNIT ( $, .RADIAN. ) );
#5073 = CARTESIAN_POINT ( 'NONE',  ( 0.4450000000000179923, -1.879999999999999893, 0.3800000000000000044 ) ) ;
#5074 = EDGE_CURVE ( 'NONE', #6057, #694, #3423, .T. ) ;
#5075 = AXIS2_PLACEMENT_3D ( 'NONE', #6929, #1971, #1343 ) ;
#5076 = LINE ( 'NONE', #5507, #5983 ) ;
#5077 = PRESENTATION_STYLE_ASSIGNMENT (( #174 ) ) ;
#5078 = SURFACE_STYLE_USAGE ( .BOTH. , #5618 ) ;
#5079 = LINE ( 'NONE', #4604, #6462 ) ;
#5080 = CARTESIAN_POINT ( 'NONE',  ( 2.895000000000000018, 2.084999999999999964, 0.000000000000000000 ) ) ;
#5081 = UNCERTAINTY_MEASURE_WITH_UNIT (LENGTH_MEASURE( 1.000000000000000082E-05 ), #6407, 'distance_accuracy_value', 'NONE');
#5082 = ADVANCED_FACE ( 'NONE', ( #4422 ), #1804, .T. ) ;
#5083 = DIRECTION ( 'NONE',  ( 1.000000000000000000, 0.000000000000000000, 0.000000000000000000 ) ) ;
#5084 = ORIENTED_EDGE ( 'NONE', *, *, #4488, .T. ) ;
#5085 = LINE ( 'NONE', #4532, #5460 ) ;
#5086 = CARTESIAN_POINT ( 'NONE',  ( -2.895000000000000018, 1.675000000000000044, 0.3800000000000000044 ) ) ;
#5087 = ORIENTED_EDGE ( 'NONE', *, *, #3370, .F. ) ;
#5088 = FILL_AREA_STYLE_COLOUR ( '', #1492 ) ;
#5089 = EDGE_LOOP ( 'NONE', ( #4562, #3851, #2641, #2083 ) ) ;
#5090 = CARTESIAN_POINT ( 'NONE',  ( 2.895000000000000018, 1.675000000000000044, 0.3800000000000000044 ) ) ;
#5091 = CARTESIAN_POINT ( 'NONE',  ( 3.075000000000000178, -0.5050000000000000044, 0.000000000000000000 ) ) ;
#5092 = EDGE_LOOP ( 'NONE', ( #725, #3791, #1125, #6213 ) ) ;
#5093 = FILL_AREA_STYLE_COLOUR ( '', #3731 ) ;
#5094 = EDGE_CURVE ( 'NONE', #3777, #89, #2233, .T. ) ;
#5095 = ORIENTED_EDGE ( 'NONE', *, *, #5339, .T. ) ;
#5096 = CARTESIAN_POINT ( 'NONE',  ( -2.945000000000000284, 2.449999999999999734, 0.000000000000000000 ) ) ;
#5097 = ORIENTED_EDGE ( 'NONE', *, *, #208, .F. ) ;
#5098 = DIRECTION ( 'NONE',  ( 0.7071067811865570096, -0.7071067811865380248, 0.000000000000000000 ) ) ;
#5099 = VECTOR ( 'NONE', #803, 1000.000000000000000 ) ;
#5100 = ORIENTED_EDGE ( 'NONE', *, *, #5545, .F. ) ;
#5102 = VERTEX_POINT ( 'NONE', #154 ) ;
#5101 = FACE_OUTER_BOUND ( 'NONE', #4678, .T. ) ;
#5103 = STYLED_ITEM ( 'NONE', ( #4785 ), #6358 ) ;
#5104 = PLANE ( 'NONE',  #1485 ) ;
#5105 = PRODUCT ( 'Vishay SIR186DP-T1-RE3 2.STEP', 'Vishay SIR186DP-T1-RE3 2.STEP', '', ( #3297 ) ) ;
#5106 = UNCERTAINTY_MEASURE_WITH_UNIT (LENGTH_MEASURE( 1.000000000000000082E-05 ), #1543, 'distance_accuracy_value', 'NONE');
#5107 = VERTEX_POINT ( 'NONE', #642 ) ;
#5108 = CARTESIAN_POINT ( 'NONE',  ( -2.945000000000000284, 2.034999999999999698, 0.000000000000000000 ) ) ;
#5109 = ORIENTED_EDGE ( 'NONE', *, *, #1762, .T. ) ;
#5110 = VECTOR ( 'NONE', #687, 1000.000000000000000 ) ;
#5111 = CARTESIAN_POINT ( 'NONE',  ( -2.465000000000000302, -2.135000000000000231, 0.000000000000000000 ) ) ;
#5112 = DIRECTION ( 'NONE',  ( 0.000000000000000000, 1.000000000000000000, 0.000000000000000000 ) ) ;
#5113 = SURFACE_STYLE_FILL_AREA ( #3376 ) ;
#5114 = STYLED_ITEM ( 'NONE', ( #328 ), #6842 ) ;
#5115 = FACE_OUTER_BOUND ( 'NONE', #6944, .T. ) ;
#5116 = EDGE_CURVE ( 'NONE', #839, #6526, #5633, .T. ) ;
#5117 = DIRECTION ( 'NONE',  ( 1.000000000000000000, 0.000000000000000000, 0.000000000000000000 ) ) ;
#5118 = ORIENTED_EDGE ( 'NONE', *, *, #2335, .F. ) ;
#5119 = FACE_OUTER_BOUND ( 'NONE', #291, .T. ) ;
#5120 = LINE ( 'NONE', #4533, #5511 ) ;
#5121 = EDGE_CURVE ( 'NONE', #3194, #6074, #3992, .T. ) ;
#5122 = CARTESIAN_POINT ( 'NONE',  ( 0.5799999999999999600, -2.423826859021799951, 0.000000000000000000 ) ) ;
#5123 = SURFACE_STYLE_FILL_AREA ( #152 ) ;
#5124 = ORIENTED_EDGE ( 'NONE', *, *, #1126, .T. ) ;
#5125 =( NAMED_UNIT ( * ) SI_UNIT ( $, .STERADIAN. ) SOLID_ANGLE_UNIT ( ) );
#5126 = CARTESIAN_POINT ( 'NONE',  ( -2.465000000000000302, -1.879999999999999893, 0.000000000000000000 ) ) ;
#5127 = VERTEX_POINT ( 'NONE', #6101 ) ;
#5128 = PLANE ( 'NONE',  #1772 ) ;
#5129 = ORIENTED_EDGE ( 'NONE', *, *, #2191, .T. ) ;
#5130 = SURFACE_STYLE_FILL_AREA ( #2961 ) ;
#5131 = ORIENTED_EDGE ( 'NONE', *, *, #2558, .T. ) ;
#5132 = SURFACE_STYLE_USAGE ( .BOTH. , #161 ) ;
#5133 = DIRECTION ( 'NONE',  ( 0.000000000000000000, -1.000000000000000000, 0.000000000000000000 ) ) ;
#5134 = LINE ( 'NONE', #2855, #836 ) ;
#5135 = ORIENTED_EDGE ( 'NONE', *, *, #5361, .T. ) ;
#5137 = ORIENTED_EDGE ( 'NONE', *, *, #203, .T. ) ;
#5136 = SURFACE_SIDE_STYLE ('',( #3516 ) ) ;
#5138 = SURFACE_SIDE_STYLE ('',( #2941 ) ) ;
#5139 = PRESENTATION_STYLE_ASSIGNMENT (( #6119 ) ) ;
#5140 = PLANE ( 'NONE',  #4250 ) ;
#5141 = EDGE_CURVE ( 'NONE', #2616, #2316, #5526, .T. ) ;
#5142 = DIRECTION ( 'NONE',  ( 0.000000000000000000, 0.000000000000000000, -1.000000000000000000 ) ) ;
#5143 = DIRECTION ( 'NONE',  ( 1.000000000000000000, 0.000000000000000000, 0.000000000000000000 ) ) ;
#5144 = CARTESIAN_POINT ( 'NONE',  ( 2.945000000000000284, 1.724999999999999867, 0.000000000000000000 ) ) ;
#5145 = DIRECTION ( 'NONE',  ( 0.000000000000000000, 0.000000000000000000, 1.000000000000000000 ) ) ;
#5146 = CARTESIAN_POINT ( 'NONE',  ( -2.757742740085070032, -1.930000000000000160, 0.3300000000000000155 ) ) ;
#5147 = LINE ( 'NONE', #2367, #1496 ) ;
#5148 = LINE ( 'NONE', #4447, #4367 ) ;
#5149 = VERTEX_POINT ( 'NONE', #5678 ) ;
#5150 = FILL_AREA_STYLE ('',( #6977 ) ) ;
#5151 = DIRECTION ( 'NONE',  ( -0.000000000000000000, 1.000000000000000000, 0.000000000000000000 ) ) ;
#5152 = EDGE_CURVE ( 'NONE', #1373, #6232, #683, .T. ) ;
#5153 = EDGE_CURVE ( 'NONE', #5164, #376, #1184, .T. ) ;
#5154 = VERTEX_POINT ( 'NONE', #2265 ) ;
#5155 = DIRECTION ( 'NONE',  ( 0.000000000000000000, 0.000000000000000000, 1.000000000000000000 ) ) ;
#5156 = ADVANCED_FACE ( 'NONE', ( #614 ), #5047, .T. ) ;
#5157 = PRESENTATION_LAYER_ASSIGNMENT (  '', '', ( #4021 ) ) ;
#5158 = DIRECTION ( 'NONE',  ( -1.000000000000000000, 0.000000000000000000, 0.000000000000000000 ) ) ;
#5159 = ORIENTED_EDGE ( 'NONE', *, *, #4453, .T. ) ;
#5160 = DIRECTION ( 'NONE',  ( 0.7071067811865474617, 0.7071067811865474617, 0.000000000000000000 ) ) ;
#5161 = ORIENTED_EDGE ( 'NONE', *, *, #4737, .T. ) ;
#5162 = VECTOR ( 'NONE', #3868, 1000.000000000000000 ) ;
#5163 = MECHANICAL_DESIGN_GEOMETRIC_PRESENTATION_REPRESENTATION (  '', ( #1114 ), #6555 ) ;
#5164 = VERTEX_POINT ( 'NONE', #5090 ) ;
#5165 = DIRECTION ( 'NONE',  ( 0.000000000000000000, -1.000000000000000000, 0.000000000000000000 ) ) ;
#5166 = FILL_AREA_STYLE_COLOUR ( '', #31 ) ;
#5167 = PRESENTATION_LAYER_ASSIGNMENT (  '', '', ( #1477 ) ) ;
#5168 = STYLED_ITEM ( 'NONE', ( #2943 ), #572 ) ;
#5169 = VECTOR ( 'NONE', #3849, 1000.000000000000000 ) ;
#5170 = ORIENTED_EDGE ( 'NONE', *, *, #1222, .F. ) ;
#5171 = COLOUR_RGB ( '',0.2862745098039215508, 0.2862745098039215508, 0.2862745098039215508 ) ;
#5173 = VERTEX_POINT ( 'NONE', #2885 ) ;
#5172 = CARTESIAN_POINT ( 'NONE',  ( 2.465000000000000302, 0.8149999999999999467, 0.3800000000000000044 ) ) ;
#5174 = LINE ( 'NONE', #4630, #3790 ) ;
#5175 = LINE ( 'NONE', #1387, #3203 ) ;
#5176 = PLANE ( 'NONE',  #5075 ) ;
#5177 =( GEOMETRIC_REPRESENTATION_CONTEXT ( 3 ) GLOBAL_UNCERTAINTY_ASSIGNED_CONTEXT ( ( #4704 ) ) GLOBAL_UNIT_ASSIGNED_CONTEXT ( ( #2433, #3976, #850 ) ) REPRESENTATION_CONTEXT ( 'NONE', 'WORKASPACE' ) );
#5178 = VECTOR ( 'NONE', #1708, 1000.000000000000000 ) ;
#5179 = FILL_AREA_STYLE ('',( #6273 ) ) ;
#5180 = DIRECTION ( 'NONE',  ( 0.4999999999999998890, 0.8660254037844387076, 0.000000000000000000 ) ) ;
#5181 = DIRECTION ( 'NONE',  ( 0.000000000000000000, 0.000000000000000000, 1.000000000000000000 ) ) ;
#5182 = AXIS2_PLACEMENT_3D ( 'NONE', #4239, #3135, #1405 ) ;
#5183 =( GEOMETRIC_REPRESENTATION_CONTEXT ( 3 ) GLOBAL_UNCERTAINTY_ASSIGNED_CONTEXT ( ( #4094 ) ) GLOBAL_UNIT_ASSIGNED_CONTEXT ( ( #5904, #6042, #1557 ) ) REPRESENTATION_CONTEXT ( 'NONE', 'WORKASPACE' ) );
#5184 = EDGE_CURVE ( 'NONE', #732, #6887, #4980, .T. ) ;
#5185 = CARTESIAN_POINT ( 'NONE',  ( -2.945000000000000284, -0.8149999999999999467, 0.000000000000000000 ) ) ;
#5186 = VECTOR ( 'NONE', #1389, 1000.000000000000000 ) ;
#5187 = LINE ( 'NONE', #1435, #2172 ) ;
#5188 = ORIENTED_EDGE ( 'NONE', *, *, #1267, .F. ) ;
#5189 = CARTESIAN_POINT ( 'NONE',  ( 2.945000000000000284, 2.034999999999999698, 0.000000000000000000 ) ) ;
#5190 = LINE ( 'NONE', #5628, #6671 ) ;
#5191 = VECTOR ( 'NONE', #5646, 1000.000000000000000 ) ;
#5192 = CARTESIAN_POINT ( 'NONE',  ( -2.465000000000000302, -0.8649999999999999911, 0.000000000000000000 ) ) ;
#5193 = VERTEX_POINT ( 'NONE', #3469 ) ;
#5194 = DIRECTION ( 'NONE',  ( 0.000000000000000000, 1.000000000000000000, 0.000000000000000000 ) ) ;
#5195 = VECTOR ( 'NONE', #3269, 1000.000000000000000 ) ;
#5196 = ADVANCED_FACE ( 'NONE', ( #3387 ), #6141, .F. ) ;
#5197 = EDGE_LOOP ( 'NONE', ( #6205, #5054, #2735, #6632 ) ) ;
#5198 = DIRECTION ( 'NONE',  ( 1.000000000000000000, 0.000000000000000000, 0.000000000000000000 ) ) ;
#5199 = ORIENTED_EDGE ( 'NONE', *, *, #5916, .F. ) ;
#5200 = COLOUR_RGB ( '',0.2862745098039215508, 0.2862745098039215508, 0.2862745098039215508 ) ;
#5201 = VERTEX_POINT ( 'NONE', #3741 ) ;
#5202 = PLANE ( 'NONE',  #1591 ) ;
#5203 = CARTESIAN_POINT ( 'NONE',  ( -1.232500000000000151, 0.8149999999999999467, 0.000000000000000000 ) ) ;
#5204 = CARTESIAN_POINT ( 'NONE',  ( -3.075000000000000178, 0.7649999999999999023, 0.000000000000000000 ) ) ;
#5205 = ADVANCED_FACE ( 'NONE', ( #6941 ), #6393, .F. ) ;
#5206 = VERTEX_POINT ( 'NONE', #5914 ) ;
#5208 = ORIENTED_EDGE ( 'NONE', *, *, #4882, .F. ) ;
#5207 = DIRECTION ( 'NONE',  ( -0.7071067811865441310, -0.7071067811865510144, 0.000000000000000000 ) ) ;
#5209 = DIRECTION ( 'NONE',  ( -0.7071067811865380248, -0.7071067811865570096, 0.000000000000000000 ) ) ;
#5210 = EDGE_CURVE ( 'NONE', #3448, #2930, #186, .T. ) ;
#5211 = DIRECTION ( 'NONE',  ( 1.000000000000000000, 0.000000000000000000, 0.000000000000000000 ) ) ;
#5212 = LINE ( 'NONE', #4662, #3564 ) ;
#5213 = MECHANICAL_DESIGN_GEOMETRIC_PRESENTATION_REPRESENTATION (  '', ( #2673 ), #5687 ) ;
#5214 = LINE ( 'NONE', #6890, #2304 ) ;
#5215 = LINE ( 'NONE', #853, #2320 ) ;
#5216 = AXIS2_PLACEMENT_3D ( 'NONE', #4500, #2926, #3424 ) ;
#5217 =( NAMED_UNIT ( * ) SI_UNIT ( $, .STERADIAN. ) SOLID_ANGLE_UNIT ( ) );
#5218 = DIRECTION ( 'NONE',  ( 1.000000000000000000, 0.000000000000000000, 0.000000000000000000 ) ) ;
#5219 = CARTESIAN_POINT ( 'NONE',  ( 2.945000000000000284, -2.084999999999999964, 0.000000000000000000 ) ) ;
#5220 = LINE ( 'NONE', #6870, #4954 ) ;
#5221 = UNCERTAINTY_MEASURE_WITH_UNIT (LENGTH_MEASURE( 1.000000000000000082E-05 ), #973, 'distance_accuracy_value', 'NONE');
#5222 = AXIS2_PLACEMENT_3D ( 'NONE', #6239, #3490, #5698 ) ;
#5223 = ORIENTED_EDGE ( 'NONE', *, *, #6988, .F. ) ;
#5224 = STYLED_ITEM ( 'NONE', ( #2148 ), #6985 ) ;
#5225 = LINE ( 'NONE', #4752, #3212 ) ;
#5226 = VERTEX_POINT ( 'NONE', #1433 ) ;
#5227 = DIRECTION ( 'NONE',  ( -2.176907891421880063E-15, -1.000000000000000000, 0.000000000000000000 ) ) ;
#5228 = EDGE_CURVE ( 'NONE', #5954, #6135, #5851, .T. ) ;
#5229 = CARTESIAN_POINT ( 'NONE',  ( -2.465000000000000302, 1.879999999999999893, 0.000000000000000000 ) ) ;
#5230 = LINE ( 'NONE', #6953, #4357 ) ;
#5231 = ORIENTED_EDGE ( 'NONE', *, *, #1989, .F. ) ;
#5232 = CARTESIAN_POINT ( 'NONE',  ( -0.5799999999999999600, 2.423826859021799951, 0.000000000000000000 ) ) ;
#5233 = EDGE_LOOP ( 'NONE', ( #1982, #6615, #3029, #2463 ) ) ;
#5234 = ORIENTED_EDGE ( 'NONE', *, *, #1945, .F. ) ;
#5235 = SURFACE_STYLE_FILL_AREA ( #5752 ) ;
#5236 = ORIENTED_EDGE ( 'NONE', *, *, #93, .T. ) ;
#5237 = PRESENTATION_STYLE_ASSIGNMENT (( #1269 ) ) ;
#5238 = SURFACE_STYLE_USAGE ( .BOTH. , #904 ) ;
#5239 = FACE_OUTER_BOUND ( 'NONE', #4474, .T. ) ;
#5240 = EDGE_CURVE ( 'NONE', #595, #1732, #925, .T. ) ;
#5241 = ORIENTED_EDGE ( 'NONE', *, *, #3487, .F. ) ;
#5243 = VERTEX_POINT ( 'NONE', #6974 ) ;
#5242 = CARTESIAN_POINT ( 'NONE',  ( -2.465000000000000302, -2.135000000000000231, 0.000000000000000000 ) ) ;
#5244 = CARTESIAN_POINT ( 'NONE',  ( -2.945000000000000284, 1.724999999999999867, 0.000000000000000000 ) ) ;
#5245 = FACE_OUTER_BOUND ( 'NONE', #5092, .T. ) ;
#5246 = LINE ( 'NONE', #6270, #2753 ) ;
#5247 = EDGE_CURVE ( 'NONE', #5344, #4403, #3671, .T. ) ;
#5248 = DIRECTION ( 'NONE',  ( 1.000000000000000000, 0.000000000000000000, 0.000000000000000000 ) ) ;
#5249 = DIRECTION ( 'NONE',  ( 0.000000000000000000, -1.000000000000000000, 0.000000000000000000 ) ) ;
#5250 = UNCERTAINTY_MEASURE_WITH_UNIT (LENGTH_MEASURE( 1.000000000000000082E-05 ), #315, 'distance_accuracy_value', 'NONE');
#5251 = ORIENTED_EDGE ( 'NONE', *, *, #3842, .F. ) ;
#5252 = EDGE_CURVE ( 'NONE', #6840, #2302, #1536, .T. ) ;
#5253 = LINE ( 'NONE', #1868, #3262 ) ;
#5254 = CARTESIAN_POINT ( 'NONE',  ( -2.465000000000000302, 2.084999999999999964, 0.000000000000000000 ) ) ;
#5255 = PLANE ( 'NONE',  #2417 ) ;
#5256 = PRESENTATION_STYLE_ASSIGNMENT (( #6352 ) ) ;
#5257 = LINE ( 'NONE', #4228, #1362 ) ;
#5258 = VERTEX_POINT ( 'NONE', #2076 ) ;
#5259 = CARTESIAN_POINT ( 'NONE',  ( -0.9650000000000000799, -2.189999999999999947, 0.000000000000000000 ) ) ;
#5260 = CARTESIAN_POINT ( 'NONE',  ( -0.8299999999999999600, -2.575000000000000178, 0.3300000000000000155 ) ) ;
#5261 = DIRECTION ( 'NONE',  ( 1.000000000000000000, 0.000000000000000000, 0.000000000000000000 ) ) ;
#5262 = ORIENTED_EDGE ( 'NONE', *, *, #6062, .T. ) ;
#5263 = LINE ( 'NONE', #324, #4399 ) ;
#5264 = ORIENTED_EDGE ( 'NONE', *, *, #3383, .T. ) ;
#5265 = SURFACE_STYLE_FILL_AREA ( #2522 ) ;
#5266 = EDGE_CURVE ( 'NONE', #4435, #7130, #3087, .T. ) ;
#5267 = ORIENTED_EDGE ( 'NONE', *, *, #682, .T. ) ;
#5268 = UNCERTAINTY_MEASURE_WITH_UNIT (LENGTH_MEASURE( 1.000000000000000082E-05 ), #254, 'distance_accuracy_value', 'NONE');
#5269 = CARTESIAN_POINT ( 'NONE',  ( 2.465000000000000302, -0.4550000000000000155, 0.3800000000000000044 ) ) ;
#5270 = FACE_OUTER_BOUND ( 'NONE', #2332, .T. ) ;
#5271 = AXIS2_PLACEMENT_3D ( 'NONE', #2133, #1564, #2608 ) ;
#5272 = PLANE ( 'NONE',  #1519 ) ;
#5273 = VERTEX_POINT ( 'NONE', #4204 ) ;
#5275 = VERTEX_POINT ( 'NONE', #6421 ) ;
#5274 = CARTESIAN_POINT ( 'NONE',  ( 3.075000000000000178, 0.4550000000000000155, 0.3800000000000000044 ) ) ;
#5276 =( GEOMETRIC_REPRESENTATION_CONTEXT ( 3 ) GLOBAL_UNCERTAINTY_ASSIGNED_CONTEXT ( ( #7010 ) ) GLOBAL_UNIT_ASSIGNED_CONTEXT ( ( #6518, #378, #1523 ) ) REPRESENTATION_CONTEXT ( 'NONE', 'WORKASPACE' ) );
#5277 =( NAMED_UNIT ( * ) PLANE_ANGLE_UNIT ( ) SI_UNIT ( $, .RADIAN. ) );
#5278 = ORIENTED_EDGE ( 'NONE', *, *, #882, .F. ) ;
#5279 = FACE_OUTER_BOUND ( 'NONE', #4043, .T. ) ;
#5280 = SURFACE_STYLE_FILL_AREA ( #816 ) ;
#5281 = CARTESIAN_POINT ( 'NONE',  ( 3.075000000000000178, -0.5050000000000000044, 0.000000000000000000 ) ) ;
#5282 = VECTOR ( 'NONE', #691, 1000.000000000000000 ) ;
#5283 = VECTOR ( 'NONE', #922, 1000.000000000000000 ) ;
#5284 = ADVANCED_FACE ( 'NONE', ( #3159 ), #3126, .T. ) ;
#5285 = PRODUCT_DEFINITION_CONTEXT ( 'detailed design', #874, 'design' ) ;
#5286 = LINE ( 'NONE', #5254, #1195 ) ;
#5287 = CARTESIAN_POINT ( 'NONE',  ( -2.412500000000000089, -1.347499999999999920, 0.000000000000000000 ) ) ;
#5288 = VECTOR ( 'NONE', #6337, 1000.000000000000000 ) ;
#5289 = COLOUR_RGB ( '',0.2862745098039215508, 0.2862745098039215508, 0.2862745098039215508 ) ;
#5290 = MECHANICAL_DESIGN_GEOMETRIC_PRESENTATION_REPRESENTATION (  '', ( #1951 ), #6210 ) ;
#5291 = EDGE_CURVE ( 'NONE', #58, #3117, #4778, .T. ) ;
#5292 = CARTESIAN_POINT ( 'NONE',  ( 2.895000000000000018, 0.8149999999999999467, 0.3800000000000000044 ) ) ;
#5293 = DIRECTION ( 'NONE',  ( 0.000000000000000000, 0.000000000000000000, 1.000000000000000000 ) ) ;
#5294 = AXIS2_PLACEMENT_3D ( 'NONE', #2841, #784, #1325 ) ;
#5295 = EDGE_CURVE ( 'NONE', #394, #5226, #2925, .T. ) ;
#5296 = DIRECTION ( 'NONE',  ( 0.000000000000000000, -1.000000000000000000, 0.000000000000000000 ) ) ;
#5297 = ORIENTED_EDGE ( 'NONE', *, *, #2226, .T. ) ;
#5298 = FACE_OUTER_BOUND ( 'NONE', #6692, .T. ) ;
#5299 = SURFACE_STYLE_FILL_AREA ( #5854 ) ;
#5300 = MECHANICAL_DESIGN_GEOMETRIC_PRESENTATION_REPRESENTATION (  '', ( #4031 ), #351 ) ;
#5301 = AXIS2_PLACEMENT_3D ( 'NONE', #5307, #4867, #1578 ) ;
#5302 = EDGE_LOOP ( 'NONE', ( #6482, #1, #6532, #4876 ) ) ;
#5303 = CARTESIAN_POINT ( 'NONE',  ( 2.945000000000000284, -1.775000000000000133, 0.000000000000000000 ) ) ;
#5304 = SURFACE_STYLE_USAGE ( .BOTH. , #3102 ) ;
#5305 = ORIENTED_EDGE ( 'NONE', *, *, #93, .F. ) ;
#5306 = CARTESIAN_POINT ( 'NONE',  ( 0.4449999999999999512, 1.879999999999999893, 0.000000000000000000 ) ) ;
#5307 = CARTESIAN_POINT ( 'NONE',  ( -2.895000000000000018, -2.135000000000000231, 0.000000000000000000 ) ) ;
#5308 = ORIENTED_EDGE ( 'NONE', *, *, #6400, .T. ) ;
#5309 =( GEOMETRIC_REPRESENTATION_CONTEXT ( 3 ) GLOBAL_UNCERTAINTY_ASSIGNED_CONTEXT ( ( #6268 ) ) GLOBAL_UNIT_ASSIGNED_CONTEXT ( ( #3477, #5609, #730 ) ) REPRESENTATION_CONTEXT ( 'NONE', 'WORKASPACE' ) );
#5310 = PLANE ( 'NONE',  #3780 ) ;
#5311 =( LENGTH_UNIT ( ) NAMED_UNIT ( * ) SI_UNIT ( .MILLI., .METRE. ) );
#5312 = LINE ( 'NONE', #334, #1873 ) ;
#5313 = VECTOR ( 'NONE', #1531, 999.9999999999998863 ) ;
#5314 = EDGE_CURVE ( 'NONE', #3146, #6810, #532, .T. ) ;
#5315 = ORIENTED_EDGE ( 'NONE', *, *, #6309, .F. ) ;
#5316 = COLOUR_RGB ( '',0.2862745098039215508, 0.2862745098039215508, 0.2862745098039215508 ) ;
#5317 = ORIENTED_EDGE ( 'NONE', *, *, #6800, .T. ) ;
#5318 = SURFACE_STYLE_USAGE ( .BOTH. , #1967 ) ;
#5319 = VERTEX_POINT ( 'NONE', #3233 ) ;
#5320 = LINE ( 'NONE', #382, #4701 ) ;
#5321 = DIRECTION ( 'NONE',  ( 0.000000000000000000, -1.000000000000000000, 0.000000000000000000 ) ) ;
#5322 = DIRECTION ( 'NONE',  ( -1.000000000000000000, 0.000000000000000000, 0.000000000000000000 ) ) ;
#5323 = UNCERTAINTY_MEASURE_WITH_UNIT (LENGTH_MEASURE( 1.000000000000000082E-05 ), #71, 'distance_accuracy_value', 'NONE');
#5324 = LINE ( 'NONE', #5733, #2752 ) ;
#5325 = AXIS2_PLACEMENT_3D ( 'NONE', #3280, #4390, #3248 ) ;
#5326 = LINE ( 'NONE', #389, #1592 ) ;
#5327 = CARTESIAN_POINT ( 'NONE',  ( -2.465000000000000302, 1.879999999999999893, 0.000000000000000000 ) ) ;
#5328 = STYLED_ITEM ( 'NONE', ( #4510 ), #5768 ) ;
#5329 = EDGE_CURVE ( 'NONE', #4798, #2384, #6668, .T. ) ;
#5330 = DIRECTION ( 'NONE',  ( 0.000000000000000000, 0.000000000000000000, 1.000000000000000000 ) ) ;
#5331 = ORIENTED_EDGE ( 'NONE', *, *, #52, .F. ) ;
#5332 =( NAMED_UNIT ( * ) SI_UNIT ( $, .STERADIAN. ) SOLID_ANGLE_UNIT ( ) );
#5333 = AXIS2_PLACEMENT_3D ( 'NONE', #4924, #3716, #5227 ) ;
#5334 = EDGE_LOOP ( 'NONE', ( #2834, #2665, #4450, #6596 ) ) ;
#5335 = EDGE_CURVE ( 'NONE', #4421, #6201, #2693, .T. ) ;
#5336 = CARTESIAN_POINT ( 'NONE',  ( 2.465000000000000302, -0.8649999999999999911, 0.3800000000000000044 ) ) ;
#5337 = UNCERTAINTY_MEASURE_WITH_UNIT (LENGTH_MEASURE( 1.000000000000000082E-05 ), #5029, 'distance_accuracy_value', 'NONE');
#5338 = VECTOR ( 'NONE', #4129, 1000.000000000000000 ) ;
#5339 = EDGE_CURVE ( 'NONE', #1466, #1509, #3911, .T. ) ;
#5340 = CARTESIAN_POINT ( 'NONE',  ( 0.9650000000000000799, 1.989999999999999991, 0.3800000000000000044 ) ) ;
#5341 = ORIENTED_EDGE ( 'NONE', *, *, #2983, .T. ) ;
#5342 = PRESENTATION_STYLE_ASSIGNMENT (( #4150 ) ) ;
#5343 = MANIFOLD_SOLID_BREP ( 'Trans_Vishay_SIR681DP-T1-RE3_eec.STEP<1>[3]', #4807 ) ;
#5344 = VERTEX_POINT ( 'NONE', #1677 ) ;
#5345 = FACE_OUTER_BOUND ( 'NONE', #5420, .T. ) ;
#5346 = DIRECTION ( 'NONE',  ( 0.000000000000000000, 0.000000000000000000, -1.000000000000000000 ) ) ;
#5347 = LINE ( 'NONE', #479, #1648 ) ;
#5348 = SURFACE_STYLE_USAGE ( .BOTH. , #410 ) ;
#5349 = ORIENTED_EDGE ( 'NONE', *, *, #998, .F. ) ;
#5350 = AXIS2_PLACEMENT_3D ( 'NONE', #1569, #535, #929 ) ;
#5352 = ORIENTED_EDGE ( 'NONE', *, *, #6026, .T. ) ;
#5351 = DIRECTION ( 'NONE',  ( 0.000000000000000000, 1.000000000000000000, 0.000000000000000000 ) ) ;
#5353 = DIRECTION ( 'NONE',  ( 0.000000000000000000, 0.000000000000000000, 1.000000000000000000 ) ) ;
#5354 = ORIENTED_EDGE ( 'NONE', *, *, #2956, .T. ) ;
#5355 = SURFACE_SIDE_STYLE ('',( #6444 ) ) ;
#5356 = DIRECTION ( 'NONE',  ( 1.000000000000000000, 0.000000000000000000, 0.000000000000000000 ) ) ;
#5357 = CARTESIAN_POINT ( 'NONE',  ( 0.5799999999999999600, 2.575000000000000178, 0.000000000000000000 ) ) ;
#5358 = FILL_AREA_STYLE_COLOUR ( '', #26 ) ;
#5359 =( NAMED_UNIT ( * ) SI_UNIT ( $, .STERADIAN. ) SOLID_ANGLE_UNIT ( ) );
#5360 = FACE_OUTER_BOUND ( 'NONE', #1444, .T. ) ;
#5361 = EDGE_CURVE ( 'NONE', #5991, #3854, #2110, .T. ) ;
#5362 = DIRECTION ( 'NONE',  ( -0.7071067811865550112, 0.7071067811865400232, 0.000000000000000000 ) ) ;
#5363 = FILL_AREA_STYLE ('',( #318 ) ) ;
#5364 = FACE_OUTER_BOUND ( 'NONE', #5302, .T. ) ;
#5365 = ORIENTED_EDGE ( 'NONE', *, *, #1411, .T. ) ;
#5366 = SURFACE_STYLE_USAGE ( .BOTH. , #4782 ) ;
#5367 = ORIENTED_EDGE ( 'NONE', *, *, #3735, .F. ) ;
#5368 =( LENGTH_UNIT ( ) NAMED_UNIT ( * ) SI_UNIT ( .MILLI., .METRE. ) );
#5369 = PLANE ( 'NONE',  #4243 ) ;
#5370 = EDGE_LOOP ( 'NONE', ( #3991, #303, #3433, #6627 ) ) ;
#5371 = LINE ( 'NONE', #4788, #2577 ) ;
#5372 = EDGE_CURVE ( 'NONE', #1263, #4180, #6078, .T. ) ;
#5373 = EDGE_CURVE ( 'NONE', #164, #413, #4914, .T. ) ;
#5374 = ORIENTED_EDGE ( 'NONE', *, *, #3591, .T. ) ;
#5375 = EDGE_CURVE ( 'NONE', #6257, #4534, #4887, .T. ) ;
#5376 = CARTESIAN_POINT ( 'NONE',  ( -2.945000000000000284, 0.7649999999999999023, 0.3300000000000000155 ) ) ;
#5377 =( LENGTH_UNIT ( ) NAMED_UNIT ( * ) SI_UNIT ( .MILLI., .METRE. ) );
#5378 = ORIENTED_EDGE ( 'NONE', *, *, #5699, .T. ) ;
#5379 = CARTESIAN_POINT ( 'NONE',  ( 0.000000000000000000, -2.449999999999999734, 0.3300000000000000155 ) ) ;
#5380 = EDGE_LOOP ( 'NONE', ( #2408, #3238, #7106, #5542 ) ) ;
#5381 = DIRECTION ( 'NONE',  ( 0.000000000000000000, 0.000000000000000000, 1.000000000000000000 ) ) ;
#5382 = EDGE_CURVE ( 'NONE', #5968, #6254, #2801, .T. ) ;
#5384 = VERTEX_POINT ( 'NONE', #1061 ) ;
#5383 = CARTESIAN_POINT ( 'NONE',  ( -2.465000000000000302, -0.8649999999999999911, 0.000000000000000000 ) ) ;
#5385 = DIRECTION ( 'NONE',  ( 0.7071067811865475727, -0.7071067811865475727, 0.000000000000000000 ) ) ;
#5386 = ORIENTED_EDGE ( 'NONE', *, *, #4392, .F. ) ;
#5387 = EDGE_CURVE ( 'NONE', #1331, #1032, #5505, .T. ) ;
#5388 = CARTESIAN_POINT ( 'NONE',  ( 2.465000000000000302, -0.8649999999999999911, 0.3300000000000000155 ) ) ;
#5389 = CARTESIAN_POINT ( 'NONE',  ( 0.4450000000000179923, -1.879999999999999893, 0.000000000000000000 ) ) ;
#5390 = CARTESIAN_POINT ( 'NONE',  ( 3.075000000000000178, -2.084999999999999964, 0.3800000000000000044 ) ) ;
#5391 = COLOUR_RGB ( '',0.2862745098039215508, 0.2862745098039215508, 0.2862745098039215508 ) ;
#5392 = LINE ( 'NONE', #5468, #3305 ) ;
#5393 = CARTESIAN_POINT ( 'NONE',  ( 2.945000000000000284, 2.449999999999999734, 0.000000000000000000 ) ) ;
#5394 = LINE ( 'NONE', #4296, #3111 ) ;
#5395 = VECTOR ( 'NONE', #3235, 1000.000000000000000 ) ;
#5396 = DIRECTION ( 'NONE',  ( 0.000000000000000000, -1.000000000000000000, 0.000000000000000000 ) ) ;
#5397 = ADVANCED_FACE ( 'NONE', ( #5473 ), #2722, .F. ) ;
#5398 = VECTOR ( 'NONE', #2193, 1000.000000000000000 ) ;
#5399 = FILL_AREA_STYLE ('',( #420 ) ) ;
#5400 = VECTOR ( 'NONE', #1550, 999.9999999999998863 ) ;
#5401 = ORIENTED_EDGE ( 'NONE', *, *, #2783, .T. ) ;
#5402 = DIRECTION ( 'NONE',  ( 0.000000000000000000, 0.000000000000000000, 1.000000000000000000 ) ) ;
#5403 = AXIS2_PLACEMENT_3D ( 'NONE', #6724, #746, #1763 ) ;
#5404 = CARTESIAN_POINT ( 'NONE',  ( -2.465000000000000302, 2.084999999999999964, 0.3800000000000000044 ) ) ;
#5405 =( NAMED_UNIT ( * ) SI_UNIT ( $, .STERADIAN. ) SOLID_ANGLE_UNIT ( ) );
#5406 = ORIENTED_EDGE ( 'NONE', *, *, #654, .T. ) ;
#5407 = AXIS2_PLACEMENT_3D ( 'NONE', #757, #870, #1915 ) ;
#5408 = FACE_OUTER_BOUND ( 'NONE', #2217, .T. ) ;
#5409 = VERTEX_POINT ( 'NONE', #1316 ) ;
#5410 = DIRECTION ( 'NONE',  ( 0.000000000000000000, 1.000000000000000000, 0.000000000000000000 ) ) ;
#5411 = VECTOR ( 'NONE', #4703, 1000.000000000000000 ) ;
#5412 = MECHANICAL_DESIGN_GEOMETRIC_PRESENTATION_REPRESENTATION (  '', ( #121 ), #1026 ) ;
#5413 = COLOUR_RGB ( '',0.2862745098039215508, 0.2862745098039215508, 0.2862745098039215508 ) ;
#5414 = SURFACE_STYLE_USAGE ( .BOTH. , #6476 ) ;
#5415 = VERTEX_POINT ( 'NONE', #1790 ) ;
#5416 = FILL_AREA_STYLE ('',( #3754 ) ) ;
#5417 = DIRECTION ( 'NONE',  ( -1.000000000000000000, 0.000000000000000000, 0.000000000000000000 ) ) ;
#5418 = VECTOR ( 'NONE', #661, 1000.000000000000000 ) ;
#5419 = DIRECTION ( 'NONE',  ( 4.550094363217860219E-16, 1.000000000000000000, 0.000000000000000000 ) ) ;
#5420 = EDGE_LOOP ( 'NONE', ( #4455, #519, #5317, #3879 ) ) ;
#5421 = FACE_OUTER_BOUND ( 'NONE', #4342, .T. ) ;
#5423 = ORIENTED_EDGE ( 'NONE', *, *, #1095, .T. ) ;
#5422 = FILL_AREA_STYLE ('',( #3217 ) ) ;
#5424 = LINE ( 'NONE', #2747, #3682 ) ;
#5425 = VECTOR ( 'NONE', #2167, 1000.000000000000000 ) ;
#5426 = VERTEX_POINT ( 'NONE', #740 ) ;
#5427 = LINE ( 'NONE', #2067, #3582 ) ;
#5428 = ADVANCED_FACE ( 'NONE', ( #6237 ), #5583, .T. ) ;
#5429 = CARTESIAN_POINT ( 'NONE',  ( -2.895000000000000018, -1.724999999999999867, 0.000000000000000000 ) ) ;
#5430 = VECTOR ( 'NONE', #5879, 1000.000000000000000 ) ;
#5431 = ORIENTED_EDGE ( 'NONE', *, *, #98, .T. ) ;
#5432 = EDGE_CURVE ( 'NONE', #7130, #4433, #1169, .T. ) ;
#5433 = CARTESIAN_POINT ( 'NONE',  ( 2.387499999999999734, -1.372500000000000053, 0.000000000000000000 ) ) ;
#5434 = CARTESIAN_POINT ( 'NONE',  ( 0.8299999999999999600, 2.423826859021799951, 0.3800000000000000044 ) ) ;
#5435 = COLOUR_RGB ( '',0.2862745098039215508, 0.2862745098039215508, 0.2862745098039215508 ) ;
#5436 = DIRECTION ( 'NONE',  ( 1.000000000000000000, 0.000000000000000000, 0.000000000000000000 ) ) ;
#5437 = DIRECTION ( 'NONE',  ( 1.000000000000000000, 0.000000000000000000, 0.000000000000000000 ) ) ;
#5438 = SURFACE_SIDE_STYLE ('',( #2767 ) ) ;
#5439 = DIRECTION ( 'NONE',  ( 0.000000000000000000, 0.000000000000000000, 1.000000000000000000 ) ) ;
#5440 = SURFACE_STYLE_USAGE ( .BOTH. , #2771 ) ;
#5441 = ORIENTED_EDGE ( 'NONE', *, *, #5839, .T. ) ;
#5442 = MECHANICAL_DESIGN_GEOMETRIC_PRESENTATION_REPRESENTATION (  '', ( #5328 ), #6380 ) ;
#5443 = CARTESIAN_POINT ( 'NONE',  ( 2.465000000000000302, 0.8149999999999999467, 0.000000000000000000 ) ) ;
#5444 = ORIENTED_EDGE ( 'NONE', *, *, #3802, .T. ) ;
#5445 = CARTESIAN_POINT ( 'NONE',  ( -2.945000000000000284, 0.4550000000000000155, 0.000000000000000000 ) ) ;
#5446 = AXIS2_PLACEMENT_3D ( 'NONE', #4900, #1551, #3756 ) ;
#5447 = FILL_AREA_STYLE_COLOUR ( '', #4340 ) ;
#5448 = ORIENTED_EDGE ( 'NONE', *, *, #3912, .F. ) ;
#5449 = EDGE_CURVE ( 'NONE', #4382, #3222, #6783, .T. ) ;
#5450 = DIRECTION ( 'NONE',  ( 1.000000000000000000, -4.550094363217860219E-16, 0.000000000000000000 ) ) ;
#5451 = CARTESIAN_POINT ( 'NONE',  ( 2.465000000000000302, 0.4049999999999999711, 0.000000000000000000 ) ) ;
#5452 = VECTOR ( 'NONE', #4985, 1000.000000000000000 ) ;
#5453 = FACE_OUTER_BOUND ( 'NONE', #4218, .T. ) ;
#5454 = UNCERTAINTY_MEASURE_WITH_UNIT (LENGTH_MEASURE( 1.000000000000000082E-05 ), #4347, 'distance_accuracy_value', 'NONE');
#5455 = CARTESIAN_POINT ( 'NONE',  ( 0.5799999999999999600, 2.575000000000000178, 0.000000000000000000 ) ) ;
#5456 = VERTEX_POINT ( 'NONE', #6122 ) ;
#5457 = CARTESIAN_POINT ( 'NONE',  ( -2.895000000000000018, -0.4550000000000000155, 0.000000000000000000 ) ) ;
#5459 = ORIENTED_EDGE ( 'NONE', *, *, #2750, .F. ) ;
#5458 = CARTESIAN_POINT ( 'NONE',  ( -2.465000000000000302, 0.4049999999999999711, 0.3800000000000000044 ) ) ;
#5460 = VECTOR ( 'NONE', #2338, 999.9999999999998863 ) ;
#5461 = CARTESIAN_POINT ( 'NONE',  ( -2.945000000000000284, 1.724999999999999867, 0.000000000000000000 ) ) ;
#5462 = ORIENTED_EDGE ( 'NONE', *, *, #2983, .F. ) ;
#5463 = LINE ( 'NONE', #6657, #96 ) ;
#5464 = SURFACE_STYLE_FILL_AREA ( #4852 ) ;
#5465 = SURFACE_STYLE_USAGE ( .BOTH. , #1529 ) ;
#5466 = VERTEX_POINT ( 'NONE', #3946 ) ;
#5467 = ORIENTED_EDGE ( 'NONE', *, *, #703, .F. ) ;
#5468 = CARTESIAN_POINT ( 'NONE',  ( -2.945000000000000284, 1.224999999999999867, 0.3300000000000040123 ) ) ;
#5469 = LINE ( 'NONE', #7139, #6218 ) ;
#5470 = ADVANCED_FACE ( 'NONE', ( #3372 ), #6712, .F. ) ;
#5471 = CARTESIAN_POINT ( 'NONE',  ( -2.945000000000000284, -2.449999999999999734, 0.000000000000000000 ) ) ;
#5472 = EDGE_CURVE ( 'NONE', #737, #5415, #1821, .T. ) ;
#5473 = FACE_OUTER_BOUND ( 'NONE', #4905, .T. ) ;
#5474 = ADVANCED_FACE ( 'NONE', ( #631 ), #6193, .T. ) ;
#5475 = DIRECTION ( 'NONE',  ( 0.000000000000000000, 0.000000000000000000, -1.000000000000000000 ) ) ;
#5476 = LINE ( 'NONE', #1650, #2051 ) ;
#5477 = CARTESIAN_POINT ( 'NONE',  ( -1.195000000000000062, 1.989999999999999991, 0.000000000000000000 ) ) ;
#5478 = EDGE_LOOP ( 'NONE', ( #3386, #2385, #5790, #3753 ) ) ;
#5479 = EDGE_CURVE ( 'NONE', #4433, #6994, #2325, .T. ) ;
#5480 = LINE ( 'NONE', #2587, #3611 ) ;
#5481 = DIRECTION ( 'NONE',  ( 0.000000000000000000, 0.000000000000000000, 1.000000000000000000 ) ) ;
#5482 = VERTEX_POINT ( 'NONE', #5034 ) ;
#5483 = FILL_AREA_STYLE_COLOUR ( '', #4074 ) ;
#5484 = MANIFOLD_SOLID_BREP ( 'Trans_Vishay_SIR681DP-T1-RE3_eec.STEP<1>', #3304 ) ;
#5485 = SURFACE_STYLE_FILL_AREA ( #580 ) ;
#5486 = ORIENTED_EDGE ( 'NONE', *, *, #6766, .T. ) ;
#5487 = DIRECTION ( 'NONE',  ( 0.000000000000000000, 0.000000000000000000, 1.000000000000000000 ) ) ;
#5488 = CARTESIAN_POINT ( 'NONE',  ( -0.4449999999999999512, -1.989999999999999991, 0.3300000000000000155 ) ) ;
#5489 = CARTESIAN_POINT ( 'NONE',  ( -3.075000000000000178, -0.5050000000000000044, 0.3800000000000000044 ) ) ;
#5490 = VERTEX_POINT ( 'NONE', #768 ) ;
#5491 = PLANE ( 'NONE',  #1418 ) ;
#5492 = EDGE_CURVE ( 'NONE', #1705, #5519, #95, .T. ) ;
#5494 = ORIENTED_EDGE ( 'NONE', *, *, #6917, .F. ) ;
#5493 = DIRECTION ( 'NONE',  ( 0.000000000000000000, 1.000000000000000000, 0.000000000000000000 ) ) ;
#5495 = PRESENTATION_STYLE_ASSIGNMENT (( #6590 ) ) ;
#5496 = ORIENTED_EDGE ( 'NONE', *, *, #923, .T. ) ;
#5497 = CARTESIAN_POINT ( 'NONE',  ( 1.195000000000000062, -1.989999999999999991, 0.3800000000000000044 ) ) ;
#5498 = CARTESIAN_POINT ( 'NONE',  ( -0.9650000000000000799, -2.189999999999999947, 0.3300000000000000155 ) ) ;
#5499 = DIRECTION ( 'NONE',  ( 0.000000000000000000, 0.000000000000000000, 1.000000000000000000 ) ) ;
#5500 = ORIENTED_EDGE ( 'NONE', *, *, #5513, .T. ) ;
#5501 = DIRECTION ( 'NONE',  ( 1.000000000000000000, 0.000000000000000000, 0.000000000000000000 ) ) ;
#5502 =( NAMED_UNIT ( * ) SI_UNIT ( $, .STERADIAN. ) SOLID_ANGLE_UNIT ( ) );
#5503 = CARTESIAN_POINT ( 'NONE',  ( -2.430100225889860521, 1.934733596112490073, 1.119900000000000118 ) ) ;
#5504 = DIRECTION ( 'NONE',  ( 0.7071067811865441310, 0.7071067811865510144, 0.000000000000000000 ) ) ;
#5505 = LINE ( 'NONE', #6601, #5195 ) ;
#5506 = EDGE_CURVE ( 'NONE', #5426, #2280, #6306, .T. ) ;
#5507 = CARTESIAN_POINT ( 'NONE',  ( 1.752499999999999947, 0.5324999999999999734, 0.000000000000000000 ) ) ;
#5508 = LINE ( 'NONE', #7046, #1828 ) ;
#5509 = EDGE_CURVE ( 'NONE', #1258, #5882, #7031, .T. ) ;
#5510 = COLOUR_RGB ( '',0.2862745098039215508, 0.2862745098039215508, 0.2862745098039215508 ) ;
#5511 = VECTOR ( 'NONE', #2953, 1000.000000000000000 ) ;
#5512 = ORIENTED_EDGE ( 'NONE', *, *, #2723, .F. ) ;
#5513 = EDGE_CURVE ( 'NONE', #2205, #1292, #7000, .T. ) ;
#5514 = SURFACE_STYLE_FILL_AREA ( #6608 ) ;
#5515 =( GEOMETRIC_REPRESENTATION_CONTEXT ( 3 ) GLOBAL_UNCERTAINTY_ASSIGNED_CONTEXT ( ( #1044 ) ) GLOBAL_UNIT_ASSIGNED_CONTEXT ( ( #1279, #5072, #136 ) ) REPRESENTATION_CONTEXT ( 'NONE', 'WORKASPACE' ) );
#5516 = PRESENTATION_LAYER_ASSIGNMENT (  '', '', ( #4008 ) ) ;
#5517 = VECTOR ( 'NONE', #6717, 1000.000000000000000 ) ;
#5518 = FILL_AREA_STYLE ('',( #6576 ) ) ;
#5519 = VERTEX_POINT ( 'NONE', #6448 ) ;
#5520 = EDGE_CURVE ( 'NONE', #877, #6654, #5868, .T. ) ;
#5521 = FACE_OUTER_BOUND ( 'NONE', #861, .T. ) ;
#5522 = VECTOR ( 'NONE', #1491, 1000.000000000000000 ) ;
#5523 = FACE_OUTER_BOUND ( 'NONE', #6394, .T. ) ;
#5524 = STYLED_ITEM ( 'NONE', ( #4884 ), #2462 ) ;
#5525 = ORIENTED_EDGE ( 'NONE', *, *, #4776, .F. ) ;
#5526 = LINE ( 'NONE', #77, #1622 ) ;
#5527 = PRESENTATION_STYLE_ASSIGNMENT (( #3993 ) ) ;
#5528 =( GEOMETRIC_REPRESENTATION_CONTEXT ( 3 ) GLOBAL_UNCERTAINTY_ASSIGNED_CONTEXT ( ( #1277 ) ) GLOBAL_UNIT_ASSIGNED_CONTEXT ( ( #1676, #3739, #3294 ) ) REPRESENTATION_CONTEXT ( 'NONE', 'WORKASPACE' ) );
#5529 = CARTESIAN_POINT ( 'NONE',  ( 2.895000000000000018, -1.724999999999999867, 0.3800000000000000044 ) ) ;
#5530 =( GEOMETRIC_REPRESENTATION_CONTEXT ( 3 ) GLOBAL_UNCERTAINTY_ASSIGNED_CONTEXT ( ( #3281 ) ) GLOBAL_UNIT_ASSIGNED_CONTEXT ( ( #3649, #3620, #4046 ) ) REPRESENTATION_CONTEXT ( 'NONE', 'WORKASPACE' ) );
#5531 = EDGE_LOOP ( 'NONE', ( #1544, #3396, #6105, #1997 ) ) ;
#5532 = ORIENTED_EDGE ( 'NONE', *, *, #5802, .T. ) ;
#5533 = DIRECTION ( 'NONE',  ( -1.000000000000000000, 0.000000000000000000, 0.000000000000000000 ) ) ;
#5534 = EDGE_LOOP ( 'NONE', ( #6033, #4672, #3509, #1635, #4207, #4753, #6281, #1916, #193, #549, #5725, #4110 ) ) ;
#5535 = VECTOR ( 'NONE', #419, 1000.000000000000000 ) ;
#5536 = LINE ( 'NONE', #592, #1616 ) ;
#5537 = EDGE_CURVE ( 'NONE', #875, #5954, #1929, .T. ) ;
#5538 = DIRECTION ( 'NONE',  ( 0.7071067811865475727, -0.7071067811865475727, 0.000000000000000000 ) ) ;
#5539 = ORIENTED_EDGE ( 'NONE', *, *, #3346, .F. ) ;
#5540 = VECTOR ( 'NONE', #6495, 1000.000000000000000 ) ;
#5542 = ORIENTED_EDGE ( 'NONE', *, *, #2468, .T. ) ;
#5541 = CARTESIAN_POINT ( 'NONE',  ( -0.5799999999999999600, -2.423826859021799951, 0.000000000000000000 ) ) ;
#5543 = DIRECTION ( 'NONE',  ( 1.000000000000000000, 0.000000000000000000, 0.000000000000000000 ) ) ;
#5544 = CARTESIAN_POINT ( 'NONE',  ( -2.945000000000000284, 1.724999999999999867, 0.3800000000000000044 ) ) ;
#5545 = EDGE_CURVE ( 'NONE', #3777, #936, #817, .T. ) ;
#5546 = SURFACE_STYLE_USAGE ( .BOTH. , #1647 ) ;
#5547 = VECTOR ( 'NONE', #4899, 1000.000000000000000 ) ;
#5548 = CARTESIAN_POINT ( 'NONE',  ( -2.895000000000000018, -0.4550000000000000155, 0.3800000000000000044 ) ) ;
#5549 = CARTESIAN_POINT ( 'NONE',  ( 0.5799999999999999600, 2.423826859021799951, 0.3800000000000000044 ) ) ;
#5550 =( GEOMETRIC_REPRESENTATION_CONTEXT ( 3 ) GLOBAL_UNCERTAINTY_ASSIGNED_CONTEXT ( ( #6168 ) ) GLOBAL_UNIT_ASSIGNED_CONTEXT ( ( #2506, #355, #5125 ) ) REPRESENTATION_CONTEXT ( 'NONE', 'WORKASPACE' ) );
#5551 = ADVANCED_FACE ( 'NONE', ( #3154 ), #4127, .T. ) ;
#5552 = SURFACE_SIDE_STYLE ('',( #1652 ) ) ;
#5553 = CARTESIAN_POINT ( 'NONE',  ( -2.465000000000000302, -0.8649999999999999911, 0.000000000000000000 ) ) ;
#5554 = FILL_AREA_STYLE ('',( #7118 ) ) ;
#5555 = VERTEX_POINT ( 'NONE', #1344 ) ;
#5556 = CARTESIAN_POINT ( 'NONE',  ( 2.895000000000000018, -0.8649999999999999911, 0.000000000000000000 ) ) ;
#5557 = EDGE_CURVE ( 'NONE', #474, #4277, #280, .T. ) ;
#5558 = VECTOR ( 'NONE', #4686, 999.9999999999998863 ) ;
#5559 = ADVANCED_FACE ( 'NONE', ( #1425 ), #6344, .T. ) ;
#5560 = CARTESIAN_POINT ( 'NONE',  ( 0.4450000000000179923, -1.879999999999999893, 0.000000000000000000 ) ) ;
#5561 = ORIENTED_EDGE ( 'NONE', *, *, #4487, .T. ) ;
#5562 =( LENGTH_UNIT ( ) NAMED_UNIT ( * ) SI_UNIT ( .MILLI., .METRE. ) );
#5563 =( NAMED_UNIT ( * ) SI_UNIT ( $, .STERADIAN. ) SOLID_ANGLE_UNIT ( ) );
#5564 = ADVANCED_FACE ( 'NONE', ( #2471 ), #2543, .F. ) ;
#5565 = VECTOR ( 'NONE', #2451, 1000.000000000000000 ) ;
#5566 = FILL_AREA_STYLE_COLOUR ( '', #3901 ) ;
#5567 = PRODUCT_DEFINITION_SHAPE ( 'NONE', 'NONE',  #7154 ) ;
#5568 = ORIENTED_EDGE ( 'NONE', *, *, #7030, .F. ) ;
#5569 = LINE ( 'NONE', #190, #6743 ) ;
#5570 = ORIENTED_EDGE ( 'NONE', *, *, #6675, .F. ) ;
#5571 = DIRECTION ( 'NONE',  ( 0.000000000000000000, 1.000000000000000000, 0.000000000000000000 ) ) ;
#5572 = VERTEX_POINT ( 'NONE', #5775 ) ;
#5573 = DIRECTION ( 'NONE',  ( 0.000000000000000000, 0.000000000000000000, -1.000000000000000000 ) ) ;
#5574 = SURFACE_STYLE_USAGE ( .BOTH. , #1309 ) ;
#5575 = ORIENTED_EDGE ( 'NONE', *, *, #5545, .T. ) ;
#5576 = MECHANICAL_DESIGN_GEOMETRIC_PRESENTATION_REPRESENTATION (  '', ( #855 ), #2346 ) ;
#5578 = ORIENTED_EDGE ( 'NONE', *, *, #2458, .F. ) ;
#5577 =( NAMED_UNIT ( * ) SI_UNIT ( $, .STERADIAN. ) SOLID_ANGLE_UNIT ( ) );
#5579 =( LENGTH_UNIT ( ) NAMED_UNIT ( * ) SI_UNIT ( .MILLI., .METRE. ) );
#5580 =( REPRESENTATION_RELATIONSHIP ('NONE','NONE', #6503, #3850 ) REPRESENTATION_RELATIONSHIP_WITH_TRANSFORMATION ( #67 )SHAPE_REPRESENTATION_RELATIONSHIP( ) );
#5581 = PLANE ( 'NONE',  #1597 ) ;
#5582 = CARTESIAN_POINT ( 'NONE',  ( 2.895000000000000018, 0.8149999999999999467, 0.000000000000000000 ) ) ;
#5583 = PLANE ( 'NONE',  #6956 ) ;
#5584 = FILL_AREA_STYLE ('',( #1792 ) ) ;
#5585 = SHAPE_DEFINITION_REPRESENTATION ( #1761, #6503 ) ;
#5586 = EDGE_CURVE ( 'NONE', #4149, #7131, #5215, .T. ) ;
#5587 = SURFACE_SIDE_STYLE ('',( #4028 ) ) ;
#5588 =( LENGTH_UNIT ( ) NAMED_UNIT ( * ) SI_UNIT ( .MILLI., .METRE. ) );
#5589 = LINE ( 'NONE', #1757, #2391 ) ;
#5590 = UNCERTAINTY_MEASURE_WITH_UNIT (LENGTH_MEASURE( 1.000000000000000082E-05 ), #6936, 'distance_accuracy_value', 'NONE');
#5591 = DIRECTION ( 'NONE',  ( 0.000000000000000000, 1.000000000000000000, 0.000000000000000000 ) ) ;
#5592 = ORIENTED_EDGE ( 'NONE', *, *, #1042, .F. ) ;
#5593 = DIRECTION ( 'NONE',  ( 0.000000000000000000, 0.000000000000000000, 1.000000000000000000 ) ) ;
#5594 = SURFACE_STYLE_USAGE ( .BOTH. , #6061 ) ;
#5595 = PLANE ( 'NONE',  #5294 ) ;
#5596 = ORIENTED_EDGE ( 'NONE', *, *, #225, .T. ) ;
#5597 = SURFACE_SIDE_STYLE ('',( #4389 ) ) ;
#5598 =( NAMED_UNIT ( * ) PLANE_ANGLE_UNIT ( ) SI_UNIT ( $, .RADIAN. ) );
#5599 = ADVANCED_FACE ( 'NONE', ( #1390 ), #3598, .F. ) ;
#5600 = EDGE_CURVE ( 'NONE', #341, #521, #555, .T. ) ;
#5601 = CARTESIAN_POINT ( 'NONE',  ( -2.430100225889860521, 1.934733596112490073, -6.623158270370040235 ) ) ;
#5602 = ORIENTED_EDGE ( 'NONE', *, *, #4305, .F. ) ;
#5603 = DIRECTION ( 'NONE',  ( -1.000000000000000000, 4.550094363217860219E-16, 0.000000000000000000 ) ) ;
#5604 = ORIENTED_EDGE ( 'NONE', *, *, #4378, .F. ) ;
#5605 = DIRECTION ( 'NONE',  ( 0.000000000000000000, 0.000000000000000000, 1.000000000000000000 ) ) ;
#5606 = EDGE_CURVE ( 'NONE', #5466, #3033, #450, .T. ) ;
#5607 = VERTEX_POINT ( 'NONE', #7105 ) ;
#5608 = SURFACE_STYLE_USAGE ( .BOTH. , #650 ) ;
#5609 =( NAMED_UNIT ( * ) PLANE_ANGLE_UNIT ( ) SI_UNIT ( $, .RADIAN. ) );
#5610 = ADVANCED_FACE ( 'NONE', ( #4880 ), #3326, .F. ) ;
#5611 = ORIENTED_EDGE ( 'NONE', *, *, #745, .T. ) ;
#5613 = VERTEX_POINT ( 'NONE', #5429 ) ;
#5612 = SURFACE_SIDE_STYLE ('',( #1672 ) ) ;
#5614 = PLANE ( 'NONE',  #2866 ) ;
#5615 = CARTESIAN_POINT ( 'NONE',  ( 2.465000000000000302, 0.8375000000000000222, 0.000000000000000000 ) ) ;
#5616 = DIRECTION ( 'NONE',  ( 0.000000000000000000, -1.000000000000000000, 0.000000000000000000 ) ) ;
#5617 = CARTESIAN_POINT ( 'NONE',  ( 2.465000000000000302, 1.675000000000000044, 0.000000000000000000 ) ) ;
#5618 = SURFACE_SIDE_STYLE ('',( #5113 ) ) ;
#5619 = CARTESIAN_POINT ( 'NONE',  ( -2.895000000000000018, 2.084999999999999964, 0.3300000000000000155 ) ) ;
#5620 = VECTOR ( 'NONE', #6886, 1000.000000000000000 ) ;
#5621 = LINE ( 'NONE', #4526, #4448 ) ;
#5622 = PRODUCT_DEFINITION_SHAPE ( 'NONE', 'NONE',  #3508 ) ;
#5623 = EDGE_CURVE ( 'NONE', #581, #5466, #6524, .T. ) ;
#5624 = DIRECTION ( 'NONE',  ( -0.000000000000000000, 1.000000000000000000, 0.000000000000000000 ) ) ;
#5625 =( GEOMETRIC_REPRESENTATION_CONTEXT ( 3 ) GLOBAL_UNCERTAINTY_ASSIGNED_CONTEXT ( ( #4178 ) ) GLOBAL_UNIT_ASSIGNED_CONTEXT ( ( #7100, #945, #1048 ) ) REPRESENTATION_CONTEXT ( 'NONE', 'WORKASPACE' ) );
#5626 = ORIENTED_EDGE ( 'NONE', *, *, #1480, .F. ) ;
#5627 = CARTESIAN_POINT ( 'NONE',  ( 2.895000000000000018, 2.084999999999999964, 0.3800000000000000044 ) ) ;
#5628 = CARTESIAN_POINT ( 'NONE',  ( 2.895000000000000018, 2.084999999999999964, 0.000000000000000000 ) ) ;
#5629 = CARTESIAN_POINT ( 'NONE',  ( -0.5799999999999999600, -2.423826859021799951, 0.000000000000000000 ) ) ;
#5630 = DIRECTION ( 'NONE',  ( 1.000000000000000000, 0.000000000000000000, 0.000000000000000000 ) ) ;
#5631 = ORIENTED_EDGE ( 'NONE', *, *, #6180, .F. ) ;
#5632 = VECTOR ( 'NONE', #5977, 1000.000000000000000 ) ;
#5633 = LINE ( 'NONE', #1662, #6014 ) ;
#5634 = PRESENTATION_LAYER_ASSIGNMENT (  '', '', ( #3204 ) ) ;
#5635 = VECTOR ( 'NONE', #2114, 1000.000000000000000 ) ;
#5636 = LINE ( 'NONE', #45, #2101 ) ;
#5637 =( LENGTH_UNIT ( ) NAMED_UNIT ( * ) SI_UNIT ( .MILLI., .METRE. ) );
#5638 = ORIENTED_EDGE ( 'NONE', *, *, #5874, .T. ) ;
#5639 = CARTESIAN_POINT ( 'NONE',  ( -2.895000000000000018, 0.8149999999999999467, 0.3300000000000000155 ) ) ;
#5640 = CIRCLE ( 'NONE', #6804, 0.2182106758090371357 ) ;
#5641 = ORIENTED_EDGE ( 'NONE', *, *, #2728, .F. ) ;
#5642 =( GEOMETRIC_REPRESENTATION_CONTEXT ( 3 ) GLOBAL_UNCERTAINTY_ASSIGNED_CONTEXT ( ( #1978 ) ) GLOBAL_UNIT_ASSIGNED_CONTEXT ( ( #1448, #907, #3315 ) ) REPRESENTATION_CONTEXT ( 'NONE', 'WORKASPACE' ) );
#5643 = DIRECTION ( 'NONE',  ( -1.000000000000000000, 0.000000000000000000, 0.000000000000000000 ) ) ;
#5644 = VERTEX_POINT ( 'NONE', #6595 ) ;
#5645 = EDGE_CURVE ( 'NONE', #6817, #2817, #2646, .T. ) ;
#5646 = DIRECTION ( 'NONE',  ( 1.000000000000000000, 0.000000000000000000, 0.000000000000000000 ) ) ;
#5647 = LINE ( 'NONE', #4051, #2327 ) ;
#5648 = STYLED_ITEM ( 'NONE', ( #3679 ), #3893 ) ;
#5649 =( GEOMETRIC_REPRESENTATION_CONTEXT ( 3 ) GLOBAL_UNCERTAINTY_ASSIGNED_CONTEXT ( ( #6392 ) ) GLOBAL_UNIT_ASSIGNED_CONTEXT ( ( #5637, #6767, #2418 ) ) REPRESENTATION_CONTEXT ( 'NONE', 'WORKASPACE' ) );
#5650 = COLOUR_RGB ( '',0.2862745098039215508, 0.2862745098039215508, 0.2862745098039215508 ) ;
#5651 = EDGE_CURVE ( 'NONE', #4106, #1631, #593, .T. ) ;
#5652 = ORIENTED_EDGE ( 'NONE', *, *, #6229, .T. ) ;
#5653 = ORIENTED_EDGE ( 'NONE', *, *, #4721, .F. ) ;
#5654 = DIRECTION ( 'NONE',  ( -0.000000000000000000, 1.000000000000000000, 0.000000000000000000 ) ) ;
#5655 = COLOUR_RGB ( '',0.2862745098039215508, 0.2862745098039215508, 0.2862745098039215508 ) ;
#5656 = VECTOR ( 'NONE', #1321, 1000.000000000000000 ) ;
#5657 = DIRECTION ( 'NONE',  ( 0.7071067811865570096, -0.7071067811865380248, 0.000000000000000000 ) ) ;
#5658 = CARTESIAN_POINT ( 'NONE',  ( 2.945000000000000284, -0.5050000000000000044, 0.3300000000000000155 ) ) ;
#5659 = EDGE_CURVE ( 'NONE', #1542, #6254, #2130, .T. ) ;
#5660 = CARTESIAN_POINT ( 'NONE',  ( 2.895000000000000018, 0.4049999999999999711, 0.000000000000000000 ) ) ;
#5661 = ORIENTED_EDGE ( 'NONE', *, *, #6366, .T. ) ;
#5662 = EDGE_CURVE ( 'NONE', #6369, #1798, #490, .T. ) ;
#5663 = LINE ( 'NONE', #99, #2986 ) ;
#5664 = SURFACE_STYLE_FILL_AREA ( #5812 ) ;
#5665 = DIRECTION ( 'NONE',  ( 0.000000000000000000, 1.000000000000000000, 0.000000000000000000 ) ) ;
#5666 = SHAPE_DEFINITION_REPRESENTATION ( #1694, #2802 ) ;
#5667 =( NAMED_UNIT ( * ) PLANE_ANGLE_UNIT ( ) SI_UNIT ( $, .RADIAN. ) );
#5668 = AXIS2_PLACEMENT_3D ( 'NONE', #6811, #6073, #3434 ) ;
#5669 = CARTESIAN_POINT ( 'NONE',  ( 0.4449999999999999512, -2.189999999999999947, 0.3800000000000000044 ) ) ;
#5670 = UNCERTAINTY_MEASURE_WITH_UNIT (LENGTH_MEASURE( 1.000000000000000082E-05 ), #138, 'distance_accuracy_value', 'NONE');
#5671 = CARTESIAN_POINT ( 'NONE',  ( 2.895000000000000018, -1.724999999999999867, 0.000000000000000000 ) ) ;
#5672 = VERTEX_POINT ( 'NONE', #3810 ) ;
#5673 = LINE ( 'NONE', #6645, #506 ) ;
#5674 = DIRECTION ( 'NONE',  ( 0.000000000000000000, 0.000000000000000000, 1.000000000000000000 ) ) ;
#5675 = DIRECTION ( 'NONE',  ( -1.000000000000000000, 0.000000000000000000, 0.000000000000000000 ) ) ;
#5676 = DIRECTION ( 'NONE',  ( 0.000000000000000000, 0.000000000000000000, 1.000000000000000000 ) ) ;
#5677 = ORIENTED_EDGE ( 'NONE', *, *, #7149, .F. ) ;
#5678 = CARTESIAN_POINT ( 'NONE',  ( -3.075000000000000178, 1.724999999999999867, 0.3800000000000000044 ) ) ;
#5679 =( NAMED_UNIT ( * ) SI_UNIT ( $, .STERADIAN. ) SOLID_ANGLE_UNIT ( ) );
#5680 = ORIENTED_EDGE ( 'NONE', *, *, #6897, .T. ) ;
#5681 = LINE ( 'NONE', #2420, #4183 ) ;
#5682 = EDGE_LOOP ( 'NONE', ( #1657, #3930, #3040, #2940 ) ) ;
#5683 = PLANE ( 'NONE',  #5063 ) ;
#5684 = ORIENTED_EDGE ( 'NONE', *, *, #1522, .F. ) ;
#5685 =( NAMED_UNIT ( * ) PLANE_ANGLE_UNIT ( ) SI_UNIT ( $, .RADIAN. ) );
#5686 = CARTESIAN_POINT ( 'NONE',  ( 2.874777666791120456, -2.379777666791120350, 0.9981208709751409058 ) ) ;
#5687 =( GEOMETRIC_REPRESENTATION_CONTEXT ( 3 ) GLOBAL_UNCERTAINTY_ASSIGNED_CONTEXT ( ( #6757 ) ) GLOBAL_UNIT_ASSIGNED_CONTEXT ( ( #2245, #3513, #4004 ) ) REPRESENTATION_CONTEXT ( 'NONE', 'WORKASPACE' ) );
#5688 = ORIENTED_EDGE ( 'NONE', *, *, #446, .T. ) ;
#5690 = ORIENTED_EDGE ( 'NONE', *, *, #4453, .F. ) ;
#5689 = DIRECTION ( 'NONE',  ( 0.000000000000000000, 0.000000000000000000, 1.000000000000000000 ) ) ;
#5691 = VECTOR ( 'NONE', #6253, 1000.000000000000000 ) ;
#5692 = CARTESIAN_POINT ( 'NONE',  ( 2.895000000000000018, 0.4049999999999999711, 0.3300000000000000155 ) ) ;
#5693 = UNCERTAINTY_MEASURE_WITH_UNIT (LENGTH_MEASURE( 1.000000000000000082E-05 ), #6839, 'distance_accuracy_value', 'NONE');
#5694 = LINE ( 'NONE', #2282, #3318 ) ;
#5695 = CARTESIAN_POINT ( 'NONE',  ( -2.945000000000000284, 1.724999999999999867, 0.3300000000000000155 ) ) ;
#5696 = VECTOR ( 'NONE', #4619, 1000.000000000000000 ) ;
#5697 = DIRECTION ( 'NONE',  ( 0.000000000000000000, 0.000000000000000000, 1.000000000000000000 ) ) ;
#5698 = DIRECTION ( 'NONE',  ( 0.000000000000000000, 0.000000000000000000, 1.000000000000000000 ) ) ;
#5699 = EDGE_CURVE ( 'NONE', #5996, #2096, #6013, .T. ) ;
#5700 = CARTESIAN_POINT ( 'NONE',  ( 2.945000000000000284, 1.724999999999999867, 0.000000000000000000 ) ) ;
#5701 = SURFACE_STYLE_USAGE ( .BOTH. , #5587 ) ;
#5702 = AXIS2_PLACEMENT_3D ( 'NONE', #5232, #4679, #262 ) ;
#5703 = ADVANCED_FACE ( 'NONE', ( #2716 ), #7135, .T. ) ;
#5704 = FACE_OUTER_BOUND ( 'NONE', #5380, .T. ) ;
#5705 = AXIS2_PLACEMENT_3D ( 'NONE', #2137, #3130, #7082 ) ;
#5706 = ORIENTED_EDGE ( 'NONE', *, *, #2869, .T. ) ;
#5707 = DIRECTION ( 'NONE',  ( 0.000000000000000000, -1.000000000000000000, 0.000000000000000000 ) ) ;
#5708 = CARTESIAN_POINT ( 'NONE',  ( -2.465000000000000302, -1.724999999999999867, 0.000000000000000000 ) ) ;
#5709 = CARTESIAN_POINT ( 'NONE',  ( 2.465000000000000302, 0.8149999999999999467, 0.000000000000000000 ) ) ;
#5710 = PRESENTATION_STYLE_ASSIGNMENT (( #6250 ) ) ;
#5711 = ORIENTED_EDGE ( 'NONE', *, *, #635, .T. ) ;
#5712 = CARTESIAN_POINT ( 'NONE',  ( 2.945000000000000284, -0.5050000000000000044, 0.3800000000000000044 ) ) ;
#5713 = PLANE ( 'NONE',  #2994 ) ;
#5714 = ORIENTED_EDGE ( 'NONE', *, *, #2999, .T. ) ;
#5715 = LINE ( 'NONE', #646, #4179 ) ;
#5716 = EDGE_LOOP ( 'NONE', ( #199, #6157, #6738, #5570 ) ) ;
#5717 = DIRECTION ( 'NONE',  ( 0.000000000000000000, 1.000000000000000000, 0.000000000000000000 ) ) ;
#5718 = ORIENTED_EDGE ( 'NONE', *, *, #2191, .F. ) ;
#5719 = FILL_AREA_STYLE_COLOUR ( '', #2285 ) ;
#5720 = CARTESIAN_POINT ( 'NONE',  ( -2.945000000000000284, -2.084999999999999964, 0.000000000000000000 ) ) ;
#5721 = CARTESIAN_POINT ( 'NONE',  ( -2.895000000000000018, 1.675000000000000044, 0.000000000000000000 ) ) ;
#5722 = ORIENTED_EDGE ( 'NONE', *, *, #6880, .T. ) ;
#5723 = ADVANCED_FACE ( 'NONE', ( #3839 ), #6046, .T. ) ;
#5724 = ORIENTED_EDGE ( 'NONE', *, *, #6785, .F. ) ;
#5725 = ORIENTED_EDGE ( 'NONE', *, *, #5659, .F. ) ;
#5726 =( NAMED_UNIT ( * ) SI_UNIT ( $, .STERADIAN. ) SOLID_ANGLE_UNIT ( ) );
#5727 = SURFACE_SIDE_STYLE ('',( #813 ) ) ;
#5728 = LINE ( 'NONE', #1421, #3681 ) ;
#5729 = CARTESIAN_POINT ( 'NONE',  ( -0.4449999999999999512, 1.989999999999999991, 0.000000000000000000 ) ) ;
#5730 = DIRECTION ( 'NONE',  ( -0.000000000000000000, 1.000000000000000000, 0.000000000000000000 ) ) ;
#5731 = DIRECTION ( 'NONE',  ( -1.000000000000000000, 0.000000000000000000, 0.000000000000000000 ) ) ;
#5732 = CARTESIAN_POINT ( 'NONE',  ( 2.465000000000000302, -2.135000000000000231, 0.3800000000000000044 ) ) ;
#5733 = CARTESIAN_POINT ( 'NONE',  ( 0.4449999999999999512, 2.189999999999999947, 0.3800000000000000044 ) ) ;
#5734 = CARTESIAN_POINT ( 'NONE',  ( 0.4449999999999999512, -2.189999999999999947, 0.000000000000000000 ) ) ;
#5735 = EDGE_CURVE ( 'NONE', #3033, #7015, #3937, .T. ) ;
#5736 = ORIENTED_EDGE ( 'NONE', *, *, #4012, .T. ) ;
#5737 = LINE ( 'NONE', #6285, #6749 ) ;
#5738 = LINE ( 'NONE', #1665, #2619 ) ;
#5739 = VECTOR ( 'NONE', #238, 1000.000000000000000 ) ;
#5740 = DIRECTION ( 'NONE',  ( -1.000000000000000000, 4.550094363217860219E-16, 0.000000000000000000 ) ) ;
#5741 = DIRECTION ( 'NONE',  ( 0.000000000000000000, 1.000000000000000000, 0.000000000000000000 ) ) ;
#5742 = EDGE_LOOP ( 'NONE', ( #6961, #1836, #5653, #4257 ) ) ;
#5743 = ADVANCED_FACE ( 'NONE', ( #3900 ), #693, .F. ) ;
#5744 = CARTESIAN_POINT ( 'NONE',  ( 2.465000000000000302, 1.042499999999999982, 0.000000000000000000 ) ) ;
#5745 = VECTOR ( 'NONE', #2102, 1000.000000000000000 ) ;
#5746 = AXIS2_PLACEMENT_3D ( 'NONE', #2340, #1801, #3463 ) ;
#5747 = EDGE_CURVE ( 'NONE', #5107, #2958, #6774, .T. ) ;
#5748 = SURFACE_STYLE_USAGE ( .BOTH. , #222 ) ;
#5749 = ORIENTED_EDGE ( 'NONE', *, *, #6972, .F. ) ;
#5750 = LINE ( 'NONE', #6432, #963 ) ;
#5751 = ORIENTED_EDGE ( 'NONE', *, *, #6086, .F. ) ;
#5752 = FILL_AREA_STYLE ('',( #1332 ) ) ;
#5753 = ADVANCED_BREP_SHAPE_REPRESENTATION ( '', ( #5484, #398 ), #4192 ) ;
#5754 = MECHANICAL_DESIGN_GEOMETRIC_PRESENTATION_REPRESENTATION (  '', ( #4696 ), #444 ) ;
#5755 = ORIENTED_EDGE ( 'NONE', *, *, #2692, .T. ) ;
#5756 = FILL_AREA_STYLE ('',( #5719 ) ) ;
#5757 = PLANE ( 'NONE',  #2545 ) ;
#5758 = CARTESIAN_POINT ( 'NONE',  ( -2.465000000000000302, -0.8649999999999999911, 0.3800000000000000044 ) ) ;
#5759 = VECTOR ( 'NONE', #242, 1000.000000000000000 ) ;
#5760 = COLOUR_RGB ( '',0.2862745098039215508, 0.2862745098039215508, 0.2862745098039215508 ) ;
#5761 = PRESENTATION_LAYER_ASSIGNMENT (  '', '', ( #5524 ) ) ;
#5762 = ORIENTED_EDGE ( 'NONE', *, *, #697, .T. ) ;
#5763 = COLOUR_RGB ( '',0.2862745098039215508, 0.2862745098039215508, 0.2862745098039215508 ) ;
#5765 = EDGE_LOOP ( 'NONE', ( #4279, #5135, #4015, #3323 ) ) ;
#5764 = DIRECTION ( 'NONE',  ( 1.000000000000000000, 0.000000000000000000, 0.000000000000000000 ) ) ;
#5766 = CARTESIAN_POINT ( 'NONE',  ( 0.5799999999999999600, 2.575000000000000178, 0.000000000000000000 ) ) ;
#5767 = LINE ( 'NONE', #3045, #1949 ) ;
#5768 = ADVANCED_FACE ( 'NONE', ( #6659 ), #163, .F. ) ;
#5769 = VECTOR ( 'NONE', #1100, 1000.000000000000000 ) ;
#5770 = CARTESIAN_POINT ( 'NONE',  ( 2.945000000000000284, -1.224999999999999867, 0.3300000000000000155 ) ) ;
#5771 = LINE ( 'NONE', #1456, #2183 ) ;
#5772 = PRESENTATION_LAYER_ASSIGNMENT (  '', '', ( #4827 ) ) ;
#5773 = PRESENTATION_LAYER_ASSIGNMENT (  '', '', ( #2413 ) ) ;
#5774 = VECTOR ( 'NONE', #5004, 999.9999999999998863 ) ;
#5775 = CARTESIAN_POINT ( 'NONE',  ( -0.5799999999999999600, 2.423826859021799951, 0.000000000000000000 ) ) ;
#5776 = UNCERTAINTY_MEASURE_WITH_UNIT (LENGTH_MEASURE( 1.000000000000000082E-05 ), #3188, 'distance_accuracy_value', 'NONE');
#5777 = LINE ( 'NONE', #2399, #1064 ) ;
#5778 = VECTOR ( 'NONE', #3493, 1000.000000000000000 ) ;
#5779 = DIRECTION ( 'NONE',  ( 1.000000000000000000, 0.000000000000000000, 0.000000000000000000 ) ) ;
#5780 = VECTOR ( 'NONE', #1693, 1000.000000000000000 ) ;
#5781 = MECHANICAL_DESIGN_GEOMETRIC_PRESENTATION_REPRESENTATION (  '', ( #1842 ), #7042 ) ;
#5782 = LINE ( 'NONE', #249, #5283 ) ;
#5783 = EDGE_CURVE ( 'NONE', #2302, #2280, #5134, .T. ) ;
#5784 = VECTOR ( 'NONE', #1637, 1000.000000000000000 ) ;
#5785 = PRESENTATION_STYLE_ASSIGNMENT (( #6312 ) ) ;
#5786 = EDGE_LOOP ( 'NONE', ( #980, #1727, #4843, #5097 ) ) ;
#5787 = DIRECTION ( 'NONE',  ( 1.000000000000000000, 0.000000000000000000, 0.000000000000000000 ) ) ;
#5788 = VECTOR ( 'NONE', #2631, 1000.000000000000000 ) ;
#5789 = CARTESIAN_POINT ( 'NONE',  ( -2.895000000000000018, 2.084999999999999964, 0.000000000000000000 ) ) ;
#5790 = ORIENTED_EDGE ( 'NONE', *, *, #5662, .F. ) ;
#5791 = CARTESIAN_POINT ( 'NONE',  ( -0.9650000000000000799, -2.189999999999999947, 0.3300000000000000155 ) ) ;
#5792 = COLOUR_RGB ( '',0.7490196078431372584, 0.7490196078431372584, 0.7490196078431372584 ) ;
#5793 = CARTESIAN_POINT ( 'NONE',  ( -2.895000000000000018, 0.4049999999999999711, 0.000000000000000000 ) ) ;
#5794 = ORIENTED_EDGE ( 'NONE', *, *, #5, .F. ) ;
#5795 = PLANE ( 'NONE',  #5702 ) ;
#5796 = EDGE_CURVE ( 'NONE', #2132, #7127, #6186, .T. ) ;
#5797 = ORIENTED_EDGE ( 'NONE', *, *, #5314, .F. ) ;
#5798 = DIRECTION ( 'NONE',  ( 0.000000000000000000, -1.000000000000000000, 0.000000000000000000 ) ) ;
#5799 = STYLED_ITEM ( 'NONE', ( #5849 ), #5599 ) ;
#5800 = VERTEX_POINT ( 'NONE', #5061 ) ;
#5801 = EDGE_CURVE ( 'NONE', #6510, #7116, #5647, .T. ) ;
#5802 = EDGE_CURVE ( 'NONE', #1039, #5173, #6223, .T. ) ;
#5803 = CARTESIAN_POINT ( 'NONE',  ( 0.9650000000000000799, -2.189999999999999947, 0.000000000000000000 ) ) ;
#5804 = ORIENTED_EDGE ( 'NONE', *, *, #4975, .F. ) ;
#5805 = ORIENTED_EDGE ( 'NONE', *, *, #927, .F. ) ;
#5806 = CARTESIAN_POINT ( 'NONE',  ( -2.895000000000000018, -0.8649999999999999911, 0.000000000000000000 ) ) ;
#5807 = CARTESIAN_POINT ( 'NONE',  ( -2.465000000000000302, -2.135000000000000231, 0.000000000000000000 ) ) ;
#5808 = CARTESIAN_POINT ( 'NONE',  ( -2.945000000000000284, 2.034999999999999698, 0.3300000000000000155 ) ) ;
#5809 = CARTESIAN_POINT ( 'NONE',  ( 3.075000000000000178, 2.034999999999999698, 0.000000000000000000 ) ) ;
#5810 = SURFACE_STYLE_FILL_AREA ( #6932 ) ;
#5811 = VECTOR ( 'NONE', #1472, 1000.000000000000000 ) ;
#5812 = FILL_AREA_STYLE ('',( #4065 ) ) ;
#5813 = CARTESIAN_POINT ( 'NONE',  ( 2.945000000000000284, 2.034999999999999698, 0.3300000000000000155 ) ) ;
#5814 = DIRECTION ( 'NONE',  ( -0.7071067811865475727, -0.7071067811865475727, 0.000000000000000000 ) ) ;
#5815 = CARTESIAN_POINT ( 'NONE',  ( 0.5799999999999999600, 2.423826859021799951, 0.000000000000000000 ) ) ;
#5816 = UNCERTAINTY_MEASURE_WITH_UNIT (LENGTH_MEASURE( 1.000000000000000082E-05 ), #1341, 'distance_accuracy_value', 'NONE');
#5817 = AXIS2_PLACEMENT_3D ( 'NONE', #1003, #5381, #6623 ) ;
#5818 = DIRECTION ( 'NONE',  ( -1.516698121072619908E-16, 1.000000000000000000, 0.000000000000000000 ) ) ;
#5819 = EDGE_CURVE ( 'NONE', #6710, #6135, #302, .T. ) ;
#5820 = PLANE ( 'NONE',  #5057 ) ;
#5821 = VERTEX_POINT ( 'NONE', #4625 ) ;
#5822 = FACE_OUTER_BOUND ( 'NONE', #6040, .T. ) ;
#5823 = AXIS2_PLACEMENT_3D ( 'NONE', #4386, #5997, #3201 ) ;
#5824 = PRESENTATION_STYLE_ASSIGNMENT (( #3131 ) ) ;
#5825 = FACE_OUTER_BOUND ( 'NONE', #5742, .T. ) ;
#5826 = VERTEX_POINT ( 'NONE', #6373 ) ;
#5827 = PRODUCT_RELATED_PRODUCT_CATEGORY ( 'part', '', ( #5105 ) ) ;
#5828 = DIRECTION ( 'NONE',  ( -1.000000000000000000, 0.000000000000000000, 0.000000000000000000 ) ) ;
#5829 = FACE_OUTER_BOUND ( 'NONE', #3310, .T. ) ;
#5830 = ORIENTED_EDGE ( 'NONE', *, *, #4721, .T. ) ;
#5831 = LINE ( 'NONE', #869, #50 ) ;
#5832 = FACE_OUTER_BOUND ( 'NONE', #5716, .T. ) ;
#5833 = ORIENTED_EDGE ( 'NONE', *, *, #3662, .F. ) ;
#5834 = SURFACE_SIDE_STYLE ('',( #478 ) ) ;
#5835 = CARTESIAN_POINT ( 'NONE',  ( -2.874777666791120456, 2.379777666791120350, 0.9981208709751409058 ) ) ;
#5836 = SURFACE_SIDE_STYLE ('',( #269 ) ) ;
#5837 = EDGE_CURVE ( 'NONE', #2621, #4869, #6916, .T. ) ;
#5838 = ORIENTED_EDGE ( 'NONE', *, *, #2234, .T. ) ;
#5839 = EDGE_CURVE ( 'NONE', #641, #6735, #4115, .T. ) ;
#5841 = ORIENTED_EDGE ( 'NONE', *, *, #2804, .F. ) ;
#5840 = FACE_OUTER_BOUND ( 'NONE', #2697, .T. ) ;
#5842 = CARTESIAN_POINT ( 'NONE',  ( 2.945000000000000284, -2.449999999999999734, 0.000000000000000000 ) ) ;
#5843 = ORIENTED_EDGE ( 'NONE', *, *, #1834, .F. ) ;
#5844 = DIRECTION ( 'NONE',  ( -0.000000000000000000, 1.000000000000000000, 0.000000000000000000 ) ) ;
#5845 = DIRECTION ( 'NONE',  ( 0.000000000000000000, 0.000000000000000000, -1.000000000000000000 ) ) ;
#5846 = LINE ( 'NONE', #6382, #5186 ) ;
#5847 = EDGE_CURVE ( 'NONE', #5201, #4462, #4655, .T. ) ;
#5849 = PRESENTATION_STYLE_ASSIGNMENT (( #3635 ) ) ;
#5848 = UNCERTAINTY_MEASURE_WITH_UNIT (LENGTH_MEASURE( 1.000000000000000082E-05 ), #5368, 'distance_accuracy_value', 'NONE');
#5850 = PLANE ( 'NONE',  #3890 ) ;
#5851 = LINE ( 'NONE', #959, #6833 ) ;
#5852 = LINE ( 'NONE', #4779, #3321 ) ;
#5853 = VERTEX_POINT ( 'NONE', #3008 ) ;
#5854 = FILL_AREA_STYLE ('',( #322 ) ) ;
#5855 = ORIENTED_EDGE ( 'NONE', *, *, #2468, .F. ) ;
#5856 = ADVANCED_FACE ( 'NONE', ( #5239 ), #6330, .T. ) ;
#5857 = CARTESIAN_POINT ( 'NONE',  ( -2.945000000000000284, -0.8149999999999999467, 0.000000000000000000 ) ) ;
#5858 = ORIENTED_EDGE ( 'NONE', *, *, #3630, .T. ) ;
#5859 = ORIENTED_EDGE ( 'NONE', *, *, #6315, .F. ) ;
#5860 = FILL_AREA_STYLE ('',( #4050 ) ) ;
#5861 = PRESENTATION_LAYER_ASSIGNMENT (  '', '', ( #2613 ) ) ;
#5862 = VERTEX_POINT ( 'NONE', #842 ) ;
#5864 = EDGE_LOOP ( 'NONE', ( #7044, #627, #2352, #2555 ) ) ;
#5863 = PRESENTATION_STYLE_ASSIGNMENT (( #4768 ) ) ;
#5865 = AXIS2_PLACEMENT_3D ( 'NONE', #2711, #3758, #4219 ) ;
#5866 = ORIENTED_EDGE ( 'NONE', *, *, #4581, .F. ) ;
#5867 = LINE ( 'NONE', #914, #3699 ) ;
#5868 = LINE ( 'NONE', #1495, #6020 ) ;
#5869 = EDGE_CURVE ( 'NONE', #5409, #877, #2461, .T. ) ;
#5870 = PRESENTATION_LAYER_ASSIGNMENT (  '', '', ( #4694 ) ) ;
#5871 = STYLED_ITEM ( 'NONE', ( #3053 ), #2326 ) ;
#5872 = VECTOR ( 'NONE', #4530, 1000.000000000000000 ) ;
#5873 = CARTESIAN_POINT ( 'NONE',  ( 1.195000000000000062, 1.989999999999999991, 0.000000000000000000 ) ) ;
#5874 = EDGE_CURVE ( 'NONE', #4869, #2568, #4745, .T. ) ;
#5875 = SURFACE_SIDE_STYLE ('',( #4638 ) ) ;
#5876 = VECTOR ( 'NONE', #3354, 1000.000000000000000 ) ;
#5877 = AXIS2_PLACEMENT_3D ( 'NONE', #3654, #3694, #2095 ) ;
#5878 =( GEOMETRIC_REPRESENTATION_CONTEXT ( 3 ) GLOBAL_UNCERTAINTY_ASSIGNED_CONTEXT ( ( #2499 ) ) GLOBAL_UNIT_ASSIGNED_CONTEXT ( ( #848, #5277, #6964 ) ) REPRESENTATION_CONTEXT ( 'NONE', 'WORKASPACE' ) );
#5879 = DIRECTION ( 'NONE',  ( -1.000000000000000000, 0.000000000000000000, 0.000000000000000000 ) ) ;
#5880 = ADVANCED_FACE ( 'NONE', ( #3590 ), #1447, .T. ) ;
#5881 = CARTESIAN_POINT ( 'NONE',  ( -2.945000000000000284, -2.449999999999999734, 0.000000000000000000 ) ) ;
#5882 = VERTEX_POINT ( 'NONE', #3070 ) ;
#5883 = DIRECTION ( 'NONE',  ( 0.000000000000000000, 0.000000000000000000, 1.000000000000000000 ) ) ;
#5884 =( LENGTH_UNIT ( ) NAMED_UNIT ( * ) SI_UNIT ( .MILLI., .METRE. ) );
#5885 = VECTOR ( 'NONE', #6787, 1000.000000000000000 ) ;
#5886 =( GEOMETRIC_REPRESENTATION_CONTEXT ( 3 ) GLOBAL_UNCERTAINTY_ASSIGNED_CONTEXT ( ( #1959 ) ) GLOBAL_UNIT_ASSIGNED_CONTEXT ( ( #1656, #3782, #541 ) ) REPRESENTATION_CONTEXT ( 'NONE', 'WORKASPACE' ) );
#5887 = VECTOR ( 'NONE', #1324, 1000.000000000000000 ) ;
#5888 = ORIENTED_EDGE ( 'NONE', *, *, #6648, .F. ) ;
#5889 = LINE ( 'NONE', #2044, #3138 ) ;
#5890 = MECHANICAL_DESIGN_GEOMETRIC_PRESENTATION_REPRESENTATION (  '', ( #1503 ), #2071 ) ;
#5891 = FILL_AREA_STYLE ('',( #3168 ) ) ;
#5892 = ORIENTED_EDGE ( 'NONE', *, *, #70, .T. ) ;
#5893 = CARTESIAN_POINT ( 'NONE',  ( 3.075000000000000178, -1.775000000000000133, 0.3800000000000000044 ) ) ;
#5894 = ORIENTED_EDGE ( 'NONE', *, *, #6230, .T. ) ;
#5895 = VECTOR ( 'NONE', #2704, 1000.000000000000000 ) ;
#5896 = CARTESIAN_POINT ( 'NONE',  ( -0.8299999999999999600, 2.449999999999999734, 0.000000000000000000 ) ) ;
#5897 = FACE_OUTER_BOUND ( 'NONE', #2052, .T. ) ;
#5898 = CARTESIAN_POINT ( 'NONE',  ( -2.465000000000000302, -1.724999999999999867, 0.000000000000000000 ) ) ;
#5899 = LINE ( 'NONE', #4765, #458 ) ;
#5900 = ORIENTED_EDGE ( 'NONE', *, *, #3347, .F. ) ;
#5901 = ADVANCED_FACE ( 'NONE', ( #3692 ), #5272, .T. ) ;
#5903 = VERTEX_POINT ( 'NONE', #941 ) ;
#5902 = SURFACE_STYLE_FILL_AREA ( #6007 ) ;
#5904 =( LENGTH_UNIT ( ) NAMED_UNIT ( * ) SI_UNIT ( .MILLI., .METRE. ) );
#5905 = EDGE_LOOP ( 'NONE', ( #2493, #5308, #3538, #6923 ) ) ;
#5906 = PRESENTATION_STYLE_ASSIGNMENT (( #2603 ) ) ;
#5907 = PLANE ( 'NONE',  #6693 ) ;
#5908 = LINE ( 'NONE', #3837, #2770 ) ;
#5909 = DIRECTION ( 'NONE',  ( -0.8660254037844387076, -0.4999999999999998890, 0.000000000000000000 ) ) ;
#5910 = VECTOR ( 'NONE', #5942, 1000.000000000000000 ) ;
#5911 = LINE ( 'NONE', #4809, #4334 ) ;
#5912 = VECTOR ( 'NONE', #7062, 1000.000000000000000 ) ;
#5913 = LINE ( 'NONE', #6310, #5411 ) ;
#5914 = CARTESIAN_POINT ( 'NONE',  ( 3.075000000000000178, 0.4550000000000000155, 0.000000000000000000 ) ) ;
#5915 = MECHANICAL_DESIGN_GEOMETRIC_PRESENTATION_REPRESENTATION (  '', ( #606 ), #2213 ) ;
#5916 = EDGE_CURVE ( 'NONE', #2040, #1258, #5312, .T. ) ;
#5917 = ORIENTED_EDGE ( 'NONE', *, *, #6224, .F. ) ;
#5918 =( LENGTH_UNIT ( ) NAMED_UNIT ( * ) SI_UNIT ( .MILLI., .METRE. ) );
#5919 = FACE_OUTER_BOUND ( 'NONE', #6320, .T. ) ;
#5920 = EDGE_CURVE ( 'NONE', #5882, #792, #2567, .T. ) ;
#5921 = ORIENTED_EDGE ( 'NONE', *, *, #3329, .F. ) ;
#5922 = SURFACE_STYLE_USAGE ( .BOTH. , #427 ) ;
#5923 = AXIS2_PLACEMENT_3D ( 'NONE', #369, #1988, #1476 ) ;
#5924 = ORIENTED_EDGE ( 'NONE', *, *, #418, .F. ) ;
#5925 = EDGE_CURVE ( 'NONE', #1816, #1263, #4249, .T. ) ;
#5926 = PLANE ( 'NONE',  #5301 ) ;
#5927 = ORIENTED_EDGE ( 'NONE', *, *, #2777, .T. ) ;
#5928 = VECTOR ( 'NONE', #6031, 1000.000000000000000 ) ;
#5929 = LINE ( 'NONE', #433, #1013 ) ;
#5930 = CARTESIAN_POINT ( 'NONE',  ( 2.945000000000000284, -0.5050000000000000044, 0.000000000000000000 ) ) ;
#5931 = CARTESIAN_POINT ( 'NONE',  ( 2.895000000000000018, 1.675000000000000044, 0.3300000000000000155 ) ) ;
#5932 = VERTEX_POINT ( 'NONE', #6480 ) ;
#5933 =( NAMED_UNIT ( * ) SI_UNIT ( $, .STERADIAN. ) SOLID_ANGLE_UNIT ( ) );
#5934 = ORIENTED_EDGE ( 'NONE', *, *, #1480, .T. ) ;
#5935 = FILL_AREA_STYLE_COLOUR ( '', #6150 ) ;
#5937 = ORIENTED_EDGE ( 'NONE', *, *, #5874, .F. ) ;
#5936 = SURFACE_STYLE_FILL_AREA ( #6484 ) ;
#5938 = LINE ( 'NONE', #485, #1136 ) ;
#5939 = ORIENTED_EDGE ( 'NONE', *, *, #5509, .T. ) ;
#5940 = DIRECTION ( 'NONE',  ( 1.000000000000000000, 0.000000000000000000, 0.000000000000000000 ) ) ;
#5941 = EDGE_CURVE ( 'NONE', #492, #5672, #2093, .T. ) ;
#5942 = DIRECTION ( 'NONE',  ( 0.000000000000000000, 0.000000000000000000, 1.000000000000000000 ) ) ;
#5943 = FACE_OUTER_BOUND ( 'NONE', #4620, .T. ) ;
#5944 = LINE ( 'NONE', #955, #2058 ) ;
#5945 = LINE ( 'NONE', #3844, #3779 ) ;
#5946 = LINE ( 'NONE', #2109, #5540 ) ;
#5947 = ORIENTED_EDGE ( 'NONE', *, *, #2990, .F. ) ;
#5948 = DIRECTION ( 'NONE',  ( 1.000000000000000000, 0.000000000000000000, 0.000000000000000000 ) ) ;
#5949 = CARTESIAN_POINT ( 'NONE',  ( 2.465000000000000302, 0.8149999999999999467, 0.000000000000000000 ) ) ;
#5950 = EDGE_CURVE ( 'NONE', #3034, #258, #436, .T. ) ;
#5951 = FILL_AREA_STYLE ('',( #569 ) ) ;
#5952 = VERTEX_POINT ( 'NONE', #4283 ) ;
#5953 = FILL_AREA_STYLE ('',( #4238 ) ) ;
#5954 = VERTEX_POINT ( 'NONE', #1624 ) ;
#5955 = LINE ( 'NONE', #5445, #2005 ) ;
#5956 = ADVANCED_FACE ( 'NONE', ( #2738 ), #3143, .T. ) ;
#5957 = CARTESIAN_POINT ( 'NONE',  ( 2.465000000000000302, -0.8649999999999999911, 0.3800000000000000044 ) ) ;
#5958 = ORIENTED_EDGE ( 'NONE', *, *, #3515, .F. ) ;
#5959 = DIRECTION ( 'NONE',  ( 0.000000000000000000, 0.000000000000000000, -1.000000000000000000 ) ) ;
#5960 = SURFACE_SIDE_STYLE ('',( #4839 ) ) ;
#5961 = PLANE ( 'NONE',  #37 ) ;
#5962 = ADVANCED_FACE ( 'NONE', ( #5453 ), #7095, .T. ) ;
#5963 = ORIENTED_EDGE ( 'NONE', *, *, #1800, .F. ) ;
#5965 = ORIENTED_EDGE ( 'NONE', *, *, #4858, .F. ) ;
#5964 = LINE ( 'NONE', #6438, #6441 ) ;
#5966 = CARTESIAN_POINT ( 'NONE',  ( -2.945000000000000284, 2.449999999999999734, 0.000000000000000000 ) ) ;
#5967 =( GEOMETRIC_REPRESENTATION_CONTEXT ( 3 ) GLOBAL_UNCERTAINTY_ASSIGNED_CONTEXT ( ( #5337 ) ) GLOBAL_UNIT_ASSIGNED_CONTEXT ( ( #5029, #1785, #5577 ) ) REPRESENTATION_CONTEXT ( 'NONE', 'WORKASPACE' ) );
#5968 = VERTEX_POINT ( 'NONE', #5931 ) ;
#5969 = FACE_OUTER_BOUND ( 'NONE', #6556, .T. ) ;
#5970 = DIRECTION ( 'NONE',  ( 0.000000000000000000, 0.000000000000000000, 1.000000000000000000 ) ) ;
#5971 = DIRECTION ( 'NONE',  ( 0.000000000000000000, 0.000000000000000000, -1.000000000000000000 ) ) ;
#5972 = VERTEX_POINT ( 'NONE', #3860 ) ;
#5973 = VECTOR ( 'NONE', #3179, 1000.000000000000000 ) ;
#5974 = VERTEX_POINT ( 'NONE', #4840 ) ;
#5975 = PRESENTATION_STYLE_ASSIGNMENT (( #3705 ) ) ;
#5976 = DIRECTION ( 'NONE',  ( -1.000000000000000000, 0.000000000000000000, 0.000000000000000000 ) ) ;
#5977 = DIRECTION ( 'NONE',  ( 0.000000000000000000, 0.000000000000000000, 1.000000000000000000 ) ) ;
#5978 = DIRECTION ( 'NONE',  ( 1.132880637372609972E-16, -1.000000000000000000, 0.000000000000000000 ) ) ;
#5979 =( GEOMETRIC_REPRESENTATION_CONTEXT ( 3 ) GLOBAL_UNCERTAINTY_ASSIGNED_CONTEXT ( ( #1397 ) ) GLOBAL_UNIT_ASSIGNED_CONTEXT ( ( #7060, #4792, #2091 ) ) REPRESENTATION_CONTEXT ( 'NONE', 'WORKASPACE' ) );
#5980 = VECTOR ( 'NONE', #1976, 1000.000000000000000 ) ;
#5981 = DIRECTION ( 'NONE',  ( -1.000000000000000000, 0.000000000000000000, 0.000000000000000000 ) ) ;
#5982 = DIRECTION ( 'NONE',  ( 0.7071067811865474617, 0.7071067811865474617, 0.000000000000000000 ) ) ;
#5983 = VECTOR ( 'NONE', #1753, 1000.000000000000114 ) ;
#5984 = PRESENTATION_LAYER_ASSIGNMENT (  '', '', ( #4133 ) ) ;
#5985 = ORIENTED_EDGE ( 'NONE', *, *, #61, .T. ) ;
#5986 = DIRECTION ( 'NONE',  ( 0.000000000000000000, 0.000000000000000000, 1.000000000000000000 ) ) ;
#5987 = EDGE_CURVE ( 'NONE', #4277, #3583, #514, .T. ) ;
#5988 = DIRECTION ( 'NONE',  ( -0.1039620511844979861, -0.1039620511844979861, 0.9891328443778538704 ) ) ;
#5989 = ORIENTED_EDGE ( 'NONE', *, *, #6617, .T. ) ;
#5990 = DIRECTION ( 'NONE',  ( 0.000000000000000000, 0.000000000000000000, 1.000000000000000000 ) ) ;
#5991 = VERTEX_POINT ( 'NONE', #6619 ) ;
#5992 = MECHANICAL_DESIGN_GEOMETRIC_PRESENTATION_REPRESENTATION (  '', ( #1602 ), #4943 ) ;
#5993 = AXIS2_PLACEMENT_3D ( 'NONE', #5379, #3176, #5731 ) ;
#5994 = DIRECTION ( 'NONE',  ( 1.000000000000000000, 0.000000000000000000, 0.000000000000000000 ) ) ;
#5995 = CARTESIAN_POINT ( 'NONE',  ( -2.895000000000000018, 0.4049999999999999711, 0.3300000000000000155 ) ) ;
#5996 = VERTEX_POINT ( 'NONE', #2153 ) ;
#5997 = DIRECTION ( 'NONE',  ( 0.7071067811865400232, 0.7071067811865550112, 0.000000000000000000 ) ) ;
#5998 = COLOUR_RGB ( '',0.2862745098039215508, 0.2862745098039215508, 0.2862745098039215508 ) ;
#5999 = PRESENTATION_LAYER_ASSIGNMENT (  '', '', ( #2875 ) ) ;
#6000 = PRESENTATION_LAYER_ASSIGNMENT (  '', '', ( #1380 ) ) ;
#6001 = LINE ( 'NONE', #3721, #3578 ) ;
#6002 = VERTEX_POINT ( 'NONE', #2124 ) ;
#6003 = PLANE ( 'NONE',  #3674 ) ;
#6004 = DIRECTION ( 'NONE',  ( -0.8660254037844387076, 0.4999999999999998890, 0.000000000000000000 ) ) ;
#6005 = CARTESIAN_POINT ( 'NONE',  ( 2.945000000000000284, -1.224999999999999867, 0.3300000000000000155 ) ) ;
#6006 = EDGE_LOOP ( 'NONE', ( #1943, #6043, #2274, #3826 ) ) ;
#6008 = EDGE_LOOP ( 'NONE', ( #6297, #2985, #5736, #4494 ) ) ;
#6007 = FILL_AREA_STYLE ('',( #2638 ) ) ;
#6009 = LINE ( 'NONE', #445, #3908 ) ;
#6010 = EDGE_CURVE ( 'NONE', #769, #212, #5347, .T. ) ;
#6011 = VERTEX_POINT ( 'NONE', #3725 ) ;
#6012 = FILL_AREA_STYLE ('',( #2317 ) ) ;
#6013 = LINE ( 'NONE', #3259, #2094 ) ;
#6014 = VECTOR ( 'NONE', #2345, 1000.000000000000000 ) ;
#6015 = VERTEX_POINT ( 'NONE', #4794 ) ;
#6016 = LINE ( 'NONE', #558, #2036 ) ;
#6017 = DIRECTION ( 'NONE',  ( 0.000000000000000000, 0.000000000000000000, 1.000000000000000000 ) ) ;
#6018 = EDGE_CURVE ( 'NONE', #2140, #2117, #2672, .T. ) ;
#6019 = LINE ( 'NONE', #5434, #1120 ) ;
#6020 = VECTOR ( 'NONE', #5249, 1000.000000000000000 ) ;
#6021 = DIRECTION ( 'NONE',  ( 4.550094363217860219E-16, 1.000000000000000000, 0.000000000000000000 ) ) ;
#6022 = FILL_AREA_STYLE ('',( #1611 ) ) ;
#6023 = DIRECTION ( 'NONE',  ( -1.000000000000000000, 0.000000000000000000, 0.000000000000000000 ) ) ;
#6024 = ORIENTED_EDGE ( 'NONE', *, *, #5847, .F. ) ;
#6025 = AXIS2_PLACEMENT_3D ( 'NONE', #4085, #2490, #1376 ) ;
#6026 = EDGE_CURVE ( 'NONE', #2568, #4869, #498, .T. ) ;
#6027 = CARTESIAN_POINT ( 'NONE',  ( -2.895000000000000018, 1.675000000000000044, 0.000000000000000000 ) ) ;
#6028 =( NAMED_UNIT ( * ) PLANE_ANGLE_UNIT ( ) SI_UNIT ( $, .RADIAN. ) );
#6029 = ORIENTED_EDGE ( 'NONE', *, *, #6665, .F. ) ;
#6030 =( NAMED_UNIT ( * ) PLANE_ANGLE_UNIT ( ) SI_UNIT ( $, .RADIAN. ) );
#6031 = DIRECTION ( 'NONE',  ( -0.7071067811865550112, 0.7071067811865400232, 0.000000000000000000 ) ) ;
#6032 = SURFACE_STYLE_FILL_AREA ( #6139 ) ;
#6033 = ORIENTED_EDGE ( 'NONE', *, *, #2219, .T. ) ;
#6034 = SURFACE_STYLE_USAGE ( .BOTH. , #5960 ) ;
#6035 = VECTOR ( 'NONE', #1046, 1000.000000000000000 ) ;
#6036 = UNCERTAINTY_MEASURE_WITH_UNIT (LENGTH_MEASURE( 1.000000000000000082E-05 ), #3857, 'distance_accuracy_value', 'NONE');
#6037 = DIRECTION ( 'NONE',  ( 0.000000000000000000, 0.000000000000000000, 1.000000000000000000 ) ) ;
#6038 = ORIENTED_EDGE ( 'NONE', *, *, #2710, .T. ) ;
#6039 = LINE ( 'NONE', #1588, #3498 ) ;
#6040 = EDGE_LOOP ( 'NONE', ( #6776, #6093 ) ) ;
#6041 = COLOUR_RGB ( '',0.2862745098039215508, 0.2862745098039215508, 0.2862745098039215508 ) ;
#6042 =( NAMED_UNIT ( * ) PLANE_ANGLE_UNIT ( ) SI_UNIT ( $, .RADIAN. ) );
#6043 = ORIENTED_EDGE ( 'NONE', *, *, #6159, .T. ) ;
#6044 = CARTESIAN_POINT ( 'NONE',  ( 2.465000000000000302, -0.4550000000000000155, 0.000000000000000000 ) ) ;
#6045 = CARTESIAN_POINT ( 'NONE',  ( 2.945000000000000284, -1.775000000000000133, 0.000000000000000000 ) ) ;
#6046 = PLANE ( 'NONE',  #4633 ) ;
#6047 = AXIS2_PLACEMENT_3D ( 'NONE', #4890, #5402, #4820 ) ;
#6048 = ADVANCED_FACE ( 'NONE', ( #4316 ), #5961, .F. ) ;
#6049 = ORIENTED_EDGE ( 'NONE', *, *, #1244, .T. ) ;
#6050 = LINE ( 'NONE', #4330, #1361 ) ;
#6051 = DIRECTION ( 'NONE',  ( -0.4999999999999995004, 0.8660254037844390407, 0.000000000000000000 ) ) ;
#6052 = CARTESIAN_POINT ( 'NONE',  ( -2.465000000000000302, 1.675000000000000044, 0.3800000000000000044 ) ) ;
#6053 = ADVANCED_FACE ( 'NONE', ( #1187 ), #6650, .F. ) ;
#6054 = ITEM_DEFINED_TRANSFORMATION ( 'NONE', 'NONE', #2931,  #398 ) ;
#6055 = FACE_OUTER_BOUND ( 'NONE', #553, .T. ) ;
#6056 =( NAMED_UNIT ( * ) SI_UNIT ( $, .STERADIAN. ) SOLID_ANGLE_UNIT ( ) );
#6057 = VERTEX_POINT ( 'NONE', #5126 ) ;
#6058 = CARTESIAN_POINT ( 'NONE',  ( 0.8299999999999999600, 2.575000000000000178, 0.000000000000000000 ) ) ;
#6059 = ORIENTED_EDGE ( 'NONE', *, *, #4136, .F. ) ;
#6060 =( NAMED_UNIT ( * ) SI_UNIT ( $, .STERADIAN. ) SOLID_ANGLE_UNIT ( ) );
#6061 = SURFACE_SIDE_STYLE ('',( #5485 ) ) ;
#6062 = EDGE_CURVE ( 'NONE', #608, #3394, #5636, .T. ) ;
#6063 = ORIENTED_EDGE ( 'NONE', *, *, #2238, .F. ) ;
#6064 = CARTESIAN_POINT ( 'NONE',  ( 2.945000000000000284, 0.4550000000000000155, 0.000000000000000000 ) ) ;
#6065 = DIRECTION ( 'NONE',  ( -1.132880637372609972E-16, 1.000000000000000000, -1.077863926709489990E-15 ) ) ;
#6066 = DIRECTION ( 'NONE',  ( 0.000000000000000000, -1.000000000000000000, 0.000000000000000000 ) ) ;
#6067 = ORIENTED_EDGE ( 'NONE', *, *, #1984, .T. ) ;
#6068 = SURFACE_SIDE_STYLE ('',( #1554 ) ) ;
#6069 = ORIENTED_EDGE ( 'NONE', *, *, #5153, .T. ) ;
#6070 =( LENGTH_UNIT ( ) NAMED_UNIT ( * ) SI_UNIT ( .MILLI., .METRE. ) );
#6071 = ORIENTED_EDGE ( 'NONE', *, *, #1881, .F. ) ;
#6072 = LINE ( 'NONE', #129, #4919 ) ;
#6073 = DIRECTION ( 'NONE',  ( 0.8660254037844387076, 0.4999999999999998890, 0.000000000000000000 ) ) ;
#6074 = VERTEX_POINT ( 'NONE', #1690 ) ;
#6075 = ADVANCED_FACE ( 'NONE', ( #118 ), #2844, .F. ) ;
#6076 = CARTESIAN_POINT ( 'NONE',  ( -2.895000000000000018, 0.4049999999999999711, 0.000000000000000000 ) ) ;
#6077 = MECHANICAL_DESIGN_GEOMETRIC_PRESENTATION_REPRESENTATION (  '', ( #3302 ), #3388 ) ;
#6078 = LINE ( 'NONE', #2216, #4157 ) ;
#6079 = AXIS2_PLACEMENT_3D ( 'NONE', #4287, #2677, #6588 ) ;
#6080 = ORIENTED_EDGE ( 'NONE', *, *, #619, .F. ) ;
#6081 = DIRECTION ( 'NONE',  ( 0.000000000000000000, 0.000000000000000000, 1.000000000000000000 ) ) ;
#6082 = EDGE_CURVE ( 'NONE', #153, #1859, #1882, .T. ) ;
#6083 = CARTESIAN_POINT ( 'NONE',  ( 2.895000000000000018, -0.4550000000000000155, 0.3300000000000000155 ) ) ;
#6084 = COLOUR_RGB ( '',0.7490196078431372584, 0.7490196078431372584, 0.7490196078431372584 ) ;
#6085 = EDGE_CURVE ( 'NONE', #2616, #2205, #4075, .T. ) ;
#6086 = EDGE_CURVE ( 'NONE', #1798, #197, #2955, .T. ) ;
#6087 =( NAMED_UNIT ( * ) PLANE_ANGLE_UNIT ( ) SI_UNIT ( $, .RADIAN. ) );
#6088 = ORIENTED_EDGE ( 'NONE', *, *, #3451, .T. ) ;
#6089 = AXIS2_PLACEMENT_3D ( 'NONE', #1819, #2903, #1119 ) ;
#6090 = VECTOR ( 'NONE', #5959, 1000.000000000000000 ) ;
#6091 = AXIS2_PLACEMENT_3D ( 'NONE', #6502, #1540, #4891 ) ;
#6092 = DIRECTION ( 'NONE',  ( 0.9945218953682734009, 0.000000000000000000, -0.1045284632676540537 ) ) ;
#6093 = ORIENTED_EDGE ( 'NONE', *, *, #923, .F. ) ;
#6094 = DIRECTION ( 'NONE',  ( 2.176907891421880063E-15, 1.000000000000000000, 0.000000000000000000 ) ) ;
#6095 = DIRECTION ( 'NONE',  ( 0.000000000000000000, -1.000000000000000000, 0.000000000000000000 ) ) ;
#6096 = VECTOR ( 'NONE', #503, 1000.000000000000000 ) ;
#6097 = FILL_AREA_STYLE_COLOUR ( '', #4826 ) ;
#6098 = VECTOR ( 'NONE', #4556, 1000.000000000000000 ) ;
#6099 = PRESENTATION_LAYER_ASSIGNMENT (  '', '', ( #1246 ) ) ;
#6100 = EDGE_LOOP ( 'NONE', ( #4759, #647, #5805, #2703 ) ) ;
#6101 = CARTESIAN_POINT ( 'NONE',  ( 2.465000000000000302, -1.724999999999999867, 0.3800000000000000044 ) ) ;
#6102 = FILL_AREA_STYLE_COLOUR ( '', #2566 ) ;
#6103 = SURFACE_SIDE_STYLE ('',( #4874 ) ) ;
#6104 = AXIS2_PLACEMENT_3D ( 'NONE', #6148, #1192, #4080 ) ;
#6105 = ORIENTED_EDGE ( 'NONE', *, *, #3708, .T. ) ;
#6106 = LINE ( 'NONE', #6179, #6973 ) ;
#6107 = ORIENTED_EDGE ( 'NONE', *, *, #888, .T. ) ;
#6108 = CARTESIAN_POINT ( 'NONE',  ( -2.465000000000000302, 0.8149999999999999467, 0.000000000000000000 ) ) ;
#6109 = ORIENTED_EDGE ( 'NONE', *, *, #6669, .T. ) ;
#6110 = AXIS2_PLACEMENT_3D ( 'NONE', #4162, #2470, #3634 ) ;
#6111 = CARTESIAN_POINT ( 'NONE',  ( 2.757742740085070032, -1.930000000000000160, 0.3800000000000000044 ) ) ;
#6112 = CARTESIAN_POINT ( 'NONE',  ( 2.945000000000000284, 0.7649999999999999023, 0.000000000000000000 ) ) ;
#6113 = FILL_AREA_STYLE_COLOUR ( '', #2792 ) ;
#6114 = ORIENTED_EDGE ( 'NONE', *, *, #3239, .F. ) ;
#6115 = VECTOR ( 'NONE', #4155, 1000.000000000000000 ) ;
#6117 = ORIENTED_EDGE ( 'NONE', *, *, #1654, .F. ) ;
#6116 = CARTESIAN_POINT ( 'NONE',  ( -2.895000000000000018, -0.4550000000000000155, 0.000000000000000000 ) ) ;
#6118 = CARTESIAN_POINT ( 'NONE',  ( 3.075000000000000178, -2.084999999999999964, 0.000000000000000000 ) ) ;
#6119 = SURFACE_STYLE_USAGE ( .BOTH. , #3909 ) ;
#6120 = PRODUCT_DEFINITION ( 'UNKNOWN', '', #57, #1459 ) ;
#6121 = CARTESIAN_POINT ( 'NONE',  ( -3.075000000000000178, 0.4550000000000000155, 0.000000000000000000 ) ) ;
#6122 = CARTESIAN_POINT ( 'NONE',  ( -2.861967654140120221, -2.366967654140120114, 1.119999999999999885 ) ) ;
#6123 = VECTOR ( 'NONE', #887, 1000.000000000000000 ) ;
#6124 = AXIS2_PLACEMENT_3D ( 'NONE', #528, #6557, #4883 ) ;
#6125 =( NAMED_UNIT ( * ) SI_UNIT ( $, .STERADIAN. ) SOLID_ANGLE_UNIT ( ) );
#6126 = SURFACE_SIDE_STYLE ('',( #2947 ) ) ;
#6127 = APPLICATION_PROTOCOL_DEFINITION ( 'draft international standard', 'automotive_design', 1998, #1377 ) ;
#6128 = DIRECTION ( 'NONE',  ( 1.000000000000000000, 0.000000000000000000, 0.000000000000000000 ) ) ;
#6129 = VECTOR ( 'NONE', #2363, 1000.000000000000000 ) ;
#6130 = PRESENTATION_STYLE_ASSIGNMENT (( #2442 ) ) ;
#6131 = DIRECTION ( 'NONE',  ( -1.000000000000000000, 4.550094363217860219E-16, 0.000000000000000000 ) ) ;
#6132 = EDGE_CURVE ( 'NONE', #6074, #1258, #2557, .T. ) ;
#6133 = EDGE_CURVE ( 'NONE', #6259, #1542, #866, .T. ) ;
#6134 = DIRECTION ( 'NONE',  ( 0.000000000000000000, 0.000000000000000000, 1.000000000000000000 ) ) ;
#6135 = VERTEX_POINT ( 'NONE', #5712 ) ;
#6136 = CARTESIAN_POINT ( 'NONE',  ( -0.9650000000000000799, 1.989999999999999991, 0.3300000000000000155 ) ) ;
#6137 = VECTOR ( 'NONE', #1562, 1000.000000000000000 ) ;
#6138 =( NAMED_UNIT ( * ) SI_UNIT ( $, .STERADIAN. ) SOLID_ANGLE_UNIT ( ) );
#6139 = FILL_AREA_STYLE ('',( #1145 ) ) ;
#6140 = ORIENTED_EDGE ( 'NONE', *, *, #4888, .T. ) ;
#6141 = PLANE ( 'NONE',  #2780 ) ;
#6142 = COLOUR_RGB ( '',0.2862745098039215508, 0.2862745098039215508, 0.2862745098039215508 ) ;
#6143 = EDGE_CURVE ( 'NONE', #5482, #988, #895, .T. ) ;
#6144 =( NAMED_UNIT ( * ) PLANE_ANGLE_UNIT ( ) SI_UNIT ( $, .RADIAN. ) );
#6145 = ORIENTED_EDGE ( 'NONE', *, *, #3220, .T. ) ;
#6146 = FACE_OUTER_BOUND ( 'NONE', #4545, .T. ) ;
#6147 = ORIENTED_EDGE ( 'NONE', *, *, #2694, .F. ) ;
#6148 = CARTESIAN_POINT ( 'NONE',  ( -2.945000000000000284, 0.7649999999999999023, 0.000000000000000000 ) ) ;
#6149 = ORIENTED_EDGE ( 'NONE', *, *, #2064, .F. ) ;
#6150 = COLOUR_RGB ( '',0.2862745098039215508, 0.2862745098039215508, 0.2862745098039215508 ) ;
#6151 =( LENGTH_UNIT ( ) NAMED_UNIT ( * ) SI_UNIT ( .MILLI., .METRE. ) );
#6152 = CARTESIAN_POINT ( 'NONE',  ( -1.195000000000000062, 0.9949999999999999956, 0.000000000000000000 ) ) ;
#6153 = PRESENTATION_STYLE_ASSIGNMENT (( #5574 ) ) ;
#6154 = VERTEX_POINT ( 'NONE', #365 ) ;
#6155 = VECTOR ( 'NONE', #5410, 1000.000000000000000 ) ;
#6157 = ORIENTED_EDGE ( 'NONE', *, *, #1774, .T. ) ;
#6156 = FILL_AREA_STYLE_COLOUR ( '', #6901 ) ;
#6158 = CARTESIAN_POINT ( 'NONE',  ( -2.945000000000000284, 0.4550000000000000155, 0.000000000000000000 ) ) ;
#6159 = EDGE_CURVE ( 'NONE', #4180, #6725, #3646, .T. ) ;
#6160 = DIRECTION ( 'NONE',  ( 1.000000000000000000, 1.907599698668639923E-16, 0.000000000000000000 ) ) ;
#6161 = VECTOR ( 'NONE', #1983, 1000.000000000000000 ) ;
#6162 = DIRECTION ( 'NONE',  ( -0.7071067811865550112, 0.7071067811865400232, 0.000000000000000000 ) ) ;
#6163 = FILL_AREA_STYLE_COLOUR ( '', #795 ) ;
#6164 = SURFACE_STYLE_FILL_AREA ( #5036 ) ;
#6165 = ITEM_DEFINED_TRANSFORMATION ( 'NONE', 'NONE', #3848,  #398 ) ;
#6166 = SURFACE_STYLE_FILL_AREA ( #3982 ) ;
#6167 = PLANE ( 'NONE',  #1718 ) ;
#6168 = UNCERTAINTY_MEASURE_WITH_UNIT (LENGTH_MEASURE( 1.000000000000000082E-05 ), #2506, 'distance_accuracy_value', 'NONE');
#6169 = LINE ( 'NONE', #3380, #6822 ) ;
#6170 = ORIENTED_EDGE ( 'NONE', *, *, #1834, .T. ) ;
#6171 = LINE ( 'NONE', #5259, #1778 ) ;
#6172 = LINE ( 'NONE', #4950, #4337 ) ;
#6173 = DIRECTION ( 'NONE',  ( 0.000000000000000000, 0.000000000000000000, -1.000000000000000000 ) ) ;
#6174 = ORIENTED_EDGE ( 'NONE', *, *, #1687, .T. ) ;
#6175 =( NAMED_UNIT ( * ) SI_UNIT ( $, .STERADIAN. ) SOLID_ANGLE_UNIT ( ) );
#6176 = DIRECTION ( 'NONE',  ( 0.000000000000000000, 1.000000000000000000, 0.000000000000000000 ) ) ;
#6177 = DIRECTION ( 'NONE',  ( -1.000000000000000000, 0.000000000000000000, 0.000000000000000000 ) ) ;
#6178 = ORIENTED_EDGE ( 'NONE', *, *, #4511, .T. ) ;
#6179 = CARTESIAN_POINT ( 'NONE',  ( 1.195000000000000062, -1.989999999999999991, 0.000000000000000000 ) ) ;
#6180 = EDGE_CURVE ( 'NONE', #3172, #6335, #1327, .T. ) ;
#6181 = VERTEX_POINT ( 'NONE', #5303 ) ;
#6182 = DIRECTION ( 'NONE',  ( 0.000000000000000000, -1.000000000000000000, 0.000000000000000000 ) ) ;
#6183 = ORIENTED_EDGE ( 'NONE', *, *, #403, .F. ) ;
#6184 = CARTESIAN_POINT ( 'NONE',  ( -2.895000000000000018, -0.4550000000000000155, 0.000000000000000000 ) ) ;
#6185 = PLANE ( 'NONE',  #5668 ) ;
#6186 = LINE ( 'NONE', #1704, #1408 ) ;
#6187 = ORIENTED_EDGE ( 'NONE', *, *, #5116, .T. ) ;
#6189 = ORIENTED_EDGE ( 'NONE', *, *, #2824, .F. ) ;
#6188 = FILL_AREA_STYLE ('',( #6156 ) ) ;
#6190 = DIRECTION ( 'NONE',  ( 0.000000000000000000, 0.000000000000000000, 1.000000000000000000 ) ) ;
#6191 = LINE ( 'NONE', #5108, #3672 ) ;
#6192 = CARTESIAN_POINT ( 'NONE',  ( -2.211889550080823330, 1.934733596112490073, -6.623158270370040235 ) ) ;
#6193 = PLANE ( 'NONE',  #1630 ) ;
#6194 = LINE ( 'NONE', #1170, #335 ) ;
#6195 = CARTESIAN_POINT ( 'NONE',  ( -0.5799999999999999600, -2.449999999999999734, 0.000000000000000000 ) ) ;
#6196 = PRESENTATION_LAYER_ASSIGNMENT (  '', '', ( #2146 ) ) ;
#6197 = CARTESIAN_POINT ( 'NONE',  ( 2.945000000000000284, 0.7649999999999999023, 0.000000000000000000 ) ) ;
#6198 = EDGE_CURVE ( 'NONE', #3362, #1631, #1298, .T. ) ;
#6199 = DIRECTION ( 'NONE',  ( 0.000000000000000000, 0.000000000000000000, 1.000000000000000000 ) ) ;
#6200 = AXIS2_PLACEMENT_3D ( 'NONE', #6945, #4173, #6396 ) ;
#6201 = VERTEX_POINT ( 'NONE', #6843 ) ;
#6202 = PLANE ( 'NONE',  #733 ) ;
#6203 = DIRECTION ( 'NONE',  ( -1.000000000000000000, 0.000000000000000000, 0.000000000000000000 ) ) ;
#6204 = DIRECTION ( 'NONE',  ( 0.000000000000000000, 0.000000000000000000, 1.000000000000000000 ) ) ;
#6205 = ORIENTED_EDGE ( 'NONE', *, *, #6633, .F. ) ;
#6206 = AXIS2_PLACEMENT_3D ( 'NONE', #6613, #1144, #1181 ) ;
#6207 = DIRECTION ( 'NONE',  ( 0.000000000000000000, 0.000000000000000000, 1.000000000000000000 ) ) ;
#6208 = PRESENTATION_LAYER_ASSIGNMENT (  '', '', ( #5048 ) ) ;
#6209 = MECHANICAL_DESIGN_GEOMETRIC_PRESENTATION_REPRESENTATION (  '', ( #3560 ), #4586 ) ;
#6210 =( GEOMETRIC_REPRESENTATION_CONTEXT ( 3 ) GLOBAL_UNCERTAINTY_ASSIGNED_CONTEXT ( ( #2527 ) ) GLOBAL_UNIT_ASSIGNED_CONTEXT ( ( #2011, #500, #32 ) ) REPRESENTATION_CONTEXT ( 'NONE', 'WORKASPACE' ) );
#6211 = SURFACE_STYLE_FILL_AREA ( #7124 ) ;
#6212 = FILL_AREA_STYLE_COLOUR ( '', #2068 ) ;
#6213 = ORIENTED_EDGE ( 'NONE', *, *, #2990, .T. ) ;
#6214 = CARTESIAN_POINT ( 'NONE',  ( -2.465000000000000302, -2.135000000000000231, 0.3800000000000000044 ) ) ;
#6215 = VECTOR ( 'NONE', #6711, 1000.000000000000114 ) ;
#6216 = EDGE_LOOP ( 'NONE', ( #1911, #2819, #637, #3904, #1769, #4642 ) ) ;
#6217 = VECTOR ( 'NONE', #6066, 1000.000000000000000 ) ;
#6218 = VECTOR ( 'NONE', #529, 999.9999999999998863 ) ;
#6219 =( GEOMETRIC_REPRESENTATION_CONTEXT ( 3 ) GLOBAL_UNCERTAINTY_ASSIGNED_CONTEXT ( ( #3349 ) ) GLOBAL_UNIT_ASSIGNED_CONTEXT ( ( #605, #1388, #4445 ) ) REPRESENTATION_CONTEXT ( 'NONE', 'WORKASPACE' ) );
#6220 = LINE ( 'NONE', #3897, #1494 ) ;
#6221 = VERTEX_POINT ( 'NONE', #4649 ) ;
#6222 = CARTESIAN_POINT ( 'NONE',  ( -2.895000000000000018, 0.8149999999999999467, 0.000000000000000000 ) ) ;
#6223 = LINE ( 'NONE', #1271, #1290 ) ;
#6224 = EDGE_CURVE ( 'NONE', #2743, #4628, #3539, .T. ) ;
#6225 = VECTOR ( 'NONE', #1438, 1000.000000000000000 ) ;
#6226 = VECTOR ( 'NONE', #1617, 1000.000000000000000 ) ;
#6227 = STYLED_ITEM ( 'NONE', ( #3066 ), #3003 ) ;
#6228 = ORIENTED_EDGE ( 'NONE', *, *, #2112, .T. ) ;
#6229 = EDGE_CURVE ( 'NONE', #6810, #928, #4177, .T. ) ;
#6230 = EDGE_CURVE ( 'NONE', #5555, #5201, #6904, .T. ) ;
#6232 = VERTEX_POINT ( 'NONE', #6874 ) ;
#6231 = DIRECTION ( 'NONE',  ( 1.000000000000000000, 0.000000000000000000, 0.000000000000000000 ) ) ;
#6233 = COLOUR_RGB ( '',0.2862745098039215508, 0.2862745098039215508, 0.2862745098039215508 ) ;
#6234 = MECHANICAL_DESIGN_GEOMETRIC_PRESENTATION_REPRESENTATION (  '', ( #1380 ), #6699 ) ;
#6235 = CARTESIAN_POINT ( 'NONE',  ( -3.075000000000000178, 2.034999999999999698, 0.000000000000000000 ) ) ;
#6236 = FACE_OUTER_BOUND ( 'NONE', #5045, .T. ) ;
#6237 = FACE_OUTER_BOUND ( 'NONE', #4504, .T. ) ;
#6238 = CARTESIAN_POINT ( 'NONE',  ( 3.075000000000000178, 0.4550000000000000155, 0.3800000000000000044 ) ) ;
#6239 = CARTESIAN_POINT ( 'NONE',  ( -2.895000000000000018, -0.4550000000000000155, 0.000000000000000000 ) ) ;
#6240 = EDGE_CURVE ( 'NONE', #2817, #2096, #1912, .T. ) ;
#6241 = LINE ( 'NONE', #3491, #4889 ) ;
#6242 = VECTOR ( 'NONE', #5417, 1000.000000000000000 ) ;
#6243 = DIRECTION ( 'NONE',  ( 0.000000000000000000, 1.000000000000000000, 0.000000000000000000 ) ) ;
#6244 = MECHANICAL_DESIGN_GEOMETRIC_PRESENTATION_REPRESENTATION (  '', ( #3356 ), #4492 ) ;
#6245 = CARTESIAN_POINT ( 'NONE',  ( 2.757742740085070032, -0.6600000000000000311, 0.000000000000000000 ) ) ;
#6246 = EDGE_LOOP ( 'NONE', ( #3986, #2211, #3272, #612, #3965, #1563, #6251, #7069 ) ) ;
#6247 = DIRECTION ( 'NONE',  ( 0.000000000000000000, 0.000000000000000000, 1.000000000000000000 ) ) ;
#6248 = LINE ( 'NONE', #5708, #2396 ) ;
#6249 = LINE ( 'NONE', #3536, #5887 ) ;
#6250 = SURFACE_STYLE_USAGE ( .BOTH. , #4039 ) ;
#6251 = ORIENTED_EDGE ( 'NONE', *, *, #5228, .T. ) ;
#6252 = VECTOR ( 'NONE', #6383, 1000.000000000000000 ) ;
#6253 = DIRECTION ( 'NONE',  ( 0.000000000000000000, -1.000000000000000000, 0.000000000000000000 ) ) ;
#6254 = VERTEX_POINT ( 'NONE', #3030 ) ;
#6255 = CARTESIAN_POINT ( 'NONE',  ( 2.465000000000000302, 1.675000000000000044, 0.3300000000000000155 ) ) ;
#6256 = AXIS2_PLACEMENT_3D ( 'NONE', #5204, #1891, #3653 ) ;
#6257 = VERTEX_POINT ( 'NONE', #2482 ) ;
#6258 = FACE_OUTER_BOUND ( 'NONE', #1571, .T. ) ;
#6259 = VERTEX_POINT ( 'NONE', #1952 ) ;
#6260 = DIRECTION ( 'NONE',  ( 1.000000000000000000, 0.000000000000000000, 0.000000000000000000 ) ) ;
#6261 = DIRECTION ( 'NONE',  ( 0.000000000000000000, 1.000000000000000000, 0.000000000000000000 ) ) ;
#6262 = AXIS2_PLACEMENT_3D ( 'NONE', #6027, #7117, #6471 ) ;
#6263 = ORIENTED_EDGE ( 'NONE', *, *, #5925, .T. ) ;
#6265 = ORIENTED_EDGE ( 'NONE', *, *, #6862, .F. ) ;
#6264 = PLANE ( 'NONE',  #658 ) ;
#6266 = ADVANCED_FACE ( 'NONE', ( #4147 ), #6361, .T. ) ;
#6267 = PRESENTATION_STYLE_ASSIGNMENT (( #5318 ) ) ;
#6268 = UNCERTAINTY_MEASURE_WITH_UNIT (LENGTH_MEASURE( 1.000000000000000082E-05 ), #3477, 'distance_accuracy_value', 'NONE');
#6269 = LINE ( 'NONE', #276, #4585 ) ;
#6270 = CARTESIAN_POINT ( 'NONE',  ( -2.057499999999999662, 0.3824999999999999512, 0.000000000000000000 ) ) ;
#6271 =( NAMED_UNIT ( * ) PLANE_ANGLE_UNIT ( ) SI_UNIT ( $, .RADIAN. ) );
#6272 = VECTOR ( 'NONE', #48, 1000.000000000000000 ) ;
#6273 = FILL_AREA_STYLE_COLOUR ( '', #2170 ) ;
#6274 = SURFACE_STYLE_USAGE ( .BOTH. , #3020 ) ;
#6275 = CARTESIAN_POINT ( 'NONE',  ( -0.5975000000000000311, -1.989999999999999991, 0.000000000000000000 ) ) ;
#6276 = EDGE_CURVE ( 'NONE', #4194, #6957, #5263, .T. ) ;
#6277 = SURFACE_SIDE_STYLE ('',( #772 ) ) ;
#6278 = AXIS2_PLACEMENT_3D ( 'NONE', #5556, #111, #2261 ) ;
#6279 = FILL_AREA_STYLE_COLOUR ( '', #804 ) ;
#6280 = ADVANCED_FACE ( 'NONE', ( #4717 ), #1986, .T. ) ;
#6281 = ORIENTED_EDGE ( 'NONE', *, *, #6198, .F. ) ;
#6282 = PRESENTATION_LAYER_ASSIGNMENT (  '', '', ( #7092 ) ) ;
#6283 = CARTESIAN_POINT ( 'NONE',  ( 2.465000000000000302, -0.8624999999999999334, 0.000000000000000000 ) ) ;
#6284 = EDGE_LOOP ( 'NONE', ( #4425, #4903, #3832, #3093 ) ) ;
#6285 = CARTESIAN_POINT ( 'NONE',  ( -0.4449999999999999512, -2.189999999999999947, 0.000000000000000000 ) ) ;
#6286 = PRESENTATION_STYLE_ASSIGNMENT (( #7129 ) ) ;
#6287 = DIRECTION ( 'NONE',  ( 0.000000000000000000, 1.000000000000000000, 0.000000000000000000 ) ) ;
#6288 = CARTESIAN_POINT ( 'NONE',  ( -2.945000000000000284, -1.775000000000000133, 0.000000000000000000 ) ) ;
#6289 = ORIENTED_EDGE ( 'NONE', *, *, #5361, .F. ) ;
#6290 = DIRECTION ( 'NONE',  ( 1.000000000000000000, -1.907599698668650031E-16, 0.000000000000000000 ) ) ;
#6291 = FILL_AREA_STYLE_COLOUR ( '', #573 ) ;
#6292 = VERTEX_POINT ( 'NONE', #399 ) ;
#6293 = SURFACE_STYLE_USAGE ( .BOTH. , #6877 ) ;
#6294 = EDGE_CURVE ( 'NONE', #875, #2500, #4862, .T. ) ;
#6295 = ORIENTED_EDGE ( 'NONE', *, *, #491, .T. ) ;
#6296 = DIRECTION ( 'NONE',  ( -1.000000000000000000, 4.550094363217860219E-16, 0.000000000000000000 ) ) ;
#6297 = ORIENTED_EDGE ( 'NONE', *, *, #6143, .F. ) ;
#6298 = DIRECTION ( 'NONE',  ( 0.000000000000000000, -1.000000000000000000, 0.000000000000000000 ) ) ;
#6299 = CARTESIAN_POINT ( 'NONE',  ( 0.8299999999999999600, -2.575000000000000178, 0.3800000000000000044 ) ) ;
#6300 = DIRECTION ( 'NONE',  ( -0.000000000000000000, 1.000000000000000000, 0.000000000000000000 ) ) ;
#6301 = ORIENTED_EDGE ( 'NONE', *, *, #5373, .F. ) ;
#6302 = EDGE_CURVE ( 'NONE', #3618, #6360, #7051, .T. ) ;
#6304 = ORIENTED_EDGE ( 'NONE', *, *, #7058, .T. ) ;
#6303 = DIRECTION ( 'NONE',  ( 0.000000000000000000, -1.000000000000000000, 0.000000000000000000 ) ) ;
#6305 = LINE ( 'NONE', #766, #6353 ) ;
#6306 = LINE ( 'NONE', #4665, #141 ) ;
#6307 = LINE ( 'NONE', #2502, #4640 ) ;
#6308 = DIRECTION ( 'NONE',  ( 0.000000000000000000, 0.000000000000000000, -1.000000000000000000 ) ) ;
#6309 = EDGE_CURVE ( 'NONE', #89, #830, #5480, .T. ) ;
#6310 = CARTESIAN_POINT ( 'NONE',  ( 2.465000000000000302, 0.8149999999999999467, 0.000000000000000000 ) ) ;
#6311 = EDGE_CURVE ( 'NONE', #1153, #2117, #2118, .T. ) ;
#6312 = SURFACE_STYLE_USAGE ( .BOTH. , #4746 ) ;
#6313 = ORIENTED_EDGE ( 'NONE', *, *, #5028, .F. ) ;
#6314 = DIRECTION ( 'NONE',  ( -0.7071067811865475727, -0.7071067811865475727, 0.000000000000000000 ) ) ;
#6315 = EDGE_CURVE ( 'NONE', #521, #3034, #3273, .T. ) ;
#6316 = DIRECTION ( 'NONE',  ( 0.000000000000000000, -1.000000000000000000, 0.000000000000000000 ) ) ;
#6317 = ADVANCED_FACE ( 'NONE', ( #967 ), #2729, .T. ) ;
#6318 = COLOUR_RGB ( '',0.2862745098039215508, 0.2862745098039215508, 0.2862745098039215508 ) ;
#6319 = CARTESIAN_POINT ( 'NONE',  ( -2.465000000000000302, -0.4550000000000000155, 0.000000000000000000 ) ) ;
#6320 = EDGE_LOOP ( 'NONE', ( #7006, #2012, #5937, #1671 ) ) ;
#6321 = VERTEX_POINT ( 'NONE', #6428 ) ;
#6322 = CARTESIAN_POINT ( 'NONE',  ( -0.4449999999999999512, -1.879999999999999893, 0.000000000000000000 ) ) ;
#6323 = ORIENTED_EDGE ( 'NONE', *, *, #6018, .F. ) ;
#6324 =( NAMED_UNIT ( * ) SI_UNIT ( $, .STERADIAN. ) SOLID_ANGLE_UNIT ( ) );
#6325 = ORIENTED_EDGE ( 'NONE', *, *, #7018, .F. ) ;
#6326 = CARTESIAN_POINT ( 'NONE',  ( 2.895000000000000018, 0.8149999999999999467, 0.3800000000000000044 ) ) ;
#6327 = EDGE_LOOP ( 'NONE', ( #327, #5888, #6474, #5985, #2600, #3800 ) ) ;
#6328 = CARTESIAN_POINT ( 'NONE',  ( -2.945000000000000284, -2.449999999999999734, 0.3300000000000000155 ) ) ;
#6329 = CARTESIAN_POINT ( 'NONE',  ( -2.465000000000000302, -1.724999999999999867, 0.000000000000000000 ) ) ;
#6330 = PLANE ( 'NONE',  #6256 ) ;
#6331 = VECTOR ( 'NONE', #3651, 1000.000000000000000 ) ;
#6332 = VECTOR ( 'NONE', #1896, 999.9999999999998863 ) ;
#6333 = ORIENTED_EDGE ( 'NONE', *, *, #2556, .F. ) ;
#6335 = VERTEX_POINT ( 'NONE', #7009 ) ;
#6334 = CARTESIAN_POINT ( 'NONE',  ( 2.465000000000000302, 1.675000000000000044, 0.3800000000000000044 ) ) ;
#6336 = PLANE ( 'NONE',  #6568 ) ;
#6337 = DIRECTION ( 'NONE',  ( 0.000000000000000000, 0.000000000000000000, -1.000000000000000000 ) ) ;
#6338 = VECTOR ( 'NONE', #3990, 1000.000000000000000 ) ;
#6339 = FILL_AREA_STYLE_COLOUR ( '', #7038 ) ;
#6340 = PRESENTATION_STYLE_ASSIGNMENT (( #4774 ) ) ;
#6341 = COLOUR_RGB ( '',0.7490196078431372584, 0.7490196078431372584, 0.7490196078431372584 ) ;
#6342 = MECHANICAL_DESIGN_GEOMETRIC_PRESENTATION_REPRESENTATION (  '', ( #574 ), #4144 ) ;
#6343 = EDGE_CURVE ( 'NONE', #5273, #6586, #5889, .T. ) ;
#6344 = PLANE ( 'NONE',  #2201 ) ;
#6345 = UNCERTAINTY_MEASURE_WITH_UNIT (LENGTH_MEASURE( 1.000000000000000082E-05 ), #2295, 'distance_accuracy_value', 'NONE');
#6346 = DIRECTION ( 'NONE',  ( 4.252870457233460798E-15, -1.000000000000000000, 0.000000000000000000 ) ) ;
#6347 = MECHANICAL_DESIGN_GEOMETRIC_PRESENTATION_REPRESENTATION (  '', ( #2 ), #4713 ) ;
#6348 = LINE ( 'NONE', #6970, #6551 ) ;
#6349 = VECTOR ( 'NONE', #616, 1000.000000000000000 ) ;
#6350 = MECHANICAL_DESIGN_GEOMETRIC_PRESENTATION_REPRESENTATION (  '', ( #2742 ), #3809 ) ;
#6351 = CARTESIAN_POINT ( 'NONE',  ( -2.692499999999999893, 2.287500000000000089, 0.000000000000000000 ) ) ;
#6352 = SURFACE_STYLE_USAGE ( .BOTH. , #4169 ) ;
#6353 = VECTOR ( 'NONE', #385, 1000.000000000000000 ) ;
#6354 = CARTESIAN_POINT ( 'NONE',  ( -2.465000000000000302, -2.135000000000000231, 0.3300000000000000155 ) ) ;
#6355 = EDGE_LOOP ( 'NONE', ( #4234, #978, #5009, #4574 ) ) ;
#6356 = SURFACE_STYLE_FILL_AREA ( #930 ) ;
#6357 = EDGE_CURVE ( 'NONE', #1806, #732, #934, .T. ) ;
#6358 = ADVANCED_FACE ( 'NONE', ( #471 ), #6536, .T. ) ;
#6359 = CARTESIAN_POINT ( 'NONE',  ( -0.5799999999999999600, 2.423826859021799951, 0.3300000000000000155 ) ) ;
#6360 = VERTEX_POINT ( 'NONE', #1033 ) ;
#6361 = PLANE ( 'NONE',  #7079 ) ;
#6362 = ADVANCED_FACE ( 'NONE', ( #3240 ), #505, .T. ) ;
#6363 = PLANE ( 'NONE',  #5182 ) ;
#6364 = ORIENTED_EDGE ( 'NONE', *, *, #3048, .F. ) ;
#6365 =( NAMED_UNIT ( * ) PLANE_ANGLE_UNIT ( ) SI_UNIT ( $, .RADIAN. ) );
#6366 = EDGE_CURVE ( 'NONE', #2491, #4629, #2142, .T. ) ;
#6367 = DIRECTION ( 'NONE',  ( 0.000000000000000000, -1.000000000000000000, 0.000000000000000000 ) ) ;
#6368 = VECTOR ( 'NONE', #4958, 1000.000000000000000 ) ;
#6369 = VERTEX_POINT ( 'NONE', #1096 ) ;
#6370 = UNCERTAINTY_MEASURE_WITH_UNIT (LENGTH_MEASURE( 1.000000000000000082E-05 ), #6875, 'distance_accuracy_value', 'NONE');
#6371 = FILL_AREA_STYLE ('',( #374 ) ) ;
#6372 = CARTESIAN_POINT ( 'NONE',  ( -2.465000000000000302, -0.4550000000000000155, 0.000000000000000000 ) ) ;
#6373 = CARTESIAN_POINT ( 'NONE',  ( -2.945000000000000284, 0.4550000000000000155, 0.000000000000000000 ) ) ;
#6374 = ADVANCED_FACE ( 'NONE', ( #2809 ), #4446, .T. ) ;
#6375 = ORIENTED_EDGE ( 'NONE', *, *, #3662, .T. ) ;
#6377 = EDGE_LOOP ( 'NONE', ( #6704, #3750, #3998, #3391 ) ) ;
#6376 = CARTESIAN_POINT ( 'NONE',  ( -0.4449999999999999512, -2.189999999999999947, 0.3300000000000000155 ) ) ;
#6378 = DIRECTION ( 'NONE',  ( 0.000000000000000000, 0.000000000000000000, 1.000000000000000000 ) ) ;
#6379 = VERTEX_POINT ( 'NONE', #1682 ) ;
#6380 =( GEOMETRIC_REPRESENTATION_CONTEXT ( 3 ) GLOBAL_UNCERTAINTY_ASSIGNED_CONTEXT ( ( #670 ) ) GLOBAL_UNIT_ASSIGNED_CONTEXT ( ( #2277, #1743, #3399 ) ) REPRESENTATION_CONTEXT ( 'NONE', 'WORKASPACE' ) );
#6381 = DIRECTION ( 'NONE',  ( 0.000000000000000000, -1.000000000000000000, 0.000000000000000000 ) ) ;
#6382 = CARTESIAN_POINT ( 'NONE',  ( 0.000000000000000000, -2.366967654140120114, 1.119999999999999885 ) ) ;
#6383 = DIRECTION ( 'NONE',  ( -1.132880637372609972E-16, 1.000000000000000000, -1.077863926709489990E-15 ) ) ;
#6384 = ORIENTED_EDGE ( 'NONE', *, *, #3164, .T. ) ;
#6385 = VECTOR ( 'NONE', #4754, 1000.000000000000000 ) ;
#6386 = LINE ( 'NONE', #1824, #5338 ) ;
#6387 = UNCERTAINTY_MEASURE_WITH_UNIT (LENGTH_MEASURE( 1.000000000000000082E-05 ), #4377, 'distance_accuracy_value', 'NONE');
#6388 = CARTESIAN_POINT ( 'NONE',  ( -2.945000000000000284, 2.034999999999999698, 0.000000000000000000 ) ) ;
#6389 = ADVANCED_FACE ( 'NONE', ( #3881 ), #2186, .F. ) ;
#6390 = LINE ( 'NONE', #5287, #2858 ) ;
#6391 = SURFACE_STYLE_FILL_AREA ( #2505 ) ;
#6392 = UNCERTAINTY_MEASURE_WITH_UNIT (LENGTH_MEASURE( 1.000000000000000082E-05 ), #5637, 'distance_accuracy_value', 'NONE');
#6393 = PLANE ( 'NONE',  #1977 ) ;
#6394 = EDGE_LOOP ( 'NONE', ( #229, #6187, #2495, #4414 ) ) ;
#6395 = CARTESIAN_POINT ( 'NONE',  ( -0.5799999999999999600, 1.211913429510899975, 0.000000000000000000 ) ) ;
#6396 = DIRECTION ( 'NONE',  ( -1.132880637372609972E-16, 1.000000000000000000, 0.000000000000000000 ) ) ;
#6397 = DIRECTION ( 'NONE',  ( 0.000000000000000000, 0.000000000000000000, 1.000000000000000000 ) ) ;
#6398 = ORIENTED_EDGE ( 'NONE', *, *, #1678, .T. ) ;
#6399 = CARTESIAN_POINT ( 'NONE',  ( 2.945000000000000284, -1.224999999999999867, 0.3300000000000000155 ) ) ;
#6400 = EDGE_CURVE ( 'NONE', #36, #6994, #3524, .T. ) ;
#6401 = DIRECTION ( 'NONE',  ( 1.000000000000000000, 0.000000000000000000, 0.000000000000000000 ) ) ;
#6402 = ORIENTED_EDGE ( 'NONE', *, *, #4908, .T. ) ;
#6403 = LINE ( 'NONE', #898, #2761 ) ;
#6404 = EDGE_CURVE ( 'NONE', #4435, #1302, #6386, .T. ) ;
#6405 = ORIENTED_EDGE ( 'NONE', *, *, #6892, .F. ) ;
#6406 = LINE ( 'NONE', #3007, #4261 ) ;
#6407 =( LENGTH_UNIT ( ) NAMED_UNIT ( * ) SI_UNIT ( .MILLI., .METRE. ) );
#6408 = EDGE_CURVE ( 'NONE', #2278, #1292, #3601, .T. ) ;
#6409 = ORIENTED_EDGE ( 'NONE', *, *, #6357, .F. ) ;
#6411 = ORIENTED_EDGE ( 'NONE', *, *, #3842, .T. ) ;
#6410 = DIRECTION ( 'NONE',  ( 0.000000000000000000, 0.000000000000000000, -1.000000000000000000 ) ) ;
#6412 = EDGE_CURVE ( 'NONE', #1373, #5555, #5777, .T. ) ;
#6413 = EDGE_LOOP ( 'NONE', ( #2249, #722, #718, #4797, #4849, #1887, #975, #1556 ) ) ;
#6414 = CARTESIAN_POINT ( 'NONE',  ( -0.5799999999999999600, 2.449999999999999734, 0.3300000000000000155 ) ) ;
#6415 = DIRECTION ( 'NONE',  ( 0.000000000000000000, 0.000000000000000000, 1.000000000000000000 ) ) ;
#6417 = DIRECTION ( 'NONE',  ( 0.000000000000000000, 0.000000000000000000, 1.000000000000000000 ) ) ;
#6416 = UNCERTAINTY_MEASURE_WITH_UNIT (LENGTH_MEASURE( 1.000000000000000082E-05 ), #213, 'distance_accuracy_value', 'NONE');
#6418 =( NAMED_UNIT ( * ) SI_UNIT ( $, .STERADIAN. ) SOLID_ANGLE_UNIT ( ) );
#6419 = PLANE ( 'NONE',  #779 ) ;
#6420 = DIRECTION ( 'NONE',  ( -1.132880637372609972E-16, 1.000000000000000000, 0.000000000000000000 ) ) ;
#6421 = CARTESIAN_POINT ( 'NONE',  ( -2.945000000000000284, -0.5050000000000000044, 0.000000000000000000 ) ) ;
#6422 = CARTESIAN_POINT ( 'NONE',  ( 2.945000000000000284, -1.224999999999999867, 0.3300000000000000155 ) ) ;
#6423 = ORIENTED_EDGE ( 'NONE', *, *, #7112, .T. ) ;
#6424 = PRESENTATION_STYLE_ASSIGNMENT (( #2479 ) ) ;
#6425 = PRESENTATION_STYLE_ASSIGNMENT (( #6469 ) ) ;
#6426 = VERTEX_POINT ( 'NONE', #2946 ) ;
#6427 = EDGE_CURVE ( 'NONE', #413, #6582, #5253, .T. ) ;
#6428 = CARTESIAN_POINT ( 'NONE',  ( -2.895000000000000018, -1.724999999999999867, 0.3300000000000000155 ) ) ;
#6429 = UNCERTAINTY_MEASURE_WITH_UNIT (LENGTH_MEASURE( 1.000000000000000082E-05 ), #2939, 'distance_accuracy_value', 'NONE');
#6430 = SURFACE_SIDE_STYLE ('',( #4677 ) ) ;
#6431 = EDGE_LOOP ( 'NONE', ( #4240, #6304, #5859, #3145 ) ) ;
#6432 = CARTESIAN_POINT ( 'NONE',  ( -2.465000000000000302, -0.4550000000000000155, 0.000000000000000000 ) ) ;
#6433 = ORIENTED_EDGE ( 'NONE', *, *, #214, .F. ) ;
#6434 = LINE ( 'NONE', #2054, #5895 ) ;
#6435 = VECTOR ( 'NONE', #4193, 1000.000000000000000 ) ;
#6436 =( NAMED_UNIT ( * ) PLANE_ANGLE_UNIT ( ) SI_UNIT ( $, .RADIAN. ) );
#6437 = ORIENTED_EDGE ( 'NONE', *, *, #5819, .F. ) ;
#6439 = ORIENTED_EDGE ( 'NONE', *, *, #2556, .T. ) ;
#6438 = CARTESIAN_POINT ( 'NONE',  ( -0.5799999999999999600, -2.423826859021799951, 0.3300000000000000155 ) ) ;
#6440 =( GEOMETRIC_REPRESENTATION_CONTEXT ( 3 ) GLOBAL_UNCERTAINTY_ASSIGNED_CONTEXT ( ( #5006 ) ) GLOBAL_UNIT_ASSIGNED_CONTEXT ( ( #6151, #3398, #2853 ) ) REPRESENTATION_CONTEXT ( 'NONE', 'WORKASPACE' ) );
#6441 = VECTOR ( 'NONE', #5351, 1000.000000000000000 ) ;
#6442 = DIRECTION ( 'NONE',  ( 0.000000000000000000, 0.000000000000000000, 1.000000000000000000 ) ) ;
#6443 = VERTEX_POINT ( 'NONE', #5732 ) ;
#6444 = SURFACE_STYLE_FILL_AREA ( #2029 ) ;
#6445 = EDGE_CURVE ( 'NONE', #830, #6254, #742, .T. ) ;
#6446 = LINE ( 'NONE', #2643, #1699 ) ;
#6447 = DIRECTION ( 'NONE',  ( 2.707861035671120257E-15, -1.000000000000000000, 0.000000000000000000 ) ) ;
#6448 = CARTESIAN_POINT ( 'NONE',  ( -0.9650000000000000799, 1.989999999999999991, 0.3300000000000000155 ) ) ;
#6449 = COLOUR_RGB ( '',0.2862745098039215508, 0.2862745098039215508, 0.2862745098039215508 ) ;
#6450 =( GEOMETRIC_REPRESENTATION_CONTEXT ( 3 ) GLOBAL_UNCERTAINTY_ASSIGNED_CONTEXT ( ( #5221 ) ) GLOBAL_UNIT_ASSIGNED_CONTEXT ( ( #973, #2595, #4247 ) ) REPRESENTATION_CONTEXT ( 'NONE', 'WORKASPACE' ) );
#6451 = COLOUR_RGB ( '',0.2862745098039215508, 0.2862745098039215508, 0.2862745098039215508 ) ;
#6452 = VECTOR ( 'NONE', #5296, 1000.000000000000000 ) ;
#6453 = EDGE_CURVE ( 'NONE', #3648, #3579, #6307, .T. ) ;
#6454 = SURFACE_STYLE_FILL_AREA ( #1085 ) ;
#6455 = CARTESIAN_POINT ( 'NONE',  ( 2.861967654140120221, 0.000000000000000000, 1.119999999999999885 ) ) ;
#6456 =( GEOMETRIC_REPRESENTATION_CONTEXT ( 3 ) GLOBAL_UNCERTAINTY_ASSIGNED_CONTEXT ( ( #2359 ) ) GLOBAL_UNIT_ASSIGNED_CONTEXT ( ( #68, #6087, #6056 ) ) REPRESENTATION_CONTEXT ( 'NONE', 'WORKASPACE' ) );
#6457 = VECTOR ( 'NONE', #3449, 1000.000000000000000 ) ;
#6458 = VECTOR ( 'NONE', #763, 1000.000000000000000 ) ;
#6459 = STYLED_ITEM ( 'NONE', ( #6722 ), #12 ) ;
#6460 = SURFACE_SIDE_STYLE ('',( #6391 ) ) ;
#6461 = CARTESIAN_POINT ( 'NONE',  ( -2.895000000000000018, 0.8149999999999999467, 0.000000000000000000 ) ) ;
#6462 = VECTOR ( 'NONE', #4489, 1000.000000000000000 ) ;
#6463 = MECHANICAL_DESIGN_GEOMETRIC_PRESENTATION_REPRESENTATION (  '', ( #2413 ), #5183 ) ;
#6464 = LINE ( 'NONE', #5881, #2867 ) ;
#6465 = ORIENTED_EDGE ( 'NONE', *, *, #4669, .F. ) ;
#6466 =( NAMED_UNIT ( * ) SI_UNIT ( $, .STERADIAN. ) SOLID_ANGLE_UNIT ( ) );
#6467 =( LENGTH_UNIT ( ) NAMED_UNIT ( * ) SI_UNIT ( .MILLI., .METRE. ) );
#6468 = VECTOR ( 'NONE', #4596, 1000.000000000000000 ) ;
#6469 = SURFACE_STYLE_USAGE ( .BOTH. , #4233 ) ;
#6470 = ORIENTED_EDGE ( 'NONE', *, *, #798, .F. ) ;
#6471 = DIRECTION ( 'NONE',  ( 0.000000000000000000, 0.000000000000000000, -1.000000000000000000 ) ) ;
#6472 = VECTOR ( 'NONE', #4092, 1000.000000000000000 ) ;
#6473 = CARTESIAN_POINT ( 'NONE',  ( -2.895000000000000018, 0.8149999999999999467, 0.000000000000000000 ) ) ;
#6474 = ORIENTED_EDGE ( 'NONE', *, *, #1365, .T. ) ;
#6475 = DIRECTION ( 'NONE',  ( 0.000000000000000000, 0.000000000000000000, 1.000000000000000000 ) ) ;
#6476 = SURFACE_SIDE_STYLE ('',( #2563 ) ) ;
#6477 = EDGE_CURVE ( 'NONE', #689, #4149, #1318, .T. ) ;
#6478 = ORIENTED_EDGE ( 'NONE', *, *, #270, .T. ) ;
#6479 = DIRECTION ( 'NONE',  ( -1.000000000000000000, 4.550094363217860219E-16, 0.000000000000000000 ) ) ;
#6480 = CARTESIAN_POINT ( 'NONE',  ( 2.945000000000000284, -0.8149999999999999467, 0.000000000000000000 ) ) ;
#6481 = FACE_OUTER_BOUND ( 'NONE', #2859, .T. ) ;
#6482 = ORIENTED_EDGE ( 'NONE', *, *, #1612, .F. ) ;
#6483 = PRESENTATION_LAYER_ASSIGNMENT (  '', '', ( #2315 ) ) ;
#6485 = ORIENTED_EDGE ( 'NONE', *, *, #5184, .F. ) ;
#6484 = FILL_AREA_STYLE ('',( #6547 ) ) ;
#6486 = PRESENTATION_STYLE_ASSIGNMENT (( #3698 ) ) ;
#6487 = ORIENTED_EDGE ( 'NONE', *, *, #4181, .T. ) ;
#6488 = CARTESIAN_POINT ( 'NONE',  ( -1.447500000000000009, 1.675000000000000044, 0.000000000000000000 ) ) ;
#6489 = DIRECTION ( 'NONE',  ( 1.000000000000000000, 0.000000000000000000, 0.000000000000000000 ) ) ;
#6490 = FILL_AREA_STYLE_COLOUR ( '', #5435 ) ;
#6491 = PRESENTATION_LAYER_ASSIGNMENT (  '', '', ( #3715 ) ) ;
#6492 = CARTESIAN_POINT ( 'NONE',  ( 2.945000000000000284, -0.8149999999999999467, 0.000000000000000000 ) ) ;
#6493 = DIRECTION ( 'NONE',  ( -1.000000000000000000, 0.000000000000000000, 0.000000000000000000 ) ) ;
#6494 = ADVANCED_FACE ( 'NONE', ( #4164 ), #1902, .F. ) ;
#6495 = DIRECTION ( 'NONE',  ( 0.000000000000000000, 0.000000000000000000, 1.000000000000000000 ) ) ;
#6496 = DIRECTION ( 'NONE',  ( 1.000000000000000000, 0.000000000000000000, 0.000000000000000000 ) ) ;
#6497 = MECHANICAL_DESIGN_GEOMETRIC_PRESENTATION_REPRESENTATION (  '', ( #5103 ), #391 ) ;
#6498 = EDGE_CURVE ( 'NONE', #5102, #3337, #3561, .T. ) ;
#6499 =( LENGTH_UNIT ( ) NAMED_UNIT ( * ) SI_UNIT ( .MILLI., .METRE. ) );
#6500 = ORIENTED_EDGE ( 'NONE', *, *, #1284, .F. ) ;
#6501 =( NAMED_UNIT ( * ) SI_UNIT ( $, .STERADIAN. ) SOLID_ANGLE_UNIT ( ) );
#6502 = CARTESIAN_POINT ( 'NONE',  ( -2.895000000000000018, 2.084999999999999964, 0.000000000000000000 ) ) ;
#6503 = SHAPE_REPRESENTATION ( 'SIR681DP-T1-RE3', ( #1071, #6047 ), #1315 ) ;
#6504 = AXIS2_PLACEMENT_3D ( 'NONE', #1428, #311, #4697 ) ;
#6505 = ADVANCED_FACE ( 'NONE', ( #1392 ), #2365, .T. ) ;
#6506 = SURFACE_STYLE_FILL_AREA ( #4714 ) ;
#6507 = ORIENTED_EDGE ( 'NONE', *, *, #1644, .F. ) ;
#6508 = AXIS2_PLACEMENT_3D ( 'NONE', #1037, #6611, #1098 ) ;
#6509 = SURFACE_STYLE_USAGE ( .BOTH. , #3242 ) ;
#6510 = VERTEX_POINT ( 'NONE', #6934 ) ;
#6511 = CARTESIAN_POINT ( 'NONE',  ( 0.9650000000000000799, 1.989999999999999991, 0.3800000000000000044 ) ) ;
#6512 = DIRECTION ( 'NONE',  ( 0.000000000000000000, -1.000000000000000000, 0.000000000000000000 ) ) ;
#6513 = ORIENTED_EDGE ( 'NONE', *, *, #3052, .F. ) ;
#6514 = AXIS2_PLACEMENT_3D ( 'NONE', #2478, #6314, #2952 ) ;
#6515 = SURFACE_STYLE_FILL_AREA ( #4873 ) ;
#6516 = CARTESIAN_POINT ( 'NONE',  ( -2.895000000000000018, -1.724999999999999867, 0.000000000000000000 ) ) ;
#6517 = VERTEX_POINT ( 'NONE', #1286 ) ;
#6519 = ORIENTED_EDGE ( 'NONE', *, *, #6404, .T. ) ;
#6518 =( LENGTH_UNIT ( ) NAMED_UNIT ( * ) SI_UNIT ( .MILLI., .METRE. ) );
#6520 = CARTESIAN_POINT ( 'NONE',  ( 1.195000000000000062, -1.989999999999999991, 0.3800000000000000044 ) ) ;
#6521 = ORIENTED_EDGE ( 'NONE', *, *, #888, .F. ) ;
#6522 = FILL_AREA_STYLE_COLOUR ( '', #3551 ) ;
#6523 = LINE ( 'NONE', #449, #695 ) ;
#6524 = LINE ( 'NONE', #5390, #4383 ) ;
#6525 = ADVANCED_FACE ( 'NONE', ( #705 ), #4024, .T. ) ;
#6526 = VERTEX_POINT ( 'NONE', #3251 ) ;
#6527 = DIRECTION ( 'NONE',  ( 0.000000000000000000, 0.000000000000000000, 1.000000000000000000 ) ) ;
#6528 = PLANE ( 'NONE',  #3902 ) ;
#6529 = LINE ( 'NONE', #6052, #1614 ) ;
#6530 = CARTESIAN_POINT ( 'NONE',  ( -0.4449999999999999512, 2.189999999999999947, 0.000000000000000000 ) ) ;
#6531 = ADVANCED_FACE ( 'NONE', ( #5421 ), #2237, .F. ) ;
#6532 = ORIENTED_EDGE ( 'NONE', *, *, #4344, .T. ) ;
#6533 = DIRECTION ( 'NONE',  ( 1.000000000000000000, 0.000000000000000000, 0.000000000000000000 ) ) ;
#6534 = ORIENTED_EDGE ( 'NONE', *, *, #2143, .F. ) ;
#6535 = ADVANCED_FACE ( 'NONE', ( #3801 ), #2676, .F. ) ;
#6536 = PLANE ( 'NONE',  #2686 ) ;
#6537 = EDGE_CURVE ( 'NONE', #4802, #4180, #3216, .T. ) ;
#6538 = EDGE_CURVE ( 'NONE', #394, #1809, #6546, .T. ) ;
#6539 = EDGE_LOOP ( 'NONE', ( #1097, #3073, #2668, #6409 ) ) ;
#6540 = ORIENTED_EDGE ( 'NONE', *, *, #6715, .T. ) ;
#6541 = DIRECTION ( 'NONE',  ( 1.000000000000000000, 0.000000000000000000, 0.000000000000000000 ) ) ;
#6542 = LINE ( 'NONE', #5930, #1391 ) ;
#6543 = DIRECTION ( 'NONE',  ( -0.7071067811865474617, 0.7071067811865474617, 0.000000000000000000 ) ) ;
#6544 = CARTESIAN_POINT ( 'NONE',  ( 2.945000000000000284, -2.449999999999999734, 0.000000000000000000 ) ) ;
#6545 = ORIENTED_EDGE ( 'NONE', *, *, #4012, .F. ) ;
#6546 = LINE ( 'NONE', #5457, #6739 ) ;
#6548 = ORIENTED_EDGE ( 'NONE', *, *, #1173, .T. ) ;
#6547 = FILL_AREA_STYLE_COLOUR ( '', #2731 ) ;
#6549 = VECTOR ( 'NONE', #5501, 1000.000000000000000 ) ;
#6550 = EDGE_LOOP ( 'NONE', ( #525, #4145, #5161, #3742 ) ) ;
#6551 = VECTOR ( 'NONE', #919, 1000.000000000000000 ) ;
#6552 = FACE_OUTER_BOUND ( 'NONE', #6909, .T. ) ;
#6553 = SURFACE_STYLE_USAGE ( .BOTH. , #7070 ) ;
#6554 = CARTESIAN_POINT ( 'NONE',  ( -3.075000000000000178, 0.7649999999999999023, 0.3800000000000000044 ) ) ;
#6555 =( GEOMETRIC_REPRESENTATION_CONTEXT ( 3 ) GLOBAL_UNCERTAINTY_ASSIGNED_CONTEXT ( ( #3599 ) ) GLOBAL_UNIT_ASSIGNED_CONTEXT ( ( #2617, #4822, #1909 ) ) REPRESENTATION_CONTEXT ( 'NONE', 'WORKASPACE' ) );
#6556 = EDGE_LOOP ( 'NONE', ( #2569, #5109, #331, #5989 ) ) ;
#6557 = DIRECTION ( 'NONE',  ( 1.907599698668650031E-16, 1.000000000000000000, 0.000000000000000000 ) ) ;
#6558 = DIRECTION ( 'NONE',  ( 0.000000000000000000, -1.000000000000000000, 0.000000000000000000 ) ) ;
#6559 = LINE ( 'NONE', #3157, #921 ) ;
#6560 = EDGE_CURVE ( 'NONE', #1874, #6002, #976, .T. ) ;
#6561 = PRESENTATION_STYLE_ASSIGNMENT (( #27 ) ) ;
#6562 = AXIS2_PLACEMENT_3D ( 'NONE', #4870, #6541, #1580 ) ;
#6563 = VECTOR ( 'NONE', #2366, 1000.000000000000000 ) ;
#6564 = CARTESIAN_POINT ( 'NONE',  ( 2.945000000000000284, 1.724999999999999867, 0.3300000000000000155 ) ) ;
#6565 = AXIS2_PLACEMENT_3D ( 'NONE', #949, #4935, #6614 ) ;
#6566 = CARTESIAN_POINT ( 'NONE',  ( -2.945000000000000284, 2.034999999999999698, 0.3800000000000000044 ) ) ;
#6567 = STYLED_ITEM ( 'NONE', ( #4796 ), #750 ) ;
#6568 = AXIS2_PLACEMENT_3D ( 'NONE', #5244, #5209, #2538 ) ;
#6569 =( NAMED_UNIT ( * ) PLANE_ANGLE_UNIT ( ) SI_UNIT ( $, .RADIAN. ) );
#6570 = PRESENTATION_LAYER_ASSIGNMENT (  '', '', ( #1951 ) ) ;
#6571 = DIRECTION ( 'NONE',  ( 0.7071067811865570096, -0.7071067811865380248, 0.000000000000000000 ) ) ;
#6572 = VERTEX_POINT ( 'NONE', #3830 ) ;
#6573 = AXIS2_PLACEMENT_3D ( 'NONE', #4356, #2707, #3862 ) ;
#6574 = VECTOR ( 'NONE', #6296, 1000.000000000000000 ) ;
#6575 = DIRECTION ( 'NONE',  ( 0.000000000000000000, -1.000000000000000000, 0.000000000000000000 ) ) ;
#6576 = FILL_AREA_STYLE_COLOUR ( '', #7152 ) ;
#6577 = ORIENTED_EDGE ( 'NONE', *, *, #6085, .T. ) ;
#6578 =( LENGTH_UNIT ( ) NAMED_UNIT ( * ) SI_UNIT ( .MILLI., .METRE. ) );
#6579 = PRESENTATION_LAYER_ASSIGNMENT (  '', '', ( #2531 ) ) ;
#6580 = VECTOR ( 'NONE', #5675, 1000.000000000000000 ) ;
#6581 = LINE ( 'NONE', #3887, #906 ) ;
#6582 = VERTEX_POINT ( 'NONE', #1105 ) ;
#6583 = EDGE_CURVE ( 'NONE', #6443, #2481, #6039, .T. ) ;
#6584 = CARTESIAN_POINT ( 'NONE',  ( 2.465000000000000302, -0.8649999999999999911, 0.000000000000000000 ) ) ;
#6585 = PLANE ( 'NONE',  #2405 ) ;
#6586 = VERTEX_POINT ( 'NONE', #2097 ) ;
#6587 = DIRECTION ( 'NONE',  ( 0.000000000000000000, 0.000000000000000000, 1.000000000000000000 ) ) ;
#6589 = VERTEX_POINT ( 'NONE', #4285 ) ;
#6588 = DIRECTION ( 'NONE',  ( 0.000000000000000000, 0.000000000000000000, 1.000000000000000000 ) ) ;
#6590 = SURFACE_STYLE_USAGE ( .BOTH. , #4904 ) ;
#6591 = AXIS2_PLACEMENT_3D ( 'NONE', #5803, #6852, #6261 ) ;
#6592 = ORIENTED_EDGE ( 'NONE', *, *, #6309, .T. ) ;
#6593 = EDGE_CURVE ( 'NONE', #4194, #3621, #587, .T. ) ;
#6594 = DIRECTION ( 'NONE',  ( 0.7071067811865400232, 0.7071067811865550112, 0.000000000000000000 ) ) ;
#6595 = CARTESIAN_POINT ( 'NONE',  ( 3.075000000000000178, 1.724999999999999867, 0.000000000000000000 ) ) ;
#6596 = ORIENTED_EDGE ( 'NONE', *, *, #4224, .T. ) ;
#6597 = CARTESIAN_POINT ( 'NONE',  ( 2.082500000000000018, 0.3575000000000000400, 0.000000000000000000 ) ) ;
#6598 = CARTESIAN_POINT ( 'NONE',  ( -0.4449999999999999512, 1.989999999999999991, 0.3300000000000000155 ) ) ;
#6599 = VECTOR ( 'NONE', #4225, 1000.000000000000000 ) ;
#6600 = FACE_OUTER_BOUND ( 'NONE', #4362, .T. ) ;
#6601 = CARTESIAN_POINT ( 'NONE',  ( -2.895000000000000018, 0.4049999999999999711, 0.3300000000000000155 ) ) ;
#6602 = EDGE_CURVE ( 'NONE', #258, #2905, #3178, .T. ) ;
#6603 = CARTESIAN_POINT ( 'NONE',  ( 2.945000000000000284, -2.084999999999999964, 0.3300000000000000155 ) ) ;
#6604 = CARTESIAN_POINT ( 'NONE',  ( 2.895000000000000018, 2.084999999999999964, 0.3800000000000000044 ) ) ;
#6605 = SURFACE_STYLE_FILL_AREA ( #5951 ) ;
#6606 = ORIENTED_EDGE ( 'NONE', *, *, #3221, .F. ) ;
#6607 = PRESENTATION_LAYER_ASSIGNMENT (  '', '', ( #4976 ) ) ;
#6608 = FILL_AREA_STYLE ('',( #575 ) ) ;
#6609 = DIRECTION ( 'NONE',  ( -1.000000000000000000, 0.000000000000000000, 0.000000000000000000 ) ) ;
#6610 = ORIENTED_EDGE ( 'NONE', *, *, #5240, .T. ) ;
#6611 = DIRECTION ( 'NONE',  ( -0.7071067811865475727, -0.7071067811865475727, 0.000000000000000000 ) ) ;
#6612 = MECHANICAL_DESIGN_GEOMETRIC_PRESENTATION_REPRESENTATION (  '', ( #2218 ), #4866 ) ;
#6613 = CARTESIAN_POINT ( 'NONE',  ( -0.5799999999999999600, -2.575000000000000178, 0.000000000000000000 ) ) ;
#6614 = DIRECTION ( 'NONE',  ( 0.000000000000000000, 0.000000000000000000, -1.000000000000000000 ) ) ;
#6615 = ORIENTED_EDGE ( 'NONE', *, *, #5537, .T. ) ;
#6616 = DIRECTION ( 'NONE',  ( -0.7071067811865441310, 0.7071067811865510144, 0.000000000000000000 ) ) ;
#6617 = EDGE_CURVE ( 'NONE', #5952, #3700, #2786, .T. ) ;
#6618 = VECTOR ( 'NONE', #1301, 1000.000000000000000 ) ;
#6619 = CARTESIAN_POINT ( 'NONE',  ( 0.8299999999999999600, 2.423826859021799951, 0.000000000000000000 ) ) ;
#6620 = UNCERTAINTY_MEASURE_WITH_UNIT (LENGTH_MEASURE( 1.000000000000000082E-05 ), #264, 'distance_accuracy_value', 'NONE');
#6621 = CARTESIAN_POINT ( 'NONE',  ( 2.895000000000000018, -0.4550000000000000155, 0.000000000000000000 ) ) ;
#6622 = EDGE_LOOP ( 'NONE', ( #2593, #5711, #653, #1701 ) ) ;
#6623 = DIRECTION ( 'NONE',  ( 1.000000000000000000, 0.000000000000000000, 0.000000000000000000 ) ) ;
#6624 = EDGE_LOOP ( 'NONE', ( #5462, #818, #2636, #415 ) ) ;
#6625 = AXIS2_PLACEMENT_3D ( 'NONE', #1837, #4035, #6247 ) ;
#6626 = CARTESIAN_POINT ( 'NONE',  ( -2.465000000000000302, -1.879999999999999893, 0.000000000000000000 ) ) ;
#6627 = ORIENTED_EDGE ( 'NONE', *, *, #2514, .F. ) ;
#6628 = CARTESIAN_POINT ( 'NONE',  ( 2.895000000000000018, -0.4550000000000000155, 0.000000000000000000 ) ) ;
#6629 = DIRECTION ( 'NONE',  ( 0.000000000000000000, 0.000000000000000000, -1.000000000000000000 ) ) ;
#6630 = ADVANCED_FACE ( 'NONE', ( #4319 ), #5491, .T. ) ;
#6631 = EDGE_LOOP ( 'NONE', ( #3903, #5278, #2344, #901 ) ) ;
#6632 = ORIENTED_EDGE ( 'NONE', *, *, #3435, .F. ) ;
#6633 = EDGE_CURVE ( 'NONE', #4548, #4359, #3317, .T. ) ;
#6634 = FILL_AREA_STYLE ('',( #4405 ) ) ;
#6635 = CARTESIAN_POINT ( 'NONE',  ( -2.895000000000000018, 2.084999999999999964, 0.3800000000000000044 ) ) ;
#6636 = SURFACE_STYLE_FILL_AREA ( #601 ) ;
#6637 = CARTESIAN_POINT ( 'NONE',  ( 0.8299999999999999600, 2.423826859021799951, 0.000000000000000000 ) ) ;
#6638 = ORIENTED_EDGE ( 'NONE', *, *, #4800, .F. ) ;
#6639 = DIRECTION ( 'NONE',  ( 0.000000000000000000, 0.000000000000000000, 1.000000000000000000 ) ) ;
#6640 = LINE ( 'NONE', #1613, #4813 ) ;
#6641 =( LENGTH_UNIT ( ) NAMED_UNIT ( * ) SI_UNIT ( .MILLI., .METRE. ) );
#6642 = ORIENTED_EDGE ( 'NONE', *, *, #6412, .F. ) ;
#6643 = CARTESIAN_POINT ( 'NONE',  ( -2.465000000000000302, 1.675000000000000044, 0.000000000000000000 ) ) ;
#6644 = ORIENTED_EDGE ( 'NONE', *, *, #5537, .F. ) ;
#6645 = CARTESIAN_POINT ( 'NONE',  ( 2.465000000000000302, -0.8649999999999999911, 0.000000000000000000 ) ) ;
#6646 = CARTESIAN_POINT ( 'NONE',  ( -3.075000000000000178, -1.775000000000000133, 0.000000000000000000 ) ) ;
#6647 = VERTEX_POINT ( 'NONE', #3636 ) ;
#6648 = EDGE_CURVE ( 'NONE', #6181, #5932, #15, .T. ) ;
#6649 = CARTESIAN_POINT ( 'NONE',  ( 2.895000000000000018, 1.675000000000000044, 0.3800000000000000044 ) ) ;
#6650 = PLANE ( 'NONE',  #5216 ) ;
#6651 = DIRECTION ( 'NONE',  ( -1.000000000000000000, 0.000000000000000000, 0.000000000000000000 ) ) ;
#6652 = VERTEX_POINT ( 'NONE', #4044 ) ;
#6653 = CARTESIAN_POINT ( 'NONE',  ( 0.9650000000000000799, -1.989999999999999991, 0.000000000000000000 ) ) ;
#6654 = VERTEX_POINT ( 'NONE', #4503 ) ;
#6655 = CARTESIAN_POINT ( 'NONE',  ( 0.9650000000000000799, 1.989999999999999991, 0.000000000000000000 ) ) ;
#6656 = ORIENTED_EDGE ( 'NONE', *, *, #711, .T. ) ;
#6657 = CARTESIAN_POINT ( 'NONE',  ( -1.232500000000000151, -1.724999999999999867, 0.000000000000000000 ) ) ;
#6658 = FACE_OUTER_BOUND ( 'NONE', #3761, .T. ) ;
#6659 = FACE_OUTER_BOUND ( 'NONE', #4577, .T. ) ;
#6660 = ORIENTED_EDGE ( 'NONE', *, *, #1173, .F. ) ;
#6662 = ORIENTED_EDGE ( 'NONE', *, *, #4311, .T. ) ;
#6661 = SURFACE_STYLE_USAGE ( .BOTH. , #5612 ) ;
#6663 = MECHANICAL_DESIGN_GEOMETRIC_PRESENTATION_REPRESENTATION (  '', ( #2613 ), #5967 ) ;
#6664 = SURFACE_STYLE_USAGE ( .BOTH. , #5138 ) ;
#6665 = EDGE_CURVE ( 'NONE', #6805, #5968, #5715, .T. ) ;
#6666 = CARTESIAN_POINT ( 'NONE',  ( -2.945000000000000284, -1.775000000000000133, 0.000000000000000000 ) ) ;
#6667 = DIRECTION ( 'NONE',  ( 1.000000000000000000, 0.000000000000000000, 0.000000000000000000 ) ) ;
#6668 = LINE ( 'NONE', #497, #1155 ) ;
#6669 = EDGE_CURVE ( 'NONE', #617, #1843, #4460, .T. ) ;
#6670 =( GEOMETRIC_REPRESENTATION_CONTEXT ( 3 ) GLOBAL_UNCERTAINTY_ASSIGNED_CONTEXT ( ( #607 ) ) GLOBAL_UNIT_ASSIGNED_CONTEXT ( ( #2605, #1559, #488 ) ) REPRESENTATION_CONTEXT ( 'NONE', 'WORKASPACE' ) );
#6671 = VECTOR ( 'NONE', #2202, 1000.000000000000000 ) ;
#6672 = DIRECTION ( 'NONE',  ( 0.000000000000000000, -1.000000000000000000, 0.000000000000000000 ) ) ;
#6673 = SURFACE_SIDE_STYLE ('',( #6164 ) ) ;
#6674 = PRODUCT_CONTEXT ( 'NONE', #4189, 'mechanical' ) ;
#6675 = EDGE_CURVE ( 'NONE', #5319, #4901, #6803, .T. ) ;
#6676 = PRESENTATION_LAYER_ASSIGNMENT (  '', '', ( #2629 ) ) ;
#6677 =( GEOMETRIC_REPRESENTATION_CONTEXT ( 3 ) GLOBAL_UNCERTAINTY_ASSIGNED_CONTEXT ( ( #4666 ) ) GLOBAL_UNIT_ASSIGNED_CONTEXT ( ( #5884, #2182, #3342 ) ) REPRESENTATION_CONTEXT ( 'NONE', 'WORKASPACE' ) );
#6678 = CARTESIAN_POINT ( 'NONE',  ( 2.945000000000000284, 0.4550000000000000155, 0.000000000000000000 ) ) ;
#6679 = CARTESIAN_POINT ( 'NONE',  ( 2.945000000000000284, 2.449999999999999734, 0.000000000000000000 ) ) ;
#6680 = UNCERTAINTY_MEASURE_WITH_UNIT (LENGTH_MEASURE( 1.000000000000000082E-05 ), #4272, 'distance_accuracy_value', 'NONE');
#6681 = VECTOR ( 'NONE', #4097, 1000.000000000000000 ) ;
#6682 = VECTOR ( 'NONE', #2393, 1000.000000000000000 ) ;
#6683 = MECHANICAL_DESIGN_GEOMETRIC_PRESENTATION_REPRESENTATION (  '', ( #330 ), #3091 ) ;
#6684 = COLOUR_RGB ( '',0.2862745098039215508, 0.2862745098039215508, 0.2862745098039215508 ) ;
#6685 = CARTESIAN_POINT ( 'NONE',  ( 2.465000000000000302, 0.8149999999999999467, 0.3300000000000000155 ) ) ;
#6686 = ORIENTED_EDGE ( 'NONE', *, *, #1931, .T. ) ;
#6687 = FACE_OUTER_BOUND ( 'NONE', #6700, .T. ) ;
#6688 = DIRECTION ( 'NONE',  ( 1.000000000000000000, 0.000000000000000000, 0.000000000000000000 ) ) ;
#6689 = DIRECTION ( 'NONE',  ( 0.000000000000000000, 1.000000000000000000, 0.000000000000000000 ) ) ;
#6690 = VECTOR ( 'NONE', #3374, 1000.000000000000000 ) ;
#6691 = PRESENTATION_LAYER_ASSIGNMENT (  '', '', ( #6227 ) ) ;
#6692 = EDGE_LOOP ( 'NONE', ( #511, #5208, #1426, #3613 ) ) ;
#6693 = AXIS2_PLACEMENT_3D ( 'NONE', #4292, #880, #4851 ) ;
#6694 = DIRECTION ( 'NONE',  ( 0.000000000000000000, 0.000000000000000000, 1.000000000000000000 ) ) ;
#6695 = SURFACE_STYLE_USAGE ( .BOTH. , #2266 ) ;
#6696 = COLOUR_RGB ( '',0.2862745098039215508, 0.2862745098039215508, 0.2862745098039215508 ) ;
#6697 =( LENGTH_UNIT ( ) NAMED_UNIT ( * ) SI_UNIT ( .MILLI., .METRE. ) );
#6698 = VECTOR ( 'NONE', #993, 1000.000000000000000 ) ;
#6699 =( GEOMETRIC_REPRESENTATION_CONTEXT ( 3 ) GLOBAL_UNCERTAINTY_ASSIGNED_CONTEXT ( ( #547 ) ) GLOBAL_UNIT_ASSIGNED_CONTEXT ( ( #4387, #1099, #6138 ) ) REPRESENTATION_CONTEXT ( 'NONE', 'WORKASPACE' ) );
#6700 = EDGE_LOOP ( 'NONE', ( #1218, #1486, #2851, #4580 ) ) ;
#6701 = DIRECTION ( 'NONE',  ( 1.000000000000000000, 0.000000000000000000, 0.000000000000000000 ) ) ;
#6702 = ORIENTED_EDGE ( 'NONE', *, *, #4979, .F. ) ;
#6703 = DIRECTION ( 'NONE',  ( 0.000000000000000000, 0.000000000000000000, -1.000000000000000000 ) ) ;
#6704 = ORIENTED_EDGE ( 'NONE', *, *, #1280, .F. ) ;
#6705 = VECTOR ( 'NONE', #2251, 1000.000000000000000 ) ;
#6706 = DIRECTION ( 'NONE',  ( 0.000000000000000000, 0.000000000000000000, 1.000000000000000000 ) ) ;
#6707 = ORIENTED_EDGE ( 'NONE', *, *, #2226, .F. ) ;
#6708 = COLOUR_RGB ( '',0.2862745098039215508, 0.2862745098039215508, 0.2862745098039215508 ) ;
#6710 = VERTEX_POINT ( 'NONE', #3997 ) ;
#6709 = CARTESIAN_POINT ( 'NONE',  ( 2.465000000000000302, -0.4550000000000000155, 0.000000000000000000 ) ) ;
#6711 = DIRECTION ( 'NONE',  ( 0.7071067811865474617, 0.7071067811865474617, 0.000000000000000000 ) ) ;
#6712 = PLANE ( 'NONE',  #1047 ) ;
#6713 = VECTOR ( 'NONE', #2307, 1000.000000000000000 ) ;
#6714 = ORIENTED_EDGE ( 'NONE', *, *, #4790, .T. ) ;
#6715 = EDGE_CURVE ( 'NONE', #2788, #5903, #4542, .T. ) ;
#6716 = DIRECTION ( 'NONE',  ( 0.000000000000000000, 0.000000000000000000, -1.000000000000000000 ) ) ;
#6717 = DIRECTION ( 'NONE',  ( 0.000000000000000000, 0.000000000000000000, 1.000000000000000000 ) ) ;
#6718 = CONTEXT_DEPENDENT_SHAPE_REPRESENTATION ( #4310, #4515 ) ;
#6719 =( NAMED_UNIT ( * ) SI_UNIT ( $, .STERADIAN. ) SOLID_ANGLE_UNIT ( ) );
#6720 = MECHANICAL_DESIGN_GEOMETRIC_PRESENTATION_REPRESENTATION (  '', ( #3600 ), #1398 ) ;
#6721 = DIRECTION ( 'NONE',  ( 0.000000000000000000, 0.000000000000000000, 1.000000000000000000 ) ) ;
#6722 = PRESENTATION_STYLE_ASSIGNMENT (( #3413 ) ) ;
#6723 = EDGE_CURVE ( 'NONE', #5064, #2280, #1152, .T. ) ;
#6724 = CARTESIAN_POINT ( 'NONE',  ( 2.895000000000000018, 0.8149999999999999467, 0.000000000000000000 ) ) ;
#6725 = VERTEX_POINT ( 'NONE', #1849 ) ;
#6726 = CARTESIAN_POINT ( 'NONE',  ( 2.895000000000000018, 1.675000000000000044, 0.000000000000000000 ) ) ;
#6727 = EDGE_CURVE ( 'NONE', #4901, #526, #3892, .T. ) ;
#6728 = MECHANICAL_DESIGN_GEOMETRIC_PRESENTATION_REPRESENTATION (  '', ( #3715 ), #383 ) ;
#6729 = CARTESIAN_POINT ( 'NONE',  ( -2.465000000000000302, -2.135000000000000231, 0.000000000000000000 ) ) ;
#6730 = CARTESIAN_POINT ( 'NONE',  ( -0.5799999999999999600, -2.449999999999999734, 0.000000000000000000 ) ) ;
#6731 = ORIENTED_EDGE ( 'NONE', *, *, #7099, .T. ) ;
#6732 = CARTESIAN_POINT ( 'NONE',  ( -2.465000000000000302, -1.879999999999999893, 0.000000000000000000 ) ) ;
#6733 = PRESENTATION_LAYER_ASSIGNMENT (  '', '', ( #606 ) ) ;
#6734 = FILL_AREA_STYLE ('',( #6212 ) ) ;
#6735 = VERTEX_POINT ( 'NONE', #2383 ) ;
#6736 = PLANE ( 'NONE',  #2806 ) ;
#6737 = ORIENTED_EDGE ( 'NONE', *, *, #5747, .F. ) ;
#6738 = ORIENTED_EDGE ( 'NONE', *, *, #6727, .F. ) ;
#6739 = VECTOR ( 'NONE', #6587, 1000.000000000000000 ) ;
#6740 = DIRECTION ( 'NONE',  ( -1.000000000000000000, 0.000000000000000000, 0.000000000000000000 ) ) ;
#6741 = DIRECTION ( 'NONE',  ( -1.000000000000000000, 0.000000000000000000, 0.000000000000000000 ) ) ;
#6742 = ORIENTED_EDGE ( 'NONE', *, *, #6240, .F. ) ;
#6743 = VECTOR ( 'NONE', #224, 1000.000000000000000 ) ;
#6745 = EDGE_LOOP ( 'NONE', ( #964, #5297, #1036, #84 ) ) ;
#6744 = PLANE ( 'NONE',  #3994 ) ;
#6746 = CARTESIAN_POINT ( 'NONE',  ( -2.465000000000000302, -1.724999999999999867, 0.000000000000000000 ) ) ;
#6747 = DIRECTION ( 'NONE',  ( 0.4999999999999995004, -0.8660254037844390407, 0.000000000000000000 ) ) ;
#6748 = CARTESIAN_POINT ( 'NONE',  ( -2.465000000000000302, -1.724999999999999867, 0.000000000000000000 ) ) ;
#6749 = VECTOR ( 'NONE', #3026, 1000.000000000000000 ) ;
#6750 = EDGE_CURVE ( 'NONE', #6360, #2924, #157, .T. ) ;
#6751 = DIRECTION ( 'NONE',  ( 0.000000000000000000, -1.000000000000000000, 0.000000000000000000 ) ) ;
#6752 = CARTESIAN_POINT ( 'NONE',  ( -2.465000000000000302, -1.879999999999999893, 0.3800000000000000044 ) ) ;
#6753 = CONTEXT_DEPENDENT_SHAPE_REPRESENTATION ( #3456, #6908 ) ;
#6754 =( LENGTH_UNIT ( ) NAMED_UNIT ( * ) SI_UNIT ( .MILLI., .METRE. ) );
#6755 = CARTESIAN_POINT ( 'NONE',  ( 2.465000000000000302, 0.8375000000000000222, 0.000000000000000000 ) ) ;
#6756 = LINE ( 'NONE', #2297, #2637 ) ;
#6757 = UNCERTAINTY_MEASURE_WITH_UNIT (LENGTH_MEASURE( 1.000000000000000082E-05 ), #2245, 'distance_accuracy_value', 'NONE');
#6758 =( NAMED_UNIT ( * ) SI_UNIT ( $, .STERADIAN. ) SOLID_ANGLE_UNIT ( ) );
#6759 = ORIENTED_EDGE ( 'NONE', *, *, #5735, .T. ) ;
#6760 = DIRECTION ( 'NONE',  ( -4.252870457233460798E-15, 1.000000000000000000, 0.000000000000000000 ) ) ;
#6761 = FACE_OUTER_BOUND ( 'NONE', #1249, .T. ) ;
#6762 = PLANE ( 'NONE',  #1369 ) ;
#6763 = ORIENTED_EDGE ( 'NONE', *, *, #2669, .T. ) ;
#6764 = SURFACE_STYLE_USAGE ( .BOTH. , #5597 ) ;
#6765 = EDGE_CURVE ( 'NONE', #3759, #2740, #1736, .T. ) ;
#6766 = EDGE_CURVE ( 'NONE', #2954, #429, #755, .T. ) ;
#6767 =( NAMED_UNIT ( * ) PLANE_ANGLE_UNIT ( ) SI_UNIT ( $, .RADIAN. ) );
#6768 = EDGE_LOOP ( 'NONE', ( #2037, #2775, #3283, #295 ) ) ;
#6769 = CARTESIAN_POINT ( 'NONE',  ( 0.9650000000000000799, -1.989999999999999991, 0.3800000000000000044 ) ) ;
#6770 = VERTEX_POINT ( 'NONE', #3966 ) ;
#6771 = ORIENTED_EDGE ( 'NONE', *, *, #3492, .T. ) ;
#6772 = CARTESIAN_POINT ( 'NONE',  ( 0.8299999999999999600, -2.423826859021799951, 0.000000000000000000 ) ) ;
#6773 = PRESENTATION_STYLE_ASSIGNMENT (( #3869 ) ) ;
#6774 = LINE ( 'NONE', #131, #3936 ) ;
#6775 = EDGE_CURVE ( 'NONE', #3136, #2712, #6106, .T. ) ;
#6776 = ORIENTED_EDGE ( 'NONE', *, *, #3299, .F. ) ;
#6778 = EDGE_LOOP ( 'NONE', ( #5797, #1985, #5892, #3252 ) ) ;
#6777 = PRESENTATION_STYLE_ASSIGNMENT (( #6661 ) ) ;
#6779 = CARTESIAN_POINT ( 'NONE',  ( 2.895000000000000018, -2.135000000000000231, 0.3800000000000000044 ) ) ;
#6780 = UNCERTAINTY_MEASURE_WITH_UNIT (LENGTH_MEASURE( 1.000000000000000082E-05 ), #6641, 'distance_accuracy_value', 'NONE');
#6781 = SURFACE_STYLE_USAGE ( .BOTH. , #5727 ) ;
#6782 = CARTESIAN_POINT ( 'NONE',  ( 3.075000000000000178, -1.775000000000000133, 0.000000000000000000 ) ) ;
#6783 = LINE ( 'NONE', #1282, #3823 ) ;
#6784 = LINE ( 'NONE', #65, #6690 ) ;
#6785 = EDGE_CURVE ( 'NONE', #1367, #5409, #5569, .T. ) ;
#6786 = FILL_AREA_STYLE_COLOUR ( '', #6798 ) ;
#6787 = DIRECTION ( 'NONE',  ( 0.000000000000000000, 0.000000000000000000, 1.000000000000000000 ) ) ;
#6788 = VECTOR ( 'NONE', #5207, 999.9999999999998863 ) ;
#6789 = PRODUCT ( 'SIR681DP-T1-RE3', 'SIR681DP-T1-RE3', '', ( #6674 ) ) ;
#6790 = DIRECTION ( 'NONE',  ( 1.000000000000000000, 0.000000000000000000, 0.000000000000000000 ) ) ;
#6791 = ORIENTED_EDGE ( 'NONE', *, *, #4986, .T. ) ;
#6792 = DIRECTION ( 'NONE',  ( 0.7071067811865400232, 0.7071067811865550112, 0.000000000000000000 ) ) ;
#6793 = LINE ( 'NONE', #2880, #4121 ) ;
#6794 = FACE_OUTER_BOUND ( 'NONE', #2933, .T. ) ;
#6795 = LINE ( 'NONE', #4645, #4470 ) ;
#6796 = EDGE_LOOP ( 'NONE', ( #3461, #2080, #5843, #6848 ) ) ;
#6797 =( GEOMETRIC_REPRESENTATION_CONTEXT ( 3 ) GLOBAL_UNCERTAINTY_ASSIGNED_CONTEXT ( ( #2198 ) ) GLOBAL_UNIT_ASSIGNED_CONTEXT ( ( #1730, #2778, #4535 ) ) REPRESENTATION_CONTEXT ( 'NONE', 'WORKASPACE' ) );
#6798 = COLOUR_RGB ( '',0.2862745098039215508, 0.2862745098039215508, 0.2862745098039215508 ) ;
#6799 = COLOUR_RGB ( '',0.2862745098039215508, 0.2862745098039215508, 0.2862745098039215508 ) ;
#6800 = EDGE_CURVE ( 'NONE', #936, #1115, #5681, .T. ) ;
#6801 = CARTESIAN_POINT ( 'NONE',  ( 1.232500000000000151, -2.135000000000000231, 0.000000000000000000 ) ) ;
#6802 = VERTEX_POINT ( 'NONE', #2349 ) ;
#6803 = LINE ( 'NONE', #1264, #3147 ) ;
#6804 = AXIS2_PLACEMENT_3D ( 'NONE', #5503, #530, #560 ) ;
#6805 = VERTEX_POINT ( 'NONE', #6255 ) ;
#6806 = MECHANICAL_DESIGN_GEOMETRIC_PRESENTATION_REPRESENTATION (  '', ( #115 ), #5062 ) ;
#6807 = COLOUR_RGB ( '',0.2862745098039215508, 0.2862745098039215508, 0.2862745098039215508 ) ;
#6808 = VECTOR ( 'NONE', #4773, 1000.000000000000000 ) ;
#6809 = ADVANCED_FACE ( 'NONE', ( #6146 ), #1189, .T. ) ;
#6810 = VERTEX_POINT ( 'NONE', #2929 ) ;
#6811 = CARTESIAN_POINT ( 'NONE',  ( -0.4449999999999999512, 2.189999999999999947, 0.000000000000000000 ) ) ;
#6812 = CARTESIAN_POINT ( 'NONE',  ( 2.465000000000000302, -2.135000000000000231, 0.000000000000000000 ) ) ;
#6813 = AXIS2_PLACEMENT_3D ( 'NONE', #6288, #1213, #5630 ) ;
#6814 = VECTOR ( 'NONE', #3964, 1000.000000000000000 ) ;
#6815 = PRESENTATION_LAYER_ASSIGNMENT (  '', '', ( #2873 ) ) ;
#6816 = EDGE_CURVE ( 'NONE', #2096, #794, #3392, .T. ) ;
#6817 = VERTEX_POINT ( 'NONE', #5052 ) ;
#6819 = ORIENTED_EDGE ( 'NONE', *, *, #6276, .F. ) ;
#6818 = LINE ( 'NONE', #1339, #1574 ) ;
#6820 = DIRECTION ( 'NONE',  ( -1.132880637372609972E-16, 1.000000000000000000, -1.077863926709489990E-15 ) ) ;
#6821 = ADVANCED_FACE ( 'NONE', ( #2270 ), #5128, .T. ) ;
#6822 = VECTOR ( 'NONE', #5591, 1000.000000000000000 ) ;
#6823 = LINE ( 'NONE', #1925, #2292 ) ;
#6824 = CARTESIAN_POINT ( 'NONE',  ( -2.945000000000000284, 1.724999999999999867, 0.000000000000000000 ) ) ;
#6825 = DIRECTION ( 'NONE',  ( 1.000000000000000000, 0.000000000000000000, 0.000000000000000000 ) ) ;
#6826 = DIRECTION ( 'NONE',  ( 1.000000000000000000, 0.000000000000000000, 0.000000000000000000 ) ) ;
#6827 = VECTOR ( 'NONE', #3120, 1000.000000000000000 ) ;
#6828 = DIRECTION ( 'NONE',  ( 0.000000000000000000, 0.000000000000000000, 1.000000000000000000 ) ) ;
#6829 = CARTESIAN_POINT ( 'NONE',  ( 2.945000000000000284, 0.7649999999999999023, 0.000000000000000000 ) ) ;
#6830 = AXIS2_PLACEMENT_3D ( 'NONE', #2123, #4315, #1581 ) ;
#6831 = CARTESIAN_POINT ( 'NONE',  ( 2.945000000000000284, -0.5050000000000000044, 0.000000000000000000 ) ) ;
#6832 = ADVANCED_FACE ( 'NONE', ( #81 ), #6736, .F. ) ;
#6833 = VECTOR ( 'NONE', #4570, 1000.000000000000000 ) ;
#6834 = DIRECTION ( 'NONE',  ( -0.4999999999999994449, 0.8660254037844389297, 0.000000000000000000 ) ) ;
#6835 = ORIENTED_EDGE ( 'NONE', *, *, #4856, .T. ) ;
#6836 = SURFACE_STYLE_USAGE ( .BOTH. , #4609 ) ;
#6837 = DIRECTION ( 'NONE',  ( 1.000000000000000000, -1.516698121072619908E-16, 0.000000000000000000 ) ) ;
#6838 = LINE ( 'NONE', #5122, #1262 ) ;
#6839 =( LENGTH_UNIT ( ) NAMED_UNIT ( * ) SI_UNIT ( .MILLI., .METRE. ) );
#6840 = VERTEX_POINT ( 'NONE', #3104 ) ;
#6841 = STYLED_ITEM ( 'NONE', ( #2104 ), #5610 ) ;
#6842 = ADVANCED_FACE ( 'NONE', ( #4757 ), #5795, .F. ) ;
#6843 = CARTESIAN_POINT ( 'NONE',  ( -0.4449999999999999512, 2.189999999999999947, 0.3300000000000000155 ) ) ;
#6844 = LINE ( 'NONE', #6801, #6814 ) ;
#6845 = ORIENTED_EDGE ( 'NONE', *, *, #2043, .T. ) ;
#6846 = DIRECTION ( 'NONE',  ( 0.000000000000000000, 1.000000000000000000, 0.000000000000000000 ) ) ;
#6847 = VECTOR ( 'NONE', #2426, 1000.000000000000000 ) ;
#6848 = ORIENTED_EDGE ( 'NONE', *, *, #953, .F. ) ;
#6849 = CARTESIAN_POINT ( 'NONE',  ( -1.472500000000000142, -2.449999999999999734, 0.3300000000000000155 ) ) ;
#6850 = ORIENTED_EDGE ( 'NONE', *, *, #3527, .F. ) ;
#6851 = ADVANCED_FACE ( 'NONE', ( #4078 ), #3137, .T. ) ;
#6852 = DIRECTION ( 'NONE',  ( 1.000000000000000000, 0.000000000000000000, 0.000000000000000000 ) ) ;
#6853 = VECTOR ( 'NONE', #4830, 1000.000000000000000 ) ;
#6854 = CARTESIAN_POINT ( 'NONE',  ( 2.895000000000000018, -1.724999999999999867, 0.3300000000000000155 ) ) ;
#6855 = EDGE_LOOP ( 'NONE', ( #3926, #2535, #3075, #3366 ) ) ;
#6857 = ORIENTED_EDGE ( 'NONE', *, *, #4215, .T. ) ;
#6856 = DIRECTION ( 'NONE',  ( -0.7071067811865400232, 0.7071067811865550112, 0.000000000000000000 ) ) ;
#6858 = VECTOR ( 'NONE', #6828, 1000.000000000000000 ) ;
#6859 = DIRECTION ( 'NONE',  ( 0.4999999999999995004, -0.8660254037844390407, 0.000000000000000000 ) ) ;
#6860 = FILL_AREA_STYLE_COLOUR ( '', #6341 ) ;
#6861 = DIRECTION ( 'NONE',  ( -0.000000000000000000, 1.000000000000000000, 0.000000000000000000 ) ) ;
#6862 = EDGE_CURVE ( 'NONE', #2205, #689, #1368, .T. ) ;
#6863 = LINE ( 'NONE', #4126, #11 ) ;
#6864 = DIRECTION ( 'NONE',  ( 1.000000000000000000, 0.000000000000000000, 0.000000000000000000 ) ) ;
#6865 = AXIS2_PLACEMENT_3D ( 'NONE', #3360, #3428, #618 ) ;
#6866 = EDGE_CURVE ( 'NONE', #2708, #492, #5831, .T. ) ;
#6867 = SURFACE_STYLE_FILL_AREA ( #5179 ) ;
#6868 = CARTESIAN_POINT ( 'NONE',  ( 0.9650000000000000799, -2.189999999999999947, 0.000000000000000000 ) ) ;
#6869 =( NAMED_UNIT ( * ) PLANE_ANGLE_UNIT ( ) SI_UNIT ( $, .RADIAN. ) );
#6870 = CARTESIAN_POINT ( 'NONE',  ( -2.945000000000000284, 2.034999999999999698, 0.000000000000000000 ) ) ;
#6871 = ORIENTED_EDGE ( 'NONE', *, *, #4246, .F. ) ;
#6872 = CARTESIAN_POINT ( 'NONE',  ( 0.000000000000000000, -2.893885316736099471E-16, 0.000000000000000000 ) ) ;
#6873 = EDGE_LOOP ( 'NONE', ( #4429, #5921, #1815, #2129, #4156, #1848, #4948, #1381, #4328, #5223, #1252, #467, #7119, #4459, #2348, #1748, #727, #4652, #3044, #2477, #1202, #2889, #6147, #5917, #4506, #1688, #3407, #4978, #1553, #657, #3628, #2515, #2849, #2042, #5013, #946, #1399, #3592, #810, #3140, #6029, #1300, #4784, #5100 ) ) ;
#6874 = CARTESIAN_POINT ( 'NONE',  ( 2.895000000000000018, 2.084999999999999964, 0.3300000000000000155 ) ) ;
#6875 =( LENGTH_UNIT ( ) NAMED_UNIT ( * ) SI_UNIT ( .MILLI., .METRE. ) );
#6876 = ORIENTED_EDGE ( 'NONE', *, *, #2281, .F. ) ;
#6877 = SURFACE_SIDE_STYLE ('',( #4720 ) ) ;
#6878 = ORIENTED_EDGE ( 'NONE', *, *, #6602, .F. ) ;
#6879 = CARTESIAN_POINT ( 'NONE',  ( 2.465000000000000302, 2.084999999999999964, 0.3300000000000000155 ) ) ;
#6880 = EDGE_CURVE ( 'NONE', #5154, #2905, #3584, .T. ) ;
#6881 = ORIENTED_EDGE ( 'NONE', *, *, #1091, .T. ) ;
#6882 = FACE_OUTER_BOUND ( 'NONE', #3400, .T. ) ;
#6883 = DIRECTION ( 'NONE',  ( 0.7071067811865474617, -0.7071067811865474617, 0.000000000000000000 ) ) ;
#6884 = DIRECTION ( 'NONE',  ( 0.000000000000000000, 0.000000000000000000, 1.000000000000000000 ) ) ;
#6885 = EDGE_LOOP ( 'NONE', ( #4838, #1436, #6170, #1914, #4951, #2785, #3481, #5927, #4160, #5762, #2772, #4614, #1045, #3228, #5939, #1775, #4045, #3291, #1920, #1490, #2239, #4369, #1016, #1420, #3109, #3641, #7008, #2572, #2893, #6140, #2303, #1220, #4938, #1884, #4675, #3870, #1453, #3180, #1452, #6686, #3690, #5934, #4846, #3821, #4191, #2310, #674, #5159, #6662, #6088, #876, #1568 ) ) ;
#6887 = VERTEX_POINT ( 'NONE', #3065 ) ;
#6886 = DIRECTION ( 'NONE',  ( 0.000000000000000000, 0.000000000000000000, 1.000000000000000000 ) ) ;
#6888 = SURFACE_STYLE_USAGE ( .BOTH. , #2540 ) ;
#6889 = DIRECTION ( 'NONE',  ( 0.000000000000000000, 0.000000000000000000, 1.000000000000000000 ) ) ;
#6890 = CARTESIAN_POINT ( 'NONE',  ( -2.465000000000000302, 2.084999999999999964, 0.000000000000000000 ) ) ;
#6891 = DIRECTION ( 'NONE',  ( 0.000000000000000000, 0.000000000000000000, 1.000000000000000000 ) ) ;
#6892 = EDGE_CURVE ( 'NONE', #5344, #6586, #5750, .T. ) ;
#6893 = CARTESIAN_POINT ( 'NONE',  ( 0.4449999999999999512, 1.879999999999999893, 0.3800000000000000044 ) ) ;
#6894 = DIRECTION ( 'NONE',  ( 0.9945218953682734009, 0.000000000000000000, 0.1045284632676540537 ) ) ;
#6895 = PLANE ( 'NONE',  #2642 ) ;
#6896 = UNCERTAINTY_MEASURE_WITH_UNIT (LENGTH_MEASURE( 1.000000000000000082E-05 ), #1278, 'distance_accuracy_value', 'NONE');
#6897 = EDGE_CURVE ( 'NONE', #1506, #1707, #1330, .T. ) ;
#6898 = CARTESIAN_POINT ( 'NONE',  ( -3.075000000000000178, -2.084999999999999964, 0.000000000000000000 ) ) ;
#6899 = ORIENTED_EDGE ( 'NONE', *, *, #499, .T. ) ;
#6900 = FILL_AREA_STYLE_COLOUR ( '', #2152 ) ;
#6901 = COLOUR_RGB ( '',0.2862745098039215508, 0.2862745098039215508, 0.2862745098039215508 ) ;
#6902 = ADVANCED_FACE ( 'NONE', ( #430 ), #2048, .F. ) ;
#6903 = ORIENTED_EDGE ( 'NONE', *, *, #4263, .F. ) ;
#6904 = LINE ( 'NONE', #5744, #3028 ) ;
#6905 = VECTOR ( 'NONE', #54, 1000.000000000000000 ) ;
#6906 = STYLED_ITEM ( 'NONE', ( #6286 ), #1940 ) ;
#6907 = PRESENTATION_STYLE_ASSIGNMENT (( #7011 ) ) ;
#6908 = PRODUCT_DEFINITION_SHAPE ( 'NONE', 'NONE',  #7155 ) ;
#6909 = EDGE_LOOP ( 'NONE', ( #6845, #6913, #3657, #4111 ) ) ;
#6910 = FILL_AREA_STYLE_COLOUR ( '', #4994 ) ;
#6911 =( NAMED_UNIT ( * ) SI_UNIT ( $, .STERADIAN. ) SOLID_ANGLE_UNIT ( ) );
#6912 = PRESENTATION_LAYER_ASSIGNMENT (  '', '', ( #3560 ) ) ;
#6913 = ORIENTED_EDGE ( 'NONE', *, *, #208, .T. ) ;
#6914 = LINE ( 'NONE', #3723, #1240 ) ;
#6915 = DIRECTION ( 'NONE',  ( 0.000000000000000000, 0.000000000000000000, 1.000000000000000000 ) ) ;
#6916 = LINE ( 'NONE', #4727, #3249 ) ;
#6917 = EDGE_CURVE ( 'NONE', #4077, #3146, #4241, .T. ) ;
#6918 = VECTOR ( 'NONE', #2262, 1000.000000000000000 ) ;
#6919 = VECTOR ( 'NONE', #275, 1000.000000000000000 ) ;
#6920 = EDGE_LOOP ( 'NONE', ( #2661, #1193, #2020, #6437 ) ) ;
#6921 = COLOUR_RGB ( '',0.2862745098039215508, 0.2862745098039215508, 0.2862745098039215508 ) ;
#6923 = ORIENTED_EDGE ( 'NONE', *, *, #5432, .F. ) ;
#6922 = DIRECTION ( 'NONE',  ( 0.000000000000000000, 0.000000000000000000, -1.000000000000000000 ) ) ;
#6924 = SURFACE_STYLE_FILL_AREA ( #3629 ) ;
#6925 = ORIENTED_EDGE ( 'NONE', *, *, #4986, .F. ) ;
#6926 = LINE ( 'NONE', #6824, #5288 ) ;
#6927 = MECHANICAL_DESIGN_GEOMETRIC_PRESENTATION_REPRESENTATION (  '', ( #5648 ), #6456 ) ;
#6928 = LINE ( 'NONE', #6679, #4226 ) ;
#6929 = CARTESIAN_POINT ( 'NONE',  ( -2.945000000000000284, 2.449999999999999734, 0.000000000000000000 ) ) ;
#6930 = AXIS2_PLACEMENT_3D ( 'NONE', #2199, #2784, #4983 ) ;
#6931 = VECTOR ( 'NONE', #4544, 1000.000000000000000 ) ;
#6932 = FILL_AREA_STYLE ('',( #5358 ) ) ;
#6933 = UNCERTAINTY_MEASURE_WITH_UNIT (LENGTH_MEASURE( 1.000000000000000082E-05 ), #1078, 'distance_accuracy_value', 'NONE');
#6934 = CARTESIAN_POINT ( 'NONE',  ( 2.895000000000000018, -2.135000000000000231, 0.000000000000000000 ) ) ;
#6935 = APPLICATION_CONTEXT ( 'automotive_design' ) ;
#6936 =( LENGTH_UNIT ( ) NAMED_UNIT ( * ) SI_UNIT ( .MILLI., .METRE. ) );
#6937 = PRESENTATION_LAYER_ASSIGNMENT (  '', '', ( #680 ) ) ;
#6938 = LINE ( 'NONE', #4670, #5980 ) ;
#6939 = DIRECTION ( 'NONE',  ( 0.000000000000000000, -1.000000000000000000, 0.000000000000000000 ) ) ;
#6940 = EDGE_CURVE ( 'NONE', #5672, #2119, #5955, .T. ) ;
#6941 = FACE_OUTER_BOUND ( 'NONE', #4212, .T. ) ;
#6942 = VECTOR ( 'NONE', #1167, 1000.000000000000000 ) ;
#6943 = CARTESIAN_POINT ( 'NONE',  ( -2.945000000000000284, -0.8149999999999999467, 0.3800000000000000044 ) ) ;
#6944 = EDGE_LOOP ( 'NONE', ( #5568, #2826, #1406, #3550 ) ) ;
#6945 = CARTESIAN_POINT ( 'NONE',  ( -2.945000000000000284, 2.449999999999999734, 0.000000000000000000 ) ) ;
#6946 = STYLED_ITEM ( 'NONE', ( #6773 ), #4764 ) ;
#6947 = LINE ( 'NONE', #6359, #4706 ) ;
#6948 = VERTEX_POINT ( 'NONE', #971 ) ;
#6949 = ADVANCED_FACE ( 'NONE', ( #7090 ), #2190, .T. ) ;
#6950 = DIRECTION ( 'NONE',  ( 0.000000000000000000, -1.000000000000000000, 0.000000000000000000 ) ) ;
#6951 = VECTOR ( 'NONE', #5396, 1000.000000000000000 ) ;
#6952 = ADVANCED_FACE ( 'NONE', ( #4278 ), #3170, .T. ) ;
#6953 = CARTESIAN_POINT ( 'NONE',  ( -2.895000000000000018, -1.724999999999999867, 0.3800000000000000044 ) ) ;
#6954 = ORIENTED_EDGE ( 'NONE', *, *, #4246, .T. ) ;
#6955 = SURFACE_SIDE_STYLE ('',( #5130 ) ) ;
#6956 = AXIS2_PLACEMENT_3D ( 'NONE', #244, #6751, #5142 ) ;
#6957 = VERTEX_POINT ( 'NONE', #6511 ) ;
#6958 = UNCERTAINTY_MEASURE_WITH_UNIT (LENGTH_MEASURE( 1.000000000000000082E-05 ), #6697, 'distance_accuracy_value', 'NONE');
#6959 = CARTESIAN_POINT ( 'NONE',  ( -2.945000000000000284, 1.224999999999999867, 0.3300000000000040123 ) ) ;
#6960 = CARTESIAN_POINT ( 'NONE',  ( -2.895000000000000018, -2.135000000000000231, 0.3800000000000000044 ) ) ;
#6961 = ORIENTED_EDGE ( 'NONE', *, *, #3748, .T. ) ;
#6963 = ORIENTED_EDGE ( 'NONE', *, *, #5802, .F. ) ;
#6962 = CARTESIAN_POINT ( 'NONE',  ( -2.895000000000000018, -1.724999999999999867, 0.000000000000000000 ) ) ;
#6964 =( NAMED_UNIT ( * ) SI_UNIT ( $, .STERADIAN. ) SOLID_ANGLE_UNIT ( ) );
#6965 = ORIENTED_EDGE ( 'NONE', *, *, #5651, .T. ) ;
#6966 =( NAMED_UNIT ( * ) PLANE_ANGLE_UNIT ( ) SI_UNIT ( $, .RADIAN. ) );
#6967 = FACE_BOUND ( 'NONE', #1661, .T. ) ;
#6968 = CARTESIAN_POINT ( 'NONE',  ( 2.465000000000000302, -2.135000000000000231, 0.000000000000000000 ) ) ;
#6969 = VERTEX_POINT ( 'NONE', #1514 ) ;
#6970 = CARTESIAN_POINT ( 'NONE',  ( 2.465000000000000302, 1.879999999999999893, 0.000000000000000000 ) ) ;
#6971 = CARTESIAN_POINT ( 'NONE',  ( 0.4449999999999999512, 2.189999999999999947, 0.3800000000000000044 ) ) ;
#6972 = EDGE_CURVE ( 'NONE', #7130, #36, #5371, .T. ) ;
#6973 = VECTOR ( 'NONE', #1219, 1000.000000000000000 ) ;
#6974 = CARTESIAN_POINT ( 'NONE',  ( 2.465000000000000302, -1.724999999999999867, 0.3300000000000000155 ) ) ;
#6975 = DIRECTION ( 'NONE',  ( -1.000000000000000000, 0.000000000000000000, 0.000000000000000000 ) ) ;
#6976 = VERTEX_POINT ( 'NONE', #2626 ) ;
#6977 = FILL_AREA_STYLE_COLOUR ( '', #6980 ) ;
#6978 = SURFACE_STYLE_USAGE ( .BOTH. , #2554 ) ;
#6979 = EDGE_LOOP ( 'NONE', ( #2414, #1081, #3250, #2000 ) ) ;
#6980 = COLOUR_RGB ( '',0.9607843137254902244, 0.9607843137254902244, 0.9607843137254902244 ) ;
#6981 = CARTESIAN_POINT ( 'NONE',  ( 2.465000000000000302, -2.135000000000000231, 0.3300000000000000155 ) ) ;
#6982 =( NAMED_UNIT ( * ) PLANE_ANGLE_UNIT ( ) SI_UNIT ( $, .RADIAN. ) );
#6983 = VERTEX_POINT ( 'NONE', #3307 ) ;
#6984 =( LENGTH_UNIT ( ) NAMED_UNIT ( * ) SI_UNIT ( .MILLI., .METRE. ) );
#6985 = ADVANCED_FACE ( 'NONE', ( #2701 ), #7055, .F. ) ;
#6986 = CARTESIAN_POINT ( 'NONE',  ( -2.465000000000000302, 1.675000000000000044, 0.3800000000000000044 ) ) ;
#6987 = ORIENTED_EDGE ( 'NONE', *, *, #3661, .T. ) ;
#6988 = EDGE_CURVE ( 'NONE', #5243, #156, #1211, .T. ) ;
#6989 = EDGE_CURVE ( 'NONE', #526, #694, #3462, .T. ) ;
#6990 =( NAMED_UNIT ( * ) SI_UNIT ( $, .STERADIAN. ) SOLID_ANGLE_UNIT ( ) );
#6991 = DIRECTION ( 'NONE',  ( 0.000000000000000000, 0.000000000000000000, 1.000000000000000000 ) ) ;
#6992 = SURFACE_STYLE_USAGE ( .BOTH. , #1520 ) ;
#6993 = ORIENTED_EDGE ( 'NONE', *, *, #6010, .F. ) ;
#6994 = VERTEX_POINT ( 'NONE', #5627 ) ;
#6995 = LINE ( 'NONE', #1384, #6919 ) ;
#6996 = ORIENTED_EDGE ( 'NONE', *, *, #370, .T. ) ;
#6997 = SURFACE_STYLE_USAGE ( .BOTH. , #3702 ) ;
#6998 = FACE_OUTER_BOUND ( 'NONE', #2732, .T. ) ;
#7000 = LINE ( 'NONE', #3049, #1745 ) ;
#6999 = UNCERTAINTY_MEASURE_WITH_UNIT (LENGTH_MEASURE( 1.000000000000000082E-05 ), #3389, 'distance_accuracy_value', 'NONE');
#7001 = DIRECTION ( 'NONE',  ( 0.000000000000000000, 1.000000000000000000, 0.000000000000000000 ) ) ;
#7002 = DIRECTION ( 'NONE',  ( 0.000000000000000000, 0.000000000000000000, -1.000000000000000000 ) ) ;
#7003 = CARTESIAN_POINT ( 'NONE',  ( -2.895000000000000018, -0.4550000000000000155, 0.000000000000000000 ) ) ;
#7004 = EDGE_CURVE ( 'NONE', #732, #156, #5673, .T. ) ;
#7005 = SURFACE_STYLE_FILL_AREA ( #2583 ) ;
#7006 = ORIENTED_EDGE ( 'NONE', *, *, #3299, .T. ) ;
#7007 = SHAPE_REPRESENTATION_RELATIONSHIP ( 'NONE' , 'NONE' ,  #2802, #5753 ) ;
#7008 = ORIENTED_EDGE ( 'NONE', *, *, #4063, .T. ) ;
#7009 = CARTESIAN_POINT ( 'NONE',  ( -0.9650000000000000799, -2.189999999999999947, 0.000000000000000000 ) ) ;
#7010 = UNCERTAINTY_MEASURE_WITH_UNIT (LENGTH_MEASURE( 1.000000000000000082E-05 ), #6518, 'distance_accuracy_value', 'NONE');
#7011 = SURFACE_STYLE_USAGE ( .BOTH. , #6430 ) ;
#7012 = AXIS2_PLACEMENT_3D ( 'NONE', #5541, #4961, #2899 ) ;
#7013 = ORIENTED_EDGE ( 'NONE', *, *, #3535, .F. ) ;
#7014 =( LENGTH_UNIT ( ) NAMED_UNIT ( * ) SI_UNIT ( .MILLI., .METRE. ) );
#7015 = VERTEX_POINT ( 'NONE', #39 ) ;
#7016 = VECTOR ( 'NONE', #416, 1000.000000000000000 ) ;
#7017 = VECTOR ( 'NONE', #4565, 1000.000000000000114 ) ;
#7018 = EDGE_CURVE ( 'NONE', #1115, #1002, #147, .T. ) ;
#7019 =( NAMED_UNIT ( * ) SI_UNIT ( $, .STERADIAN. ) SOLID_ANGLE_UNIT ( ) );
#7020 = VERTEX_POINT ( 'NONE', #609 ) ;
#7021 = ADVANCED_FACE ( 'NONE', ( #1685 ), #2812, .T. ) ;
#7023 = VERTEX_POINT ( 'NONE', #2879 ) ;
#7022 = SURFACE_STYLE_USAGE ( .BOTH. , #3696 ) ;
#7024 = AXIS2_PLACEMENT_3D ( 'NONE', #6111, #4431, #1595 ) ;
#7025 = VECTOR ( 'NONE', #1063, 1000.000000000000000 ) ;
#7026 = SURFACE_STYLE_FILL_AREA ( #1489 ) ;
#7027 = ORIENTED_EDGE ( 'NONE', *, *, #6498, .F. ) ;
#7028 = LINE ( 'NONE', #3762, #3559 ) ;
#7029 = CARTESIAN_POINT ( 'NONE',  ( 2.465000000000000302, 1.675000000000000044, 0.000000000000000000 ) ) ;
#7030 = EDGE_CURVE ( 'NONE', #6221, #4213, #5085, .T. ) ;
#7031 = LINE ( 'NONE', #4200, #1980 ) ;
#7032 = STYLED_ITEM ( 'NONE', ( #4734 ), #3482 ) ;
#7033 =( GEOMETRIC_REPRESENTATION_CONTEXT ( 3 ) GLOBAL_UNCERTAINTY_ASSIGNED_CONTEXT ( ( #3348 ) ) GLOBAL_UNIT_ASSIGNED_CONTEXT ( ( #6499, #3160, #3271 ) ) REPRESENTATION_CONTEXT ( 'NONE', 'WORKASPACE' ) );
#7034 = ADVANCED_FACE ( 'NONE', ( #3418 ), #638, .T. ) ;
#7035 = FACE_OUTER_BOUND ( 'NONE', #4864, .T. ) ;
#7036 =( GEOMETRIC_REPRESENTATION_CONTEXT ( 3 ) GLOBAL_UNCERTAINTY_ASSIGNED_CONTEXT ( ( #1930 ) ) GLOBAL_UNIT_ASSIGNED_CONTEXT ( ( #5579, #4475, #5726 ) ) REPRESENTATION_CONTEXT ( 'NONE', 'WORKASPACE' ) );
#7037 = DIRECTION ( 'NONE',  ( 0.000000000000000000, 0.000000000000000000, 1.000000000000000000 ) ) ;
#7038 = COLOUR_RGB ( '',0.2862745098039215508, 0.2862745098039215508, 0.2862745098039215508 ) ;
#7039 = CARTESIAN_POINT ( 'NONE',  ( -1.232500000000000151, -0.4550000000000000155, 0.000000000000000000 ) ) ;
#7040 =( GEOMETRIC_REPRESENTATION_CONTEXT ( 3 ) GLOBAL_UNCERTAINTY_ASSIGNED_CONTEXT ( ( #2942 ) ) GLOBAL_UNIT_ASSIGNED_CONTEXT ( ( #2139, #35, #468 ) ) REPRESENTATION_CONTEXT ( 'NONE', 'WORKASPACE' ) );
#7041 = VECTOR ( 'NONE', #4931, 1000.000000000000000 ) ;
#7042 =( GEOMETRIC_REPRESENTATION_CONTEXT ( 3 ) GLOBAL_UNCERTAINTY_ASSIGNED_CONTEXT ( ( #6620 ) ) GLOBAL_UNIT_ASSIGNED_CONTEXT ( ( #264, #192, #6911 ) ) REPRESENTATION_CONTEXT ( 'NONE', 'WORKASPACE' ) );
#7043 = LINE ( 'NONE', #6603, #673 ) ;
#7044 = ORIENTED_EDGE ( 'NONE', *, *, #5240, .F. ) ;
#7045 =( LENGTH_UNIT ( ) NAMED_UNIT ( * ) SI_UNIT ( .MILLI., .METRE. ) );
#7046 = CARTESIAN_POINT ( 'NONE',  ( 2.874777666791120456, 2.379777666791120350, 0.9981208709751409058 ) ) ;
#7047 = PRESENTATION_LAYER_ASSIGNMENT (  '', '', ( #1503 ) ) ;
#7048 = CARTESIAN_POINT ( 'NONE',  ( -2.465000000000000302, 2.084999999999999964, 0.000000000000000000 ) ) ;
#7049 = ORIENTED_EDGE ( 'NONE', *, *, #3667, .T. ) ;
#7050 = ADVANCED_FACE ( 'NONE', ( #6687 ), #6202, .T. ) ;
#7051 = LINE ( 'NONE', #1510, #3941 ) ;
#7052 = COLOUR_RGB ( '',0.2862745098039215508, 0.2862745098039215508, 0.2862745098039215508 ) ;
#7053 = SURFACE_STYLE_USAGE ( .BOTH. , #4863 ) ;
#7054 = ORIENTED_EDGE ( 'NONE', *, *, #4407, .F. ) ;
#7055 = PLANE ( 'NONE',  #6278 ) ;
#7056 = PRESENTATION_STYLE_ASSIGNMENT (( #1548 ) ) ;
#7057 = ORIENTED_EDGE ( 'NONE', *, *, #2206, .T. ) ;
#7058 = EDGE_CURVE ( 'NONE', #1732, #3034, #1728, .T. ) ;
#7059 = VECTOR ( 'NONE', #2781, 1000.000000000000000 ) ;
#7060 =( LENGTH_UNIT ( ) NAMED_UNIT ( * ) SI_UNIT ( .MILLI., .METRE. ) );
#7061 = CARTESIAN_POINT ( 'NONE',  ( -2.945000000000000284, 1.224999999999999867, 0.3300000000000040123 ) ) ;
#7062 = DIRECTION ( 'NONE',  ( 0.000000000000000000, 1.000000000000000000, 0.000000000000000000 ) ) ;
#7063 = ORIENTED_EDGE ( 'NONE', *, *, #2234, .F. ) ;
#7064 = AXIS2_PLACEMENT_3D ( 'NONE', #6968, #4093, #2607 ) ;
#7066 = ORIENTED_EDGE ( 'NONE', *, *, #4829, .T. ) ;
#7065 = FACE_OUTER_BOUND ( 'NONE', #6327, .T. ) ;
#7067 = ADVANCED_FACE ( 'NONE', ( #2918 ), #1180, .T. ) ;
#7068 = DIRECTION ( 'NONE',  ( 0.000000000000000000, 0.000000000000000000, 1.000000000000000000 ) ) ;
#7069 = ORIENTED_EDGE ( 'NONE', *, *, #3005, .T. ) ;
#7070 = SURFACE_SIDE_STYLE ('',( #5464 ) ) ;
#7071 = DIRECTION ( 'NONE',  ( 0.000000000000000000, 0.000000000000000000, 1.000000000000000000 ) ) ;
#7072 = LINE ( 'NONE', #5433, #1110 ) ;
#7073 = LINE ( 'NONE', #6492, #1712 ) ;
#7074 = ADVANCED_FACE ( 'NONE', ( #5119 ), #180, .T. ) ;
#7075 = LINE ( 'NONE', #1646, #926 ) ;
#7076 = EDGE_CURVE ( 'NONE', #5853, #5519, #3497, .T. ) ;
#7077 = SURFACE_STYLE_USAGE ( .BOTH. , #4857 ) ;
#7078 = EDGE_CURVE ( 'NONE', #342, #897, #4495, .T. ) ;
#7079 = AXIS2_PLACEMENT_3D ( 'NONE', #1404, #5828, #3062 ) ;
#7080 = CARTESIAN_POINT ( 'NONE',  ( 2.465000000000000302, 0.4049999999999999711, 0.000000000000000000 ) ) ;
#7081 = ORIENTED_EDGE ( 'NONE', *, *, #3859, .T. ) ;
#7082 = DIRECTION ( 'NONE',  ( 1.000000000000000000, 0.000000000000000000, 0.000000000000000000 ) ) ;
#7083 = LINE ( 'NONE', #2768, #2745 ) ;
#7084 = MECHANICAL_DESIGN_GEOMETRIC_PRESENTATION_REPRESENTATION (  '', ( #3031 ), #2222 ) ;
#7085 = VERTEX_POINT ( 'NONE', #2839 ) ;
#7086 =( NAMED_UNIT ( * ) PLANE_ANGLE_UNIT ( ) SI_UNIT ( $, .RADIAN. ) );
#7087 = VECTOR ( 'NONE', #2733, 1000.000000000000000 ) ;
#7088 = CARTESIAN_POINT ( 'NONE',  ( -2.895000000000000018, 2.084999999999999964, 0.000000000000000000 ) ) ;
#7089 = EDGE_LOOP ( 'NONE', ( #3732, #992, #3459, #6963 ) ) ;
#7090 = FACE_OUTER_BOUND ( 'NONE', #5905, .T. ) ;
#7091 = VERTEX_POINT ( 'NONE', #6726 ) ;
#7092 = STYLED_ITEM ( 'NONE', ( #3609 ), #1431 ) ;
#7093 = FACE_OUTER_BOUND ( 'NONE', #3934, .T. ) ;
#7094 = FACE_OUTER_BOUND ( 'NONE', #3757, .T. ) ;
#7095 = PLANE ( 'NONE',  #1171 ) ;
#7096 = PRESENTATION_STYLE_ASSIGNMENT (( #79 ) ) ;
#7097 = VERTEX_POINT ( 'NONE', #1765 ) ;
#7098 = DIRECTION ( 'NONE',  ( 1.000000000000000000, 0.000000000000000000, 0.000000000000000000 ) ) ;
#7099 = EDGE_CURVE ( 'NONE', #6335, #4628, #6171, .T. ) ;
#7101 = ORIENTED_EDGE ( 'NONE', *, *, #5046, .T. ) ;
#7100 =( LENGTH_UNIT ( ) NAMED_UNIT ( * ) SI_UNIT ( .MILLI., .METRE. ) );
#7102 = CARTESIAN_POINT ( 'NONE',  ( -0.4449999999999999512, 1.879999999999999893, 0.000000000000000000 ) ) ;
#7103 = ORIENTED_EDGE ( 'NONE', *, *, #3949, .F. ) ;
#7104 = LINE ( 'NONE', #4955, #3229 ) ;
#7105 = CARTESIAN_POINT ( 'NONE',  ( -2.895000000000000018, -2.135000000000000231, 0.3300000000000000155 ) ) ;
#7106 = ORIENTED_EDGE ( 'NONE', *, *, #5506, .T. ) ;
#7107 = CARTESIAN_POINT ( 'NONE',  ( 3.075000000000000178, 0.4550000000000000155, 0.000000000000000000 ) ) ;
#7108 = CARTESIAN_POINT ( 'NONE',  ( 0.5799999999999999600, -2.575000000000000178, 0.3800000000000000044 ) ) ;
#7109 =( NAMED_UNIT ( * ) PLANE_ANGLE_UNIT ( ) SI_UNIT ( $, .RADIAN. ) );
#7110 = CARTESIAN_POINT ( 'NONE',  ( -0.9650000000000000799, 2.189999999999999947, 0.3300000000000000155 ) ) ;
#7111 =( LENGTH_UNIT ( ) NAMED_UNIT ( * ) SI_UNIT ( .MILLI., .METRE. ) );
#7112 = EDGE_CURVE ( 'NONE', #5572, #1780, #781, .T. ) ;
#7113 = EDGE_CURVE ( 'NONE', #3840, #2743, #827, .T. ) ;
#7114 = CARTESIAN_POINT ( 'NONE',  ( -2.895000000000000018, -0.8649999999999999911, 0.000000000000000000 ) ) ;
#7115 = EDGE_CURVE ( 'NONE', #839, #1373, #4070, .T. ) ;
#7116 = VERTEX_POINT ( 'NONE', #4748 ) ;
#7117 = DIRECTION ( 'NONE',  ( 0.000000000000000000, -1.000000000000000000, 0.000000000000000000 ) ) ;
#7118 = FILL_AREA_STYLE_COLOUR ( '', #6233 ) ;
#7119 = ORIENTED_EDGE ( 'NONE', *, *, #33, .T. ) ;
#7120 = ADVANCED_FACE ( 'NONE', ( #1323 ), #891, .T. ) ;
#7121 = FILL_AREA_STYLE_COLOUR ( '', #2293 ) ;
#7122 = ORIENTED_EDGE ( 'NONE', *, *, #1086, .F. ) ;
#7123 = CARTESIAN_POINT ( 'NONE',  ( 0.4449999999999999512, -2.189999999999999947, 0.3800000000000000044 ) ) ;
#7124 = FILL_AREA_STYLE ('',( #1001 ) ) ;
#7125 = UNCERTAINTY_MEASURE_WITH_UNIT (LENGTH_MEASURE( 1.000000000000000082E-05 ), #6070, 'distance_accuracy_value', 'NONE');
#7126 = FACE_OUTER_BOUND ( 'NONE', #1995, .T. ) ;
#7127 = VERTEX_POINT ( 'NONE', #3532 ) ;
#7128 = FILL_AREA_STYLE ('',( #5935 ) ) ;
#7130 = VERTEX_POINT ( 'NONE', #5189 ) ;
#7129 = SURFACE_STYLE_USAGE ( .BOTH. , #4320 ) ;
#7131 = VERTEX_POINT ( 'NONE', #1437 ) ;
#7132 = LINE ( 'NONE', #6628, #5162 ) ;
#7133 = DIRECTION ( 'NONE',  ( 0.000000000000000000, 0.000000000000000000, 1.000000000000000000 ) ) ;
#7134 = EDGE_CURVE ( 'NONE', #6810, #1816, #5737, .T. ) ;
#7135 = PLANE ( 'NONE',  #4391 ) ;
#7136 = STYLED_ITEM ( 'NONE', ( #522 ), #292 ) ;
#7137 = ORIENTED_EDGE ( 'NONE', *, *, #46, .T. ) ;
#7138 = FILL_AREA_STYLE_COLOUR ( '', #6318 ) ;
#7139 = CARTESIAN_POINT ( 'NONE',  ( -2.945000000000000284, -0.5050000000000000044, 0.000000000000000000 ) ) ;
#7140 = VECTOR ( 'NONE', #5740, 1000.000000000000000 ) ;
#7141 = DIRECTION ( 'NONE',  ( 1.000000000000000000, 0.000000000000000000, 0.000000000000000000 ) ) ;
#7142 = PRESENTATION_LAYER_ASSIGNMENT (  '', '', ( #4928 ) ) ;
#7143 = FILL_AREA_STYLE_COLOUR ( '', #3010 ) ;
#7144 = MECHANICAL_DESIGN_GEOMETRIC_PRESENTATION_REPRESENTATION (  '', ( #1477 ), #5515 ) ;
#7145 = AXIS2_PLACEMENT_3D ( 'NONE', #4090, #4631, #2392 ) ;
#7146 = CARTESIAN_POINT ( 'NONE',  ( -3.496208217925000028, -2.303393376368000123, -0.5876260711209999599 ) ) ;
#7147 = VECTOR ( 'NONE', #104, 1000.000000000000000 ) ;
#7148 = LINE ( 'NONE', #466, #5635 ) ;
#7149 = EDGE_CURVE ( 'NONE', #376, #1786, #4643, .T. ) ;
#7150 = ORIENTED_EDGE ( 'NONE', *, *, #4116, .F. ) ;
#7151 = VECTOR ( 'NONE', #3612, 1000.000000000000000 ) ;
#7152 = COLOUR_RGB ( '',0.2862745098039215508, 0.2862745098039215508, 0.2862745098039215508 ) ;
#7153 = DIRECTION ( 'NONE',  ( -1.000000000000000000, 0.000000000000000000, 0.000000000000000000 ) ) ;
#7154 = NEXT_ASSEMBLY_USAGE_OCCURRENCE ( 'NAUO1', ' ', ' ', #2534, #3508, $ ) ;
#7155 = NEXT_ASSEMBLY_USAGE_OCCURRENCE ( 'NAUO2', ' ', ' ', #3508, #4651, $ ) ;
#7156 = NEXT_ASSEMBLY_USAGE_OCCURRENCE ( 'NAUO3', ' ', ' ', #3508, #6120, $ ) ;
ENDSEC;
END-ISO-10303-21;
