ISO-10303-21;
HEADER;
FILE_DESCRIPTION (( 'STEP AP214' ),
    '1' );
FILE_NAME ('SQJ459EP-T1_GE3.STEP',
    '2024-11-22T03:26:55',
    ( '' ),
    ( '' ),
    'SwSTEP 2.0',
    'SolidWorks 2023',
    '' );
FILE_SCHEMA (( 'AUTOMOTIVE_DESIGN' ));
ENDSEC;

DATA;
#1 = CARTESIAN_POINT ( 'NONE',  ( -0.1009842519685039408, 0.002027559055118137877, 0.005000000000000000104 ) ) ;
#2 = ORIENTED_EDGE ( 'NONE', *, *, #345, .F. ) ;
#3 = ORIENTED_EDGE ( 'NONE', *, *, #8232, .T. ) ;
#4 = EDGE_CURVE ( 'NONE', #8311, #7417, #1140, .T. ) ;
#5 = ORIENTED_EDGE ( 'NONE', *, *, #1179, .F. ) ;
#6 = LINE ( 'NONE', #2818, #3045 ) ;
#7 = VECTOR ( 'NONE', #5701, 39.37007874015748143 ) ;
#8 = LINE ( 'NONE', #2172, #4189 ) ;
#9 = SURFACE_STYLE_FILL_AREA ( #2773 ) ;
#10 =( NAMED_UNIT ( * ) SI_UNIT ( $, .STERADIAN. ) SOLID_ANGLE_UNIT ( ) );
#11 = VECTOR ( 'NONE', #1232, 39.37007874015748143 ) ;
#12 = LINE ( 'NONE', #2866, #4133 ) ;
#13 = CARTESIAN_POINT ( 'NONE',  ( 0.09042084030531759298, 0.08707438361240420199, 0.04882104092741533508 ) ) ;
#14 = CARTESIAN_POINT ( 'NONE',  ( -0.09645669291338584972, 0.1210629921259842590, 0.000000000000000000 ) ) ;
#15 = STYLED_ITEM ( 'NONE', ( #7556 ), #8673 ) ;
#16 = FILL_AREA_STYLE_COLOUR ( '', #7009 ) ;
#17 = UNCERTAINTY_MEASURE_WITH_UNIT (LENGTH_MEASURE( 1.000000000000000082E-05 ), #7798, 'distance_accuracy_value', 'NONE');
#18 = CARTESIAN_POINT ( 'NONE',  ( -0.09042084030531753747, 0.08707438361240420199, 0.04882104092741530038 ) ) ;
#19 = ORIENTED_EDGE ( 'NONE', *, *, #8073, .T. ) ;
#20 = VECTOR ( 'NONE', #2206, 39.37007874015748143 ) ;
#21 = UNCERTAINTY_MEASURE_WITH_UNIT (LENGTH_MEASURE( 1.000000000000000082E-05 ), #8279, 'distance_accuracy_value', 'NONE');
#22 = EDGE_CURVE ( 'NONE', #5703, #4796, #6741, .T. ) ;
#23 = ORIENTED_EDGE ( 'NONE', *, *, #228, .F. ) ;
#24 =( GEOMETRIC_REPRESENTATION_CONTEXT ( 3 ) GLOBAL_UNCERTAINTY_ASSIGNED_CONTEXT ( ( #5476 ) ) GLOBAL_UNIT_ASSIGNED_CONTEXT ( ( #3893, #3937, #6025 ) ) REPRESENTATION_CONTEXT ( 'NONE', 'WORKASPACE' ) );
#25 = ORIENTED_EDGE ( 'NONE', *, *, #7600, .T. ) ;
#26 = VECTOR ( 'NONE', #6108, 39.37007874015748143 ) ;
#27 = CARTESIAN_POINT ( 'NONE',  ( 0.07499999999999999722, -0.09117972964715866102, 0.02576258403140881809 ) ) ;
#28 =( LENGTH_UNIT ( ) NAMED_UNIT ( * ) SI_UNIT ( $, .METRE. ) );
#29 =( GEOMETRIC_REPRESENTATION_CONTEXT ( 3 ) GLOBAL_UNCERTAINTY_ASSIGNED_CONTEXT ( ( #4030 ) ) GLOBAL_UNIT_ASSIGNED_CONTEXT ( ( #5332, #5855, #4616 ) ) REPRESENTATION_CONTEXT ( 'NONE', 'WORKASPACE' ) );
#30 = CIRCLE ( 'NONE', #7723, 0.003149606299212598381 ) ;
#31 =( GEOMETRIC_REPRESENTATION_CONTEXT ( 3 ) GLOBAL_UNCERTAINTY_ASSIGNED_CONTEXT ( ( #2146 ) ) GLOBAL_UNIT_ASSIGNED_CONTEXT ( ( #1347, #1301, #5466 ) ) REPRESENTATION_CONTEXT ( 'NONE', 'WORKASPACE' ) );
#32 = CARTESIAN_POINT ( 'NONE',  ( -0.06692913385826770867, -0.1210629921259842590, 0.000000000000000000 ) ) ;
#33 = EDGE_LOOP ( 'NONE', ( #339, #5603, #809, #5354 ) ) ;
#34 = ORIENTED_EDGE ( 'NONE', *, *, #7281, .T. ) ;
#35 = SURFACE_STYLE_USAGE ( .BOTH. , #810 ) ;
#36 = DIRECTION ( 'NONE',  ( 0.000000000000000000, -0.3143126552996258760, 0.9493195219305765598 ) ) ;
#37 = SURFACE_STYLE_FILL_AREA ( #8850 ) ;
#38 =( GEOMETRIC_REPRESENTATION_CONTEXT ( 3 ) GLOBAL_UNCERTAINTY_ASSIGNED_CONTEXT ( ( #5757 ) ) GLOBAL_UNIT_ASSIGNED_CONTEXT ( ( #6338, #4986, #6214 ) ) REPRESENTATION_CONTEXT ( 'NONE', 'WORKASPACE' ) );
#39 = CARTESIAN_POINT ( 'NONE',  ( -0.03307086614173228301, -0.06107104945795459316, 0.02714754141097831461 ) ) ;
#40 = VECTOR ( 'NONE', #6875, 39.37007874015748143 ) ;
#41 = CARTESIAN_POINT ( 'NONE',  ( -0.06692913385826770867, -0.09383657304297442214, 0.02091502454231232433 ) ) ;
#42 = CARTESIAN_POINT ( 'NONE',  ( 0.09645669291338584972, 0.1049212598425196957, 0.000000000000000000 ) ) ;
#43 = CARTESIAN_POINT ( 'NONE',  ( -0.07795275590551181688, 0.09311023622047245873, 0.000000000000000000 ) ) ;
#44 = SURFACE_SIDE_STYLE ('',( #4083 ) ) ;
#45 = CIRCLE ( 'NONE', #5155, 0.003149606299212606621 ) ;
#46 = PRESENTATION_STYLE_ASSIGNMENT (( #734 ) ) ;
#47 = VECTOR ( 'NONE', #4504, 39.37007874015748143 ) ;
#48 = DIRECTION ( 'NONE',  ( 0.7071067811865460184, 0.7071067811865490160, 0.000000000000000000 ) ) ;
#49 = PLANE ( 'NONE',  #3087 ) ;
#50 =( NAMED_UNIT ( * ) SI_UNIT ( $, .STERADIAN. ) SOLID_ANGLE_UNIT ( ) );
#51 = FILL_AREA_STYLE_COLOUR ( '', #2476 ) ;
#52 = EDGE_LOOP ( 'NONE', ( #6140, #5369, #8757, #1632 ) ) ;
#53 = ORIENTED_EDGE ( 'NONE', *, *, #7852, .F. ) ;
#54 =( GEOMETRIC_REPRESENTATION_CONTEXT ( 3 ) GLOBAL_UNCERTAINTY_ASSIGNED_CONTEXT ( ( #5881 ) ) GLOBAL_UNIT_ASSIGNED_CONTEXT ( ( #2114, #3524, #6872 ) ) REPRESENTATION_CONTEXT ( 'NONE', 'WORKASPACE' ) );
#55 = LINE ( 'NONE', #5547, #2290 ) ;
#56 = DIMENSIONAL_EXPONENTS ( 1.000000000000000000, 0.000000000000000000, 0.000000000000000000, 0.000000000000000000, 0.000000000000000000, 0.000000000000000000, 0.000000000000000000 ) ;
#57 =( NAMED_UNIT ( * ) SI_UNIT ( $, .STERADIAN. ) SOLID_ANGLE_UNIT ( ) );
#58 = SURFACE_STYLE_FILL_AREA ( #8392 ) ;
#59 = CARTESIAN_POINT ( 'NONE',  ( 0.09042084030531756522, 0.08707438361240424363, 0.04882104092741534201 ) ) ;
#60 = EDGE_CURVE ( 'NONE', #8447, #7925, #7361, .T. ) ;
#61 = DIRECTION ( 'NONE',  ( 0.000000000000000000, 0.000000000000000000, 1.000000000000000000 ) ) ;
#62 = MECHANICAL_DESIGN_GEOMETRIC_PRESENTATION_REPRESENTATION (  '', ( #1521 ), #3287 ) ;
#63 = FILL_AREA_STYLE ('',( #7706 ) ) ;
#64 = ORIENTED_EDGE ( 'NONE', *, *, #6484, .T. ) ;
#65 = ORIENTED_EDGE ( 'NONE', *, *, #134, .F. ) ;
#66 = DIRECTION ( 'NONE',  ( 0.000000000000000000, -0.000000000000000000, -1.000000000000000000 ) ) ;
#67 = FILL_AREA_STYLE ('',( #8491 ) ) ;
#68 = ORIENTED_EDGE ( 'NONE', *, *, #7366, .F. ) ;
#69 = STYLED_ITEM ( 'NONE', ( #4682 ), #1340 ) ;
#70 = EDGE_CURVE ( 'NONE', #7272, #7176, #6688, .T. ) ;
#71 = PRODUCT ( 'body', 'body', '', ( #3129 ) ) ;
#72 =( NAMED_UNIT ( * ) PLANE_ANGLE_UNIT ( ) SI_UNIT ( $, .RADIAN. ) );
#73 = VECTOR ( 'NONE', #2318, 39.37007874015748143 ) ;
#74 = ORIENTED_EDGE ( 'NONE', *, *, #1782, .F. ) ;
#75 = VERTEX_POINT ( 'NONE', #8014 ) ;
#76 =( GEOMETRIC_REPRESENTATION_CONTEXT ( 3 ) GLOBAL_UNCERTAINTY_ASSIGNED_CONTEXT ( ( #7023 ) ) GLOBAL_UNIT_ASSIGNED_CONTEXT ( ( #8597, #823, #4483 ) ) REPRESENTATION_CONTEXT ( 'NONE', 'WORKASPACE' ) );
#77 = DIRECTION ( 'NONE',  ( 0.000000000000000000, -0.04595002157773420831, 0.9989437399158200837 ) ) ;
#78 = LINE ( 'NONE', #6331, #3742 ) ;
#79 = FILL_AREA_STYLE ('',( #5765 ) ) ;
#80 = CARTESIAN_POINT ( 'NONE',  ( -0.06530030766429134603, 0.05098425196850393804, 0.009842519685039369942 ) ) ;
#81 =( CONVERSION_BASED_UNIT ( 'INCH', #6246 ) LENGTH_UNIT ( ) NAMED_UNIT ( #1644 ) );
#82 = VECTOR ( 'NONE', #389, 39.37007874015748143 ) ;
#83 = CARTESIAN_POINT ( 'NONE',  ( -0.08753937007874017240, -0.0009842519685039352595, 0.009842519685039369942 ) ) ;
#84 = PRESENTATION_STYLE_ASSIGNMENT (( #7000 ) ) ;
#85 = EDGE_CURVE ( 'NONE', #8019, #1669, #1419, .T. ) ;
#86 = DIRECTION ( 'NONE',  ( 0.9925461516413218721, 0.000000000000000000, 0.1218693434051484753 ) ) ;
#87 = CARTESIAN_POINT ( 'NONE',  ( 0.07499999999999999722, -0.09881790276005945894, 0.01182630964989291392 ) ) ;
#88 = UNCERTAINTY_MEASURE_WITH_UNIT (LENGTH_MEASURE( 1.000000000000000082E-05 ), #1139, 'distance_accuracy_value', 'NONE');
#89 = VECTOR ( 'NONE', #6515, 39.37007874015748143 ) ;
#90 = DIRECTION ( 'NONE',  ( 0.000000000000000000, -1.000000000000000000, 0.000000000000000000 ) ) ;
#91 = UNCERTAINTY_MEASURE_WITH_UNIT (LENGTH_MEASURE( 1.000000000000000082E-05 ), #81, 'distance_accuracy_value', 'NONE');
#92 = PRESENTATION_LAYER_ASSIGNMENT (  '', '', ( #4477 ) ) ;
#93 = CARTESIAN_POINT ( 'NONE',  ( -0.07499999999999999722, -0.1014396703667248129, 0.01159693470591019980 ) ) ;
#94 = EDGE_CURVE ( 'NONE', #8088, #7857, #6030, .T. ) ;
#95 = CARTESIAN_POINT ( 'NONE',  ( 0.08963327822881118900, 0.08707438361240421587, 0.04944954249008669256 ) ) ;
#96 = DIMENSIONAL_EXPONENTS ( 1.000000000000000000, 0.000000000000000000, 0.000000000000000000, 0.000000000000000000, 0.000000000000000000, 0.000000000000000000, 0.000000000000000000 ) ;
#97 = DIRECTION ( 'NONE',  ( 0.000000000000000000, 0.000000000000000000, -1.000000000000000000 ) ) ;
#98 = ORIENTED_EDGE ( 'NONE', *, *, #780, .T. ) ;
#99 = EDGE_LOOP ( 'NONE', ( #6677, #7485, #8869, #296 ) ) ;
#100 =( GEOMETRIC_REPRESENTATION_CONTEXT ( 3 ) GLOBAL_UNCERTAINTY_ASSIGNED_CONTEXT ( ( #8396 ) ) GLOBAL_UNIT_ASSIGNED_CONTEXT ( ( #8364, #812, #6371 ) ) REPRESENTATION_CONTEXT ( 'NONE', 'WORKASPACE' ) );
#101 = MECHANICAL_DESIGN_GEOMETRIC_PRESENTATION_REPRESENTATION (  '', ( #1265 ), #6362 ) ;
#102 = SURFACE_STYLE_FILL_AREA ( #2077 ) ;
#103 = CARTESIAN_POINT ( 'NONE',  ( 0.1009842519685039269, 0.002027559055118135709, 0.000000000000000000 ) ) ;
#104 = DIRECTION ( 'NONE',  ( 1.000000000000000000, 0.000000000000000000, 0.000000000000000000 ) ) ;
#105 =( LENGTH_UNIT ( ) NAMED_UNIT ( * ) SI_UNIT ( $, .METRE. ) );
#106 = FACE_OUTER_BOUND ( 'NONE', #7219, .T. ) ;
#107 = MECHANICAL_DESIGN_GEOMETRIC_PRESENTATION_REPRESENTATION (  '', ( #7362 ), #8245 ) ;
#108 = LINE ( 'NONE', #2827, #5546 ) ;
#109 = VECTOR ( 'NONE', #1150, 39.37007874015748854 ) ;
#110 = SURFACE_STYLE_FILL_AREA ( #3685 ) ;
#111 = ORIENTED_EDGE ( 'NONE', *, *, #744, .F. ) ;
#112 = ORIENTED_EDGE ( 'NONE', *, *, #7897, .F. ) ;
#113 = LINE ( 'NONE', #4867, #6928 ) ;
#114 = DIRECTION ( 'NONE',  ( 1.000000000000000000, 0.000000000000000000, -0.000000000000000000 ) ) ;
#115 = EDGE_CURVE ( 'NONE', #929, #6973, #5820, .T. ) ;
#116 = ORIENTED_EDGE ( 'NONE', *, *, #2431, .T. ) ;
#117 =( GEOMETRIC_REPRESENTATION_CONTEXT ( 3 ) GLOBAL_UNCERTAINTY_ASSIGNED_CONTEXT ( ( #2316 ) ) GLOBAL_UNIT_ASSIGNED_CONTEXT ( ( #5986, #7269, #7228 ) ) REPRESENTATION_CONTEXT ( 'NONE', 'WORKASPACE' ) );
#118 = DIMENSIONAL_EXPONENTS ( 1.000000000000000000, 0.000000000000000000, 0.000000000000000000, 0.000000000000000000, 0.000000000000000000, 0.000000000000000000, 0.000000000000000000 ) ;
#119 = SURFACE_SIDE_STYLE ('',( #2929 ) ) ;
#120 = FILL_AREA_STYLE ('',( #2745 ) ) ;
#121 = ORIENTED_EDGE ( 'NONE', *, *, #4287, .T. ) ;
#122 = ORIENTED_EDGE ( 'NONE', *, *, #568, .T. ) ;
#123 = DIRECTION ( 'NONE',  ( -1.000000000000000000, 0.000000000000000000, 0.000000000000000000 ) ) ;
#124 = SURFACE_STYLE_USAGE ( .BOTH. , #4879 ) ;
#125 = STYLED_ITEM ( 'NONE', ( #8429 ), #3922 ) ;
#126 = EDGE_CURVE ( 'NONE', #492, #8507, #3942, .T. ) ;
#127 = PRESENTATION_STYLE_ASSIGNMENT (( #5851 ) ) ;
#128 = PRESENTATION_STYLE_ASSIGNMENT (( #3747 ) ) ;
#129 = PRESENTATION_STYLE_ASSIGNMENT (( #8367 ) ) ;
#130 = DIRECTION ( 'NONE',  ( -0.7071067811865474617, -0.7071067811865474617, 0.000000000000000000 ) ) ;
#131 = STYLED_ITEM ( 'NONE', ( #4079 ), #4068 ) ;
#132 = CARTESIAN_POINT ( 'NONE',  ( -0.08875394017312095152, -0.07436038474521942943, 0.04711612391623665880 ) ) ;
#133 = VECTOR ( 'NONE', #6099, 39.37007874015748143 ) ;
#134 = EDGE_CURVE ( 'NONE', #8541, #3470, #3856, .T. ) ;
#135 = SURFACE_STYLE_FILL_AREA ( #7823 ) ;
#136 = STYLED_ITEM ( 'NONE', ( #5492 ), #7174 ) ;
#137 = CARTESIAN_POINT ( 'NONE',  ( 0.09120840238182399695, 0.08707438361240421587, 0.04819253936474395678 ) ) ;
#138 =( NAMED_UNIT ( * ) SI_UNIT ( $, .STERADIAN. ) SOLID_ANGLE_UNIT ( ) );
#139 = LENGTH_MEASURE_WITH_UNIT ( LENGTH_MEASURE( 0.02539999999999999897 ), #737 );
#140 = UNCERTAINTY_MEASURE_WITH_UNIT (LENGTH_MEASURE( 1.000000000000000082E-05 ), #5964, 'distance_accuracy_value', 'NONE');
#141 = ORIENTED_EDGE ( 'NONE', *, *, #4920, .F. ) ;
#142 = ORIENTED_EDGE ( 'NONE', *, *, #3058, .T. ) ;
#143 = DIRECTION ( 'NONE',  ( 1.000000000000000000, 0.000000000000000000, 0.000000000000000000 ) ) ;
#144 = AXIS2_PLACEMENT_3D ( 'NONE', #8866, #1929, #8149 ) ;
#145 = DIRECTION ( 'NONE',  ( 0.7071067811865415775, -0.7071067811865533459, 0.000000000000000000 ) ) ;
#146 = SURFACE_SIDE_STYLE ('',( #2865 ) ) ;
#147 =( NAMED_UNIT ( * ) SI_UNIT ( $, .STERADIAN. ) SOLID_ANGLE_UNIT ( ) );
#148 = CARTESIAN_POINT ( 'NONE',  ( -0.01496062992125984231, -0.08565767112959683793, 0.02601659103690530384 ) ) ;
#149 = PLANE ( 'NONE',  #2341 ) ;
#150 = VECTOR ( 'NONE', #2097, 39.37007874015748143 ) ;
#151 = ORIENTED_EDGE ( 'NONE', *, *, #8937, .T. ) ;
#152 = LENGTH_MEASURE_WITH_UNIT ( LENGTH_MEASURE( 0.02539999999999999897 ), #7758 );
#153 = EDGE_LOOP ( 'NONE', ( #7957, #1161, #1437, #2509 ) ) ;
#154 = CARTESIAN_POINT ( 'NONE',  ( -0.09645669291338584972, 0.002027559055118140479, 0.000000000000000000 ) ) ;
#155 = VECTOR ( 'NONE', #3499, 39.37007874015748143 ) ;
#156 =( CONVERSION_BASED_UNIT ( 'INCH', #7851 ) LENGTH_UNIT ( ) NAMED_UNIT ( #2479 ) );
#157 = SURFACE_STYLE_USAGE ( .BOTH. , #7805 ) ;
#158 = UNCERTAINTY_MEASURE_WITH_UNIT (LENGTH_MEASURE( 1.000000000000000082E-05 ), #921, 'distance_accuracy_value', 'NONE');
#159 = VECTOR ( 'NONE', #553, 39.37007874015748854 ) ;
#160 = DIRECTION ( 'NONE',  ( 0.000000000000000000, -0.3143126552996258760, 0.9493195219305765598 ) ) ;
#161 = ORIENTED_EDGE ( 'NONE', *, *, #94, .T. ) ;
#162 = ORIENTED_EDGE ( 'NONE', *, *, #5323, .F. ) ;
#163 = COLOUR_RGB ( '',0.7490196078431372584, 0.7490196078431372584, 0.7490196078431372584 ) ;
#164 =( NAMED_UNIT ( * ) SI_UNIT ( $, .STERADIAN. ) SOLID_ANGLE_UNIT ( ) );
#165 = ADVANCED_FACE ( 'NONE', ( #8102 ), #2628, .T. ) ;
#166 = SURFACE_STYLE_USAGE ( .BOTH. , #5762 ) ;
#167 =( GEOMETRIC_REPRESENTATION_CONTEXT ( 3 ) GLOBAL_UNCERTAINTY_ASSIGNED_CONTEXT ( ( #781 ) ) GLOBAL_UNIT_ASSIGNED_CONTEXT ( ( #6760, #8782, #7604 ) ) REPRESENTATION_CONTEXT ( 'NONE', 'WORKASPACE' ) );
#168 = DIRECTION ( 'NONE',  ( 0.000000000000000000, 0.000000000000000000, -1.000000000000000000 ) ) ;
#169 = DIRECTION ( 'NONE',  ( 0.000000000000000000, 0.9493195219305766708, 0.3143126552996259315 ) ) ;
#170 = PLANE ( 'NONE',  #5995 ) ;
#171 = CIRCLE ( 'NONE', #7574, 0.008858267716535431213 ) ;
#172 = PLANE ( 'NONE',  #6010 ) ;
#173 = ADVANCED_FACE ( 'NONE', ( #7536 ), #6251, .T. ) ;
#174 =( NAMED_UNIT ( * ) SI_UNIT ( $, .STERADIAN. ) SOLID_ANGLE_UNIT ( ) );
#175 = VECTOR ( 'NONE', #4239, 39.37007874015748143 ) ;
#176 = ORIENTED_EDGE ( 'NONE', *, *, #3309, .F. ) ;
#177 = CARTESIAN_POINT ( 'NONE',  ( 0.09330708661417323746, -0.07578740157480315376, 0.000000000000000000 ) ) ;
#178 = CARTESIAN_POINT ( 'NONE',  ( 0.01692913385826771630, -0.09796007064640148421, 0.002021243723793055263 ) ) ;
#179 = COLOUR_RGB ( '',0.7490196078431372584, 0.7490196078431372584, 0.7490196078431372584 ) ;
#180 = LINE ( 'NONE', #2902, #8247 ) ;
#181 = STYLED_ITEM ( 'NONE', ( #5258 ), #8731 ) ;
#182 = DIRECTION ( 'NONE',  ( -0.000000000000000000, -0.7143278697962460733, 0.6998111848437100768 ) ) ;
#183 = FACE_OUTER_BOUND ( 'NONE', #1955, .T. ) ;
#184 = PLANE ( 'NONE',  #3366 ) ;
#185 = ADVANCED_FACE ( 'NONE', ( #8373 ), #6294, .T. ) ;
#186 = VECTOR ( 'NONE', #1877, 39.37007874015748143 ) ;
#187 = LINE ( 'NONE', #6305, #1589 ) ;
#188 = VERTEX_POINT ( 'NONE', #8189 ) ;
#189 = ORIENTED_EDGE ( 'NONE', *, *, #2528, .T. ) ;
#190 = FACE_OUTER_BOUND ( 'NONE', #1720, .T. ) ;
#191 = DIRECTION ( 'NONE',  ( 1.000000000000000000, 0.000000000000000000, 0.000000000000000000 ) ) ;
#192 = CARTESIAN_POINT ( 'NONE',  ( 0.08753937007874017240, 0.01003937007874023714, 0.005000000000000000104 ) ) ;
#193 = AXIS2_PLACEMENT_3D ( 'NONE', #372, #6468, #7874 ) ;
#194 = SHAPE_REPRESENTATION_RELATIONSHIP ( 'NONE' , 'NONE' ,  #1128, #2999 ) ;
#195 = DIRECTION ( 'NONE',  ( 1.000000000000000000, 0.000000000000000000, 0.000000000000000000 ) ) ;
#196 = DIRECTION ( 'NONE',  ( 0.000000000000000000, 0.000000000000000000, 1.000000000000000000 ) ) ;
#197 = PLANE ( 'NONE',  #2937 ) ;
#198 = ADVANCED_FACE ( 'NONE', ( #5623 ), #1969, .F. ) ;
#199 = CARTESIAN_POINT ( 'NONE',  ( 0.09645669291338586360, 0.004527559055118110173, 0.009842519685039369942 ) ) ;
#200 =( LENGTH_UNIT ( ) NAMED_UNIT ( * ) SI_UNIT ( $, .METRE. ) );
#201 =( CONVERSION_BASED_UNIT ( 'INCH', #3055 ) LENGTH_UNIT ( ) NAMED_UNIT ( #524 ) );
#202 = PRESENTATION_LAYER_ASSIGNMENT (  '', '', ( #504 ) ) ;
#203 = EDGE_LOOP ( 'NONE', ( #6277, #3023, #8964, #6411 ) ) ;
#204 = ORIENTED_EDGE ( 'NONE', *, *, #5844, .T. ) ;
#205 = FILL_AREA_STYLE ('',( #6442 ) ) ;
#206 = CARTESIAN_POINT ( 'NONE',  ( -0.08946850393700787885, 0.002027559055118133974, 0.009842519685039369942 ) ) ;
#207 = AXIS2_PLACEMENT_3D ( 'NONE', #4749, #5381, #8137 ) ;
#208 = CARTESIAN_POINT ( 'NONE',  ( -0.09055118110236221041, 0.002027559055118130071, 0.009842519685039369942 ) ) ;
#209 = DIRECTION ( 'NONE',  ( 0.000000000000000000, -1.000000000000000000, 0.000000000000000000 ) ) ;
#210 = EDGE_LOOP ( 'NONE', ( #3593, #8176, #7350, #6399 ) ) ;
#211 = VERTEX_POINT ( 'NONE', #8466 ) ;
#212 = FILL_AREA_STYLE ('',( #4388 ) ) ;
#213 = PRESENTATION_LAYER_ASSIGNMENT (  '', '', ( #4169 ) ) ;
#214 = LINE ( 'NONE', #6003, #6360 ) ;
#215 = LENGTH_MEASURE_WITH_UNIT ( LENGTH_MEASURE( 0.02539999999999999897 ), #7125 );
#216 =( CONVERSION_BASED_UNIT ( 'INCH', #6453 ) LENGTH_UNIT ( ) NAMED_UNIT ( #5801 ) );
#217 =( NAMED_UNIT ( * ) SI_UNIT ( $, .STERADIAN. ) SOLID_ANGLE_UNIT ( ) );
#218 = DIRECTION ( 'NONE',  ( -0.000000000000000000, 1.000000000000000000, 0.000000000000000000 ) ) ;
#219 = FILL_AREA_STYLE ('',( #3704 ) ) ;
#220 = STYLED_ITEM ( 'NONE', ( #6985 ), #1230 ) ;
#221 = PRESENTATION_LAYER_ASSIGNMENT (  '', '', ( #4755 ) ) ;
#222 =( NAMED_UNIT ( * ) PLANE_ANGLE_UNIT ( ) SI_UNIT ( $, .RADIAN. ) );
#223 = ORIENTED_EDGE ( 'NONE', *, *, #2058, .T. ) ;
#224 = FILL_AREA_STYLE_COLOUR ( '', #7384 ) ;
#225 = CARTESIAN_POINT ( 'NONE',  ( -0.1009842519685039408, 0.004527559055118110173, 0.009842519685039369942 ) ) ;
#226 = CARTESIAN_POINT ( 'NONE',  ( -0.08946850393700787885, 0.1049212598425196957, 0.009842519685039369942 ) ) ;
#227 =( GEOMETRIC_REPRESENTATION_CONTEXT ( 3 ) GLOBAL_UNCERTAINTY_ASSIGNED_CONTEXT ( ( #7549 ) ) GLOBAL_UNIT_ASSIGNED_CONTEXT ( ( #384, #1932, #1147 ) ) REPRESENTATION_CONTEXT ( 'NONE', 'WORKASPACE' ) );
#228 = EDGE_CURVE ( 'NONE', #8575, #4151, #3616, .T. ) ;
#229 = SURFACE_STYLE_USAGE ( .BOTH. , #2253 ) ;
#230 = CARTESIAN_POINT ( 'NONE',  ( 0.03307086614173228301, -0.09084088879601615041, 0.01357377070548917292 ) ) ;
#231 = FILL_AREA_STYLE ('',( #5200 ) ) ;
#232 = STYLED_ITEM ( 'NONE', ( #5135 ), #1815 ) ;
#233 =( NAMED_UNIT ( * ) SI_UNIT ( $, .STERADIAN. ) SOLID_ANGLE_UNIT ( ) );
#234 = LINE ( 'NONE', #1098, #419 ) ;
#235 = ORIENTED_EDGE ( 'NONE', *, *, #6795, .T. ) ;
#236 = FACE_OUTER_BOUND ( 'NONE', #1849, .T. ) ;
#237 = CARTESIAN_POINT ( 'NONE',  ( -0.08946850393700787885, 0.09311023622047245873, 0.009842519685039369942 ) ) ;
#238 = DIMENSIONAL_EXPONENTS ( 1.000000000000000000, 0.000000000000000000, 0.000000000000000000, 0.000000000000000000, 0.000000000000000000, 0.000000000000000000, 0.000000000000000000 ) ;
#239 = CARTESIAN_POINT ( 'NONE',  ( -0.08612979809627301087, -0.07650611636306658969, 0.04747702520763231321 ) ) ;
#240 = COLOUR_RGB ( '',0.7490196078431372584, 0.7490196078431372584, 0.7490196078431372584 ) ;
#241 = DIRECTION ( 'NONE',  ( 0.000000000000000000, 0.000000000000000000, 1.000000000000000000 ) ) ;
#242 = LENGTH_MEASURE_WITH_UNIT ( LENGTH_MEASURE( 0.02539999999999999897 ), #922 );
#243 = DIRECTION ( 'NONE',  ( 0.000000000000000000, 0.08715574274765816587, -0.9961946980917455452 ) ) ;
#244 = DIRECTION ( 'NONE',  ( -1.000000000000000000, -0.000000000000000000, 0.000000000000000000 ) ) ;
#245 = DIRECTION ( 'NONE',  ( 1.000000000000000000, 0.000000000000000000, 0.000000000000000000 ) ) ;
#246 = STYLED_ITEM ( 'NONE', ( #6119 ), #3113 ) ;
#247 = CARTESIAN_POINT ( 'NONE',  ( -0.07499999999999999722, -0.08653382883559776473, 0.01376068786798864858 ) ) ;
#248 =( NAMED_UNIT ( * ) PLANE_ANGLE_UNIT ( ) SI_UNIT ( $, .RADIAN. ) );
#249 = VECTOR ( 'NONE', #66, 39.37007874015748143 ) ;
#250 = EDGE_LOOP ( 'NONE', ( #8336, #1059, #5544, #3149 ) ) ;
#251 = ORIENTED_EDGE ( 'NONE', *, *, #7061, .T. ) ;
#252 = FILL_AREA_STYLE ('',( #6486 ) ) ;
#253 = FILL_AREA_STYLE_COLOUR ( '', #1829 ) ;
#254 = PRESENTATION_LAYER_ASSIGNMENT (  '', '', ( #2605 ) ) ;
#255 = VECTOR ( 'NONE', #1561, 39.37007874015748143 ) ;
#256 = LINE ( 'NONE', #3190, #1001 ) ;
#257 = VECTOR ( 'NONE', #7403, 39.37007874015748143 ) ;
#258 = EDGE_CURVE ( 'NONE', #783, #5561, #1646, .T. ) ;
#259 = FILL_AREA_STYLE ('',( #7245 ) ) ;
#260 = DIRECTION ( 'NONE',  ( -0.000000000000000000, 0.000000000000000000, -1.000000000000000000 ) ) ;
#261 = ORIENTED_EDGE ( 'NONE', *, *, #1840, .T. ) ;
#262 = ORIENTED_EDGE ( 'NONE', *, *, #8518, .F. ) ;
#263 = COLOUR_RGB ( '',0.7490196078431372584, 0.7490196078431372584, 0.7490196078431372584 ) ;
#264 = DIRECTION ( 'NONE',  ( -1.139859368198320049E-15, 1.000000000000000000, 0.000000000000000000 ) ) ;
#265 = CIRCLE ( 'NONE', #3915, 0.003149606299212598381 ) ;
#266 = LINE ( 'NONE', #3068, #1977 ) ;
#267 = SURFACE_STYLE_FILL_AREA ( #1718 ) ;
#268 = LINE ( 'NONE', #6660, #1479 ) ;
#269 = PRESENTATION_LAYER_ASSIGNMENT (  '', '', ( #125 ) ) ;
#270 = EDGE_CURVE ( 'NONE', #900, #3289, #1552, .T. ) ;
#271 = SURFACE_SIDE_STYLE ('',( #360 ) ) ;
#272 = ORIENTED_EDGE ( 'NONE', *, *, #7112, .T. ) ;
#273 = CYLINDRICAL_SURFACE ( 'NONE', #3496, 0.003149606299212606621 ) ;
#274 = LINE ( 'NONE', #3570, #3188 ) ;
#275 = STYLED_ITEM ( 'NONE', ( #697 ), #3949 ) ;
#276 =( NAMED_UNIT ( * ) PLANE_ANGLE_UNIT ( ) SI_UNIT ( $, .RADIAN. ) );
#277 = PRESENTATION_LAYER_ASSIGNMENT (  '', '', ( #2928 ) ) ;
#278 = DIRECTION ( 'NONE',  ( 0.000000000000000000, -0.3143126552996258760, 0.9493195219305765598 ) ) ;
#279 = DIRECTION ( 'NONE',  ( 1.000000000000000000, 0.000000000000000000, -0.000000000000000000 ) ) ;
#280 = CARTESIAN_POINT ( 'NONE',  ( 0.02500000000000000139, -0.08244437787890905589, 0.01631147111528527538 ) ) ;
#281 = ORIENTED_EDGE ( 'NONE', *, *, #8130, .T. ) ;
#282 = PRESENTATION_STYLE_ASSIGNMENT (( #1612 ) ) ;
#283 = SURFACE_STYLE_FILL_AREA ( #7744 ) ;
#284 = VECTOR ( 'NONE', #8207, 39.37007874015748854 ) ;
#285 = LINE ( 'NONE', #8651, #3672 ) ;
#286 = PRESENTATION_STYLE_ASSIGNMENT (( #537 ) ) ;
#287 = CARTESIAN_POINT ( 'NONE',  ( -0.09515292158676455503, 0.09310339149696371386, 0.009953868386747440761 ) ) ;
#288 = EDGE_CURVE ( 'NONE', #681, #4947, #4351, .T. ) ;
#289 =( NAMED_UNIT ( * ) PLANE_ANGLE_UNIT ( ) SI_UNIT ( $, .RADIAN. ) );
#290 = UNCERTAINTY_MEASURE_WITH_UNIT (LENGTH_MEASURE( 1.000000000000000082E-05 ), #6138, 'distance_accuracy_value', 'NONE');
#291 = EDGE_CURVE ( 'NONE', #2792, #6367, #865, .T. ) ;
#292 = PRESENTATION_LAYER_ASSIGNMENT (  '', '', ( #8982 ) ) ;
#293 = FACE_OUTER_BOUND ( 'NONE', #4327, .T. ) ;
#294 = SURFACE_STYLE_USAGE ( .BOTH. , #6522 ) ;
#295 = ORIENTED_EDGE ( 'NONE', *, *, #6438, .T. ) ;
#296 = ORIENTED_EDGE ( 'NONE', *, *, #2452, .F. ) ;
#297 = DIRECTION ( 'NONE',  ( 0.000000000000000000, 0.000000000000000000, 1.000000000000000000 ) ) ;
#298 = CARTESIAN_POINT ( 'NONE',  ( -0.09338409450877117879, 0.08214163450969408364, 0.04850123345096178651 ) ) ;
#299 = APPLICATION_CONTEXT ( 'automotive_design' ) ;
#300 = PRESENTATION_STYLE_ASSIGNMENT (( #4647 ) ) ;
#301 = DIMENSIONAL_EXPONENTS ( 1.000000000000000000, 0.000000000000000000, 0.000000000000000000, 0.000000000000000000, 0.000000000000000000, 0.000000000000000000, 0.000000000000000000 ) ;
#302 = VECTOR ( 'NONE', #7544, 39.37007874015748143 ) ;
#303 = DIRECTION ( 'NONE',  ( 1.000000000000000000, 0.000000000000000000, 0.000000000000000000 ) ) ;
#304 = SURFACE_STYLE_USAGE ( .BOTH. , #6532 ) ;
#305 = ORIENTED_EDGE ( 'NONE', *, *, #4882, .F. ) ;
#306 = ORIENTED_EDGE ( 'NONE', *, *, #2630, .F. ) ;
#307 = SURFACE_SIDE_STYLE ('',( #4687 ) ) ;
#308 = CARTESIAN_POINT ( 'NONE',  ( 0.02500000000000000139, -0.09383657304297442214, 0.02091502454231232433 ) ) ;
#309 = DIRECTION ( 'NONE',  ( -1.000000000000000000, 0.000000000000000000, 0.000000000000000000 ) ) ;
#310 = STYLED_ITEM ( 'NONE', ( #3214 ), #7802 ) ;
#311 = LINE ( 'NONE', #3925, #1921 ) ;
#312 = PRESENTATION_LAYER_ASSIGNMENT (  '', '', ( #6290 ) ) ;
#313 = VERTEX_POINT ( 'NONE', #178 ) ;
#314 = ADVANCED_FACE ( 'NONE', ( #5816 ), #7914, .T. ) ;
#315 = MECHANICAL_DESIGN_GEOMETRIC_PRESENTATION_REPRESENTATION (  '', ( #3387 ), #5427 ) ;
#316 = LINE ( 'NONE', #3888, #4323 ) ;
#317 =( LENGTH_UNIT ( ) NAMED_UNIT ( * ) SI_UNIT ( $, .METRE. ) );
#318 = CIRCLE ( 'NONE', #2823, 0.009842519685039373412 ) ;
#319 =( CONVERSION_BASED_UNIT ( 'INCH', #3079 ) LENGTH_UNIT ( ) NAMED_UNIT ( #8089 ) );
#320 =( CONVERSION_BASED_UNIT ( 'INCH', #6425 ) LENGTH_UNIT ( ) NAMED_UNIT ( #2292 ) );
#321 = AXIS2_PLACEMENT_3D ( 'NONE', #1988, #1201, #527 ) ;
#322 = DIRECTION ( 'NONE',  ( 0.000000000000000000, -0.000000000000000000, 1.000000000000000000 ) ) ;
#323 = COLOUR_RGB ( '',0.7490196078431372584, 0.7490196078431372584, 0.7490196078431372584 ) ;
#324 = DIRECTION ( 'NONE',  ( 0.000000000000000000, 5.421010862427522170E-15, -1.000000000000000000 ) ) ;
#325 = EDGE_LOOP ( 'NONE', ( #2372, #6275, #3325, #626 ) ) ;
#326 = SURFACE_STYLE_USAGE ( .BOTH. , #6553 ) ;
#327 = CARTESIAN_POINT ( 'NONE',  ( -0.03307086614173228301, -0.09084088879601615041, 0.01357377070548917292 ) ) ;
#328 = CARTESIAN_POINT ( 'NONE',  ( 0.08875394017312079886, 0.08540748348020742176, 0.04673228346456682197 ) ) ;
#329 = ORIENTED_EDGE ( 'NONE', *, *, #534, .T. ) ;
#330 = APPLICATION_PROTOCOL_DEFINITION ( 'draft international standard', 'automotive_design', 1998, #299 ) ;
#331 = STYLED_ITEM ( 'NONE', ( #3635 ), #5214 ) ;
#332 = COLOUR_RGB ( '',0.7490196078431372584, 0.7490196078431372584, 0.7490196078431372584 ) ;
#333 =( LENGTH_UNIT ( ) NAMED_UNIT ( * ) SI_UNIT ( $, .METRE. ) );
#334 = PRESENTATION_STYLE_ASSIGNMENT (( #4416 ) ) ;
#335 = PRESENTATION_STYLE_ASSIGNMENT (( #1784 ) ) ;
#336 = DIRECTION ( 'NONE',  ( 1.000000000000000000, 0.000000000000000000, 0.000000000000000000 ) ) ;
#337 =( NAMED_UNIT ( * ) SI_UNIT ( $, .STERADIAN. ) SOLID_ANGLE_UNIT ( ) );
#338 = CARTESIAN_POINT ( 'NONE',  ( -0.09330708661417323746, 0.09311023622047245873, 0.005000000000000000104 ) ) ;
#339 = ORIENTED_EDGE ( 'NONE', *, *, #8786, .T. ) ;
#340 = MECHANICAL_DESIGN_GEOMETRIC_PRESENTATION_REPRESENTATION (  '', ( #7156 ), #7584 ) ;
#341 = DIRECTION ( 'NONE',  ( -1.000000000000000000, -0.000000000000000000, -0.000000000000000000 ) ) ;
#342 = CARTESIAN_POINT ( 'NONE',  ( 0.09331878153261673192, 0.09311019279504388624, 0.009842873356772908339 ) ) ;
#343 = DIMENSIONAL_EXPONENTS ( 1.000000000000000000, 0.000000000000000000, 0.000000000000000000, 0.000000000000000000, 0.000000000000000000, 0.000000000000000000, 0.000000000000000000 ) ;
#344 = PLANE ( 'NONE',  #3748 ) ;
#345 = EDGE_CURVE ( 'NONE', #6356, #3687, #1045, .T. ) ;
#346 = PRODUCT_RELATED_PRODUCT_CATEGORY ( 'part', '', ( #5550 ) ) ;
#347 =( LENGTH_UNIT ( ) NAMED_UNIT ( * ) SI_UNIT ( $, .METRE. ) );
#348 =( CONVERSION_BASED_UNIT ( 'INCH', #3874 ) LENGTH_UNIT ( ) NAMED_UNIT ( #1516 ) );
#349 = CARTESIAN_POINT ( 'NONE',  ( -0.09645669291338584972, 0.1049212598425196957, 0.000000000000000000 ) ) ;
#350 = ORIENTED_EDGE ( 'NONE', *, *, #6201, .T. ) ;
#351 = ORIENTED_EDGE ( 'NONE', *, *, #5488, .T. ) ;
#352 = FILL_AREA_STYLE_COLOUR ( '', #1697 ) ;
#353 = DIRECTION ( 'NONE',  ( -0.3301180510536010360, -0.8484716754920951232, 0.4136639798873100737 ) ) ;
#354 = AXIS2_PLACEMENT_3D ( 'NONE', #6457, #5060, #7129 ) ;
#355 = DIRECTION ( 'NONE',  ( 0.000000000000000000, 0.7143278697962460733, -0.6998111848437100768 ) ) ;
#356 = ADVANCED_FACE ( 'NONE', ( #4575 ), #3162, .T. ) ;
#357 = SURFACE_STYLE_FILL_AREA ( #2526 ) ;
#358 = FACE_OUTER_BOUND ( 'NONE', #2481, .T. ) ;
#359 = AXIS2_PLACEMENT_3D ( 'NONE', #2930, #2144, #2837 ) ;
#360 = SURFACE_STYLE_FILL_AREA ( #8551 ) ;
#361 = ORIENTED_EDGE ( 'NONE', *, *, #6036, .F. ) ;
#362 = DIMENSIONAL_EXPONENTS ( 1.000000000000000000, 0.000000000000000000, 0.000000000000000000, 0.000000000000000000, 0.000000000000000000, 0.000000000000000000, 0.000000000000000000 ) ;
#363 = ORIENTED_EDGE ( 'NONE', *, *, #1305, .F. ) ;
#364 = PRESENTATION_STYLE_ASSIGNMENT (( #5196 ) ) ;
#365 = LENGTH_MEASURE_WITH_UNIT ( LENGTH_MEASURE( 0.02539999999999999897 ), #317 );
#366 = PRESENTATION_STYLE_ASSIGNMENT (( #3850 ) ) ;
#367 = EDGE_CURVE ( 'NONE', #6627, #7885, #316, .T. ) ;
#368 = COLOUR_RGB ( '',0.2862745098039215508, 0.2862745098039215508, 0.2862745098039215508 ) ;
#369 = DIRECTION ( 'NONE',  ( 1.000000000000000000, 0.000000000000000000, 0.000000000000000000 ) ) ;
#370 = COLOUR_RGB ( '',0.7490196078431372584, 0.7490196078431372584, 0.7490196078431372584 ) ;
#371 = PRESENTATION_STYLE_ASSIGNMENT (( #7181 ) ) ;
#372 = CARTESIAN_POINT ( 'NONE',  ( 0.07499999999999999722, -0.06107104945795473194, 0.02714754141097830767 ) ) ;
#373 =( LENGTH_UNIT ( ) NAMED_UNIT ( * ) SI_UNIT ( $, .METRE. ) );
#374 = VECTOR ( 'NONE', #4521, 39.37007874015748143 ) ;
#375 = SURFACE_STYLE_USAGE ( .BOTH. , #2672 ) ;
#376 = LINE ( 'NONE', #5119, #8376 ) ;
#377 = VERTEX_POINT ( 'NONE', #3117 ) ;
#378 = DIRECTION ( 'NONE',  ( 1.000000000000000000, 0.000000000000000000, 0.000000000000000000 ) ) ;
#379 = EDGE_CURVE ( 'NONE', #842, #3326, #5901, .T. ) ;
#380 = VECTOR ( 'NONE', #7291, 39.37007874015748854 ) ;
#381 = CARTESIAN_POINT ( 'NONE',  ( -0.02500000000000000139, -0.1014396703667248129, 0.01159693470591019980 ) ) ;
#382 = CARTESIAN_POINT ( 'NONE',  ( 0.06530030766429134603, 0.09311023622047240322, 0.009842519685039361269 ) ) ;
#383 = LINE ( 'NONE', #8024, #7263 ) ;
#384 =( CONVERSION_BASED_UNIT ( 'INCH', #1067 ) LENGTH_UNIT ( ) NAMED_UNIT ( #5897 ) );
#385 = ORIENTED_EDGE ( 'NONE', *, *, #923, .T. ) ;
#386 = ORIENTED_EDGE ( 'NONE', *, *, #7591, .T. ) ;
#387 = FILL_AREA_STYLE ('',( #3909 ) ) ;
#388 =( GEOMETRIC_REPRESENTATION_CONTEXT ( 3 ) GLOBAL_UNCERTAINTY_ASSIGNED_CONTEXT ( ( #6044 ) ) GLOBAL_UNIT_ASSIGNED_CONTEXT ( ( #5984, #5299, #6687 ) ) REPRESENTATION_CONTEXT ( 'NONE', 'WORKASPACE' ) );
#389 = DIRECTION ( 'NONE',  ( 0.000000000000000000, 0.000000000000000000, -1.000000000000000000 ) ) ;
#390 =( LENGTH_UNIT ( ) NAMED_UNIT ( * ) SI_UNIT ( $, .METRE. ) );
#391 = DIRECTION ( 'NONE',  ( -0.000000000000000000, 0.000000000000000000, 1.000000000000000000 ) ) ;
#392 = CARTESIAN_POINT ( 'NONE',  ( 0.09055118110236221041, 0.01003937007874023714, 0.000000000000000000 ) ) ;
#393 = CARTESIAN_POINT ( 'NONE',  ( 0.07499999999999999722, -0.09383657304297415847, 0.02091502454231218208 ) ) ;
#394 = COLOUR_RGB ( '',0.7490196078431372584, 0.7490196078431372584, 0.7490196078431372584 ) ;
#395 = SURFACE_SIDE_STYLE ('',( #3786 ) ) ;
#396 = EDGE_LOOP ( 'NONE', ( #4516, #7934, #2035, #8595 ) ) ;
#397 = ADVANCED_FACE ( 'NONE', ( #3934 ), #7395, .T. ) ;
#398 = EDGE_LOOP ( 'NONE', ( #8038, #1135, #2861, #2448, #4990, #5289, #7523, #2495 ) ) ;
#399 = FILL_AREA_STYLE ('',( #3878 ) ) ;
#400 =( GEOMETRIC_REPRESENTATION_CONTEXT ( 3 ) GLOBAL_UNCERTAINTY_ASSIGNED_CONTEXT ( ( #7194 ) ) GLOBAL_UNIT_ASSIGNED_CONTEXT ( ( #5316, #6093, #8070 ) ) REPRESENTATION_CONTEXT ( 'NONE', 'WORKASPACE' ) );
#401 = CIRCLE ( 'NONE', #6230, 0.004921259842519684971 ) ;
#402 = CARTESIAN_POINT ( 'NONE',  ( -0.08307086614173228578, -0.1018685864235539529, 0.01649946766896011677 ) ) ;
#403 = DIRECTION ( 'NONE',  ( 0.000000000000000000, -0.4806245840651710566, -0.8769264559768860101 ) ) ;
#404 = DIMENSIONAL_EXPONENTS ( 1.000000000000000000, 0.000000000000000000, 0.000000000000000000, 0.000000000000000000, 0.000000000000000000, 0.000000000000000000, 0.000000000000000000 ) ;
#405 =( LENGTH_UNIT ( ) NAMED_UNIT ( * ) SI_UNIT ( $, .METRE. ) );
#406 = CIRCLE ( 'NONE', #1569, 0.003149606299212602718 ) ;
#407 = CARTESIAN_POINT ( 'NONE',  ( -0.06496062992125983815, -0.08520540713768977314, 0.01618446761253700822 ) ) ;
#408 = ORIENTED_EDGE ( 'NONE', *, *, #8888, .T. ) ;
#409 = EDGE_CURVE ( 'NONE', #5777, #5879, #2661, .T. ) ;
#410 = ORIENTED_EDGE ( 'NONE', *, *, #575, .F. ) ;
#411 = CARTESIAN_POINT ( 'NONE',  ( 0.000000000000000000, 0.08540748348020747727, 0.04988188976377952444 ) ) ;
#412 = CARTESIAN_POINT ( 'NONE',  ( -0.09645669291338584972, 0.007027559055118155762, 0.000000000000000000 ) ) ;
#413 = AXIS2_PLACEMENT_3D ( 'NONE', #4167, #2715, #6071 ) ;
#414 = SURFACE_STYLE_FILL_AREA ( #4666 ) ;
#415 =( CONVERSION_BASED_UNIT ( 'INCH', #4754 ) LENGTH_UNIT ( ) NAMED_UNIT ( #301 ) );
#416 = CARTESIAN_POINT ( 'NONE',  ( -0.09645669291338584972, -0.07578740157480315376, 0.005000000000000000104 ) ) ;
#417 = LENGTH_MEASURE_WITH_UNIT ( LENGTH_MEASURE( 0.02539999999999999897 ), #5866 );
#418 = DIRECTION ( 'NONE',  ( -1.000000000000000000, -0.000000000000000000, -0.000000000000000000 ) ) ;
#419 = VECTOR ( 'NONE', #5113, 39.37007874015748854 ) ;
#420 = DIRECTION ( 'NONE',  ( 0.000000000000000000, -0.9961946980917454342, -0.08715574274765815199 ) ) ;
#421 = DIMENSIONAL_EXPONENTS ( 1.000000000000000000, 0.000000000000000000, 0.000000000000000000, 0.000000000000000000, 0.000000000000000000, 0.000000000000000000, 0.000000000000000000 ) ;
#422 = DIRECTION ( 'NONE',  ( 1.000000000000000000, 1.139859368198320049E-15, -0.000000000000000000 ) ) ;
#423 = ORIENTED_EDGE ( 'NONE', *, *, #8470, .F. ) ;
#424 = PRESENTATION_LAYER_ASSIGNMENT (  '', '', ( #3205 ) ) ;
#425 = SURFACE_SIDE_STYLE ('',( #2502 ) ) ;
#426 = VECTOR ( 'NONE', #7729, 39.37007874015748143 ) ;
#427 = DIRECTION ( 'NONE',  ( 1.000000000000000000, 0.000000000000000000, 0.000000000000000000 ) ) ;
#428 =( LENGTH_UNIT ( ) NAMED_UNIT ( * ) SI_UNIT ( $, .METRE. ) );
#429 = LINE ( 'NONE', #3308, #2878 ) ;
#430 = EDGE_LOOP ( 'NONE', ( #8349, #1341, #2521, #5636 ) ) ;
#431 = ADVANCED_FACE ( 'NONE', ( #8401, #845 ), #3548, .T. ) ;
#432 = ADVANCED_FACE ( 'NONE', ( #6319 ), #4329, .T. ) ;
#433 = EDGE_LOOP ( 'NONE', ( #2038, #7844, #1828, #4371, #2074 ) ) ;
#434 = CARTESIAN_POINT ( 'NONE',  ( 0.07795275590551181688, 0.01003937007874019724, 0.005000000000000000104 ) ) ;
#435 = CIRCLE ( 'NONE', #3503, 0.003149606299212605320 ) ;
#436 = DIRECTION ( 'NONE',  ( 1.000000000000000000, 0.000000000000000000, 0.000000000000000000 ) ) ;
#437 = PRESENTATION_LAYER_ASSIGNMENT (  '', '', ( #4384 ) ) ;
#438 = LINE ( 'NONE', #5921, #6915 ) ;
#439 = FILL_AREA_STYLE_COLOUR ( '', #5554 ) ;
#440 = CARTESIAN_POINT ( 'NONE',  ( 0.08742991111046478914, -0.07590319050929748845, 0.04813416457729724485 ) ) ;
#441 = CARTESIAN_POINT ( 'NONE',  ( -0.07960036946185393425, -0.05322241670594842627, 0.04988188976377952444 ) ) ;
#442 = DIMENSIONAL_EXPONENTS ( 1.000000000000000000, 0.000000000000000000, 0.000000000000000000, 0.000000000000000000, 0.000000000000000000, 0.000000000000000000, 0.000000000000000000 ) ;
#443 = CARTESIAN_POINT ( 'NONE',  ( -0.02500000000000000139, -0.1210629921259842590, 0.009880116511253426298 ) ) ;
#444 = ORIENTED_EDGE ( 'NONE', *, *, #8290, .F. ) ;
#445 = VERTEX_POINT ( 'NONE', #1579 ) ;
#446 =( NAMED_UNIT ( * ) SI_UNIT ( $, .STERADIAN. ) SOLID_ANGLE_UNIT ( ) );
#447 =( LENGTH_UNIT ( ) NAMED_UNIT ( * ) SI_UNIT ( $, .METRE. ) );
#448 =( GEOMETRIC_REPRESENTATION_CONTEXT ( 3 ) GLOBAL_UNCERTAINTY_ASSIGNED_CONTEXT ( ( #2071 ) ) GLOBAL_UNIT_ASSIGNED_CONTEXT ( ( #4430, #8536, #5090 ) ) REPRESENTATION_CONTEXT ( 'NONE', 'WORKASPACE' ) );
#449 =( NAMED_UNIT ( * ) PLANE_ANGLE_UNIT ( ) SI_UNIT ( $, .RADIAN. ) );
#450 = COLOUR_RGB ( '',0.2862745098039215508, 0.2862745098039215508, 0.2862745098039215508 ) ;
#451 = CARTESIAN_POINT ( 'NONE',  ( -0.08307086614173228578, -0.09117972964715866102, 0.02576258403140881809 ) ) ;
#452 = CARTESIAN_POINT ( 'NONE',  ( 0.06692913385826770867, -0.06061878546604763246, 0.01731541798661000858 ) ) ;
#453 = LENGTH_MEASURE_WITH_UNIT ( LENGTH_MEASURE( 0.02539999999999999897 ), #3976 );
#454 = DIRECTION ( 'NONE',  ( -0.000000000000000000, -0.000000000000000000, -1.000000000000000000 ) ) ;
#455 = ORIENTED_EDGE ( 'NONE', *, *, #5681, .T. ) ;
#456 = EDGE_CURVE ( 'NONE', #8917, #5421, #6777, .T. ) ;
#457 = EDGE_LOOP ( 'NONE', ( #1682, #1513, #4823, #3651, #828 ) ) ;
#458 = LINE ( 'NONE', #548, #6823 ) ;
#459 = COLOUR_RGB ( '',0.7490196078431372584, 0.7490196078431372584, 0.7490196078431372584 ) ;
#460 = AXIS2_PLACEMENT_3D ( 'NONE', #7276, #970, #5830 ) ;
#461 = UNCERTAINTY_MEASURE_WITH_UNIT (LENGTH_MEASURE( 1.000000000000000082E-05 ), #6625, 'distance_accuracy_value', 'NONE');
#462 = EDGE_CURVE ( 'NONE', #1995, #3637, #3736, .T. ) ;
#463 = LINE ( 'NONE', #7398, #3239 ) ;
#464 = PRODUCT_DEFINITION ( 'UNKNOWN', '', #2411, #6447 ) ;
#465 = STYLED_ITEM ( 'NONE', ( #8852 ), #8013 ) ;
#466 = DIMENSIONAL_EXPONENTS ( 1.000000000000000000, 0.000000000000000000, 0.000000000000000000, 0.000000000000000000, 0.000000000000000000, 0.000000000000000000, 0.000000000000000000 ) ;
#467 = DIRECTION ( 'NONE',  ( -1.000000000000000000, -0.000000000000000000, 0.000000000000000000 ) ) ;
#468 = STYLED_ITEM ( 'NONE', ( #129 ), #6233 ) ;
#469 = CARTESIAN_POINT ( 'NONE',  ( -0.09645669291338584972, 0.007027559055118154027, 0.005000000000000000104 ) ) ;
#470 = ORIENTED_EDGE ( 'NONE', *, *, #6695, .T. ) ;
#471 = EDGE_CURVE ( 'NONE', #996, #5313, #888, .T. ) ;
#472 = PRESENTATION_LAYER_ASSIGNMENT (  '', '', ( #6712 ) ) ;
#473 = ADVANCED_FACE ( 'NONE', ( #8578 ), #1497, .T. ) ;
#474 = CARTESIAN_POINT ( 'NONE',  ( 0.01496062992125984405, -0.08814047546094172514, 0.01988863945244704820 ) ) ;
#475 = SURFACE_STYLE_USAGE ( .BOTH. , #425 ) ;
#476 = SURFACE_STYLE_USAGE ( .BOTH. , #5445 ) ;
#477 = COLOUR_RGB ( '',0.2862745098039215508, 0.2862745098039215508, 0.2862745098039215508 ) ;
#478 = FILL_AREA_STYLE_COLOUR ( '', #4096 ) ;
#479 = PRESENTATION_STYLE_ASSIGNMENT (( #3399 ) ) ;
#480 = VERTEX_POINT ( 'NONE', #3781 ) ;
#481 = UNCERTAINTY_MEASURE_WITH_UNIT (LENGTH_MEASURE( 1.000000000000000082E-05 ), #8254, 'distance_accuracy_value', 'NONE');
#482 = ORIENTED_EDGE ( 'NONE', *, *, #5201, .F. ) ;
#483 =( LENGTH_UNIT ( ) NAMED_UNIT ( * ) SI_UNIT ( $, .METRE. ) );
#484 = CARTESIAN_POINT ( 'NONE',  ( -0.06692913385826770867, -0.09796007064640148421, 0.002021243723793056130 ) ) ;
#485 = AXIS2_PLACEMENT_3D ( 'NONE', #2921, #748, #2870 ) ;
#486 = LENGTH_MEASURE_WITH_UNIT ( LENGTH_MEASURE( 0.02539999999999999897 ), #2694 );
#487 = DIRECTION ( 'NONE',  ( 0.000000000000000000, 0.000000000000000000, -1.000000000000000000 ) ) ;
#488 = CARTESIAN_POINT ( 'NONE',  ( 0.09645669291338584972, 0.1131889763779527630, 0.000000000000000000 ) ) ;
#489 = LINE ( 'NONE', #2698, #284 ) ;
#490 = PLANE ( 'NONE',  #485 ) ;
#491 =( NAMED_UNIT ( * ) PLANE_ANGLE_UNIT ( ) SI_UNIT ( $, .RADIAN. ) );
#492 = VERTEX_POINT ( 'NONE', #7939 ) ;
#493 = ORIENTED_EDGE ( 'NONE', *, *, #5707, .F. ) ;
#494 = CARTESIAN_POINT ( 'NONE',  ( 0.03307086614173228301, -0.09018673685477519852, 0.007095752720117598673 ) ) ;
#495 = LENGTH_MEASURE_WITH_UNIT ( LENGTH_MEASURE( 0.02539999999999999897 ), #447 );
#496 = CARTESIAN_POINT ( 'NONE',  ( -0.09055118110236221041, 0.007027559055118149690, 0.005000000000000000104 ) ) ;
#497 = EDGE_CURVE ( 'NONE', #7272, #1262, #5087, .T. ) ;
#498 = DIRECTION ( 'NONE',  ( 0.000000000000000000, 1.000000000000000000, 0.000000000000000000 ) ) ;
#499 = FILL_AREA_STYLE_COLOUR ( '', #3729 ) ;
#500 = CARTESIAN_POINT ( 'NONE',  ( 0.09645669291338584972, 0.08996062992125987423, 0.000000000000000000 ) ) ;
#501 = ORIENTED_EDGE ( 'NONE', *, *, #3940, .T. ) ;
#502 = EDGE_LOOP ( 'NONE', ( #567, #8249, #501, #907 ) ) ;
#503 = FILL_AREA_STYLE_COLOUR ( '', #4088 ) ;
#504 = STYLED_ITEM ( 'NONE', ( #2536 ), #3600 ) ;
#505 = CARTESIAN_POINT ( 'NONE',  ( -0.07499999999999999722, -0.09117972964715866102, 0.02576258403140881809 ) ) ;
#506 = SURFACE_STYLE_FILL_AREA ( #1770 ) ;
#507 = SURFACE_SIDE_STYLE ('',( #414 ) ) ;
#508 = EDGE_CURVE ( 'NONE', #5421, #3107, #2798, .T. ) ;
#509 = DIRECTION ( 'NONE',  ( -1.000000000000000000, 0.000000000000000000, 0.000000000000000000 ) ) ;
#510 =( LENGTH_UNIT ( ) NAMED_UNIT ( * ) SI_UNIT ( $, .METRE. ) );
#511 = CARTESIAN_POINT ( 'NONE',  ( 0.06692913385826770867, -0.09084088879601615041, 0.01357377070548917292 ) ) ;
#512 = VERTEX_POINT ( 'NONE', #3141 ) ;
#513 = ADVANCED_FACE ( 'NONE', ( #7239 ), #1025, .T. ) ;
#514 = LINE ( 'NONE', #6747, #5112 ) ;
#515 = PLANE ( 'NONE',  #6572 ) ;
#516 = CARTESIAN_POINT ( 'NONE',  ( -0.07795275590551181688, 0.09311023622047245873, 0.000000000000000000 ) ) ;
#517 =( NAMED_UNIT ( * ) SI_UNIT ( $, .STERADIAN. ) SOLID_ANGLE_UNIT ( ) );
#518 = AXIS2_PLACEMENT_3D ( 'NONE', #1565, #241, #5210 ) ;
#519 = LINE ( 'NONE', #5404, #3996 ) ;
#520 = PRESENTATION_STYLE_ASSIGNMENT (( #6088 ) ) ;
#521 = CARTESIAN_POINT ( 'NONE',  ( -0.07494307814895394271, 0.1049212598425196957, 0.000000000000000000 ) ) ;
#522 = ORIENTED_EDGE ( 'NONE', *, *, #542, .T. ) ;
#523 = ORIENTED_EDGE ( 'NONE', *, *, #8179, .T. ) ;
#524 = DIMENSIONAL_EXPONENTS ( 1.000000000000000000, 0.000000000000000000, 0.000000000000000000, 0.000000000000000000, 0.000000000000000000, 0.000000000000000000, 0.000000000000000000 ) ;
#525 = STYLED_ITEM ( 'NONE', ( #856 ), #1602 ) ;
#526 = FILL_AREA_STYLE ('',( #3357 ) ) ;
#527 = DIRECTION ( 'NONE',  ( 0.000000000000000000, 0.000000000000000000, -1.000000000000000000 ) ) ;
#528 = PRESENTATION_LAYER_ASSIGNMENT (  '', '', ( #2880 ) ) ;
#529 = FILL_AREA_STYLE ('',( #4819 ) ) ;
#530 = SURFACE_STYLE_USAGE ( .BOTH. , #7424 ) ;
#531 = DIRECTION ( 'NONE',  ( 1.000000000000000000, 0.000000000000000000, 0.000000000000000000 ) ) ;
#532 = CARTESIAN_POINT ( 'NONE',  ( -0.07499999999999999722, -0.1210629921259842590, 0.009880116511253426298 ) ) ;
#533 = ORIENTED_EDGE ( 'NONE', *, *, #7199, .T. ) ;
#534 = EDGE_CURVE ( 'NONE', #4661, #3847, #1794, .T. ) ;
#535 = VERTEX_POINT ( 'NONE', #3910 ) ;
#536 = LENGTH_MEASURE_WITH_UNIT ( LENGTH_MEASURE( 0.02539999999999999897 ), #6667 );
#537 = SURFACE_STYLE_USAGE ( .BOTH. , #6767 ) ;
#538 = CIRCLE ( 'NONE', #4331, 0.003149606299212602718 ) ;
#539 = LENGTH_MEASURE_WITH_UNIT ( LENGTH_MEASURE( 0.02539999999999999897 ), #6771 );
#540 = SURFACE_STYLE_USAGE ( .BOTH. , #6946 ) ;
#541 = DIRECTION ( 'NONE',  ( 0.000000000000000000, -0.3143126552996258760, 0.9493195219305765598 ) ) ;
#542 = EDGE_CURVE ( 'NONE', #929, #211, #2733, .T. ) ;
#543 =( NAMED_UNIT ( * ) SI_UNIT ( $, .STERADIAN. ) SOLID_ANGLE_UNIT ( ) );
#544 =( NAMED_UNIT ( * ) PLANE_ANGLE_UNIT ( ) SI_UNIT ( $, .RADIAN. ) );
#545 = FACE_OUTER_BOUND ( 'NONE', #4547, .T. ) ;
#546 = EDGE_LOOP ( 'NONE', ( #6431, #1587, #5383, #8919 ) ) ;
#547 = ORIENTED_EDGE ( 'NONE', *, *, #4036, .T. ) ;
#548 = CARTESIAN_POINT ( 'NONE',  ( 0.07494307814895394271, 0.09311023622047245873, 0.000000000000000000 ) ) ;
#549 = EDGE_CURVE ( 'NONE', #2257, #5882, #7421, .T. ) ;
#550 = UNCERTAINTY_MEASURE_WITH_UNIT (LENGTH_MEASURE( 1.000000000000000082E-05 ), #3845, 'distance_accuracy_value', 'NONE');
#551 =( GEOMETRIC_REPRESENTATION_CONTEXT ( 3 ) GLOBAL_UNCERTAINTY_ASSIGNED_CONTEXT ( ( #4324 ) ) GLOBAL_UNIT_ASSIGNED_CONTEXT ( ( #743, #5683, #6309 ) ) REPRESENTATION_CONTEXT ( 'NONE', 'WORKASPACE' ) );
#552 = CARTESIAN_POINT ( 'NONE',  ( 0.01692913385826771630, -0.1210629921259842590, 0.009880116511253422829 ) ) ;
#553 = DIRECTION ( 'NONE',  ( 0.000000000000000000, 0.04595002157776068019, -0.9989437399158188624 ) ) ;
#554 = COLOUR_RGB ( '',0.7490196078431372584, 0.7490196078431372584, 0.7490196078431372584 ) ;
#555 = CARTESIAN_POINT ( 'NONE',  ( 0.09330708661417323746, 0.08996062992125984648, 0.005000000000000000104 ) ) ;
#556 = CARTESIAN_POINT ( 'NONE',  ( 0.07499999999999999722, -0.06107104945795473194, 0.02714754141097830767 ) ) ;
#557 =( NAMED_UNIT ( * ) SI_UNIT ( $, .STERADIAN. ) SOLID_ANGLE_UNIT ( ) );
#558 = COLOUR_RGB ( '',0.7490196078431372584, 0.7490196078431372584, 0.7490196078431372584 ) ;
#559 = CARTESIAN_POINT ( 'NONE',  ( 0.09645669291338584972, -0.07893700787401573826, 0.005000000000000000104 ) ) ;
#560 =( NAMED_UNIT ( * ) PLANE_ANGLE_UNIT ( ) SI_UNIT ( $, .RADIAN. ) );
#561 = DIRECTION ( 'NONE',  ( -1.000000000000000000, 0.000000000000000000, 0.000000000000000000 ) ) ;
#562 =( CONVERSION_BASED_UNIT ( 'INCH', #7412 ) LENGTH_UNIT ( ) NAMED_UNIT ( #362 ) );
#563 =( GEOMETRIC_REPRESENTATION_CONTEXT ( 3 ) GLOBAL_UNCERTAINTY_ASSIGNED_CONTEXT ( ( #4420 ) ) GLOBAL_UNIT_ASSIGNED_CONTEXT ( ( #2663, #3474, #1961 ) ) REPRESENTATION_CONTEXT ( 'NONE', 'WORKASPACE' ) );
#564 = CARTESIAN_POINT ( 'NONE',  ( 0.03307086614173228301, -0.1210629921259842590, 0.01357377070548917292 ) ) ;
#565 = FILL_AREA_STYLE_COLOUR ( '', #3380 ) ;
#566 = PLANE ( 'NONE',  #2427 ) ;
#567 = ORIENTED_EDGE ( 'NONE', *, *, #3793, .F. ) ;
#568 = EDGE_CURVE ( 'NONE', #3367, #4750, #7331, .T. ) ;
#569 = VERTEX_POINT ( 'NONE', #3224 ) ;
#570 = SURFACE_SIDE_STYLE ('',( #7375 ) ) ;
#571 = DIRECTION ( 'NONE',  ( -0.000000000000000000, 1.000000000000000000, 0.000000000000000000 ) ) ;
#572 = LINE ( 'NONE', #6759, #2293 ) ;
#573 = PRESENTATION_LAYER_ASSIGNMENT (  '', '', ( #3071 ) ) ;
#574 = DIRECTION ( 'NONE',  ( -1.000000000000000000, -0.000000000000000000, -0.000000000000000000 ) ) ;
#575 = EDGE_CURVE ( 'NONE', #8306, #4561, #4730, .T. ) ;
#576 = DIRECTION ( 'NONE',  ( 0.000000000000000000, 1.000000000000000000, 0.000000000000000000 ) ) ;
#577 = PRESENTATION_STYLE_ASSIGNMENT (( #4735 ) ) ;
#578 = CARTESIAN_POINT ( 'NONE',  ( 0.01692913385826771630, -0.06107104945795473194, 0.02714754141097830767 ) ) ;
#579 = VECTOR ( 'NONE', #1991, 39.37007874015748143 ) ;
#580 = LENGTH_MEASURE_WITH_UNIT ( LENGTH_MEASURE( 0.02539999999999999897 ), #2700 );
#581 = ORIENTED_EDGE ( 'NONE', *, *, #5283, .T. ) ;
#582 = EDGE_LOOP ( 'NONE', ( #5450, #6555, #1982, #386, #7154, #3040, #1510, #5280 ) ) ;
#583 = PRESENTATION_LAYER_ASSIGNMENT (  '', '', ( #723 ) ) ;
#584 = FILL_AREA_STYLE ('',( #5513 ) ) ;
#585 = DIMENSIONAL_EXPONENTS ( 1.000000000000000000, 0.000000000000000000, 0.000000000000000000, 0.000000000000000000, 0.000000000000000000, 0.000000000000000000, 0.000000000000000000 ) ;
#586 = EDGE_CURVE ( 'NONE', #4607, #8498, #7053, .T. ) ;
#587 = CARTESIAN_POINT ( 'NONE',  ( 0.09055118110236221041, 0.002027559055118133974, 0.000000000000000000 ) ) ;
#588 =( NAMED_UNIT ( * ) SI_UNIT ( $, .STERADIAN. ) SOLID_ANGLE_UNIT ( ) );
#589 = SURFACE_SIDE_STYLE ('',( #4747 ) ) ;
#590 = ORIENTED_EDGE ( 'NONE', *, *, #2708, .F. ) ;
#591 = ORIENTED_EDGE ( 'NONE', *, *, #2774, .F. ) ;
#592 = VECTOR ( 'NONE', #3227, 39.37007874015748143 ) ;
#593 = DIRECTION ( 'NONE',  ( 0.000000000000000000, 0.7143278697962460733, -0.6998111848437100768 ) ) ;
#594 = CARTESIAN_POINT ( 'NONE',  ( -0.08307086614173228578, -0.1210629921259842590, 0.009880116511253426298 ) ) ;
#595 = STYLED_ITEM ( 'NONE', ( #7520 ), #4839 ) ;
#596 = LENGTH_MEASURE_WITH_UNIT ( LENGTH_MEASURE( 0.02539999999999999897 ), #5390 );
#597 = FILL_AREA_STYLE ('',( #5481 ) ) ;
#598 =( GEOMETRIC_REPRESENTATION_CONTEXT ( 3 ) GLOBAL_UNCERTAINTY_ASSIGNED_CONTEXT ( ( #7527 ) ) GLOBAL_UNIT_ASSIGNED_CONTEXT ( ( #2608, #1890, #5367 ) ) REPRESENTATION_CONTEXT ( 'NONE', 'WORKASPACE' ) );
#599 =( NAMED_UNIT ( * ) SI_UNIT ( $, .STERADIAN. ) SOLID_ANGLE_UNIT ( ) );
#600 = LENGTH_MEASURE_WITH_UNIT ( LENGTH_MEASURE( 0.02539999999999999897 ), #4035 );
#601 = STYLED_ITEM ( 'NONE', ( #6833 ), #7820 ) ;
#602 =( NAMED_UNIT ( * ) SI_UNIT ( $, .STERADIAN. ) SOLID_ANGLE_UNIT ( ) );
#603 = CARTESIAN_POINT ( 'NONE',  ( -0.01692913385826771630, -0.09881790276005945894, 0.01182630964989291392 ) ) ;
#604 = LINE ( 'NONE', #2722, #3281 ) ;
#605 =( NAMED_UNIT ( * ) SI_UNIT ( $, .STERADIAN. ) SOLID_ANGLE_UNIT ( ) );
#606 =( GEOMETRIC_REPRESENTATION_CONTEXT ( 3 ) GLOBAL_UNCERTAINTY_ASSIGNED_CONTEXT ( ( #3776 ) ) GLOBAL_UNIT_ASSIGNED_CONTEXT ( ( #3181, #1017, #3136 ) ) REPRESENTATION_CONTEXT ( 'NONE', 'WORKASPACE' ) );
#607 = LINE ( 'NONE', #5489, #11 ) ;
#608 = VECTOR ( 'NONE', #6169, 39.37007874015748143 ) ;
#609 = CARTESIAN_POINT ( 'NONE',  ( -0.01496062992125984405, -0.08221824588295552350, 0.01139540940310114318 ) ) ;
#610 = SURFACE_SIDE_STYLE ('',( #5446 ) ) ;
#611 = COLOUR_RGB ( '',0.7490196078431372584, 0.7490196078431372584, 0.7490196078431372584 ) ;
#612 = FILL_AREA_STYLE ('',( #565 ) ) ;
#613 = ORIENTED_EDGE ( 'NONE', *, *, #5543, .T. ) ;
#614 = VERTEX_POINT ( 'NONE', #2691 ) ;
#615 = ORIENTED_EDGE ( 'NONE', *, *, #6303, .T. ) ;
#616 = DIRECTION ( 'NONE',  ( 0.000000000000000000, 0.7143278697962581747, -0.6998111848436976423 ) ) ;
#617 = STYLED_ITEM ( 'NONE', ( #6188 ), #7509 ) ;
#618 =( NAMED_UNIT ( * ) SI_UNIT ( $, .STERADIAN. ) SOLID_ANGLE_UNIT ( ) );
#619 = STYLED_ITEM ( 'NONE', ( #8794 ), #6373 ) ;
#620 = CIRCLE ( 'NONE', #4564, 0.008858267716535431213 ) ;
#621 = FILL_AREA_STYLE ('',( #7468 ) ) ;
#622 =( LENGTH_UNIT ( ) NAMED_UNIT ( * ) SI_UNIT ( $, .METRE. ) );
#623 = DIRECTION ( 'NONE',  ( 1.000000000000000000, 0.000000000000000000, 0.000000000000000000 ) ) ;
#624 = FILL_AREA_STYLE_COLOUR ( '', #8565 ) ;
#625 = CARTESIAN_POINT ( 'NONE',  ( 0.08307086614173228578, -0.09881790276005945894, 0.01182630964989291392 ) ) ;
#626 = ORIENTED_EDGE ( 'NONE', *, *, #5394, .F. ) ;
#627 = ORIENTED_EDGE ( 'NONE', *, *, #930, .F. ) ;
#628 =( GEOMETRIC_REPRESENTATION_CONTEXT ( 3 ) GLOBAL_UNCERTAINTY_ASSIGNED_CONTEXT ( ( #8803 ) ) GLOBAL_UNIT_ASSIGNED_CONTEXT ( ( #2963, #5788, #4862 ) ) REPRESENTATION_CONTEXT ( 'NONE', 'WORKASPACE' ) );
#629 = DIRECTION ( 'NONE',  ( -0.000000000000000000, 0.3143126552996258760, -0.9493195219305765598 ) ) ;
#630 = VECTOR ( 'NONE', #6227, 39.37007874015748143 ) ;
#631 = ADVANCED_FACE ( 'NONE', ( #4644 ), #6798, .F. ) ;
#632 = CARTESIAN_POINT ( 'NONE',  ( 0.08503937007874015630, -0.08565767112959683793, 0.02601659103690530384 ) ) ;
#633 = PRESENTATION_STYLE_ASSIGNMENT (( #2788 ) ) ;
#634 = COLOUR_RGB ( '',0.7490196078431372584, 0.7490196078431372584, 0.7490196078431372584 ) ;
#635 = PRESENTATION_STYLE_ASSIGNMENT (( #2789 ) ) ;
#636 = DIRECTION ( 'NONE',  ( 0.000000000000000000, 0.9961946980917454342, 0.08715574274765831853 ) ) ;
#637 = VERTEX_POINT ( 'NONE', #6265 ) ;
#638 = VERTEX_POINT ( 'NONE', #3451 ) ;
#639 = EDGE_CURVE ( 'NONE', #5650, #4050, #6225, .T. ) ;
#640 = VECTOR ( 'NONE', #7265, 39.37007874015748143 ) ;
#641 = CARTESIAN_POINT ( 'NONE',  ( 0.09331878153261673192, 0.09311019279504388624, 0.009842873356772908339 ) ) ;
#642 = UNCERTAINTY_MEASURE_WITH_UNIT (LENGTH_MEASURE( 1.000000000000000082E-05 ), #2740, 'distance_accuracy_value', 'NONE');
#643 = LINE ( 'NONE', #2105, #7630 ) ;
#644 = PLANE ( 'NONE',  #1634 ) ;
#645 = AXIS2_PLACEMENT_3D ( 'NONE', #7262, #3984, #5388 ) ;
#646 = LINE ( 'NONE', #4840, #1208 ) ;
#647 = DIMENSIONAL_EXPONENTS ( 1.000000000000000000, 0.000000000000000000, 0.000000000000000000, 0.000000000000000000, 0.000000000000000000, 0.000000000000000000, 0.000000000000000000 ) ;
#648 =( NAMED_UNIT ( * ) SI_UNIT ( $, .STERADIAN. ) SOLID_ANGLE_UNIT ( ) );
#649 = EDGE_CURVE ( 'NONE', #1560, #8026, #4899, .T. ) ;
#650 = CARTESIAN_POINT ( 'NONE',  ( 0.01692913385826771630, -0.06061878546604763246, 0.01731541798661000164 ) ) ;
#651 = UNCERTAINTY_MEASURE_WITH_UNIT (LENGTH_MEASURE( 1.000000000000000082E-05 ), #3120, 'distance_accuracy_value', 'NONE');
#652 = LENGTH_MEASURE_WITH_UNIT ( LENGTH_MEASURE( 0.02539999999999999897 ), #8237 );
#653 = CARTESIAN_POINT ( 'NONE',  ( 0.06496062992125983815, -0.08653382883559776473, 0.01376068786798864511 ) ) ;
#654 =( NAMED_UNIT ( * ) SI_UNIT ( $, .STERADIAN. ) SOLID_ANGLE_UNIT ( ) );
#655 = SURFACE_STYLE_FILL_AREA ( #778 ) ;
#656 =( CONVERSION_BASED_UNIT ( 'INCH', #3443 ) LENGTH_UNIT ( ) NAMED_UNIT ( #3931 ) );
#657 = LINE ( 'NONE', #3953, #5750 ) ;
#658 = ORIENTED_EDGE ( 'NONE', *, *, #5360, .F. ) ;
#659 = VECTOR ( 'NONE', #260, 39.37007874015748143 ) ;
#661 = VERTEX_POINT ( 'NONE', #8340 ) ;
#660 = EDGE_CURVE ( 'NONE', #7298, #1610, #55, .T. ) ;
#662 = ORIENTED_EDGE ( 'NONE', *, *, #8174, .T. ) ;
#663 = EDGE_CURVE ( 'NONE', #6702, #4947, #8, .T. ) ;
#664 = SURFACE_STYLE_FILL_AREA ( #6347 ) ;
#665 = CARTESIAN_POINT ( 'NONE',  ( 0.08875394017312086825, 0.08540748348020747727, 0.04673228346456693300 ) ) ;
#666 = STYLED_ITEM ( 'NONE', ( #4740 ), #1223 ) ;
#667 = FILL_AREA_STYLE ('',( #8961 ) ) ;
#668 =( LENGTH_UNIT ( ) NAMED_UNIT ( * ) SI_UNIT ( $, .METRE. ) );
#669 = FILL_AREA_STYLE_COLOUR ( '', #4264 ) ;
#670 = UNCERTAINTY_MEASURE_WITH_UNIT (LENGTH_MEASURE( 1.000000000000000082E-05 ), #7639, 'distance_accuracy_value', 'NONE');
#671 = ORIENTED_EDGE ( 'NONE', *, *, #4720, .T. ) ;
#672 = UNCERTAINTY_MEASURE_WITH_UNIT (LENGTH_MEASURE( 1.000000000000000082E-05 ), #4832, 'distance_accuracy_value', 'NONE');
#673 = ORIENTED_EDGE ( 'NONE', *, *, #2836, .F. ) ;
#674 =( LENGTH_UNIT ( ) NAMED_UNIT ( * ) SI_UNIT ( $, .METRE. ) );
#675 = PRESENTATION_LAYER_ASSIGNMENT (  '', '', ( #525 ) ) ;
#676 = STYLED_ITEM ( 'NONE', ( #2004 ), #431 ) ;
#677 = LINE ( 'NONE', #4873, #3536 ) ;
#678 = SURFACE_STYLE_USAGE ( .BOTH. , #6898 ) ;
#679 = FILL_AREA_STYLE ('',( #4421 ) ) ;
#680 = VERTEX_POINT ( 'NONE', #7652 ) ;
#681 = VERTEX_POINT ( 'NONE', #7743 ) ;
#682 = EDGE_CURVE ( 'NONE', #6923, #8125, #6345, .T. ) ;
#683 = LINE ( 'NONE', #7525, #1864 ) ;
#684 = PRESENTATION_STYLE_ASSIGNMENT (( #6910 ) ) ;
#685 = ADVANCED_FACE ( 'NONE', ( #6929 ), #4144, .T. ) ;
#686 = EDGE_CURVE ( 'NONE', #2101, #638, #5682, .T. ) ;
#687 = AXIS2_PLACEMENT_3D ( 'NONE', #8082, #1851, #8127 ) ;
#688 = SURFACE_STYLE_FILL_AREA ( #6377 ) ;
#689 = LENGTH_MEASURE_WITH_UNIT ( LENGTH_MEASURE( 0.02539999999999999897 ), #4845 );
#690 = LENGTH_MEASURE_WITH_UNIT ( LENGTH_MEASURE( 0.02539999999999999897 ), #2112 );
#691 = PLANE ( 'NONE',  #6042 ) ;
#692 =( GEOMETRIC_REPRESENTATION_CONTEXT ( 3 ) GLOBAL_UNCERTAINTY_ASSIGNED_CONTEXT ( ( #926 ) ) GLOBAL_UNIT_ASSIGNED_CONTEXT ( ( #5413, #8156, #6800 ) ) REPRESENTATION_CONTEXT ( 'NONE', 'WORKASPACE' ) );
#693 = DIRECTION ( 'NONE',  ( -0.000000000000000000, 0.9989437399158199726, 0.04595002157773900309 ) ) ;
#694 = LENGTH_MEASURE_WITH_UNIT ( LENGTH_MEASURE( 0.02539999999999999897 ), #6258 );
#695 = EDGE_CURVE ( 'NONE', #2747, #7329, #3768, .T. ) ;
#696 = DIRECTION ( 'NONE',  ( 0.000000000000000000, -0.000000000000000000, -1.000000000000000000 ) ) ;
#697 = PRESENTATION_STYLE_ASSIGNMENT (( #6922 ) ) ;
#698 = UNCERTAINTY_MEASURE_WITH_UNIT (LENGTH_MEASURE( 1.000000000000000082E-05 ), #3783, 'distance_accuracy_value', 'NONE');
#699 = VERTEX_POINT ( 'NONE', #6472 ) ;
#700 = AXIS2_PLACEMENT_3D ( 'NONE', #4673, #3991, #5205 ) ;
#701 = ORIENTED_EDGE ( 'NONE', *, *, #2157, .T. ) ;
#702 = ORIENTED_EDGE ( 'NONE', *, *, #5229, .T. ) ;
#703 =( NAMED_UNIT ( * ) PLANE_ANGLE_UNIT ( ) SI_UNIT ( $, .RADIAN. ) );
#704 = DIMENSIONAL_EXPONENTS ( 1.000000000000000000, 0.000000000000000000, 0.000000000000000000, 0.000000000000000000, 0.000000000000000000, 0.000000000000000000, 0.000000000000000000 ) ;
#705 = DIRECTION ( 'NONE',  ( 1.000000000000000000, 1.139859368198320049E-15, 0.000000000000000000 ) ) ;
#706 = SURFACE_STYLE_USAGE ( .BOTH. , #146 ) ;
#707 = LENGTH_MEASURE_WITH_UNIT ( LENGTH_MEASURE( 0.02539999999999999897 ), #105 );
#708 = SURFACE_STYLE_USAGE ( .BOTH. , #2777 ) ;
#709 = LINE ( 'NONE', #8483, #1739 ) ;
#710 = LINE ( 'NONE', #4193, #7147 ) ;
#711 = ORIENTED_EDGE ( 'NONE', *, *, #5500, .F. ) ;
#712 = ORIENTED_EDGE ( 'NONE', *, *, #6173, .T. ) ;
#713 = EDGE_LOOP ( 'NONE', ( #8293, #3099, #7567, #4705 ) ) ;
#714 =( GEOMETRIC_REPRESENTATION_CONTEXT ( 3 ) GLOBAL_UNCERTAINTY_ASSIGNED_CONTEXT ( ( #290 ) ) GLOBAL_UNIT_ASSIGNED_CONTEXT ( ( #6138, #8868, #2684 ) ) REPRESENTATION_CONTEXT ( 'NONE', 'WORKASPACE' ) );
#715 =( GEOMETRIC_REPRESENTATION_CONTEXT ( 3 ) GLOBAL_UNCERTAINTY_ASSIGNED_CONTEXT ( ( #6121 ) ) GLOBAL_UNIT_ASSIGNED_CONTEXT ( ( #1348, #3419, #4161 ) ) REPRESENTATION_CONTEXT ( 'NONE', 'WORKASPACE' ) );
#716 =( CONVERSION_BASED_UNIT ( 'INCH', #6947 ) LENGTH_UNIT ( ) NAMED_UNIT ( #2943 ) );
#717 = PLANE ( 'NONE',  #7449 ) ;
#718 = VERTEX_POINT ( 'NONE', #2350 ) ;
#719 = VERTEX_POINT ( 'NONE', #966 ) ;
#720 = CARTESIAN_POINT ( 'NONE',  ( 0.06692913385826770867, -0.1210629921259842590, 0.009880116511253422829 ) ) ;
#721 = DIRECTION ( 'NONE',  ( 0.000000000000000000, 0.7143278697962460733, -0.6998111848437100768 ) ) ;
#722 = COLOUR_RGB ( '',0.2862745098039215508, 0.2862745098039215508, 0.2862745098039215508 ) ;
#723 = STYLED_ITEM ( 'NONE', ( #1216 ), #4304 ) ;
#724 = CARTESIAN_POINT ( 'NONE',  ( -0.09167522711142690739, -0.07266318467170392037, 0.04733189256916640886 ) ) ;
#725 = CARTESIAN_POINT ( 'NONE',  ( -0.09188006978458949925, -0.07123425513375082618, 0.04711612391623690166 ) ) ;
#726 =( NAMED_UNIT ( * ) PLANE_ANGLE_UNIT ( ) SI_UNIT ( $, .RADIAN. ) );
#727 = STYLED_ITEM ( 'NONE', ( #286 ), #4462 ) ;
#728 = CARTESIAN_POINT ( 'NONE',  ( -0.08946850393700787885, 0.007027559055118149690, 0.009842519685039369942 ) ) ;
#729 = UNCERTAINTY_MEASURE_WITH_UNIT (LENGTH_MEASURE( 1.000000000000000082E-05 ), #4515, 'distance_accuracy_value', 'NONE');
#730 = FACE_OUTER_BOUND ( 'NONE', #1041, .T. ) ;
#731 = SURFACE_STYLE_USAGE ( .BOTH. , #2115 ) ;
#732 = EDGE_CURVE ( 'NONE', #3978, #3470, #376, .T. ) ;
#733 = UNCERTAINTY_MEASURE_WITH_UNIT (LENGTH_MEASURE( 1.000000000000000082E-05 ), #415, 'distance_accuracy_value', 'NONE');
#734 = SURFACE_STYLE_USAGE ( .BOTH. , #6299 ) ;
#735 = PLANE ( 'NONE',  #6167 ) ;
#736 = ORIENTED_EDGE ( 'NONE', *, *, #3666, .F. ) ;
#737 =( LENGTH_UNIT ( ) NAMED_UNIT ( * ) SI_UNIT ( $, .METRE. ) );
#738 = ORIENTED_EDGE ( 'NONE', *, *, #8795, .F. ) ;
#739 = ORIENTED_EDGE ( 'NONE', *, *, #1802, .F. ) ;
#740 = ORIENTED_EDGE ( 'NONE', *, *, #6844, .T. ) ;
#741 = CARTESIAN_POINT ( 'NONE',  ( 0.01496062992125984231, -0.08565767112959683793, 0.02601659103690530384 ) ) ;
#742 =( LENGTH_UNIT ( ) NAMED_UNIT ( * ) SI_UNIT ( $, .METRE. ) );
#743 =( CONVERSION_BASED_UNIT ( 'INCH', #6977 ) LENGTH_UNIT ( ) NAMED_UNIT ( #7479 ) );
#744 = EDGE_CURVE ( 'NONE', #6879, #5868, #4411, .T. ) ;
#745 = CARTESIAN_POINT ( 'NONE',  ( 0.09120840238182406634, 0.08707438361240417424, 0.04819253936474395678 ) ) ;
#746 = LINE ( 'NONE', #6313, #2042 ) ;
#747 = MECHANICAL_DESIGN_GEOMETRIC_PRESENTATION_REPRESENTATION (  '', ( #6290 ), #5870 ) ;
#748 = DIRECTION ( 'NONE',  ( 0.000000000000000000, -0.6998111848437100768, -0.7143278697962460733 ) ) ;
#749 = DIRECTION ( 'NONE',  ( 1.000000000000000000, 0.000000000000000000, -0.000000000000000000 ) ) ;
#750 = ORIENTED_EDGE ( 'NONE', *, *, #5903, .T. ) ;
#751 = VERTEX_POINT ( 'NONE', #3723 ) ;
#752 = CARTESIAN_POINT ( 'NONE',  ( 0.07795275590551181688, 0.09311023622047245873, 0.000000000000000000 ) ) ;
#753 =( LENGTH_UNIT ( ) NAMED_UNIT ( * ) SI_UNIT ( $, .METRE. ) );
#754 = EDGE_CURVE ( 'NONE', #5753, #8360, #538, .T. ) ;
#755 = ORIENTED_EDGE ( 'NONE', *, *, #1899, .T. ) ;
#756 = STYLED_ITEM ( 'NONE', ( #3827 ), #7494 ) ;
#757 = DIMENSIONAL_EXPONENTS ( 1.000000000000000000, 0.000000000000000000, 0.000000000000000000, 0.000000000000000000, 0.000000000000000000, 0.000000000000000000, 0.000000000000000000 ) ;
#758 = FILL_AREA_STYLE_COLOUR ( '', #3644 ) ;
#759 = STYLED_ITEM ( 'NONE', ( #128 ), #8324 ) ;
#760 = DIRECTION ( 'NONE',  ( -0.000000000000000000, 1.000000000000000000, 0.000000000000000000 ) ) ;
#761 = ORIENTED_EDGE ( 'NONE', *, *, #5189, .T. ) ;
#762 = UNCERTAINTY_MEASURE_WITH_UNIT (LENGTH_MEASURE( 1.000000000000000082E-05 ), #1455, 'distance_accuracy_value', 'NONE');
#763 = VERTEX_POINT ( 'NONE', #8649 ) ;
#764 = FILL_AREA_STYLE ('',( #5440 ) ) ;
#765 = CARTESIAN_POINT ( 'NONE',  ( -0.07499999999999999722, -0.08244437787890905589, 0.01631147111528527538 ) ) ;
#766 = EDGE_CURVE ( 'NONE', #4724, #313, #3001, .T. ) ;
#767 = DIRECTION ( 'NONE',  ( 0.000000000000000000, 0.7143278697962460733, -0.6998111848437100768 ) ) ;
#768 = LINE ( 'NONE', #7725, #3390 ) ;
#769 = DIRECTION ( 'NONE',  ( -0.7071067811865469066, -0.7071067811865479058, 0.000000000000000000 ) ) ;
#770 = AXIS2_PLACEMENT_3D ( 'NONE', #7779, #4271, #7644 ) ;
#771 = PLANE ( 'NONE',  #4377 ) ;
#772 = FILL_AREA_STYLE ('',( #2111 ) ) ;
#773 = DIRECTION ( 'NONE',  ( 0.000000000000000000, 0.7143278697962460733, -0.6998111848437100768 ) ) ;
#774 = CARTESIAN_POINT ( 'NONE',  ( 0.09188006978458951313, 0.08540748348020747727, 0.04711612391623686696 ) ) ;
#775 = CARTESIAN_POINT ( 'NONE',  ( -0.02500000000000000139, -0.09881790276005945894, 0.01182630964989291392 ) ) ;
#776 =( GEOMETRIC_REPRESENTATION_CONTEXT ( 3 ) GLOBAL_UNCERTAINTY_ASSIGNED_CONTEXT ( ( #4863 ) ) GLOBAL_UNIT_ASSIGNED_CONTEXT ( ( #1817, #1911, #3804 ) ) REPRESENTATION_CONTEXT ( 'NONE', 'WORKASPACE' ) );
#777 = CARTESIAN_POINT ( 'NONE',  ( -0.09644984818987706321, -0.07763323654739449908, 0.009953868386746068594 ) ) ;
#778 = FILL_AREA_STYLE ('',( #4135 ) ) ;
#779 = PLANE ( 'NONE',  #193 ) ;
#780 = EDGE_CURVE ( 'NONE', #6082, #7408, #3678, .T. ) ;
#781 = UNCERTAINTY_MEASURE_WITH_UNIT (LENGTH_MEASURE( 1.000000000000000082E-05 ), #6760, 'distance_accuracy_value', 'NONE');
#782 = ORIENTED_EDGE ( 'NONE', *, *, #5796, .F. ) ;
#783 = VERTEX_POINT ( 'NONE', #7144 ) ;
#784 = CIRCLE ( 'NONE', #8338, 0.009842519685039369942 ) ;
#785 = SURFACE_STYLE_FILL_AREA ( #3676 ) ;
#786 =( NAMED_UNIT ( * ) SI_UNIT ( $, .STERADIAN. ) SOLID_ANGLE_UNIT ( ) );
#787 =( LENGTH_UNIT ( ) NAMED_UNIT ( * ) SI_UNIT ( $, .METRE. ) );
#788 = EDGE_CURVE ( 'NONE', #1398, #5777, #5032, .T. ) ;
#789 = SURFACE_STYLE_USAGE ( .BOTH. , #1467 ) ;
#790 = DIRECTION ( 'NONE',  ( 0.000000000000000000, -0.9989437399158199726, -0.04595002157773900309 ) ) ;
#791 = LINE ( 'NONE', #14, #1011 ) ;
#792 = STYLED_ITEM ( 'NONE', ( #7603 ), #8959 ) ;
#793 = AXIS2_PLACEMENT_3D ( 'NONE', #7388, #1169, #6815 ) ;
#794 = DIRECTION ( 'NONE',  ( -1.000000000000000000, 0.000000000000000000, 0.000000000000000000 ) ) ;
#795 = EDGE_CURVE ( 'NONE', #6753, #5096, #5779, .T. ) ;
#796 = CARTESIAN_POINT ( 'NONE',  ( -0.08779069753053735103, 0.08641048960960871772, 0.04955826332223258607 ) ) ;
#797 = ORIENTED_EDGE ( 'NONE', *, *, #7548, .F. ) ;
#798 = ORIENTED_EDGE ( 'NONE', *, *, #2932, .F. ) ;
#799 = LENGTH_MEASURE_WITH_UNIT ( LENGTH_MEASURE( 0.02539999999999999897 ), #5648 );
#800 = DIMENSIONAL_EXPONENTS ( 1.000000000000000000, 0.000000000000000000, 0.000000000000000000, 0.000000000000000000, 0.000000000000000000, 0.000000000000000000, 0.000000000000000000 ) ;
#801 = ORIENTED_EDGE ( 'NONE', *, *, #7436, .F. ) ;
#802 = FACE_OUTER_BOUND ( 'NONE', #8928, .T. ) ;
#803 = MECHANICAL_DESIGN_GEOMETRIC_PRESENTATION_REPRESENTATION (  '', ( #2131 ), #5778 ) ;
#804 = DIRECTION ( 'NONE',  ( 0.000000000000000000, 0.000000000000000000, 1.000000000000000000 ) ) ;
#805 = DIRECTION ( 'NONE',  ( 1.000000000000000000, 0.000000000000000000, 0.000000000000000000 ) ) ;
#806 = CARTESIAN_POINT ( 'NONE',  ( -0.02500000000000000139, -0.09018673685477524016, 0.007095752720117627296 ) ) ;
#807 =( GEOMETRIC_REPRESENTATION_CONTEXT ( 3 ) GLOBAL_UNCERTAINTY_ASSIGNED_CONTEXT ( ( #2021 ) ) GLOBAL_UNIT_ASSIGNED_CONTEXT ( ( #2243, #2284, #6493 ) ) REPRESENTATION_CONTEXT ( 'NONE', 'WORKASPACE' ) );
#808 = ORIENTED_EDGE ( 'NONE', *, *, #686, .T. ) ;
#809 = ORIENTED_EDGE ( 'NONE', *, *, #6937, .T. ) ;
#810 = SURFACE_SIDE_STYLE ('',( #4713 ) ) ;
#811 = ADVANCED_FACE ( 'NONE', ( #7970 ), #3125, .T. ) ;
#812 =( NAMED_UNIT ( * ) PLANE_ANGLE_UNIT ( ) SI_UNIT ( $, .RADIAN. ) );
#813 = DIRECTION ( 'NONE',  ( -0.000000000000000000, 1.000000000000000000, 0.000000000000000000 ) ) ;
#814 = VECTOR ( 'NONE', #1627, 39.37007874015748143 ) ;
#815 = LINE ( 'NONE', #2939, #4544 ) ;
#816 = SURFACE_SIDE_STYLE ('',( #7043 ) ) ;
#817 = CARTESIAN_POINT ( 'NONE',  ( -0.08753937007874017240, 0.01003937007874019724, 0.005000000000000000104 ) ) ;
#818 = VECTOR ( 'NONE', #2412, 39.37007874015748143 ) ;
#819 = EDGE_CURVE ( 'NONE', #3531, #8212, #8494, .T. ) ;
#820 = DIMENSIONAL_EXPONENTS ( 1.000000000000000000, 0.000000000000000000, 0.000000000000000000, 0.000000000000000000, 0.000000000000000000, 0.000000000000000000, 0.000000000000000000 ) ;
#821 = LINE ( 'NONE', #1406, #7234 ) ;
#822 = STYLED_ITEM ( 'NONE', ( #7859 ), #2053 ) ;
#823 =( NAMED_UNIT ( * ) PLANE_ANGLE_UNIT ( ) SI_UNIT ( $, .RADIAN. ) );
#824 = FACE_OUTER_BOUND ( 'NONE', #8587, .T. ) ;
#825 = FILL_AREA_STYLE ('',( #8599 ) ) ;
#826 = ADVANCED_FACE ( 'NONE', ( #3858 ), #5735, .T. ) ;
#827 = FILL_AREA_STYLE ('',( #7733 ) ) ;
#828 = ORIENTED_EDGE ( 'NONE', *, *, #3306, .T. ) ;
#829 = ORIENTED_EDGE ( 'NONE', *, *, #3163, .T. ) ;
#830 =( GEOMETRIC_REPRESENTATION_CONTEXT ( 3 ) GLOBAL_UNCERTAINTY_ASSIGNED_CONTEXT ( ( #3502 ) ) GLOBAL_UNIT_ASSIGNED_CONTEXT ( ( #5051, #7813, #7123 ) ) REPRESENTATION_CONTEXT ( 'NONE', 'WORKASPACE' ) );
#831 = CYLINDRICAL_SURFACE ( 'NONE', #8954, 0.003149606299212606621 ) ;
#832 =( GEOMETRIC_REPRESENTATION_CONTEXT ( 3 ) GLOBAL_UNCERTAINTY_ASSIGNED_CONTEXT ( ( #4142 ) ) GLOBAL_UNIT_ASSIGNED_CONTEXT ( ( #3745, #4518, #6536 ) ) REPRESENTATION_CONTEXT ( 'NONE', 'WORKASPACE' ) );
#833 = CARTESIAN_POINT ( 'NONE',  ( -0.07499999999999999722, -0.09383657304297415847, 0.02091502454231218208 ) ) ;
#834 = CARTESIAN_POINT ( 'NONE',  ( 0.08896802089924288337, 0.08878423255659463609, 0.04861592253589112206 ) ) ;
#835 = AXIS2_PLACEMENT_3D ( 'NONE', #6743, #1229, #4040 ) ;
#836 = CARTESIAN_POINT ( 'NONE',  ( -0.08946850393700787885, 0.1049212598425196957, 0.009842519685039369942 ) ) ;
#837 = VECTOR ( 'NONE', #6881, 39.37007874015748143 ) ;
#838 = CARTESIAN_POINT ( 'NONE',  ( 0.08875394017312086825, -0.07123425513375078455, 0.04673228346456693300 ) ) ;
#839 = UNCERTAINTY_MEASURE_WITH_UNIT (LENGTH_MEASURE( 1.000000000000000082E-05 ), #2352, 'distance_accuracy_value', 'NONE');
#840 = CLOSED_SHELL ( 'NONE', ( #8718, #7921, #6096, #1223, #1043, #431, #4591, #8095, #173, #6352, #4063, #8959, #4693, #7295, #8253, #6963, #3258, #1962, #473, #8761, #2993, #165, #4008, #7509, #7174, #7345, #3705, #8753, #3254, #1815, #2577, #1168, #2365, #4218, #4864, #3277, #1230, #3543, #2571, #5515, #8013, #6807, #2662, #631, #3185, #2118, #2441, #7879, #2485, #1602, #3225, #1738, #4708, #857, #3600, #8838, #2046, #2053, #8086, #1725, #6325 ) ) ;
#841 =( NAMED_UNIT ( * ) SI_UNIT ( $, .STERADIAN. ) SOLID_ANGLE_UNIT ( ) );
#842 = VERTEX_POINT ( 'NONE', #469 ) ;
#843 = VERTEX_POINT ( 'NONE', #7323 ) ;
#844 = CARTESIAN_POINT ( 'NONE',  ( 0.01692913385826771977, -0.1014396703667248545, 0.01159693470591019286 ) ) ;
#845 = FACE_OUTER_BOUND ( 'NONE', #2816, .T. ) ;
#846 = ORIENTED_EDGE ( 'NONE', *, *, #6474, .F. ) ;
#847 = STYLED_ITEM ( 'NONE', ( #4222 ), #2762 ) ;
#848 = EDGE_CURVE ( 'NONE', #3222, #8197, #5904, .T. ) ;
#849 = SURFACE_STYLE_FILL_AREA ( #2881 ) ;
#850 = EDGE_CURVE ( 'NONE', #5857, #1143, #4595, .T. ) ;
#851 = FILL_AREA_STYLE_COLOUR ( '', #5230 ) ;
#852 = FILL_AREA_STYLE ('',( #5702 ) ) ;
#853 = EDGE_LOOP ( 'NONE', ( #7257, #1574, #2089, #953 ) ) ;
#854 = ORIENTED_EDGE ( 'NONE', *, *, #379, .F. ) ;
#855 = LENGTH_MEASURE_WITH_UNIT ( LENGTH_MEASURE( 0.02539999999999999897 ), #7166 );
#856 = PRESENTATION_STYLE_ASSIGNMENT (( #2334 ) ) ;
#857 = ADVANCED_FACE ( 'NONE', ( #1827 ), #8190, .F. ) ;
#858 = FILL_AREA_STYLE_COLOUR ( '', #8006 ) ;
#859 = DIRECTION ( 'NONE',  ( 1.216192002179390098E-16, -1.000000000000000000, 0.000000000000000000 ) ) ;
#860 = SURFACE_STYLE_FILL_AREA ( #219 ) ;
#861 = MECHANICAL_DESIGN_GEOMETRIC_PRESENTATION_REPRESENTATION (  '', ( #131 ), #1876 ) ;
#862 = DIRECTION ( 'NONE',  ( 0.5292407919724574361, 0.5292407919724574361, 0.6631804944543621128 ) ) ;
#863 = AXIS2_PLACEMENT_3D ( 'NONE', #1483, #3019, #4335 ) ;
#864 = DIRECTION ( 'NONE',  ( 0.000000000000000000, -0.000000000000000000, -1.000000000000000000 ) ) ;
#865 = LINE ( 'NONE', #5670, #7627 ) ;
#866 = DIRECTION ( 'NONE',  ( -1.000000000000000000, 0.000000000000000000, -0.000000000000000000 ) ) ;
#867 = CARTESIAN_POINT ( 'NONE',  ( 0.03307086614173228301, -0.08653382883559772309, 0.01376068786798871797 ) ) ;
#868 = EDGE_CURVE ( 'NONE', #569, #4245, #8059, .T. ) ;
#869 = COLOUR_RGB ( '',0.7490196078431372584, 0.7490196078431372584, 0.7490196078431372584 ) ;
#870 = SURFACE_SIDE_STYLE ('',( #5730 ) ) ;
#871 = ORIENTED_EDGE ( 'NONE', *, *, #228, .T. ) ;
#872 = ORIENTED_EDGE ( 'NONE', *, *, #3654, .F. ) ;
#873 =( LENGTH_UNIT ( ) NAMED_UNIT ( * ) SI_UNIT ( $, .METRE. ) );
#874 =( GEOMETRIC_REPRESENTATION_CONTEXT ( 3 ) GLOBAL_UNCERTAINTY_ASSIGNED_CONTEXT ( ( #140 ) ) GLOBAL_UNIT_ASSIGNED_CONTEXT ( ( #5964, #5176, #6568 ) ) REPRESENTATION_CONTEXT ( 'NONE', 'WORKASPACE' ) );
#875 = DIMENSIONAL_EXPONENTS ( 1.000000000000000000, 0.000000000000000000, 0.000000000000000000, 0.000000000000000000, 0.000000000000000000, 0.000000000000000000, 0.000000000000000000 ) ;
#876 = EDGE_CURVE ( 'NONE', #8046, #3687, #3943, .T. ) ;
#877 = LINE ( 'NONE', #7699, #2210 ) ;
#878 = SURFACE_STYLE_USAGE ( .BOTH. , #507 ) ;
#879 =( NAMED_UNIT ( * ) SI_UNIT ( $, .STERADIAN. ) SOLID_ANGLE_UNIT ( ) );
#880 = DIRECTION ( 'NONE',  ( -1.000000000000000000, -0.000000000000000000, 0.000000000000000000 ) ) ;
#881 = DIRECTION ( 'NONE',  ( 0.000000000000000000, -0.9989437399158199726, -0.04595002157773900309 ) ) ;
#882 =( LENGTH_UNIT ( ) NAMED_UNIT ( * ) SI_UNIT ( $, .METRE. ) );
#883 = COLOUR_RGB ( '',0.7490196078431372584, 0.7490196078431372584, 0.7490196078431372584 ) ;
#884 = SURFACE_STYLE_USAGE ( .BOTH. , #8613 ) ;
#885 = EDGE_CURVE ( 'NONE', #7885, #4422, #604, .T. ) ;
#886 = EDGE_LOOP ( 'NONE', ( #2340, #3907, #7876, #1836 ) ) ;
#887 = EDGE_LOOP ( 'NONE', ( #5448, #2829, #4450, #5041 ) ) ;
#888 = LINE ( 'NONE', #7847, #6064 ) ;
#889 = DIRECTION ( 'NONE',  ( -0.1209742911513550789, 0.1209742911513595892, -0.9852565360152923946 ) ) ;
#890 = MECHANICAL_DESIGN_GEOMETRIC_PRESENTATION_REPRESENTATION (  '', ( #7582 ), #2980 ) ;
#891 = PRESENTATION_LAYER_ASSIGNMENT (  '', '', ( #4116 ) ) ;
#892 = PLANE ( 'NONE',  #3393 ) ;
#893 = LENGTH_MEASURE_WITH_UNIT ( LENGTH_MEASURE( 0.02539999999999999897 ), #986 );
#894 = DIRECTION ( 'NONE',  ( 0.000000000000000000, 0.000000000000000000, -1.000000000000000000 ) ) ;
#895 = PRODUCT_DEFINITION_CONTEXT ( 'detailed design', #7433, 'design' ) ;
#896 = AXIS2_PLACEMENT_3D ( 'NONE', #8901, #1269, #4123 ) ;
#897 = CARTESIAN_POINT ( 'NONE',  ( -0.09645669291338572482, 0.05009842519685039214, 0.009842519685039354330 ) ) ;
#898 = LINE ( 'NONE', #2371, #659 ) ;
#899 = ORIENTED_EDGE ( 'NONE', *, *, #4965, .T. ) ;
#900 = VERTEX_POINT ( 'NONE', #3439 ) ;
#901 = COLOUR_RGB ( '',0.7490196078431372584, 0.7490196078431372584, 0.7490196078431372584 ) ;
#902 = CARTESIAN_POINT ( 'NONE',  ( -0.09155878743359113781, -0.07257363067716066096, 0.04724113004182505654 ) ) ;
#903 = AXIS2_PLACEMENT_3D ( 'NONE', #6956, #2895, #2197 ) ;
#904 =( CONVERSION_BASED_UNIT ( 'INCH', #1547 ) LENGTH_UNIT ( ) NAMED_UNIT ( #2820 ) );
#905 = CARTESIAN_POINT ( 'NONE',  ( 0.09172319507450693576, -0.07223726126315205276, 0.04641999533636158304 ) ) ;
#906 = CARTESIAN_POINT ( 'NONE',  ( 0.08753937007874017240, -0.0009842519685039172617, 0.009842519685039369942 ) ) ;
#907 = ORIENTED_EDGE ( 'NONE', *, *, #2836, .T. ) ;
#908 = DIRECTION ( 'NONE',  ( 0.7071067811865420216, -0.7071067811865530128, -0.000000000000000000 ) ) ;
#909 = LINE ( 'NONE', #2158, #6240 ) ;
#910 = PRESENTATION_LAYER_ASSIGNMENT (  '', '', ( #7736 ) ) ;
#911 = DIRECTION ( 'NONE',  ( 0.000000000000000000, 0.9989437399158199726, 0.04595002157773880186 ) ) ;
#912 = CARTESIAN_POINT ( 'NONE',  ( 0.08779069753053724001, -0.07223726126315199725, 0.04955826332223255831 ) ) ;
#913 = SURFACE_STYLE_FILL_AREA ( #8601 ) ;
#914 = FACE_OUTER_BOUND ( 'NONE', #8337, .T. ) ;
#915 = COLOUR_RGB ( '',0.7490196078431372584, 0.7490196078431372584, 0.7490196078431372584 ) ;
#916 =( GEOMETRIC_REPRESENTATION_CONTEXT ( 3 ) GLOBAL_UNCERTAINTY_ASSIGNED_CONTEXT ( ( #6821 ) ) GLOBAL_UNIT_ASSIGNED_CONTEXT ( ( #1963, #7446, #3385 ) ) REPRESENTATION_CONTEXT ( 'NONE', 'WORKASPACE' ) );
#917 = SURFACE_STYLE_FILL_AREA ( #2392 ) ;
#918 = ORIENTED_EDGE ( 'NONE', *, *, #5953, .T. ) ;
#919 = DIRECTION ( 'NONE',  ( 0.000000000000000000, 0.000000000000000000, -1.000000000000000000 ) ) ;
#920 = DIRECTION ( 'NONE',  ( -0.1209742911513550095, -0.1209742911513550095, 0.9852565360152930607 ) ) ;
#921 =( CONVERSION_BASED_UNIT ( 'INCH', #7190 ) LENGTH_UNIT ( ) NAMED_UNIT ( #7911 ) );
#922 =( LENGTH_UNIT ( ) NAMED_UNIT ( * ) SI_UNIT ( $, .METRE. ) );
#923 = EDGE_CURVE ( 'NONE', #4386, #900, #3391, .T. ) ;
#924 = DIRECTION ( 'NONE',  ( -0.7071067811865450192, 0.7071067811865500152, -0.000000000000000000 ) ) ;
#925 = CARTESIAN_POINT ( 'NONE',  ( 0.02500000000000000139, -0.09018673685477524016, 0.007095752720117627296 ) ) ;
#926 = UNCERTAINTY_MEASURE_WITH_UNIT (LENGTH_MEASURE( 1.000000000000000082E-05 ), #5413, 'distance_accuracy_value', 'NONE');
#927 = VECTOR ( 'NONE', #6208, 39.37007874015748143 ) ;
#928 = CARTESIAN_POINT ( 'NONE',  ( 0.07795275590551181688, -0.01909448818897637595, 0.000000000000000000 ) ) ;
#929 = VERTEX_POINT ( 'NONE', #7539 ) ;
#930 = EDGE_CURVE ( 'NONE', #5312, #5423, #1365, .T. ) ;
#931 = ORIENTED_EDGE ( 'NONE', *, *, #868, .F. ) ;
#932 = CARTESIAN_POINT ( 'NONE',  ( 0.07795275590551181688, -0.01909448818897637595, 0.000000000000000000 ) ) ;
#933 =( CONVERSION_BASED_UNIT ( 'INCH', #4379 ) LENGTH_UNIT ( ) NAMED_UNIT ( #8874 ) );
#934 = VECTOR ( 'NONE', #6773, 39.37007874015748854 ) ;
#935 =( GEOMETRIC_REPRESENTATION_CONTEXT ( 3 ) GLOBAL_UNCERTAINTY_ASSIGNED_CONTEXT ( ( #4383 ) ) GLOBAL_UNIT_ASSIGNED_CONTEXT ( ( #999, #6548, #6466 ) ) REPRESENTATION_CONTEXT ( 'NONE', 'WORKASPACE' ) );
#936 = CARTESIAN_POINT ( 'NONE',  ( 0.07795275590551181688, 0.004527559055118110173, 0.009842519685039369942 ) ) ;
#937 = MECHANICAL_DESIGN_GEOMETRIC_PRESENTATION_REPRESENTATION (  '', ( #4880 ), #1666 ) ;
#938 = DIMENSIONAL_EXPONENTS ( 1.000000000000000000, 0.000000000000000000, 0.000000000000000000, 0.000000000000000000, 0.000000000000000000, 0.000000000000000000, 0.000000000000000000 ) ;
#939 = CARTESIAN_POINT ( 'NONE',  ( 0.06530030766429134603, 0.05098425196850393804, 0.009842519685039369942 ) ) ;
#940 = FACE_OUTER_BOUND ( 'NONE', #2610, .T. ) ;
#941 = FILL_AREA_STYLE ('',( #1668 ) ) ;
#942 = ORIENTED_EDGE ( 'NONE', *, *, #4546, .T. ) ;
#943 = EDGE_CURVE ( 'NONE', #996, #2967, #4225, .T. ) ;
#944 = ORIENTED_EDGE ( 'NONE', *, *, #2136, .T. ) ;
#945 = LENGTH_MEASURE_WITH_UNIT ( LENGTH_MEASURE( 0.02539999999999999897 ), #1670 );
#946 =( GEOMETRIC_REPRESENTATION_CONTEXT ( 3 ) GLOBAL_UNCERTAINTY_ASSIGNED_CONTEXT ( ( #672 ) ) GLOBAL_UNIT_ASSIGNED_CONTEXT ( ( #4832, #6197, #2098 ) ) REPRESENTATION_CONTEXT ( 'NONE', 'WORKASPACE' ) );
#947 = LENGTH_MEASURE_WITH_UNIT ( LENGTH_MEASURE( 0.02539999999999999897 ), #2894 );
#948 = DIRECTION ( 'NONE',  ( -1.000000000000000000, 0.000000000000000000, -0.000000000000000000 ) ) ;
#949 = DIRECTION ( 'NONE',  ( 0.000000000000000000, -0.000000000000000000, -1.000000000000000000 ) ) ;
#950 =( NAMED_UNIT ( * ) PLANE_ANGLE_UNIT ( ) SI_UNIT ( $, .RADIAN. ) );
#951 =( GEOMETRIC_REPRESENTATION_CONTEXT ( 3 ) GLOBAL_UNCERTAINTY_ASSIGNED_CONTEXT ( ( #5219 ) ) GLOBAL_UNIT_ASSIGNED_CONTEXT ( ( #6793, #3866, #8696 ) ) REPRESENTATION_CONTEXT ( 'NONE', 'WORKASPACE' ) );
#952 =( LENGTH_UNIT ( ) NAMED_UNIT ( * ) SI_UNIT ( $, .METRE. ) );
#953 = ORIENTED_EDGE ( 'NONE', *, *, #5980, .T. ) ;
#954 = AXIS2_PLACEMENT_3D ( 'NONE', #5149, #3155, #4475 ) ;
#955 =( LENGTH_UNIT ( ) NAMED_UNIT ( * ) SI_UNIT ( $, .METRE. ) );
#956 = PRESENTATION_LAYER_ASSIGNMENT (  '', '', ( #2283 ) ) ;
#957 = PRESENTATION_STYLE_ASSIGNMENT (( #3894 ) ) ;
#958 = DIRECTION ( 'NONE',  ( 1.000000000000000000, 0.000000000000000000, -0.000000000000000000 ) ) ;
#959 = FILL_AREA_STYLE ('',( #4310 ) ) ;
#960 = MECHANICAL_DESIGN_GEOMETRIC_PRESENTATION_REPRESENTATION (  '', ( #4759 ), #1105 ) ;
#961 = LENGTH_MEASURE_WITH_UNIT ( LENGTH_MEASURE( 0.02539999999999999897 ), #8514 );
#962 = LINE ( 'NONE', #3084, #1425 ) ;
#963 = VECTOR ( 'NONE', #8435, 39.37007874015748854 ) ;
#964 = VERTEX_POINT ( 'NONE', #774 ) ;
#965 =( CONVERSION_BASED_UNIT ( 'INCH', #2306 ) LENGTH_UNIT ( ) NAMED_UNIT ( #6673 ) );
#966 = CARTESIAN_POINT ( 'NONE',  ( 0.1009842519685039269, 0.007027559055118149690, 0.009842519685039369942 ) ) ;
#967 = DIRECTION ( 'NONE',  ( 1.000000000000000000, 0.000000000000000000, 0.000000000000000000 ) ) ;
#968 = AXIS2_PLACEMENT_3D ( 'NONE', #4923, #123, #6368 ) ;
#969 = ADVANCED_FACE ( 'NONE', ( #730 ), #691, .T. ) ;
#970 = DIRECTION ( 'NONE',  ( 0.000000000000000000, -0.8769264559768860101, 0.4806245840651710566 ) ) ;
#971 = FILL_AREA_STYLE_COLOUR ( '', #8728 ) ;
#972 = CARTESIAN_POINT ( 'NONE',  ( -0.09055118110236221041, 0.002027559055118137877, 0.009842519685039369942 ) ) ;
#973 = CARTESIAN_POINT ( 'NONE',  ( -0.1009842519685039408, 0.002027559055118133974, 0.000000000000000000 ) ) ;
#974 = PLANE ( 'NONE',  #1320 ) ;
#975 =( LENGTH_UNIT ( ) NAMED_UNIT ( * ) SI_UNIT ( $, .METRE. ) );
#976 = VECTOR ( 'NONE', #1429, 39.37007874015748143 ) ;
#977 = EDGE_LOOP ( 'NONE', ( #3220, #8707, #4774, #1474, #6655 ) ) ;
#978 = ORIENTED_EDGE ( 'NONE', *, *, #7143, .T. ) ;
#979 = CARTESIAN_POINT ( 'NONE',  ( 0.000000000000000000, 0.002027559055118140479, 0.009842519685039369942 ) ) ;
#980 = CARTESIAN_POINT ( 'NONE',  ( -0.09167522711142701841, 0.08683641301816057145, 0.04733189256916630477 ) ) ;
#981 = DIMENSIONAL_EXPONENTS ( 1.000000000000000000, 0.000000000000000000, 0.000000000000000000, 0.000000000000000000, 0.000000000000000000, 0.000000000000000000, 0.000000000000000000 ) ;
#982 = FACE_OUTER_BOUND ( 'NONE', #1010, .T. ) ;
#983 = VECTOR ( 'NONE', #8825, 39.37007874015748143 ) ;
#984 = FACE_OUTER_BOUND ( 'NONE', #5449, .T. ) ;
#985 = VECTOR ( 'NONE', #5794, 39.37007874015748143 ) ;
#986 =( LENGTH_UNIT ( ) NAMED_UNIT ( * ) SI_UNIT ( $, .METRE. ) );
#987 = CARTESIAN_POINT ( 'NONE',  ( -0.07499999999999999722, -0.09383657304297442214, 0.02091502454231232433 ) ) ;
#988 = LENGTH_MEASURE_WITH_UNIT ( LENGTH_MEASURE( 0.02539999999999999897 ), #3232 );
#989 = SURFACE_STYLE_USAGE ( .BOTH. , #8623 ) ;
#990 = ORIENTED_EDGE ( 'NONE', *, *, #4268, .T. ) ;
#991 = ORIENTED_EDGE ( 'NONE', *, *, #5649, .T. ) ;
#992 = DIRECTION ( 'NONE',  ( -1.000000000000000000, -1.139859368198320049E-15, 0.000000000000000000 ) ) ;
#993 = MECHANICAL_DESIGN_GEOMETRIC_PRESENTATION_REPRESENTATION (  '', ( #847 ), #7222 ) ;
#994 = CARTESIAN_POINT ( 'NONE',  ( 0.1009842519685039408, 0.002027559055118133974, 0.000000000000000000 ) ) ;
#995 =( GEOMETRIC_REPRESENTATION_CONTEXT ( 3 ) GLOBAL_UNCERTAINTY_ASSIGNED_CONTEXT ( ( #7004 ) ) GLOBAL_UNIT_ASSIGNED_CONTEXT ( ( #4313, #7051, #7781 ) ) REPRESENTATION_CONTEXT ( 'NONE', 'WORKASPACE' ) );
#996 = VERTEX_POINT ( 'NONE', #8377 ) ;
#997 =( NAMED_UNIT ( * ) SI_UNIT ( $, .STERADIAN. ) SOLID_ANGLE_UNIT ( ) );
#998 = CARTESIAN_POINT ( 'NONE',  ( 0.09172319507450693576, -0.07223726126315201113, 0.04641999533636147202 ) ) ;
#999 =( CONVERSION_BASED_UNIT ( 'INCH', #3715 ) LENGTH_UNIT ( ) NAMED_UNIT ( #1117 ) );
#1000 =( NAMED_UNIT ( * ) PLANE_ANGLE_UNIT ( ) SI_UNIT ( $, .RADIAN. ) );
#1001 = VECTOR ( 'NONE', #3063, 39.37007874015748143 ) ;
#1002 = LINE ( 'NONE', #3853, #3708 ) ;
#1003 = DIRECTION ( 'NONE',  ( -0.000000000000000000, -0.000000000000000000, -1.000000000000000000 ) ) ;
#1004 = EDGE_CURVE ( 'NONE', #1329, #5096, #2064, .T. ) ;
#1005 = ORIENTED_EDGE ( 'NONE', *, *, #930, .T. ) ;
#1006 = FILL_AREA_STYLE_COLOUR ( '', #6504 ) ;
#1007 = ADVANCED_FACE ( 'NONE', ( #4848 ), #7588, .F. ) ;
#1008 =( NAMED_UNIT ( * ) PLANE_ANGLE_UNIT ( ) SI_UNIT ( $, .RADIAN. ) );
#1009 = CARTESIAN_POINT ( 'NONE',  ( 0.1009842519685039408, 0.007027559055118149690, 0.005000000000000000104 ) ) ;
#1010 = EDGE_LOOP ( 'NONE', ( #4113, #6262, #627, #3211 ) ) ;
#1011 = VECTOR ( 'NONE', #2265, 39.37007874015748143 ) ;
#1012 =( NAMED_UNIT ( * ) SI_UNIT ( $, .STERADIAN. ) SOLID_ANGLE_UNIT ( ) );
#1013 = LINE ( 'NONE', #8609, #4406 ) ;
#1014 = DIRECTION ( 'NONE',  ( -0.3301180510536020352, -0.8484716754920972326, -0.4136639798873051332 ) ) ;
#1015 = UNCERTAINTY_MEASURE_WITH_UNIT (LENGTH_MEASURE( 1.000000000000000082E-05 ), #3482, 'distance_accuracy_value', 'NONE');
#1016 = CIRCLE ( 'NONE', #2199, 0.009842519685039373412 ) ;
#1017 =( NAMED_UNIT ( * ) PLANE_ANGLE_UNIT ( ) SI_UNIT ( $, .RADIAN. ) );
#1018 = DIRECTION ( 'NONE',  ( 0.000000000000000000, 0.000000000000000000, -1.000000000000000000 ) ) ;
#1019 = ORIENTED_EDGE ( 'NONE', *, *, #6619, .T. ) ;
#1020 = UNCERTAINTY_MEASURE_WITH_UNIT (LENGTH_MEASURE( 1.000000000000000082E-05 ), #8662, 'distance_accuracy_value', 'NONE');
#1021 = EDGE_CURVE ( 'NONE', #3673, #4621, #2531, .T. ) ;
#1022 = EDGE_LOOP ( 'NONE', ( #23, #1249, #3065, #4877, #5508, #6068, #53, #7118 ) ) ;
#1023 =( NAMED_UNIT ( * ) SI_UNIT ( $, .STERADIAN. ) SOLID_ANGLE_UNIT ( ) );
#1024 = STYLED_ITEM ( 'NONE', ( #8194 ), #4693 ) ;
#1025 = PLANE ( 'NONE',  #2443 ) ;
#1026 = SURFACE_SIDE_STYLE ('',( #5318 ) ) ;
#1027 = FILL_AREA_STYLE ('',( #7854 ) ) ;
#1028 = LENGTH_MEASURE_WITH_UNIT ( LENGTH_MEASURE( 0.02539999999999999897 ), #2419 );
#1029 = ORIENTED_EDGE ( 'NONE', *, *, #1465, .F. ) ;
#1030 = EDGE_LOOP ( 'NONE', ( #7078, #2658, #5749, #6796 ) ) ;
#1031 = SURFACE_STYLE_USAGE ( .BOTH. , #8627 ) ;
#1032 = PRESENTATION_LAYER_ASSIGNMENT (  '', '', ( #7414 ) ) ;
#1033 = STYLED_ITEM ( 'NONE', ( #6060 ), #8458 ) ;
#1034 = CARTESIAN_POINT ( 'NONE',  ( 0.08503937007874015630, -0.09383657304297442214, 0.02091502454231232433 ) ) ;
#1035 = DIRECTION ( 'NONE',  ( 0.000000000000000000, 0.000000000000000000, -1.000000000000000000 ) ) ;
#1036 =( GEOMETRIC_REPRESENTATION_CONTEXT ( 3 ) GLOBAL_UNCERTAINTY_ASSIGNED_CONTEXT ( ( #6260 ) ) GLOBAL_UNIT_ASSIGNED_CONTEXT ( ( #7789, #4952, #147 ) ) REPRESENTATION_CONTEXT ( 'NONE', 'WORKASPACE' ) );
#1037 = DIMENSIONAL_EXPONENTS ( 1.000000000000000000, 0.000000000000000000, 0.000000000000000000, 0.000000000000000000, 0.000000000000000000, 0.000000000000000000, 0.000000000000000000 ) ;
#1038 = SURFACE_STYLE_USAGE ( .BOTH. , #4524 ) ;
#1039 = FILL_AREA_STYLE_COLOUR ( '', #1358 ) ;
#1040 = VERTEX_POINT ( 'NONE', #5469 ) ;
#1041 = EDGE_LOOP ( 'NONE', ( #262, #990, #8953, #4706 ) ) ;
#1042 = COLOUR_RGB ( '',0.2862745098039215508, 0.2862745098039215508, 0.2862745098039215508 ) ;
#1043 = ADVANCED_FACE ( 'NONE', ( #7347 ), #5431, .F. ) ;
#1044 = ADVANCED_FACE ( 'NONE', ( #6723 ), #1954, .T. ) ;
#1045 = LINE ( 'NONE', #3292, #1680 ) ;
#1046 = PRESENTATION_STYLE_ASSIGNMENT (( #4663 ) ) ;
#1047 = COLOUR_RGB ( '',0.2862745098039215508, 0.2862745098039215508, 0.2862745098039215508 ) ;
#1048 =( NAMED_UNIT ( * ) SI_UNIT ( $, .STERADIAN. ) SOLID_ANGLE_UNIT ( ) );
#1049 = FILL_AREA_STYLE_COLOUR ( '', #4728 ) ;
#1050 =( NAMED_UNIT ( * ) PLANE_ANGLE_UNIT ( ) SI_UNIT ( $, .RADIAN. ) );
#1051 = VECTOR ( 'NONE', #7657, 39.37007874015748143 ) ;
#1052 = SURFACE_SIDE_STYLE ('',( #7267 ) ) ;
#1053 = COLOUR_RGB ( '',0.7490196078431372584, 0.7490196078431372584, 0.7490196078431372584 ) ;
#1054 = CARTESIAN_POINT ( 'NONE',  ( 0.06692913385826770867, -0.08244437787890905589, 0.01631147111528527885 ) ) ;
#1055 = ORIENTED_EDGE ( 'NONE', *, *, #1172, .F. ) ;
#1056 = CARTESIAN_POINT ( 'NONE',  ( 0.08875394017312086825, -0.07123425513375078455, 0.04673228346456693300 ) ) ;
#1057 = DIRECTION ( 'NONE',  ( 0.000000000000000000, 3.469446951953614189E-15, -1.000000000000000000 ) ) ;
#1058 = DIRECTION ( 'NONE',  ( 0.1209742911513550095, 0.1209742911513550095, 0.9852565360152930607 ) ) ;
#1059 = ORIENTED_EDGE ( 'NONE', *, *, #7033, .T. ) ;
#1060 = APPLICATION_PROTOCOL_DEFINITION ( 'draft international standard', 'automotive_design', 1998, #3751 ) ;
#1061 = AXIS2_PLACEMENT_3D ( 'NONE', #6562, #245, #1744 ) ;
#1062 = CARTESIAN_POINT ( 'NONE',  ( 0.02500000000000000139, -0.09271653543307085965, 0.002479993611758476990 ) ) ;
#1063 =( NAMED_UNIT ( * ) SI_UNIT ( $, .STERADIAN. ) SOLID_ANGLE_UNIT ( ) );
#1064 =( CONVERSION_BASED_UNIT ( 'INCH', #2403 ) LENGTH_UNIT ( ) NAMED_UNIT ( #6913 ) );
#1065 = ADVANCED_FACE ( 'NONE', ( #1350 ), #1485, .T. ) ;
#1066 = DIRECTION ( 'NONE',  ( -0.000000000000000000, 1.000000000000000000, 0.000000000000000000 ) ) ;
#1067 = LENGTH_MEASURE_WITH_UNIT ( LENGTH_MEASURE( 0.02539999999999999897 ), #1833 );
#1068 = EDGE_CURVE ( 'NONE', #6316, #661, #4968, .T. ) ;
#1069 = EDGE_LOOP ( 'NONE', ( #740, #161, #7693, #5154 ) ) ;
#1070 = PRESENTATION_LAYER_ASSIGNMENT (  '', '', ( #5004 ) ) ;
#1071 = PRESENTATION_STYLE_ASSIGNMENT (( #6000 ) ) ;
#1072 = CARTESIAN_POINT ( 'NONE',  ( -0.08963327822881103635, 0.08707438361240417424, 0.04944954249008672031 ) ) ;
#1073 = DIRECTION ( 'NONE',  ( 0.000000000000000000, -5.204170427930419706E-15, -1.000000000000000000 ) ) ;
#1074 = EDGE_CURVE ( 'NONE', #2101, #2361, #4255, .T. ) ;
#1075 = PRESENTATION_LAYER_ASSIGNMENT (  '', '', ( #5899 ) ) ;
#1076 = LENGTH_MEASURE_WITH_UNIT ( LENGTH_MEASURE( 0.02539999999999999897 ), #7989 );
#1077 = STYLED_ITEM ( 'NONE', ( #366 ), #3630 ) ;
#1078 = DIRECTION ( 'NONE',  ( 0.000000000000000000, 0.000000000000000000, -1.000000000000000000 ) ) ;
#1079 = FILL_AREA_STYLE ('',( #5420 ) ) ;
#1080 = ORIENTED_EDGE ( 'NONE', *, *, #508, .F. ) ;
#1081 = ORIENTED_EDGE ( 'NONE', *, *, #1369, .F. ) ;
#1082 = FILL_AREA_STYLE_COLOUR ( '', #7688 ) ;
#1083 = VECTOR ( 'NONE', #3198, 39.37007874015748143 ) ;
#1084 = AXIS2_PLACEMENT_3D ( 'NONE', #327, #5910, #1735 ) ;
#1085 = DIRECTION ( 'NONE',  ( 1.000000000000000000, 0.000000000000000000, 0.000000000000000000 ) ) ;
#1086 = FILL_AREA_STYLE_COLOUR ( '', #1047 ) ;
#1087 = LENGTH_MEASURE_WITH_UNIT ( LENGTH_MEASURE( 0.02539999999999999897 ), #5333 );
#1088 = EDGE_LOOP ( 'NONE', ( #3148, #4114, #8823, #6263, #5435, #2783, #1524, #1160 ) ) ;
#1089 = ORIENTED_EDGE ( 'NONE', *, *, #1004, .T. ) ;
#1090 =( NAMED_UNIT ( * ) SI_UNIT ( $, .STERADIAN. ) SOLID_ANGLE_UNIT ( ) );
#1091 = AXIS2_PLACEMENT_3D ( 'NONE', #7514, #6849, #749 ) ;
#1092 = FACE_OUTER_BOUND ( 'NONE', #3733, .T. ) ;
#1093 = SURFACE_STYLE_FILL_AREA ( #7180 ) ;
#1094 = MECHANICAL_DESIGN_GEOMETRIC_PRESENTATION_REPRESENTATION (  '', ( #8505 ), #6603 ) ;
#1095 = DIRECTION ( 'NONE',  ( 0.000000000000000000, -0.000000000000000000, -1.000000000000000000 ) ) ;
#1096 = EDGE_CURVE ( 'NONE', #3637, #1195, #7716, .T. ) ;
#1097 = DIMENSIONAL_EXPONENTS ( 1.000000000000000000, 0.000000000000000000, 0.000000000000000000, 0.000000000000000000, 0.000000000000000000, 0.000000000000000000, 0.000000000000000000 ) ;
#1098 = CARTESIAN_POINT ( 'NONE',  ( 0.06692913385826770867, -0.09796007064640156747, 0.002021243723793055263 ) ) ;
#1099 = CIRCLE ( 'NONE', #4322, 0.004921259842519684971 ) ;
#1100 =( LENGTH_UNIT ( ) NAMED_UNIT ( * ) SI_UNIT ( $, .METRE. ) );
#1101 = CARTESIAN_POINT ( 'NONE',  ( -0.08946850393700787885, 0.1049212598425196957, 0.009842519685039369942 ) ) ;
#1102 = FILL_AREA_STYLE_COLOUR ( '', #5363 ) ;
#1103 = ORIENTED_EDGE ( 'NONE', *, *, #7956, .F. ) ;
#1104 = PRESENTATION_STYLE_ASSIGNMENT (( #7325 ) ) ;
#1105 =( GEOMETRIC_REPRESENTATION_CONTEXT ( 3 ) GLOBAL_UNCERTAINTY_ASSIGNED_CONTEXT ( ( #3957 ) ) GLOBAL_UNIT_ASSIGNED_CONTEXT ( ( #2273, #6278, #7159 ) ) REPRESENTATION_CONTEXT ( 'NONE', 'WORKASPACE' ) );
#1106 = SURFACE_STYLE_FILL_AREA ( #6135 ) ;
#1107 =( NAMED_UNIT ( * ) PLANE_ANGLE_UNIT ( ) SI_UNIT ( $, .RADIAN. ) );
#1108 = DIRECTION ( 'NONE',  ( -1.000000000000000000, 0.000000000000000000, -0.000000000000000000 ) ) ;
#1109 =( REPRESENTATION_RELATIONSHIP ('NONE','NONE', #6032, #4183 ) REPRESENTATION_RELATIONSHIP_WITH_TRANSFORMATION ( #5164 )SHAPE_REPRESENTATION_RELATIONSHIP( ) );
#1110 = DIRECTION ( 'NONE',  ( 0.7071067811865469066, 0.7071067811865479058, 0.000000000000000000 ) ) ;
#1111 = EDGE_LOOP ( 'NONE', ( #2711, #251, #739, #306, #1386 ) ) ;
#1112 = UNCERTAINTY_MEASURE_WITH_UNIT (LENGTH_MEASURE( 1.000000000000000082E-05 ), #8079, 'distance_accuracy_value', 'NONE');
#1113 = EDGE_LOOP ( 'NONE', ( #3265, #351, #329, #3290 ) ) ;
#1114 = SURFACE_STYLE_FILL_AREA ( #5314 ) ;
#1115 = VECTOR ( 'NONE', #4671, 39.37007874015748143 ) ;
#1116 = DIRECTION ( 'NONE',  ( 0.000000000000000000, -0.6998111848437100768, -0.7143278697962460733 ) ) ;
#1117 = DIMENSIONAL_EXPONENTS ( 1.000000000000000000, 0.000000000000000000, 0.000000000000000000, 0.000000000000000000, 0.000000000000000000, 0.000000000000000000, 0.000000000000000000 ) ;
#1118 = DIRECTION ( 'NONE',  ( -1.000000000000000000, -0.000000000000000000, -0.000000000000000000 ) ) ;
#1119 = PLANE ( 'NONE',  #3095 ) ;
#1120 = DIRECTION ( 'NONE',  ( 0.000000000000000000, 1.000000000000000000, 0.000000000000000000 ) ) ;
#1121 = ORIENTED_EDGE ( 'NONE', *, *, #8371, .T. ) ;
#1122 = ORIENTED_EDGE ( 'NONE', *, *, #8862, .F. ) ;
#1123 = SURFACE_SIDE_STYLE ('',( #7342 ) ) ;
#1124 = CARTESIAN_POINT ( 'NONE',  ( 0.08875394017312086825, -0.07123425513375078455, 0.04988188976377952444 ) ) ;
#1125 = EDGE_CURVE ( 'NONE', #8893, #8431, #4293, .T. ) ;
#1126 = ADVANCED_FACE ( 'NONE', ( #3604 ), #6365, .T. ) ;
#1127 =( GEOMETRIC_REPRESENTATION_CONTEXT ( 3 ) GLOBAL_UNCERTAINTY_ASSIGNED_CONTEXT ( ( #5690 ) ) GLOBAL_UNIT_ASSIGNED_CONTEXT ( ( #1461, #703, #5591 ) ) REPRESENTATION_CONTEXT ( 'NONE', 'WORKASPACE' ) );
#1128 = SHAPE_REPRESENTATION ( 'terminals', ( #6768 ), #7184 ) ;
#1129 =( CONVERSION_BASED_UNIT ( 'INCH', #5934 ) LENGTH_UNIT ( ) NAMED_UNIT ( #2351 ) );
#1130 =( GEOMETRIC_REPRESENTATION_CONTEXT ( 3 ) GLOBAL_UNCERTAINTY_ASSIGNED_CONTEXT ( ( #839 ) ) GLOBAL_UNIT_ASSIGNED_CONTEXT ( ( #2352, #4454, #3724 ) ) REPRESENTATION_CONTEXT ( 'NONE', 'WORKASPACE' ) );
#1131 = VECTOR ( 'NONE', #2063, 39.37007874015748143 ) ;
#1132 =( NAMED_UNIT ( * ) PLANE_ANGLE_UNIT ( ) SI_UNIT ( $, .RADIAN. ) );
#1133 = SURFACE_SIDE_STYLE ('',( #4619 ) ) ;
#1134 = VERTEX_POINT ( 'NONE', #6408 ) ;
#1135 = ORIENTED_EDGE ( 'NONE', *, *, #8722, .T. ) ;
#1136 =( NAMED_UNIT ( * ) SI_UNIT ( $, .STERADIAN. ) SOLID_ANGLE_UNIT ( ) );
#1137 = EDGE_CURVE ( 'NONE', #6744, #751, #898, .T. ) ;
#1138 =( GEOMETRIC_REPRESENTATION_CONTEXT ( 3 ) GLOBAL_UNCERTAINTY_ASSIGNED_CONTEXT ( ( #7841 ) ) GLOBAL_UNIT_ASSIGNED_CONTEXT ( ( #6778, #3293, #4710 ) ) REPRESENTATION_CONTEXT ( 'NONE', 'WORKASPACE' ) );
#1139 =( CONVERSION_BASED_UNIT ( 'INCH', #4126 ) LENGTH_UNIT ( ) NAMED_UNIT ( #4790 ) );
#1140 = LINE ( 'NONE', #556, #6939 ) ;
#1141 = DIRECTION ( 'NONE',  ( 0.000000000000000000, 0.000000000000000000, -1.000000000000000000 ) ) ;
#1142 =( NAMED_UNIT ( * ) SI_UNIT ( $, .STERADIAN. ) SOLID_ANGLE_UNIT ( ) );
#1143 = VERTEX_POINT ( 'NONE', #1585 ) ;
#1144 =( NAMED_UNIT ( * ) PLANE_ANGLE_UNIT ( ) SI_UNIT ( $, .RADIAN. ) );
#1145 = DIRECTION ( 'NONE',  ( 0.000000000000000000, 0.9925461516413219831, 0.1218693434051480173 ) ) ;
#1146 =( CONVERSION_BASED_UNIT ( 'INCH', #5306 ) LENGTH_UNIT ( ) NAMED_UNIT ( #3632 ) );
#1147 =( NAMED_UNIT ( * ) SI_UNIT ( $, .STERADIAN. ) SOLID_ANGLE_UNIT ( ) );
#1148 = ORIENTED_EDGE ( 'NONE', *, *, #8894, .T. ) ;
#1149 = ORIENTED_EDGE ( 'NONE', *, *, #1926, .T. ) ;
#1150 = DIRECTION ( 'NONE',  ( -0.7071067811865483499, 0.7071067811865465735, 0.000000000000000000 ) ) ;
#1151 = ADVANCED_FACE ( 'NONE', ( #3649 ), #5142, .T. ) ;
#1152 = DIMENSIONAL_EXPONENTS ( 1.000000000000000000, 0.000000000000000000, 0.000000000000000000, 0.000000000000000000, 0.000000000000000000, 0.000000000000000000, 0.000000000000000000 ) ;
#1153 = PLANE ( 'NONE',  #1263 ) ;
#1154 = CARTESIAN_POINT ( 'NONE',  ( 0.07499999999999999722, -0.1210629921259842590, 0.000000000000000000 ) ) ;
#1155 =( LENGTH_UNIT ( ) NAMED_UNIT ( * ) SI_UNIT ( $, .METRE. ) );
#1156 =( LENGTH_UNIT ( ) NAMED_UNIT ( * ) SI_UNIT ( $, .METRE. ) );
#1157 = CARTESIAN_POINT ( 'NONE',  ( 0.09167522711142694902, -0.07266318467170389261, 0.04733189256916638110 ) ) ;
#1158 = COLOUR_RGB ( '',0.7490196078431372584, 0.7490196078431372584, 0.7490196078431372584 ) ;
#1159 = FACE_OUTER_BOUND ( 'NONE', #3450, .T. ) ;
#1160 = ORIENTED_EDGE ( 'NONE', *, *, #943, .T. ) ;
#1161 = ORIENTED_EDGE ( 'NONE', *, *, #3956, .F. ) ;
#1162 =( NAMED_UNIT ( * ) PLANE_ANGLE_UNIT ( ) SI_UNIT ( $, .RADIAN. ) );
#1163 = MECHANICAL_DESIGN_GEOMETRIC_PRESENTATION_REPRESENTATION (  '', ( #3517 ), #7850 ) ;
#1164 = PRESENTATION_LAYER_ASSIGNMENT (  '', '', ( #5107 ) ) ;
#1165 = FILL_AREA_STYLE_COLOUR ( '', #3828 ) ;
#1166 =( NAMED_UNIT ( * ) PLANE_ANGLE_UNIT ( ) SI_UNIT ( $, .RADIAN. ) );
#1167 = LINE ( 'NONE', #4404, #5982 ) ;
#1168 = ADVANCED_FACE ( 'NONE', ( #3021 ), #7894, .T. ) ;
#1169 = DIRECTION ( 'NONE',  ( 0.000000000000000000, 0.000000000000000000, -1.000000000000000000 ) ) ;
#1170 = ORIENTED_EDGE ( 'NONE', *, *, #3666, .T. ) ;
#1171 = VERTEX_POINT ( 'NONE', #6808 ) ;
#1172 = EDGE_CURVE ( 'NONE', #377, #7186, #5324, .T. ) ;
#1173 =( CONVERSION_BASED_UNIT ( 'INCH', #365 ) LENGTH_UNIT ( ) NAMED_UNIT ( #7422 ) );
#1174 = COLOUR_RGB ( '',0.7490196078431372584, 0.7490196078431372584, 0.7490196078431372584 ) ;
#1175 = UNCERTAINTY_MEASURE_WITH_UNIT (LENGTH_MEASURE( 1.000000000000000082E-05 ), #8043, 'distance_accuracy_value', 'NONE');
#1176 =( NAMED_UNIT ( * ) SI_UNIT ( $, .STERADIAN. ) SOLID_ANGLE_UNIT ( ) );
#1177 =( CONVERSION_BASED_UNIT ( 'INCH', #7354 ) LENGTH_UNIT ( ) NAMED_UNIT ( #8496 ) );
#1178 = SURFACE_SIDE_STYLE ('',( #8231 ) ) ;
#1179 = EDGE_CURVE ( 'NONE', #569, #7210, #6664, .T. ) ;
#1180 = SURFACE_SIDE_STYLE ('',( #3987 ) ) ;
#1181 = PRESENTATION_LAYER_ASSIGNMENT (  '', '', ( #2669 ) ) ;
#1182 = FACE_OUTER_BOUND ( 'NONE', #4199, .T. ) ;
#1183 = DIRECTION ( 'NONE',  ( 1.000000000000000000, 0.000000000000000000, 0.000000000000000000 ) ) ;
#1184 = VECTOR ( 'NONE', #1856, 39.37007874015748143 ) ;
#1185 = FACE_OUTER_BOUND ( 'NONE', #6056, .T. ) ;
#1186 = PRESENTATION_STYLE_ASSIGNMENT (( #5343 ) ) ;
#1187 = ORIENTED_EDGE ( 'NONE', *, *, #409, .F. ) ;
#1188 = MECHANICAL_DESIGN_GEOMETRIC_PRESENTATION_REPRESENTATION (  '', ( #8882 ), #4992 ) ;
#1189 = FILL_AREA_STYLE ('',( #2764 ) ) ;
#1190 = LINE ( 'NONE', #3998, #5286 ) ;
#1191 = CARTESIAN_POINT ( 'NONE',  ( -0.06530030766429134603, 0.007086614173228346358, 0.005000000000000000104 ) ) ;
#1192 = ADVANCED_FACE ( 'NONE', ( #8211 ), #7473, .F. ) ;
#1193 = CARTESIAN_POINT ( 'NONE',  ( -0.08875394017312086825, -0.07123425513375078455, 0.04673228346456693300 ) ) ;
#1194 = DIRECTION ( 'NONE',  ( 0.000000000000000000, 0.000000000000000000, -1.000000000000000000 ) ) ;
#1195 = VERTEX_POINT ( 'NONE', #3324 ) ;
#1196 = EDGE_LOOP ( 'NONE', ( #6993, #2768, #6953, #74 ) ) ;
#1197 =( CONVERSION_BASED_UNIT ( 'INCH', #6047 ) LENGTH_UNIT ( ) NAMED_UNIT ( #3156 ) );
#1198 = SURFACE_STYLE_USAGE ( .BOTH. , #307 ) ;
#1199 = VECTOR ( 'NONE', #958, 39.37007874015748143 ) ;
#1200 = PRESENTATION_STYLE_ASSIGNMENT (( #4057 ) ) ;
#1201 = DIRECTION ( 'NONE',  ( 1.000000000000000000, 0.000000000000000000, 0.000000000000000000 ) ) ;
#1202 = DIRECTION ( 'NONE',  ( 0.000000000000000000, 0.000000000000000000, -1.000000000000000000 ) ) ;
#1203 = VECTOR ( 'NONE', #5447, 39.37007874015748143 ) ;
#1204 = VERTEX_POINT ( 'NONE', #6100 ) ;
#1205 = VERTEX_POINT ( 'NONE', #8834 ) ;
#1206 = DIRECTION ( 'NONE',  ( 0.000000000000000000, 3.469446951953614189E-15, -1.000000000000000000 ) ) ;
#1207 = SURFACE_SIDE_STYLE ('',( #3330 ) ) ;
#1208 = VECTOR ( 'NONE', #7726, 39.37007874015748143 ) ;
#1209 = AXIS2_PLACEMENT_3D ( 'NONE', #4306, #1601, #911 ) ;
#1210 = DIMENSIONAL_EXPONENTS ( 1.000000000000000000, 0.000000000000000000, 0.000000000000000000, 0.000000000000000000, 0.000000000000000000, 0.000000000000000000, 0.000000000000000000 ) ;
#1211 = CARTESIAN_POINT ( 'NONE',  ( 0.06530030766429134603, 0.08129921259842519399, 0.005000000000000000104 ) ) ;
#1212 = CARTESIAN_POINT ( 'NONE',  ( -0.03307086614173228301, -0.06107104945795473194, 0.02714754141097830767 ) ) ;
#1213 = ORIENTED_EDGE ( 'NONE', *, *, #60, .T. ) ;
#1214 = EDGE_LOOP ( 'NONE', ( #3556, #2303, #1375, #671, #4258, #5679 ) ) ;
#1215 = MECHANICAL_DESIGN_GEOMETRIC_PRESENTATION_REPRESENTATION (  '', ( #6880 ), #1659 ) ;
#1216 = PRESENTATION_STYLE_ASSIGNMENT (( #6069 ) ) ;
#1217 = CARTESIAN_POINT ( 'NONE',  ( 0.1009842519685039408, 0.002027559055118133974, 0.000000000000000000 ) ) ;
#1218 =( CONVERSION_BASED_UNIT ( 'INCH', #7629 ) LENGTH_UNIT ( ) NAMED_UNIT ( #1795 ) );
#1219 = VECTOR ( 'NONE', #5432, 39.37007874015748143 ) ;
#1220 = PLANE ( 'NONE',  #3528 ) ;
#1221 = VECTOR ( 'NONE', #1095, 39.37007874015748143 ) ;
#1222 = CARTESIAN_POINT ( 'NONE',  ( 0.09645669291338584972, -0.07578740157480315376, 0.005000000000000000104 ) ) ;
#1223 = ADVANCED_FACE ( 'NONE', ( #2519 ), #3731, .T. ) ;
#1224 = SURFACE_SIDE_STYLE ('',( #1822 ) ) ;
#1225 = FILL_AREA_STYLE_COLOUR ( '', #1289 ) ;
#1226 = CARTESIAN_POINT ( 'NONE',  ( -0.06530030766429134603, 0.08129921259842519399, 0.009842519685039369942 ) ) ;
#1227 = VERTEX_POINT ( 'NONE', #3461 ) ;
#1228 = SURFACE_SIDE_STYLE ('',( #6960 ) ) ;
#1229 = DIRECTION ( 'NONE',  ( -0.3301180510536009249, 0.8484716754920951232, 0.4136639798873102403 ) ) ;
#1230 = ADVANCED_FACE ( 'NONE', ( #2828 ), #8963, .F. ) ;
#1231 = MANIFOLD_SOLID_BREP ( 'Imported1', #840 ) ;
#1232 = DIRECTION ( 'NONE',  ( -0.1209742911513595892, 0.1209742911513550789, 0.9852565360152923946 ) ) ;
#1233 = FACE_OUTER_BOUND ( 'NONE', #457, .T. ) ;
#1234 =( CONVERSION_BASED_UNIT ( 'INCH', #6038 ) LENGTH_UNIT ( ) NAMED_UNIT ( #421 ) );
#1235 = CARTESIAN_POINT ( 'NONE',  ( 0.08307086614173228578, -0.1210629921259842590, 0.01357377070548917292 ) ) ;
#1236 = ORIENTED_EDGE ( 'NONE', *, *, #5695, .T. ) ;
#1237 = ORIENTED_EDGE ( 'NONE', *, *, #1575, .F. ) ;
#1238 = CARTESIAN_POINT ( 'NONE',  ( 0.03503937007874016046, -0.08221824588295552350, 0.01139540940310114318 ) ) ;
#1239 = EDGE_CURVE ( 'NONE', #2967, #2169, #3438, .T. ) ;
#1240 = VECTOR ( 'NONE', #3794, 39.37007874015748854 ) ;
#1241 =( NAMED_UNIT ( * ) PLANE_ANGLE_UNIT ( ) SI_UNIT ( $, .RADIAN. ) );
#1242 = DIRECTION ( 'NONE',  ( 1.000000000000000000, 0.000000000000000000, 0.000000000000000000 ) ) ;
#1243 = PRESENTATION_LAYER_ASSIGNMENT (  '', '', ( #676 ) ) ;
#1244 = CARTESIAN_POINT ( 'NONE',  ( 0.08875394017312088213, 0.08853361309167612214, 0.04711612391623658247 ) ) ;
#1245 = DIRECTION ( 'NONE',  ( -1.000000000000000000, -0.000000000000000000, -0.000000000000000000 ) ) ;
#1246 = PRESENTATION_STYLE_ASSIGNMENT (( #7379 ) ) ;
#1247 =( NAMED_UNIT ( * ) SI_UNIT ( $, .STERADIAN. ) SOLID_ANGLE_UNIT ( ) );
#1248 = COLOUR_RGB ( '',0.2862745098039215508, 0.2862745098039215508, 0.2862745098039215508 ) ;
#1249 = ORIENTED_EDGE ( 'NONE', *, *, #4574, .F. ) ;
#1250 = ORIENTED_EDGE ( 'NONE', *, *, #126, .T. ) ;
#1251 = CARTESIAN_POINT ( 'NONE',  ( 0.03307086614173228301, -0.1014396703667248545, 0.01159693470591019286 ) ) ;
#1252 = VECTOR ( 'NONE', #191, 39.37007874015748143 ) ;
#1253 = ADVANCED_FACE ( 'NONE', ( #4998 ), #5128, .T. ) ;
#1254 = SURFACE_STYLE_USAGE ( .BOTH. , #1207 ) ;
#1255 = CARTESIAN_POINT ( 'NONE',  ( -0.07499999999999999722, -0.08520540713768977314, 0.01618446761253700822 ) ) ;
#1256 =( GEOMETRIC_REPRESENTATION_CONTEXT ( 3 ) GLOBAL_UNCERTAINTY_ASSIGNED_CONTEXT ( ( #481 ) ) GLOBAL_UNIT_ASSIGNED_CONTEXT ( ( #8254, #1241, #2735 ) ) REPRESENTATION_CONTEXT ( 'NONE', 'WORKASPACE' ) );
#1257 = FILL_AREA_STYLE_COLOUR ( '', #323 ) ;
#1258 = FILL_AREA_STYLE ('',( #3421 ) ) ;
#1259 = SURFACE_STYLE_FILL_AREA ( #8175 ) ;
#1260 = CARTESIAN_POINT ( 'NONE',  ( 0.06496062992125983815, -0.09383657304297442214, 0.02091502454231232433 ) ) ;
#1261 = EDGE_LOOP ( 'NONE', ( #2575, #6615, #6775, #8676, #3921, #3876, #3404, #3789 ) ) ;
#1262 = VERTEX_POINT ( 'NONE', #928 ) ;
#1263 = AXIS2_PLACEMENT_3D ( 'NONE', #3792, #7467, #6537 ) ;
#1264 = PRESENTATION_STYLE_ASSIGNMENT (( #3246 ) ) ;
#1265 = STYLED_ITEM ( 'NONE', ( #5281 ), #2094 ) ;
#1266 = LINE ( 'NONE', #6863, #8406 ) ;
#1267 = UNCERTAINTY_MEASURE_WITH_UNIT (LENGTH_MEASURE( 1.000000000000000082E-05 ), #8462, 'distance_accuracy_value', 'NONE');
#1268 = FILL_AREA_STYLE ('',( #8230 ) ) ;
#1269 = DIRECTION ( 'NONE',  ( 1.000000000000000000, -0.000000000000000000, -0.000000000000000000 ) ) ;
#1270 = COLOUR_RGB ( '',0.2862745098039215508, 0.2862745098039215508, 0.2862745098039215508 ) ;
#1271 = DIMENSIONAL_EXPONENTS ( 1.000000000000000000, 0.000000000000000000, 0.000000000000000000, 0.000000000000000000, 0.000000000000000000, 0.000000000000000000, 0.000000000000000000 ) ;
#1272 = SURFACE_STYLE_USAGE ( .BOTH. , #8809 ) ;
#1273 = FILL_AREA_STYLE ('',( #4761 ) ) ;
#1274 = DIRECTION ( 'NONE',  ( 1.000000000000000000, 0.000000000000000000, 0.000000000000000000 ) ) ;
#1275 = FILL_AREA_STYLE_COLOUR ( '', #8950 ) ;
#1276 = CARTESIAN_POINT ( 'NONE',  ( 0.08307086614173228578, -0.09084088879601615041, 0.01357377070548917292 ) ) ;
#1277 = DIRECTION ( 'NONE',  ( -1.000000000000000000, 0.000000000000000000, -0.000000000000000000 ) ) ;
#1278 = DIRECTION ( 'NONE',  ( -1.000000000000000000, -0.000000000000000000, -0.000000000000000000 ) ) ;
#1279 = FACE_OUTER_BOUND ( 'NONE', #502, .T. ) ;
#1280 = SURFACE_STYLE_FILL_AREA ( #3261 ) ;
#1281 = EDGE_CURVE ( 'NONE', #614, #8125, #3636, .T. ) ;
#1282 = FILL_AREA_STYLE ('',( #7506 ) ) ;
#1283 = VERTEX_POINT ( 'NONE', #3010 ) ;
#1284 = ORIENTED_EDGE ( 'NONE', *, *, #3677, .T. ) ;
#1285 = UNCERTAINTY_MEASURE_WITH_UNIT (LENGTH_MEASURE( 1.000000000000000082E-05 ), #1218, 'distance_accuracy_value', 'NONE');
#1286 = ORIENTED_EDGE ( 'NONE', *, *, #462, .F. ) ;
#1287 = EDGE_CURVE ( 'NONE', #4855, #7782, #4460, .T. ) ;
#1288 = SURFACE_SIDE_STYLE ('',( #5414 ) ) ;
#1289 = COLOUR_RGB ( '',0.2862745098039215508, 0.2862745098039215508, 0.2862745098039215508 ) ;
#1290 = CARTESIAN_POINT ( 'NONE',  ( -0.06692913385826770867, -0.08565767112959683793, 0.02601659103690531424 ) ) ;
#1291 = LINE ( 'NONE', #3409, #630 ) ;
#1292 =( LENGTH_UNIT ( ) NAMED_UNIT ( * ) SI_UNIT ( $, .METRE. ) );
#1293 = VECTOR ( 'NONE', #8124, 39.37007874015748143 ) ;
#1294 = FILL_AREA_STYLE_COLOUR ( '', #368 ) ;
#1295 = ORIENTED_EDGE ( 'NONE', *, *, #5255, .T. ) ;
#1296 = ORIENTED_EDGE ( 'NONE', *, *, #2774, .T. ) ;
#1297 = FILL_AREA_STYLE ('',( #6236 ) ) ;
#1298 =( GEOMETRIC_REPRESENTATION_CONTEXT ( 3 ) GLOBAL_UNCERTAINTY_ASSIGNED_CONTEXT ( ( #7731 ) ) GLOBAL_UNIT_ASSIGNED_CONTEXT ( ( #8178, #1958, #1136 ) ) REPRESENTATION_CONTEXT ( 'NONE', 'WORKASPACE' ) );
#1299 = DIRECTION ( 'NONE',  ( 0.000000000000000000, -0.3143126552996258760, 0.9493195219305765598 ) ) ;
#1300 =( GEOMETRIC_REPRESENTATION_CONTEXT ( 3 ) GLOBAL_UNCERTAINTY_ASSIGNED_CONTEXT ( ( #6970 ) ) GLOBAL_UNIT_ASSIGNED_CONTEXT ( ( #4780, #4103, #4367 ) ) REPRESENTATION_CONTEXT ( 'NONE', 'WORKASPACE' ) );
#1301 =( NAMED_UNIT ( * ) PLANE_ANGLE_UNIT ( ) SI_UNIT ( $, .RADIAN. ) );
#1302 = LENGTH_MEASURE_WITH_UNIT ( LENGTH_MEASURE( 0.02539999999999999897 ), #4829 );
#1303 = AXIS2_PLACEMENT_3D ( 'NONE', #609, #1278, #2679 ) ;
#1304 = SURFACE_STYLE_USAGE ( .BOTH. , #2790 ) ;
#1305 = EDGE_CURVE ( 'NONE', #5692, #614, #1661, .T. ) ;
#1306 = DIRECTION ( 'NONE',  ( 1.000000000000000000, 0.000000000000000000, 0.000000000000000000 ) ) ;
#1307 = DIRECTION ( 'NONE',  ( -1.000000000000000000, 0.000000000000000000, 0.000000000000000000 ) ) ;
#1308 = VERTEX_POINT ( 'NONE', #5791 ) ;
#1309 = ORIENTED_EDGE ( 'NONE', *, *, #4499, .T. ) ;
#1310 = VECTOR ( 'NONE', #2696, 39.37007874015748143 ) ;
#1311 =( CONVERSION_BASED_UNIT ( 'INCH', #4797 ) LENGTH_UNIT ( ) NAMED_UNIT ( #8252 ) );
#1312 = LINE ( 'NONE', #6864, #6475 ) ;
#1313 = AXIS2_PLACEMENT_3D ( 'NONE', #4336, #2327, #6448 ) ;
#1314 = CARTESIAN_POINT ( 'NONE',  ( -0.08307086614173228578, -0.1014396703667248545, 0.01159693470591019286 ) ) ;
#1315 = ADVANCED_FACE ( 'NONE', ( #5747 ), #5082, .T. ) ;
#1316 = DIRECTION ( 'NONE',  ( 0.000000000000000000, 0.000000000000000000, -1.000000000000000000 ) ) ;
#1317 = AXIS2_PLACEMENT_3D ( 'NONE', #4280, #5782, #1566 ) ;
#1318 = FILL_AREA_STYLE ('',( #7495 ) ) ;
#1319 = AXIS2_PLACEMENT_3D ( 'NONE', #3726, #5831, #2453 ) ;
#1320 = AXIS2_PLACEMENT_3D ( 'NONE', #5996, #7932, #1702 ) ;
#1321 =( NAMED_UNIT ( * ) SI_UNIT ( $, .STERADIAN. ) SOLID_ANGLE_UNIT ( ) );
#1322 = VECTOR ( 'NONE', #4403, 39.37007874015748143 ) ;
#1323 = CARTESIAN_POINT ( 'NONE',  ( -0.07795275590551181688, -0.01909448818897637595, 0.005000000000000000104 ) ) ;
#1324 =( LENGTH_UNIT ( ) NAMED_UNIT ( * ) SI_UNIT ( $, .METRE. ) );
#1325 = CARTESIAN_POINT ( 'NONE',  ( 0.07494307814895394271, 0.1049212598425196957, 0.000000000000000000 ) ) ;
#1326 = PRESENTATION_LAYER_ASSIGNMENT (  '', '', ( #468 ) ) ;
#1327 = MECHANICAL_DESIGN_GEOMETRIC_PRESENTATION_REPRESENTATION (  '', ( #1912 ), #3242 ) ;
#1328 = DIRECTION ( 'NONE',  ( 0.000000000000000000, -0.9961946980917454342, -0.08715574274765815199 ) ) ;
#1329 = VERTEX_POINT ( 'NONE', #6699 ) ;
#1330 = VERTEX_POINT ( 'NONE', #1789 ) ;
#1331 = EDGE_LOOP ( 'NONE', ( #3192, #7615, #7365, #4913 ) ) ;
#1332 = FILL_AREA_STYLE_COLOUR ( '', #6370 ) ;
#1333 = COLOUR_RGB ( '',0.2862745098039215508, 0.2862745098039215508, 0.2862745098039215508 ) ;
#1334 = DIMENSIONAL_EXPONENTS ( 1.000000000000000000, 0.000000000000000000, 0.000000000000000000, 0.000000000000000000, 0.000000000000000000, 0.000000000000000000, 0.000000000000000000 ) ;
#1335 = EDGE_CURVE ( 'NONE', #4959, #5793, #8025, .T. ) ;
#1336 = CARTESIAN_POINT ( 'NONE',  ( -0.01692913385826771630, -0.1018685864235539529, 0.01649946766896011677 ) ) ;
#1337 =( NAMED_UNIT ( * ) SI_UNIT ( $, .STERADIAN. ) SOLID_ANGLE_UNIT ( ) );
#1338 = CARTESIAN_POINT ( 'NONE',  ( -0.06530030766429134603, 0.08129921259842519399, 0.005000000000000000104 ) ) ;
#1339 = STYLED_ITEM ( 'NONE', ( #3633 ), #7678 ) ;
#1340 = ADVANCED_FACE ( 'NONE', ( #3263 ), #566, .T. ) ;
#1341 = ORIENTED_EDGE ( 'NONE', *, *, #8752, .T. ) ;
#1342 = ORIENTED_EDGE ( 'NONE', *, *, #6914, .F. ) ;
#1343 = SURFACE_STYLE_FILL_AREA ( #1297 ) ;
#1344 = VECTOR ( 'NONE', #6540, 39.37007874015748143 ) ;
#1345 =( CONVERSION_BASED_UNIT ( 'INCH', #539 ) LENGTH_UNIT ( ) NAMED_UNIT ( #5232 ) );
#1346 = EDGE_CURVE ( 'NONE', #7886, #8445, #5217, .T. ) ;
#1347 =( CONVERSION_BASED_UNIT ( 'INCH', #5426 ) LENGTH_UNIT ( ) NAMED_UNIT ( #875 ) );
#1348 =( CONVERSION_BASED_UNIT ( 'INCH', #1302 ) LENGTH_UNIT ( ) NAMED_UNIT ( #2173 ) );
#1349 = DIRECTION ( 'NONE',  ( 0.000000000000000000, 0.000000000000000000, 1.000000000000000000 ) ) ;
#1350 = FACE_OUTER_BOUND ( 'NONE', #2730, .T. ) ;
#1351 = CARTESIAN_POINT ( 'NONE',  ( 0.01496062992125983884, -0.08244437787890905589, 0.01631147111528528579 ) ) ;
#1352 = ORIENTED_EDGE ( 'NONE', *, *, #2272, .T. ) ;
#1353 = ORIENTED_EDGE ( 'NONE', *, *, #8130, .F. ) ;
#1354 = LINE ( 'NONE', #8362, #2492 ) ;
#1355 = EDGE_CURVE ( 'NONE', #5848, #3847, #7980, .T. ) ;
#1356 = CARTESIAN_POINT ( 'NONE',  ( -0.09293582831168308023, -0.06942317883411042168, 0.04891152539410389966 ) ) ;
#1357 = DIRECTION ( 'NONE',  ( -0.7071067811865475727, 0.7071067811865475727, 0.000000000000000000 ) ) ;
#1358 = COLOUR_RGB ( '',0.7490196078431372584, 0.7490196078431372584, 0.7490196078431372584 ) ;
#1359 = VECTOR ( 'NONE', #5264, 39.37007874015748143 ) ;
#1360 = CARTESIAN_POINT ( 'NONE',  ( -0.09645669291338584972, -0.07893700787401573826, 0.005000000000000000104 ) ) ;
#1361 = DIRECTION ( 'NONE',  ( -0.7071067811865469066, -0.7071067811865479058, 0.000000000000000000 ) ) ;
#1362 =( NAMED_UNIT ( * ) PLANE_ANGLE_UNIT ( ) SI_UNIT ( $, .RADIAN. ) );
#1363 = DIRECTION ( 'NONE',  ( 0.000000000000000000, 0.000000000000000000, 1.000000000000000000 ) ) ;
#1364 = UNCERTAINTY_MEASURE_WITH_UNIT (LENGTH_MEASURE( 1.000000000000000082E-05 ), #1146, 'distance_accuracy_value', 'NONE');
#1365 = LINE ( 'NONE', #3572, #4166 ) ;
#1366 = FILL_AREA_STYLE_COLOUR ( '', #4446 ) ;
#1367 = COLOUR_RGB ( '',0.7490196078431372584, 0.7490196078431372584, 0.7490196078431372584 ) ;
#1368 = STYLED_ITEM ( 'NONE', ( #6918 ), #969 ) ;
#1369 = EDGE_CURVE ( 'NONE', #6941, #8955, #429, .T. ) ;
#1370 = EDGE_CURVE ( 'NONE', #5879, #4387, #3219, .T. ) ;
#1371 = PRESENTATION_STYLE_ASSIGNMENT (( #5582 ) ) ;
#1372 = LINE ( 'NONE', #5630, #302 ) ;
#1373 = DIRECTION ( 'NONE',  ( -0.000000000000000000, -0.000000000000000000, -1.000000000000000000 ) ) ;
#1374 = ORIENTED_EDGE ( 'NONE', *, *, #660, .T. ) ;
#1375 = ORIENTED_EDGE ( 'NONE', *, *, #4930, .T. ) ;
#1376 = ORIENTED_EDGE ( 'NONE', *, *, #4485, .F. ) ;
#1377 = FACE_OUTER_BOUND ( 'NONE', #2280, .T. ) ;
#1378 = SURFACE_STYLE_USAGE ( .BOTH. , #1463 ) ;
#1379 = FILL_AREA_STYLE_COLOUR ( '', #4743 ) ;
#1380 =( GEOMETRIC_REPRESENTATION_CONTEXT ( 3 ) GLOBAL_UNCERTAINTY_ASSIGNED_CONTEXT ( ( #7372 ) ) GLOBAL_UNIT_ASSIGNED_CONTEXT ( ( #201, #2360, #841 ) ) REPRESENTATION_CONTEXT ( 'NONE', 'WORKASPACE' ) );
#1381 =( LENGTH_UNIT ( ) NAMED_UNIT ( * ) SI_UNIT ( $, .METRE. ) );
#1382 = DIRECTION ( 'NONE',  ( 1.000000000000000000, 0.000000000000000000, -0.000000000000000000 ) ) ;
#1383 = DIRECTION ( 'NONE',  ( 0.000000000000000000, 0.9961946980917456562, 0.08715574274765708340 ) ) ;
#1384 = CARTESIAN_POINT ( 'NONE',  ( -0.08742991111046474750, 0.09007641885575413954, 0.04813416457729732117 ) ) ;
#1385 = EDGE_LOOP ( 'NONE', ( #4958, #6355, #4517, #1005 ) ) ;
#1386 = ORIENTED_EDGE ( 'NONE', *, *, #85, .F. ) ;
#1387 = LINE ( 'NONE', #4286, #2297 ) ;
#1388 = ORIENTED_EDGE ( 'NONE', *, *, #686, .F. ) ;
#1389 = FACE_OUTER_BOUND ( 'NONE', #713, .T. ) ;
#1390 = DIMENSIONAL_EXPONENTS ( 1.000000000000000000, 0.000000000000000000, 0.000000000000000000, 0.000000000000000000, 0.000000000000000000, 0.000000000000000000, 0.000000000000000000 ) ;
#1391 = LINE ( 'NONE', #5756, #4382 ) ;
#1392 = COLOUR_RGB ( '',0.7490196078431372584, 0.7490196078431372584, 0.7490196078431372584 ) ;
#1393 = PRESENTATION_STYLE_ASSIGNMENT (( #8267 ) ) ;
#1394 = CARTESIAN_POINT ( 'NONE',  ( -0.06530030766429134603, 0.08129921259842519399, 0.000000000000000000 ) ) ;
#1395 = ORIENTED_EDGE ( 'NONE', *, *, #6684, .T. ) ;
#1396 = UNCERTAINTY_MEASURE_WITH_UNIT (LENGTH_MEASURE( 1.000000000000000082E-05 ), #5766, 'distance_accuracy_value', 'NONE');
#1397 = EDGE_CURVE ( 'NONE', #842, #751, #5406, .T. ) ;
#1398 = VERTEX_POINT ( 'NONE', #4723 ) ;
#1399 = LINE ( 'NONE', #4074, #2760 ) ;
#1400 = AXIS2_PLACEMENT_3D ( 'NONE', #5359, #1183, #3171 ) ;
#1401 = CARTESIAN_POINT ( 'NONE',  ( -0.09172319507450693576, -0.07223726126315208051, 0.04641999533636165937 ) ) ;
#1402 = FILL_AREA_STYLE ('',( #4927 ) ) ;
#1403 = PRESENTATION_LAYER_ASSIGNMENT (  '', '', ( #3319 ) ) ;
#1404 = VECTOR ( 'NONE', #3735, 39.37007874015748143 ) ;
#1405 = CARTESIAN_POINT ( 'NONE',  ( -0.08858267716535433989, 0.1210629921259842590, 0.000000000000000000 ) ) ;
#1406 = CARTESIAN_POINT ( 'NONE',  ( -0.03307086614173228301, -0.09117972964715866102, 0.02576258403140881809 ) ) ;
#1407 = PRESENTATION_STYLE_ASSIGNMENT (( #4127 ) ) ;
#1408 = SURFACE_STYLE_FILL_AREA ( #2804 ) ;
#1409 = PRESENTATION_LAYER_ASSIGNMENT (  '', '', ( #6788 ) ) ;
#1410 = ORIENTED_EDGE ( 'NONE', *, *, #5425, .F. ) ;
#1411 = ADVANCED_FACE ( 'NONE', ( #2752 ), #4212, .T. ) ;
#1412 = CIRCLE ( 'NONE', #6882, 0.004921259842519684971 ) ;
#1413 = CARTESIAN_POINT ( 'NONE',  ( 0.08875394017312086825, 0.08540748348020747727, 0.04673228346456693300 ) ) ;
#1414 = UNCERTAINTY_MEASURE_WITH_UNIT (LENGTH_MEASURE( 1.000000000000000082E-05 ), #4637, 'distance_accuracy_value', 'NONE');
#1415 = ORIENTED_EDGE ( 'NONE', *, *, #5589, .T. ) ;
#1416 = VERTEX_POINT ( 'NONE', #4168 ) ;
#1417 = EDGE_LOOP ( 'NONE', ( #7547, #141, #3689, #8756 ) ) ;
#1418 = PLANE ( 'NONE',  #8099 ) ;
#1419 = CIRCLE ( 'NONE', #5065, 0.003149606299212602718 ) ;
#1420 = PRESENTATION_STYLE_ASSIGNMENT (( #8251 ) ) ;
#1421 = DIRECTION ( 'NONE',  ( -0.000000000000000000, 0.04595002157773420831, -0.9989437399158200837 ) ) ;
#1422 = PRESENTATION_LAYER_ASSIGNMENT (  '', '', ( #246 ) ) ;
#1423 = LINE ( 'NONE', #2264, #155 ) ;
#1424 = CARTESIAN_POINT ( 'NONE',  ( 0.09188006978458949925, -0.07123425513375079843, 0.04711612391623658247 ) ) ;
#1425 = VECTOR ( 'NONE', #279, 39.37007874015748143 ) ;
#1426 = DIRECTION ( 'NONE',  ( 0.000000000000000000, -0.3143126552996241552, 0.9493195219305771149 ) ) ;
#1427 = ORIENTED_EDGE ( 'NONE', *, *, #7273, .F. ) ;
#1428 = EDGE_LOOP ( 'NONE', ( #4295, #1149, #7992, #7393 ) ) ;
#1429 = DIRECTION ( 'NONE',  ( 0.000000000000000000, -0.000000000000000000, 1.000000000000000000 ) ) ;
#1430 = DIMENSIONAL_EXPONENTS ( 1.000000000000000000, 0.000000000000000000, 0.000000000000000000, 0.000000000000000000, 0.000000000000000000, 0.000000000000000000, 0.000000000000000000 ) ;
#1431 = VERTEX_POINT ( 'NONE', #8900 ) ;
#1432 = AXIS2_PLACEMENT_3D ( 'NONE', #6078, #6028, #1316 ) ;
#1433 = CARTESIAN_POINT ( 'NONE',  ( -0.1009842519685039408, 0.002027559055118133974, 0.000000000000000000 ) ) ;
#1434 =( NAMED_UNIT ( * ) PLANE_ANGLE_UNIT ( ) SI_UNIT ( $, .RADIAN. ) );
#1435 = VECTOR ( 'NONE', #1361, 39.37007874015748854 ) ;
#1436 = EDGE_LOOP ( 'NONE', ( #5496, #3779, #2420, #470 ) ) ;
#1437 = ORIENTED_EDGE ( 'NONE', *, *, #7579, .F. ) ;
#1438 = CARTESIAN_POINT ( 'NONE',  ( 0.08503937007874015630, -0.08244437787890905589, 0.01631147111528527538 ) ) ;
#1439 = CARTESIAN_POINT ( 'NONE',  ( -0.06692913385826770867, -0.09117972964715866102, 0.02576258403140881809 ) ) ;
#1440 = LENGTH_MEASURE_WITH_UNIT ( LENGTH_MEASURE( 0.02539999999999999897 ), #2149 );
#1441 = VECTOR ( 'NONE', #7750, 39.37007874015748143 ) ;
#1442 = CARTESIAN_POINT ( 'NONE',  ( 0.08753937007874014464, -0.0009842519685039096723, 0.009842519685039369942 ) ) ;
#1443 = EDGE_CURVE ( 'NONE', #1227, #6923, #2586, .T. ) ;
#1444 = STYLED_ITEM ( 'NONE', ( #4059 ), #7231 ) ;
#1445 = DIMENSIONAL_EXPONENTS ( 1.000000000000000000, 0.000000000000000000, 0.000000000000000000, 0.000000000000000000, 0.000000000000000000, 0.000000000000000000, 0.000000000000000000 ) ;
#1446 = EDGE_CURVE ( 'NONE', #2120, #6533, #1312, .T. ) ;
#1447 = VECTOR ( 'NONE', #8751, 39.37007874015748143 ) ;
#1448 = DIRECTION ( 'NONE',  ( 0.000000000000000000, -0.6998111848437100768, -0.7143278697962460733 ) ) ;
#1449 = UNCERTAINTY_MEASURE_WITH_UNIT (LENGTH_MEASURE( 1.000000000000000082E-05 ), #2047, 'distance_accuracy_value', 'NONE');
#1450 = SURFACE_SIDE_STYLE ('',( #1408 ) ) ;
#1451 = UNCERTAINTY_MEASURE_WITH_UNIT (LENGTH_MEASURE( 1.000000000000000082E-05 ), #1888, 'distance_accuracy_value', 'NONE');
#1452 = EDGE_CURVE ( 'NONE', #3887, #2555, #643, .T. ) ;
#1453 =( GEOMETRIC_REPRESENTATION_CONTEXT ( 3 ) GLOBAL_UNCERTAINTY_ASSIGNED_CONTEXT ( ( #1364 ) ) GLOBAL_UNIT_ASSIGNED_CONTEXT ( ( #1146, #3622, #8427 ) ) REPRESENTATION_CONTEXT ( 'NONE', 'WORKASPACE' ) );
#1454 = FACE_OUTER_BOUND ( 'NONE', #5588, .T. ) ;
#1455 =( CONVERSION_BASED_UNIT ( 'INCH', #4851 ) LENGTH_UNIT ( ) NAMED_UNIT ( #5192 ) );
#1456 = CARTESIAN_POINT ( 'NONE',  ( 0.03307086614173228301, -0.09796007064640148421, 0.002021243723793056130 ) ) ;
#1457 =( LENGTH_UNIT ( ) NAMED_UNIT ( * ) SI_UNIT ( $, .METRE. ) );
#1458 = CARTESIAN_POINT ( 'NONE',  ( 0.08753937007874017240, 0.01003937007874023714, 0.000000000000000000 ) ) ;
#1459 = ORIENTED_EDGE ( 'NONE', *, *, #7121, .F. ) ;
#1460 = EDGE_LOOP ( 'NONE', ( #7475, #3900, #3788, #3097 ) ) ;
#1461 =( CONVERSION_BASED_UNIT ( 'INCH', #7694 ) LENGTH_UNIT ( ) NAMED_UNIT ( #1097 ) );
#1462 = STYLED_ITEM ( 'NONE', ( #7427 ), #5045 ) ;
#1463 = SURFACE_SIDE_STYLE ('',( #664 ) ) ;
#1464 = FILL_AREA_STYLE ('',( #1379 ) ) ;
#1465 = EDGE_CURVE ( 'NONE', #7782, #2971, #6203, .T. ) ;
#1466 = SURFACE_SIDE_STYLE ('',( #7836 ) ) ;
#1467 = SURFACE_SIDE_STYLE ('',( #6393 ) ) ;
#1468 = CARTESIAN_POINT ( 'NONE',  ( 0.06692913385826770867, -0.06107104945795473194, 0.02714754141097830767 ) ) ;
#1469 = CARTESIAN_POINT ( 'NONE',  ( -0.08307086614173228578, -0.08244437787890905589, 0.01631147111528527885 ) ) ;
#1470 = CARTESIAN_POINT ( 'NONE',  ( -0.06692913385826770867, -0.08653382883559772309, 0.01376068786798871797 ) ) ;
#1471 = LENGTH_MEASURE_WITH_UNIT ( LENGTH_MEASURE( 0.02539999999999999897 ), #2180 );
#1472 = ORIENTED_EDGE ( 'NONE', *, *, #732, .F. ) ;
#1473 = COLOUR_RGB ( '',0.7490196078431372584, 0.7490196078431372584, 0.7490196078431372584 ) ;
#1474 = ORIENTED_EDGE ( 'NONE', *, *, #2982, .F. ) ;
#1475 = CARTESIAN_POINT ( 'NONE',  ( -0.08946850393700787885, 0.004527559055118110173, 0.009842519685039369942 ) ) ;
#1476 = EDGE_CURVE ( 'NONE', #8689, #4561, #78, .T. ) ;
#1477 = VECTOR ( 'NONE', #6824, 39.37007874015748854 ) ;
#1478 = ORIENTED_EDGE ( 'NONE', *, *, #5148, .T. ) ;
#1479 = VECTOR ( 'NONE', #6710, 39.37007874015748143 ) ;
#1480 = DIRECTION ( 'NONE',  ( 0.000000000000000000, -0.8769264559768860101, 0.4806245840651710566 ) ) ;
#1481 = DIRECTION ( 'NONE',  ( 0.3301180510536010915, 0.8484716754920952342, -0.4136639798873099072 ) ) ;
#1482 = VECTOR ( 'NONE', #574, 39.37007874015748143 ) ;
#1483 = CARTESIAN_POINT ( 'NONE',  ( -0.01496062992125984405, -0.08520540713768977314, 0.01618446761253700822 ) ) ;
#1484 = LINE ( 'NONE', #6364, #7 ) ;
#1485 = PLANE ( 'NONE',  #1810 ) ;
#1486 = VERTEX_POINT ( 'NONE', #902 ) ;
#1487 = EDGE_LOOP ( 'NONE', ( #7649, #1715, #2988, #8320 ) ) ;
#1488 =( NAMED_UNIT ( * ) SI_UNIT ( $, .STERADIAN. ) SOLID_ANGLE_UNIT ( ) );
#1489 = DIRECTION ( 'NONE',  ( 0.000000000000000000, 0.9493195219305766708, 0.3143126552996259315 ) ) ;
#1490 = DIRECTION ( 'NONE',  ( 0.000000000000000000, -1.000000000000000000, -0.000000000000000000 ) ) ;
#1491 = PRESENTATION_LAYER_ASSIGNMENT (  '', '', ( #331 ) ) ;
#1492 = STYLED_ITEM ( 'NONE', ( #2067 ), #8813 ) ;
#1493 =( CONVERSION_BASED_UNIT ( 'INCH', #6413 ) LENGTH_UNIT ( ) NAMED_UNIT ( #6690 ) );
#1494 = CARTESIAN_POINT ( 'NONE',  ( -0.08875394017312086825, 0.007086614173228346358, 0.04988188976377952444 ) ) ;
#1495 = CARTESIAN_POINT ( 'NONE',  ( -0.02500000000000000139, -0.09383657304297415847, 0.02091502454231218208 ) ) ;
#1496 = DIRECTION ( 'NONE',  ( -0.000000000000000000, 0.000000000000000000, 1.000000000000000000 ) ) ;
#1497 =( BOUNDED_SURFACE ( )  B_SPLINE_SURFACE ( 3, 3, ( 
 ( #8699, #7889, #5839, #1664 ),
 ( #5884, #3825, #7200, #1072 ),
 ( #980, #8029, #4549, #7158 ),
 ( #4426, #298, #4375, #7984 ) ),
 .UNSPECIFIED., .F., .F., .F. ) 
 B_SPLINE_SURFACE_WITH_KNOTS ( ( 4, 4 ),
 ( 4, 4 ),
 ( 0.000000000000000000, 1.000000000000000000 ),
 ( 0.000000000000000000, 1.000000000000000000 ),
 .UNSPECIFIED. ) 
 GEOMETRIC_REPRESENTATION_ITEM ( )  RATIONAL_B_SPLINE_SURFACE ( (
 ( 1.000000000000000000, 0.3333333333333345916, 0.3333333333333345916, 1.000000000000000000),
 ( 0.9299384305661944072, 0.3099794768553992830, 0.3099794768553992830, 0.9299384305661944072),
 ( 0.9299384305661944072, 0.3099794768553992830, 0.3099794768553992830, 0.9299384305661944072),
 ( 1.000000000000000000, 0.3333333333333345916, 0.3333333333333345916, 1.000000000000000000) ) ) 
 REPRESENTATION_ITEM ( '' )  SURFACE ( )  );
#1498 = DIRECTION ( 'NONE',  ( 0.000000000000000000, 0.4806245840651692247, 0.8769264559768868983 ) ) ;
#1499 =( GEOMETRIC_REPRESENTATION_CONTEXT ( 3 ) GLOBAL_UNCERTAINTY_ASSIGNED_CONTEXT ( ( #3936 ) ) GLOBAL_UNIT_ASSIGNED_CONTEXT ( ( #8332, #7689, #138 ) ) REPRESENTATION_CONTEXT ( 'NONE', 'WORKASPACE' ) );
#1500 = DIRECTION ( 'NONE',  ( 0.000000000000000000, -1.000000000000000000, 0.000000000000000000 ) ) ;
#1501 = LENGTH_MEASURE_WITH_UNIT ( LENGTH_MEASURE( 0.02539999999999999897 ), #7088 );
#1502 = ADVANCED_FACE ( 'NONE', ( #2936 ), #7675, .T. ) ;
#1503 = AXIS2_PLACEMENT_3D ( 'NONE', #2440, #7138, #278 ) ;
#1504 = STYLED_ITEM ( 'NONE', ( #7624 ), #3705 ) ;
#1505 = DIRECTION ( 'NONE',  ( -0.000000000000000000, 0.000000000000000000, -1.000000000000000000 ) ) ;
#1506 = PLANE ( 'NONE',  #3664 ) ;
#1507 = SURFACE_SIDE_STYLE ('',( #7737 ) ) ;
#1508 =( LENGTH_UNIT ( ) NAMED_UNIT ( * ) SI_UNIT ( $, .METRE. ) );
#1509 = UNCERTAINTY_MEASURE_WITH_UNIT (LENGTH_MEASURE( 1.000000000000000082E-05 ), #1667, 'distance_accuracy_value', 'NONE');
#1510 = ORIENTED_EDGE ( 'NONE', *, *, #2301, .T. ) ;
#1511 = ORIENTED_EDGE ( 'NONE', *, *, #5479, .T. ) ;
#1512 = EDGE_CURVE ( 'NONE', #2267, #313, #7930, .T. ) ;
#1513 = ORIENTED_EDGE ( 'NONE', *, *, #3495, .T. ) ;
#1514 = VECTOR ( 'NONE', #8797, 39.37007874015748143 ) ;
#1515 = PRESENTATION_STYLE_ASSIGNMENT (( #3582 ) ) ;
#1516 = DIMENSIONAL_EXPONENTS ( 1.000000000000000000, 0.000000000000000000, 0.000000000000000000, 0.000000000000000000, 0.000000000000000000, 0.000000000000000000, 0.000000000000000000 ) ;
#1517 = DIRECTION ( 'NONE',  ( -0.000000000000000000, 0.04595002157773420831, -0.9989437399158200837 ) ) ;
#1518 = DIRECTION ( 'NONE',  ( 0.7071067811865480168, 0.7071067811865470176, 0.000000000000000000 ) ) ;
#1519 =( LENGTH_UNIT ( ) NAMED_UNIT ( * ) SI_UNIT ( $, .METRE. ) );
#1520 = CARTESIAN_POINT ( 'NONE',  ( -0.06692913385826770867, -0.06107104945795466255, 0.02714754141097831461 ) ) ;
#1521 = STYLED_ITEM ( 'NONE', ( #8539 ), #1168 ) ;
#1522 = SURFACE_SIDE_STYLE ('',( #110 ) ) ;
#1523 = SURFACE_STYLE_FILL_AREA ( #3137 ) ;
#1524 = ORIENTED_EDGE ( 'NONE', *, *, #5425, .T. ) ;
#1525 = EDGE_LOOP ( 'NONE', ( #3161, #8081, #2409, #2951 ) ) ;
#1526 = CYLINDRICAL_SURFACE ( 'NONE', #3182, 0.009842519685039373412 ) ;
#1527 = ORIENTED_EDGE ( 'NONE', *, *, #1787, .F. ) ;
#1528 =( GEOMETRIC_REPRESENTATION_CONTEXT ( 3 ) GLOBAL_UNCERTAINTY_ASSIGNED_CONTEXT ( ( #3646 ) ) GLOBAL_UNIT_ASSIGNED_CONTEXT ( ( #2956, #3494, #10 ) ) REPRESENTATION_CONTEXT ( 'NONE', 'WORKASPACE' ) );
#1529 =( GEOMETRIC_REPRESENTATION_CONTEXT ( 3 ) GLOBAL_UNCERTAINTY_ASSIGNED_CONTEXT ( ( #4597 ) ) GLOBAL_UNIT_ASSIGNED_CONTEXT ( ( #8036, #4822, #2227 ) ) REPRESENTATION_CONTEXT ( 'NONE', 'WORKASPACE' ) );
#1530 = DIRECTION ( 'NONE',  ( 1.000000000000000000, 0.000000000000000000, -0.000000000000000000 ) ) ;
#1531 = SURFACE_SIDE_STYLE ('',( #7761 ) ) ;
#1532 = MECHANICAL_DESIGN_GEOMETRIC_PRESENTATION_REPRESENTATION (  '', ( #4755 ), #5628 ) ;
#1533 = DIRECTION ( 'NONE',  ( -1.000000000000000000, -0.000000000000000000, 0.000000000000000000 ) ) ;
#1534 = UNCERTAINTY_MEASURE_WITH_UNIT (LENGTH_MEASURE( 1.000000000000000082E-05 ), #5033, 'distance_accuracy_value', 'NONE');
#1535 = LENGTH_MEASURE_WITH_UNIT ( LENGTH_MEASURE( 0.02539999999999999897 ), #28 );
#1536 = SURFACE_STYLE_FILL_AREA ( #852 ) ;
#1537 =( GEOMETRIC_REPRESENTATION_CONTEXT ( 3 ) GLOBAL_UNCERTAINTY_ASSIGNED_CONTEXT ( ( #7286 ) ) GLOBAL_UNIT_ASSIGNED_CONTEXT ( ( #5099, #4435, #1762 ) ) REPRESENTATION_CONTEXT ( 'NONE', 'WORKASPACE' ) );
#1538 = ORIENTED_EDGE ( 'NONE', *, *, #2301, .F. ) ;
#1539 = EDGE_LOOP ( 'NONE', ( #6665, #6904, #8976, #2100, #1237, #673, #7130, #3597, #3378, #7484, #3994, #736, #1766, #361, #4784, #5254, #4598, #1880, #4164, #1790, #4482, #2049, #3310, #493, #2729, #7070, #6860, #4683, #6850, #3401 ) ) ;
#1540 =( CONVERSION_BASED_UNIT ( 'INCH', #4259 ) LENGTH_UNIT ( ) NAMED_UNIT ( #3207 ) );
#1541 =( CONVERSION_BASED_UNIT ( 'INCH', #2331 ) LENGTH_UNIT ( ) NAMED_UNIT ( #8370 ) );
#1542 = COLOUR_RGB ( '',0.7490196078431372584, 0.7490196078431372584, 0.7490196078431372584 ) ;
#1543 = LENGTH_MEASURE_WITH_UNIT ( LENGTH_MEASURE( 0.02539999999999999897 ), #4973 );
#1544 = PLANE ( 'NONE',  #954 ) ;
#1545 = CARTESIAN_POINT ( 'NONE',  ( 0.07499999999999999722, -0.08244437787890905589, 0.01631147111528527538 ) ) ;
#1546 = AXIS2_PLACEMENT_3D ( 'NONE', #27, #1480, #4332 ) ;
#1547 = LENGTH_MEASURE_WITH_UNIT ( LENGTH_MEASURE( 0.02539999999999999897 ), #5713 );
#1548 = FACE_OUTER_BOUND ( 'NONE', #5409, .T. ) ;
#1549 = VECTOR ( 'NONE', #5356, 39.37007874015748143 ) ;
#1550 = LINE ( 'NONE', #2848, #2925 ) ;
#1551 = COLOUR_RGB ( '',0.7490196078431372584, 0.7490196078431372584, 0.7490196078431372584 ) ;
#1552 = LINE ( 'NONE', #225, #2274 ) ;
#1553 = CARTESIAN_POINT ( 'NONE',  ( 0.08307086614173228578, -0.1014396703667248129, 0.01159693470591019807 ) ) ;
#1554 = FILL_AREA_STYLE_COLOUR ( '', #4297 ) ;
#1555 = CARTESIAN_POINT ( 'NONE',  ( 0.06692913385826770867, -0.09383657304297442214, 0.02091502454231232433 ) ) ;
#1556 = CARTESIAN_POINT ( 'NONE',  ( -0.07074210174531850304, -0.05322241670594842627, 0.04870078740157480351 ) ) ;
#1557 = DIMENSIONAL_EXPONENTS ( 1.000000000000000000, 0.000000000000000000, 0.000000000000000000, 0.000000000000000000, 0.000000000000000000, 0.000000000000000000, 0.000000000000000000 ) ;
#1558 =( CONVERSION_BASED_UNIT ( 'INCH', #139 ) LENGTH_UNIT ( ) NAMED_UNIT ( #7086 ) );
#1559 = ORIENTED_EDGE ( 'NONE', *, *, #7281, .F. ) ;
#1560 = VERTEX_POINT ( 'NONE', #8546 ) ;
#1561 = DIRECTION ( 'NONE',  ( -0.1209742911513595892, -0.1209742911513550789, -0.9852565360152923946 ) ) ;
#1562 = STYLED_ITEM ( 'NONE', ( #7465 ), #2441 ) ;
#1563 = FILL_AREA_STYLE_COLOUR ( '', #8191 ) ;
#1564 = CARTESIAN_POINT ( 'NONE',  ( -0.09172319507450692189, -0.07223726126315202500, 0.04641999533636149977 ) ) ;
#1565 = CARTESIAN_POINT ( 'NONE',  ( 0.000000000000000000, 0.000000000000000000, 0.000000000000000000 ) ) ;
#1566 = DIRECTION ( 'NONE',  ( 0.000000000000000000, 0.000000000000000000, 1.000000000000000000 ) ) ;
#1567 = DIRECTION ( 'NONE',  ( -1.000000000000000000, 0.000000000000000000, 0.000000000000000000 ) ) ;
#1568 = EDGE_CURVE ( 'NONE', #7857, #6702, #7722, .T. ) ;
#1569 = AXIS2_PLACEMENT_3D ( 'NONE', #8812, #1058, #2592 ) ;
#1570 = PRESENTATION_LAYER_ASSIGNMENT (  '', '', ( #5957 ) ) ;
#1571 = CARTESIAN_POINT ( 'NONE',  ( -0.07499999999999999722, -0.08565767112959683793, 0.02601659103690532465 ) ) ;
#1572 = PLANE ( 'NONE',  #5304 ) ;
#1573 = CARTESIAN_POINT ( 'NONE',  ( -0.09645669291338584972, -0.07578740157480315376, 0.000000000000000000 ) ) ;
#1574 = ORIENTED_EDGE ( 'NONE', *, *, #649, .F. ) ;
#1575 = EDGE_CURVE ( 'NONE', #4316, #2230, #266, .T. ) ;
#1576 = UNCERTAINTY_MEASURE_WITH_UNIT (LENGTH_MEASURE( 1.000000000000000082E-05 ), #3491, 'distance_accuracy_value', 'NONE');
#1577 = EDGE_LOOP ( 'NONE', ( #1029, #8714, #5969, #7766, #872, #5008, #5930, #4181, #4017, #2650, #7598, #4184, #8540, #7236 ) ) ;
#1578 =( NAMED_UNIT ( * ) PLANE_ANGLE_UNIT ( ) SI_UNIT ( $, .RADIAN. ) );
#1579 = CARTESIAN_POINT ( 'NONE',  ( 0.03307086614173228301, -0.08244437787890905589, 0.01631147111528528579 ) ) ;
#1580 = MECHANICAL_DESIGN_GEOMETRIC_PRESENTATION_REPRESENTATION (  '', ( #3319 ), #3757 ) ;
#1581 = LINE ( 'NONE', #5089, #5485 ) ;
#1582 = LINE ( 'NONE', #6322, #2676 ) ;
#1583 = DIMENSIONAL_EXPONENTS ( 1.000000000000000000, 0.000000000000000000, 0.000000000000000000, 0.000000000000000000, 0.000000000000000000, 0.000000000000000000, 0.000000000000000000 ) ;
#1584 =( LENGTH_UNIT ( ) NAMED_UNIT ( * ) SI_UNIT ( $, .METRE. ) );
#1585 = CARTESIAN_POINT ( 'NONE',  ( -0.08503937007874015630, -0.09383657304297417234, 0.02091502454231214392 ) ) ;
#1586 = ORIENTED_EDGE ( 'NONE', *, *, #2037, .T. ) ;
#1587 = ORIENTED_EDGE ( 'NONE', *, *, #462, .T. ) ;
#1588 = FACE_OUTER_BOUND ( 'NONE', #1539, .T. ) ;
#1589 = VECTOR ( 'NONE', #8384, 39.37007874015748143 ) ;
#1590 = SURFACE_STYLE_USAGE ( .BOTH. , #4925 ) ;
#1591 = AXIS2_PLACEMENT_3D ( 'NONE', #1943, #531, #4690 ) ;
#1592 = EDGE_CURVE ( 'NONE', #5974, #1040, #8590, .T. ) ;
#1593 = CARTESIAN_POINT ( 'NONE',  ( -0.06496062992125983815, -0.08244437787890905589, 0.01631147111528527538 ) ) ;
#1594 = COLOUR_RGB ( '',0.2862745098039215508, 0.2862745098039215508, 0.2862745098039215508 ) ;
#1595 = PLANE ( 'NONE',  #354 ) ;
#1596 = EDGE_LOOP ( 'NONE', ( #8530, #2933, #5334, #7013 ) ) ;
#1597 = FILL_AREA_STYLE_COLOUR ( '', #1594 ) ;
#1598 = SURFACE_SIDE_STYLE ('',( #4444 ) ) ;
#1599 = DIRECTION ( 'NONE',  ( 0.000000000000000000, 0.000000000000000000, -1.000000000000000000 ) ) ;
#1600 = MECHANICAL_DESIGN_GEOMETRIC_PRESENTATION_REPRESENTATION (  '', ( #2643 ), #3648 ) ;
#1601 = DIRECTION ( 'NONE',  ( 0.000000000000000000, 0.04595002157773880186, -0.9989437399158199726 ) ) ;
#1602 = ADVANCED_FACE ( 'NONE', ( #7770 ), #1544, .F. ) ;
#1603 = PRESENTATION_LAYER_ASSIGNMENT (  '', '', ( #5698 ) ) ;
#1604 =( NAMED_UNIT ( * ) SI_UNIT ( $, .STERADIAN. ) SOLID_ANGLE_UNIT ( ) );
#1605 = LINE ( 'NONE', #2345, #1199 ) ;
#1606 = CARTESIAN_POINT ( 'NONE',  ( -0.09055118110236221041, 0.007027559055118149690, 0.000000000000000000 ) ) ;
#1607 = CARTESIAN_POINT ( 'NONE',  ( -0.06692913385826770867, -0.1014396703667248545, 0.01159693470591019286 ) ) ;
#1608 = DIRECTION ( 'NONE',  ( 0.000000000000000000, -0.4806245840651692247, -0.8769264559768868983 ) ) ;
#1609 = ORIENTED_EDGE ( 'NONE', *, *, #8826, .F. ) ;
#1610 = VERTEX_POINT ( 'NONE', #6670 ) ;
#1611 = MECHANICAL_DESIGN_GEOMETRIC_PRESENTATION_REPRESENTATION (  '', ( #4820 ), #6270 ) ;
#1612 = SURFACE_STYLE_USAGE ( .BOTH. , #7877 ) ;
#1613 = LINE ( 'NONE', #192, #8097 ) ;
#1614 =( GEOMETRIC_REPRESENTATION_CONTEXT ( 3 ) GLOBAL_UNCERTAINTY_ASSIGNED_CONTEXT ( ( #8281 ) ) GLOBAL_UNIT_ASSIGNED_CONTEXT ( ( #4659, #276, #5111 ) ) REPRESENTATION_CONTEXT ( 'NONE', 'WORKASPACE' ) );
#1615 =( LENGTH_UNIT ( ) NAMED_UNIT ( * ) SI_UNIT ( $, .METRE. ) );
#1616 = CARTESIAN_POINT ( 'NONE',  ( 0.02500000000000000139, -0.08221824588295552350, 0.01139540940310114318 ) ) ;
#1617 = DIRECTION ( 'NONE',  ( 0.000000000000000000, 0.04595002157773880186, -0.9989437399158199726 ) ) ;
#1618 = CARTESIAN_POINT ( 'NONE',  ( 0.09055118110236221041, 0.002027559055118133974, 0.000000000000000000 ) ) ;
#1619 = SURFACE_STYLE_FILL_AREA ( #7152 ) ;
#1620 =( GEOMETRIC_REPRESENTATION_CONTEXT ( 3 ) GLOBAL_UNCERTAINTY_ASSIGNED_CONTEXT ( ( #4223 ) ) GLOBAL_UNIT_ASSIGNED_CONTEXT ( ( #8078, #2370, #7207 ) ) REPRESENTATION_CONTEXT ( 'NONE', 'WORKASPACE' ) );
#1621 = FILL_AREA_STYLE_COLOUR ( '', #6599 ) ;
#1622 = ORIENTED_EDGE ( 'NONE', *, *, #3104, .T. ) ;
#1623 = ORIENTED_EDGE ( 'NONE', *, *, #5718, .T. ) ;
#1624 = CYLINDRICAL_SURFACE ( 'NONE', #7356, 0.003149606299212606621 ) ;
#1625 =( NAMED_UNIT ( * ) SI_UNIT ( $, .STERADIAN. ) SOLID_ANGLE_UNIT ( ) );
#1626 = EDGE_CURVE ( 'NONE', #7430, #3836, #7301, .T. ) ;
#1627 = DIRECTION ( 'NONE',  ( 0.000000000000000000, -1.000000000000000000, -0.000000000000000000 ) ) ;
#1628 = VECTOR ( 'NONE', #8631, 39.37007874015748143 ) ;
#1629 = CIRCLE ( 'NONE', #2369, 0.008858267716535431213 ) ;
#1630 = DIRECTION ( 'NONE',  ( 0.000000000000000000, -0.3143126552996241552, 0.9493195219305771149 ) ) ;
#1631 = DIRECTION ( 'NONE',  ( 0.000000000000000000, -0.000000000000000000, -1.000000000000000000 ) ) ;
#1632 = ORIENTED_EDGE ( 'NONE', *, *, #2528, .F. ) ;
#1633 = ORIENTED_EDGE ( 'NONE', *, *, #1808, .T. ) ;
#1634 = AXIS2_PLACEMENT_3D ( 'NONE', #7817, #859, #6376 ) ;
#1635 = LINE ( 'NONE', #7167, #7246 ) ;
#1636 = EDGE_CURVE ( 'NONE', #5806, #718, #1099, .T. ) ;
#1637 = VECTOR ( 'NONE', #4098, 39.37007874015748854 ) ;
#1638 = SURFACE_STYLE_USAGE ( .BOTH. , #7816 ) ;
#1639 = VECTOR ( 'NONE', #1843, 39.37007874015748143 ) ;
#1640 = FILL_AREA_STYLE ('',( #5619 ) ) ;
#1641 = FACE_OUTER_BOUND ( 'NONE', #7306, .T. ) ;
#1642 = SURFACE_STYLE_USAGE ( .BOTH. , #7254 ) ;
#1643 = ORIENTED_EDGE ( 'NONE', *, *, #8795, .T. ) ;
#1644 = DIMENSIONAL_EXPONENTS ( 1.000000000000000000, 0.000000000000000000, 0.000000000000000000, 0.000000000000000000, 0.000000000000000000, 0.000000000000000000, 0.000000000000000000 ) ;
#1645 =( CONVERSION_BASED_UNIT ( 'INCH', #3709 ) LENGTH_UNIT ( ) NAMED_UNIT ( #7534 ) );
#1646 = LINE ( 'NONE', #8508, #3154 ) ;
#1647 = EDGE_CURVE ( 'NONE', #1765, #5407, #4657, .T. ) ;
#1648 = STYLED_ITEM ( 'NONE', ( #1371 ), #8838 ) ;
#1649 = CARTESIAN_POINT ( 'NONE',  ( -0.07795275590551181688, 0.01003937007874019550, 0.005000000000000000104 ) ) ;
#1650 = CARTESIAN_POINT ( 'NONE',  ( 0.09042084030531759298, -0.07290115526594750928, 0.04882104092741533508 ) ) ;
#1651 = VECTOR ( 'NONE', #4680, 39.37007874015748143 ) ;
#1652 = DIRECTION ( 'NONE',  ( 1.000000000000000000, 0.000000000000000000, -0.000000000000000000 ) ) ;
#1653 = EDGE_LOOP ( 'NONE', ( #5510, #6458, #5898, #7110 ) ) ;
#1654 = APPLICATION_PROTOCOL_DEFINITION ( 'draft international standard', 'automotive_design', 1998, #8818 ) ;
#1655 = COLOUR_RGB ( '',0.7490196078431372584, 0.7490196078431372584, 0.7490196078431372584 ) ;
#1656 =( CONVERSION_BASED_UNIT ( 'INCH', #8570 ) LENGTH_UNIT ( ) NAMED_UNIT ( #3002 ) );
#1657 = CARTESIAN_POINT ( 'NONE',  ( -0.02500000000000000139, -0.09117972964715866102, 0.02576258403140881809 ) ) ;
#1658 = UNCERTAINTY_MEASURE_WITH_UNIT (LENGTH_MEASURE( 1.000000000000000082E-05 ), #1863, 'distance_accuracy_value', 'NONE');
#1659 =( GEOMETRIC_REPRESENTATION_CONTEXT ( 3 ) GLOBAL_UNCERTAINTY_ASSIGNED_CONTEXT ( ( #550 ) ) GLOBAL_UNIT_ASSIGNED_CONTEXT ( ( #3845, #222, #174 ) ) REPRESENTATION_CONTEXT ( 'NONE', 'WORKASPACE' ) );
#1660 = LENGTH_MEASURE_WITH_UNIT ( LENGTH_MEASURE( 0.02539999999999999897 ), #7883 );
#1661 = LINE ( 'NONE', #1573, #73 ) ;
#1662 = ORIENTED_EDGE ( 'NONE', *, *, #8987, .T. ) ;
#1663 = ORIENTED_EDGE ( 'NONE', *, *, #1335, .F. ) ;
#1664 = CARTESIAN_POINT ( 'NONE',  ( -0.09042084030531755134, 0.08707438361240418812, 0.04882104092741531426 ) ) ;
#1665 =( LENGTH_UNIT ( ) NAMED_UNIT ( * ) SI_UNIT ( $, .METRE. ) );
#1666 =( GEOMETRIC_REPRESENTATION_CONTEXT ( 3 ) GLOBAL_UNCERTAINTY_ASSIGNED_CONTEXT ( ( #4152 ) ) GLOBAL_UNIT_ASSIGNED_CONTEXT ( ( #4794, #544, #5380 ) ) REPRESENTATION_CONTEXT ( 'NONE', 'WORKASPACE' ) );
#1667 =( CONVERSION_BASED_UNIT ( 'INCH', #1076 ) LENGTH_UNIT ( ) NAMED_UNIT ( #585 ) );
#1668 = FILL_AREA_STYLE_COLOUR ( '', #8198 ) ;
#1669 = VERTEX_POINT ( 'NONE', #7901 ) ;
#1670 =( LENGTH_UNIT ( ) NAMED_UNIT ( * ) SI_UNIT ( $, .METRE. ) );
#1671 = MECHANICAL_DESIGN_GEOMETRIC_PRESENTATION_REPRESENTATION (  '', ( #2573 ), #946 ) ;
#1672 = ADVANCED_FACE ( 'NONE', ( #4566 ), #2378, .T. ) ;
#1673 =( LENGTH_UNIT ( ) NAMED_UNIT ( * ) SI_UNIT ( $, .METRE. ) );
#1674 = FILL_AREA_STYLE_COLOUR ( '', #2135 ) ;
#1675 = DIMENSIONAL_EXPONENTS ( 1.000000000000000000, 0.000000000000000000, 0.000000000000000000, 0.000000000000000000, 0.000000000000000000, 0.000000000000000000, 0.000000000000000000 ) ;
#1676 = SURFACE_STYLE_FILL_AREA ( #2287 ) ;
#1677 = PRESENTATION_LAYER_ASSIGNMENT (  '', '', ( #8632 ) ) ;
#1678 = ADVANCED_FACE ( 'NONE', ( #3237 ), #3111, .T. ) ;
#1680 = VECTOR ( 'NONE', #7442, 39.37007874015748143 ) ;
#1679 = PRODUCT_RELATED_PRODUCT_CATEGORY ( 'part', '', ( #3663 ) ) ;
#1681 = PRESENTATION_STYLE_ASSIGNMENT (( #1642 ) ) ;
#1682 = ORIENTED_EDGE ( 'NONE', *, *, #5844, .F. ) ;
#1683 = FILL_AREA_STYLE ('',( #3849 ) ) ;
#1684 = PRESENTATION_LAYER_ASSIGNMENT (  '', '', ( #6063 ) ) ;
#1685 =( NAMED_UNIT ( * ) PLANE_ANGLE_UNIT ( ) SI_UNIT ( $, .RADIAN. ) );
#1686 = MECHANICAL_DESIGN_GEOMETRIC_PRESENTATION_REPRESENTATION (  '', ( #2880 ), #4039 ) ;
#1687 = PRESENTATION_STYLE_ASSIGNMENT (( #229 ) ) ;
#1688 = FILL_AREA_STYLE_COLOUR ( '', #3547 ) ;
#1689 = LENGTH_MEASURE_WITH_UNIT ( LENGTH_MEASURE( 0.02539999999999999897 ), #3285 );
#1690 = EDGE_CURVE ( 'NONE', #1721, #569, #6854, .T. ) ;
#1691 = PRESENTATION_LAYER_ASSIGNMENT (  '', '', ( #8652 ) ) ;
#1692 = SURFACE_STYLE_USAGE ( .BOTH. , #1731 ) ;
#1693 = FACE_OUTER_BOUND ( 'NONE', #5355, .T. ) ;
#1694 = ORIENTED_EDGE ( 'NONE', *, *, #8318, .T. ) ;
#1695 = LENGTH_MEASURE_WITH_UNIT ( LENGTH_MEASURE( 0.02539999999999999897 ), #873 );
#1696 = DIMENSIONAL_EXPONENTS ( 1.000000000000000000, 0.000000000000000000, 0.000000000000000000, 0.000000000000000000, 0.000000000000000000, 0.000000000000000000, 0.000000000000000000 ) ;
#1697 = COLOUR_RGB ( '',0.2862745098039215508, 0.2862745098039215508, 0.2862745098039215508 ) ;
#1698 = FACE_OUTER_BOUND ( 'NONE', #5085, .T. ) ;
#1699 = DIRECTION ( 'NONE',  ( -1.000000000000000000, -0.000000000000000000, -0.000000000000000000 ) ) ;
#1700 = DIRECTION ( 'NONE',  ( 0.000000000000000000, -0.9925461516413219831, 0.1218693434051480173 ) ) ;
#1701 = EDGE_CURVE ( 'NONE', #2122, #445, #4021, .T. ) ;
#1702 = DIRECTION ( 'NONE',  ( 0.000000000000000000, 0.000000000000000000, 1.000000000000000000 ) ) ;
#1703 = LENGTH_MEASURE_WITH_UNIT ( LENGTH_MEASURE( 0.02539999999999999897 ), #6893 );
#1704 = VERTEX_POINT ( 'NONE', #632 ) ;
#1705 = SURFACE_STYLE_FILL_AREA ( #252 ) ;
#1706 = LENGTH_MEASURE_WITH_UNIT ( LENGTH_MEASURE( 0.02539999999999999897 ), #390 );
#1707 = PRESENTATION_LAYER_ASSIGNMENT (  '', '', ( #7362 ) ) ;
#1708 =( NAMED_UNIT ( * ) PLANE_ANGLE_UNIT ( ) SI_UNIT ( $, .RADIAN. ) );
#1709 = DIRECTION ( 'NONE',  ( -1.000000000000000000, -2.488951074227589851E-16, 0.000000000000000000 ) ) ;
#1710 = DIRECTION ( 'NONE',  ( 1.000000000000000000, 0.000000000000000000, 0.000000000000000000 ) ) ;
#1711 = VECTOR ( 'NONE', #2543, 39.37007874015748143 ) ;
#1712 = CARTESIAN_POINT ( 'NONE',  ( -0.09055118110236222428, 0.002027559055118119229, 0.000000000000000000 ) ) ;
#1713 = EDGE_CURVE ( 'NONE', #3868, #8361, #4624, .T. ) ;
#1714 = DIRECTION ( 'NONE',  ( 0.000000000000000000, 0.9493195219305766708, 0.3143126552996259315 ) ) ;
#1715 = ORIENTED_EDGE ( 'NONE', *, *, #5771, .T. ) ;
#1716 = VERTEX_POINT ( 'NONE', #3509 ) ;
#1717 = CARTESIAN_POINT ( 'NONE',  ( -0.07795275590551181688, 0.01003937007874019724, 0.005000000000000000104 ) ) ;
#1718 = FILL_AREA_STYLE ('',( #8672 ) ) ;
#1719 = MECHANICAL_DESIGN_GEOMETRIC_PRESENTATION_REPRESENTATION (  '', ( #275 ), #995 ) ;
#1720 = EDGE_LOOP ( 'NONE', ( #5370, #350, #662, #846 ) ) ;
#1721 = VERTEX_POINT ( 'NONE', #1897 ) ;
#1722 = SURFACE_STYLE_FILL_AREA ( #1683 ) ;
#1723 = EDGE_CURVE ( 'NONE', #4561, #7321, #2744, .T. ) ;
#1724 = FACE_OUTER_BOUND ( 'NONE', #3032, .T. ) ;
#1725 = ADVANCED_FACE ( 'NONE', ( #1389 ), #3370, .F. ) ;
#1726 =( GEOMETRIC_REPRESENTATION_CONTEXT ( 3 ) GLOBAL_UNCERTAINTY_ASSIGNED_CONTEXT ( ( #4934 ) ) GLOBAL_UNIT_ASSIGNED_CONTEXT ( ( #7360, #7535, #648 ) ) REPRESENTATION_CONTEXT ( 'NONE', 'WORKASPACE' ) );
#1727 = CARTESIAN_POINT ( 'NONE',  ( 0.09187365971139234422, -0.07119130632175710294, 0.04902615931893943707 ) ) ;
#1728 = ADVANCED_FACE ( 'NONE', ( #5512 ), #8131, .T. ) ;
#1729 = VECTOR ( 'NONE', #6053, 39.37007874015748143 ) ;
#1730 = DIMENSIONAL_EXPONENTS ( 1.000000000000000000, 0.000000000000000000, 0.000000000000000000, 0.000000000000000000, 0.000000000000000000, 0.000000000000000000, 0.000000000000000000 ) ;
#1731 = SURFACE_SIDE_STYLE ('',( #2442 ) ) ;
#1732 = LENGTH_MEASURE_WITH_UNIT ( LENGTH_MEASURE( 0.02539999999999999897 ), #1100 );
#1733 = PRESENTATION_STYLE_ASSIGNMENT (( #375 ) ) ;
#1734 = CARTESIAN_POINT ( 'NONE',  ( -0.08307086614173228578, -0.08653382883559770922, 0.01376068786798871797 ) ) ;
#1735 = DIRECTION ( 'NONE',  ( 0.000000000000000000, 0.000000000000000000, 1.000000000000000000 ) ) ;
#1736 = LENGTH_MEASURE_WITH_UNIT ( LENGTH_MEASURE( 0.02539999999999999897 ), #7971 );
#1737 = ORIENTED_EDGE ( 'NONE', *, *, #4655, .T. ) ;
#1738 = ADVANCED_FACE ( 'NONE', ( #8352 ), #5002, .F. ) ;
#1739 = VECTOR ( 'NONE', #4861, 39.37007874015748143 ) ;
#1740 = PRODUCT_CONTEXT ( 'NONE', #8379, 'mechanical' ) ;
#1741 = DIRECTION ( 'NONE',  ( -1.000000000000000000, 0.000000000000000000, 0.000000000000000000 ) ) ;
#1742 = FACE_OUTER_BOUND ( 'NONE', #5471, .T. ) ;
#1743 = LINE ( 'NONE', #199, #4389 ) ;
#1744 = DIRECTION ( 'NONE',  ( 0.000000000000000000, 0.000000000000000000, -1.000000000000000000 ) ) ;
#1745 =( GEOMETRIC_REPRESENTATION_CONTEXT ( 3 ) GLOBAL_UNCERTAINTY_ASSIGNED_CONTEXT ( ( #5633 ) ) GLOBAL_UNIT_ASSIGNED_CONTEXT ( ( #656, #8949, #5537 ) ) REPRESENTATION_CONTEXT ( 'NONE', 'WORKASPACE' ) );
#1746 = SURFACE_STYLE_FILL_AREA ( #3777 ) ;
#1747 = DIRECTION ( 'NONE',  ( 0.7071067811865440200, -0.7071067811865510144, 0.000000000000000000 ) ) ;
#1748 = VERTEX_POINT ( 'NONE', #6403 ) ;
#1749 = ORIENTED_EDGE ( 'NONE', *, *, #5990, .T. ) ;
#1750 = PRESENTATION_LAYER_ASSIGNMENT (  '', '', ( #1024 ) ) ;
#1751 =( NAMED_UNIT ( * ) PLANE_ANGLE_UNIT ( ) SI_UNIT ( $, .RADIAN. ) );
#1752 = EDGE_CURVE ( 'NONE', #3289, #4959, #2139, .T. ) ;
#1753 =( LENGTH_UNIT ( ) NAMED_UNIT ( * ) SI_UNIT ( $, .METRE. ) );
#1754 = CARTESIAN_POINT ( 'NONE',  ( 0.06530030766429134603, 0.1049212598425196957, 0.000000000000000000 ) ) ;
#1755 = CARTESIAN_POINT ( 'NONE',  ( 0.09645669291338584972, 0.08996062992125987423, 0.005000000000000000104 ) ) ;
#1756 = AXIS2_PLACEMENT_3D ( 'NONE', #8973, #1349, #8173 ) ;
#1757 = ORIENTED_EDGE ( 'NONE', *, *, #3979, .F. ) ;
#1758 = EDGE_LOOP ( 'NONE', ( #6482, #6102, #5659, #3233 ) ) ;
#1759 = SURFACE_STYLE_USAGE ( .BOTH. , #1123 ) ;
#1760 = SURFACE_SIDE_STYLE ('',( #8170 ) ) ;
#1761 = MECHANICAL_DESIGN_GEOMETRIC_PRESENTATION_REPRESENTATION (  '', ( #8007 ), #2523 ) ;
#1762 =( NAMED_UNIT ( * ) SI_UNIT ( $, .STERADIAN. ) SOLID_ANGLE_UNIT ( ) );
#1763 = LINE ( 'NONE', #4479, #4562 ) ;
#1764 = CARTESIAN_POINT ( 'NONE',  ( -0.02411417322834646243, -0.07436038474521952657, 0.04711612391623658941 ) ) ;
#1765 = VERTEX_POINT ( 'NONE', #1433 ) ;
#1766 = ORIENTED_EDGE ( 'NONE', *, *, #8061, .F. ) ;
#1767 =( LENGTH_UNIT ( ) NAMED_UNIT ( * ) SI_UNIT ( $, .METRE. ) );
#1768 = AXIS2_PLACEMENT_3D ( 'NONE', #4964, #7803, #7114 ) ;
#1769 = FILL_AREA_STYLE_COLOUR ( '', #5184 ) ;
#1770 = FILL_AREA_STYLE ('',( #8003 ) ) ;
#1771 = CARTESIAN_POINT ( 'NONE',  ( -0.1009842519685039408, 0.007027559055118149690, 0.000000000000000000 ) ) ;
#1772 =( LENGTH_UNIT ( ) NAMED_UNIT ( * ) SI_UNIT ( $, .METRE. ) );
#1773 = CARTESIAN_POINT ( 'NONE',  ( 0.09042084030531759298, -0.07290115526594750928, 0.04882104092741532120 ) ) ;
#1774 = CARTESIAN_POINT ( 'NONE',  ( 0.07494307814895392883, 0.004527559055118110173, 0.009842519685039369942 ) ) ;
#1775 = VECTOR ( 'NONE', #3497, 39.37007874015748143 ) ;
#1776 = VECTOR ( 'NONE', #1505, 39.37007874015748143 ) ;
#1777 =( NAMED_UNIT ( * ) SI_UNIT ( $, .STERADIAN. ) SOLID_ANGLE_UNIT ( ) );
#1778 = FACE_OUTER_BOUND ( 'NONE', #7718, .T. ) ;
#1779 =( CONVERSION_BASED_UNIT ( 'INCH', #7453 ) LENGTH_UNIT ( ) NAMED_UNIT ( #4550 ) );
#1780 = LINE ( 'NONE', #4585, #7505 ) ;
#1781 = ORIENTED_EDGE ( 'NONE', *, *, #2389, .T. ) ;
#1782 = EDGE_CURVE ( 'NONE', #4742, #3337, #8492, .T. ) ;
#1783 = PRESENTATION_LAYER_ASSIGNMENT (  '', '', ( #8746 ) ) ;
#1784 = SURFACE_STYLE_USAGE ( .BOTH. , #8610 ) ;
#1785 = CYLINDRICAL_SURFACE ( 'NONE', #6826, 0.009842519685039369942 ) ;
#1786 = SURFACE_STYLE_FILL_AREA ( #8694 ) ;
#1787 = EDGE_CURVE ( 'NONE', #6566, #4750, #5044, .T. ) ;
#1788 = DIRECTION ( 'NONE',  ( 0.000000000000000000, 0.000000000000000000, -1.000000000000000000 ) ) ;
#1789 = CARTESIAN_POINT ( 'NONE',  ( -0.03307086614173228301, -0.09796007064640148421, 0.002021243723793055263 ) ) ;
#1790 = ORIENTED_EDGE ( 'NONE', *, *, #1021, .F. ) ;
#1791 = ORIENTED_EDGE ( 'NONE', *, *, #5894, .T. ) ;
#1792 = MECHANICAL_DESIGN_GEOMETRIC_PRESENTATION_REPRESENTATION (  '', ( #4442 ), #5602 ) ;
#1793 = CARTESIAN_POINT ( 'NONE',  ( 0.08753937007874014464, 0.01003937007874020938, 0.009842519685039369942 ) ) ;
#1794 = LINE ( 'NONE', #6184, #1549 ) ;
#1795 = DIMENSIONAL_EXPONENTS ( 1.000000000000000000, 0.000000000000000000, 0.000000000000000000, 0.000000000000000000, 0.000000000000000000, 0.000000000000000000, 0.000000000000000000 ) ;
#1796 = PRESENTATION_STYLE_ASSIGNMENT (( #2413 ) ) ;
#1797 = DIRECTION ( 'NONE',  ( -1.000000000000000000, -0.000000000000000000, 0.000000000000000000 ) ) ;
#1798 = SURFACE_SIDE_STYLE ('',( #6610 ) ) ;
#1799 = CARTESIAN_POINT ( 'NONE',  ( 0.08779069753053733716, -0.07223726126315203888, 0.04955826332223256525 ) ) ;
#1800 = VECTOR ( 'NONE', #3661, 39.37007874015748143 ) ;
#1801 = FILL_AREA_STYLE ('',( #8665 ) ) ;
#1802 = EDGE_CURVE ( 'NONE', #6923, #512, #1581, .T. ) ;
#1803 =( LENGTH_UNIT ( ) NAMED_UNIT ( * ) SI_UNIT ( $, .METRE. ) );
#1804 = VERTEX_POINT ( 'NONE', #3692 ) ;
#1805 = ORIENTED_EDGE ( 'NONE', *, *, #4546, .F. ) ;
#1806 =( CONVERSION_BASED_UNIT ( 'INCH', #7300 ) LENGTH_UNIT ( ) NAMED_UNIT ( #2584 ) );
#1807 = STYLED_ITEM ( 'NONE', ( #8045 ), #6020 ) ;
#1808 = EDGE_CURVE ( 'NONE', #3107, #3199, #7848, .T. ) ;
#1809 = EDGE_CURVE ( 'NONE', #6627, #2747, #8533, .T. ) ;
#1810 = AXIS2_PLACEMENT_3D ( 'NONE', #2887, #8357, #6284 ) ;
#1811 = LINE ( 'NONE', #7348, #2712 ) ;
#1812 = ORIENTED_EDGE ( 'NONE', *, *, #3142, .F. ) ;
#1813 = DIMENSIONAL_EXPONENTS ( 1.000000000000000000, 0.000000000000000000, 0.000000000000000000, 0.000000000000000000, 0.000000000000000000, 0.000000000000000000, 0.000000000000000000 ) ;
#1814 = ORIENTED_EDGE ( 'NONE', *, *, #549, .F. ) ;
#1815 = ADVANCED_FACE ( 'NONE', ( #4429 ), #344, .T. ) ;
#1816 = SURFACE_SIDE_STYLE ('',( #506 ) ) ;
#1817 =( CONVERSION_BASED_UNIT ( 'INCH', #4484 ) LENGTH_UNIT ( ) NAMED_UNIT ( #3452 ) );
#1818 = STYLED_ITEM ( 'NONE', ( #7933 ), #1315 ) ;
#1819 = PRESENTATION_STYLE_ASSIGNMENT (( #7103 ) ) ;
#1820 = LINE ( 'NONE', #4076, #608 ) ;
#1821 = AXIS2_PLACEMENT_3D ( 'NONE', #7681, #4932, #1363 ) ;
#1822 = SURFACE_STYLE_FILL_AREA ( #2538 ) ;
#1823 = EDGE_CURVE ( 'NONE', #5105, #8955, #438, .T. ) ;
#1824 = DIRECTION ( 'NONE',  ( 0.7071067811865469066, 0.7071067811865479058, 0.000000000000000000 ) ) ;
#1825 = PLANE ( 'NONE',  #2150 ) ;
#1826 = SURFACE_STYLE_FILL_AREA ( #8057 ) ;
#1827 = FACE_OUTER_BOUND ( 'NONE', #5559, .T. ) ;
#1828 = ORIENTED_EDGE ( 'NONE', *, *, #2982, .T. ) ;
#1829 = COLOUR_RGB ( '',0.2862745098039215508, 0.2862745098039215508, 0.2862745098039215508 ) ;
#1830 = MECHANICAL_DESIGN_GEOMETRIC_PRESENTATION_REPRESENTATION (  '', ( #4768 ), #5797 ) ;
#1831 = CARTESIAN_POINT ( 'NONE',  ( -0.08753937007874017240, -0.0009842519685039252848, 0.009842519685039369942 ) ) ;
#1832 = CARTESIAN_POINT ( 'NONE',  ( 0.07494307814895394271, 0.09311023622047245873, 0.000000000000000000 ) ) ;
#1833 =( LENGTH_UNIT ( ) NAMED_UNIT ( * ) SI_UNIT ( $, .METRE. ) );
#1834 = ORIENTED_EDGE ( 'NONE', *, *, #3270, .T. ) ;
#1835 = UNCERTAINTY_MEASURE_WITH_UNIT (LENGTH_MEASURE( 1.000000000000000082E-05 ), #6480, 'distance_accuracy_value', 'NONE');
#1836 = ORIENTED_EDGE ( 'NONE', *, *, #766, .T. ) ;
#1837 = DIRECTION ( 'NONE',  ( 0.000000000000000000, -0.000000000000000000, -1.000000000000000000 ) ) ;
#1838 = COLOUR_RGB ( '',0.2862745098039215508, 0.2862745098039215508, 0.2862745098039215508 ) ;
#1839 = DIRECTION ( 'NONE',  ( 0.000000000000000000, -3.469446951953614189E-15, -1.000000000000000000 ) ) ;
#1840 = EDGE_CURVE ( 'NONE', #313, #8697, #4601, .T. ) ;
#1841 = FILL_AREA_STYLE_COLOUR ( '', #901 ) ;
#1842 = FILL_AREA_STYLE ('',( #439 ) ) ;
#1843 = DIRECTION ( 'NONE',  ( 1.000000000000000000, 0.000000000000000000, 0.000000000000000000 ) ) ;
#1844 = VECTOR ( 'NONE', #8414, 39.37007874015748143 ) ;
#1845 = LINE ( 'NONE', #6764, #133 ) ;
#1846 = VECTOR ( 'NONE', #5605, 39.37007874015748143 ) ;
#1847 = SURFACE_STYLE_FILL_AREA ( #1801 ) ;
#1848 = SURFACE_STYLE_FILL_AREA ( #6150 ) ;
#1849 = EDGE_LOOP ( 'NONE', ( #1609, #363, #1791, #4921 ) ) ;
#1850 = ORIENTED_EDGE ( 'NONE', *, *, #5048, .F. ) ;
#1851 = DIRECTION ( 'NONE',  ( 1.000000000000000000, 0.000000000000000000, 0.000000000000000000 ) ) ;
#1852 = SURFACE_STYLE_USAGE ( .BOTH. , #1760 ) ;
#1853 = STYLED_ITEM ( 'NONE', ( #7553 ), #3254 ) ;
#1854 = CARTESIAN_POINT ( 'NONE',  ( 0.09155878743359122107, -0.07257363067716070260, 0.04724113004182507042 ) ) ;
#1855 = DIMENSIONAL_EXPONENTS ( 1.000000000000000000, 0.000000000000000000, 0.000000000000000000, 0.000000000000000000, 0.000000000000000000, 0.000000000000000000, 0.000000000000000000 ) ;
#1856 = DIRECTION ( 'NONE',  ( -1.000000000000000000, -0.000000000000000000, 0.000000000000000000 ) ) ;
#1857 = DIRECTION ( 'NONE',  ( 0.000000000000000000, -1.000000000000000000, 0.000000000000000000 ) ) ;
#1858 = CIRCLE ( 'NONE', #6944, 0.003149606299212608790 ) ;
#1859 = MECHANICAL_DESIGN_GEOMETRIC_PRESENTATION_REPRESENTATION (  '', ( #5957 ), #5064 ) ;
#1860 = ORIENTED_EDGE ( 'NONE', *, *, #1443, .T. ) ;
#1861 = EDGE_LOOP ( 'NONE', ( #5303, #2410, #5395, #4571 ) ) ;
#1862 = FILL_AREA_STYLE_COLOUR ( '', #5684 ) ;
#1863 =( CONVERSION_BASED_UNIT ( 'INCH', #4625 ) LENGTH_UNIT ( ) NAMED_UNIT ( #1271 ) );
#1864 = VECTOR ( 'NONE', #4117, 39.37007874015748143 ) ;
#1865 = CARTESIAN_POINT ( 'NONE',  ( -0.08307086614173228578, -0.06107104945795473194, 0.02714754141097830767 ) ) ;
#1866 = PRESENTATION_STYLE_ASSIGNMENT (( #3939 ) ) ;
#1867 = CARTESIAN_POINT ( 'NONE',  ( -0.06530030766429133215, 0.09311023622047245873, 0.005000000000000000104 ) ) ;
#1868 =( CONVERSION_BASED_UNIT ( 'INCH', #2588 ) LENGTH_UNIT ( ) NAMED_UNIT ( #442 ) );
#1869 = COLOUR_RGB ( '',0.7490196078431372584, 0.7490196078431372584, 0.7490196078431372584 ) ;
#1870 = FILL_AREA_STYLE_COLOUR ( '', #6746 ) ;
#1871 = LINE ( 'NONE', #2447, #4354 ) ;
#1872 = ORIENTED_EDGE ( 'NONE', *, *, #115, .F. ) ;
#1873 = COLOUR_RGB ( '',0.7490196078431372584, 0.7490196078431372584, 0.7490196078431372584 ) ;
#1874 = CARTESIAN_POINT ( 'NONE',  ( -0.09042084030531759298, -0.07290115526594750928, 0.04882104092741531426 ) ) ;
#1875 = CARTESIAN_POINT ( 'NONE',  ( -0.07795275590551181688, -0.0009842519685039155270, 0.009842519685039369942 ) ) ;
#1876 =( GEOMETRIC_REPRESENTATION_CONTEXT ( 3 ) GLOBAL_UNCERTAINTY_ASSIGNED_CONTEXT ( ( #5672 ) ) GLOBAL_UNIT_ASSIGNED_CONTEXT ( ( #2670, #1967, #6293 ) ) REPRESENTATION_CONTEXT ( 'NONE', 'WORKASPACE' ) );
#1877 = DIRECTION ( 'NONE',  ( -1.000000000000000000, -1.139859368198320049E-15, -0.000000000000000000 ) ) ;
#1878 = SURFACE_STYLE_USAGE ( .BOTH. , #7283 ) ;
#1879 = ORIENTED_EDGE ( 'NONE', *, *, #1465, .T. ) ;
#1880 = ORIENTED_EDGE ( 'NONE', *, *, #1647, .F. ) ;
#1881 = VECTOR ( 'NONE', #244, 39.37007874015748143 ) ;
#1882 = DIRECTION ( 'NONE',  ( -0.000000000000000000, 0.4806245840651710566, 0.8769264559768860101 ) ) ;
#1883 = FACE_OUTER_BOUND ( 'NONE', #2685, .T. ) ;
#1884 = SURFACE_STYLE_FILL_AREA ( #6145 ) ;
#1885 = ADVANCED_FACE ( 'NONE', ( #982 ), #2513, .T. ) ;
#1886 = CARTESIAN_POINT ( 'NONE',  ( -0.06530030766429134603, 0.08129921259842519399, 0.000000000000000000 ) ) ;
#1887 =( CONVERSION_BASED_UNIT ( 'INCH', #8123 ) LENGTH_UNIT ( ) NAMED_UNIT ( #3873 ) );
#1888 =( CONVERSION_BASED_UNIT ( 'INCH', #8830 ) LENGTH_UNIT ( ) NAMED_UNIT ( #3753 ) );
#1889 = CARTESIAN_POINT ( 'NONE',  ( 0.08753937007874017240, 0.01003937007874023540, 0.005000000000000000104 ) ) ;
#1890 =( NAMED_UNIT ( * ) PLANE_ANGLE_UNIT ( ) SI_UNIT ( $, .RADIAN. ) );
#1891 =( GEOMETRIC_REPRESENTATION_CONTEXT ( 3 ) GLOBAL_UNCERTAINTY_ASSIGNED_CONTEXT ( ( #2759 ) ) GLOBAL_UNIT_ASSIGNED_CONTEXT ( ( #5349, #8062, #7326 ) ) REPRESENTATION_CONTEXT ( 'NONE', 'WORKASPACE' ) );
#1892 = DIRECTION ( 'NONE',  ( 1.000000000000000000, 0.000000000000000000, 0.000000000000000000 ) ) ;
#1893 = VERTEX_POINT ( 'NONE', #5271 ) ;
#1894 = ORIENTED_EDGE ( 'NONE', *, *, #5960, .F. ) ;
#1895 = PRESENTATION_STYLE_ASSIGNMENT (( #1759 ) ) ;
#1896 = SURFACE_STYLE_FILL_AREA ( #8128 ) ;
#1897 = CARTESIAN_POINT ( 'NONE',  ( -0.01692913385826771977, -0.1014396703667248545, 0.01159693470591019286 ) ) ;
#1898 =( BOUNDED_SURFACE ( )  B_SPLINE_SURFACE ( 3, 3, ( 
 ( #13, #8441, #59, #2868 ),
 ( #745, #2826, #834, #5597 ),
 ( #8344, #4281, #2129, #2959 ),
 ( #5743, #4904, #3538, #5641 ) ),
 .UNSPECIFIED., .F., .F., .F. ) 
 B_SPLINE_SURFACE_WITH_KNOTS ( ( 4, 4 ),
 ( 4, 4 ),
 ( 0.000000000000000000, 1.000000000000000000 ),
 ( 0.000000000000000000, 1.000000000000000000 ),
 .UNSPECIFIED. ) 
 GEOMETRIC_REPRESENTATION_ITEM ( )  RATIONAL_B_SPLINE_SURFACE ( (
 ( 1.000000000000000000, 0.3333333333333299842, 0.3333333333333299842, 1.000000000000000000),
 ( 0.9299384305661969607, 0.3099794768553958968, 0.3099794768553958968, 0.9299384305661969607),
 ( 0.9299384305661969607, 0.3099794768553958968, 0.3099794768553958968, 0.9299384305661969607),
 ( 1.000000000000000000, 0.3333333333333299842, 0.3333333333333299842, 1.000000000000000000) ) ) 
 REPRESENTATION_ITEM ( '' )  SURFACE ( )  );
#1899 = EDGE_CURVE ( 'NONE', #8847, #2230, #8030, .T. ) ;
#1900 = FACE_OUTER_BOUND ( 'NONE', #887, .T. ) ;
#1901 = CARTESIAN_POINT ( 'NONE',  ( -0.07795275590551181688, -0.0009842519685039161775, 0.005000000000000000104 ) ) ;
#1902 = ADVANCED_FACE ( 'NONE', ( #8742 ), #4007, .T. ) ;
#1903 = CARTESIAN_POINT ( 'NONE',  ( -0.07795275590551181688, 0.01003937007874015908, 0.000000000000000000 ) ) ;
#1904 = EDGE_LOOP ( 'NONE', ( #711, #798, #978, #4107 ) ) ;
#1905 = EDGE_CURVE ( 'NONE', #5890, #2792, #572, .T. ) ;
#1906 = EDGE_LOOP ( 'NONE', ( #7109, #5604, #1055, #6692, #7255, #7937, #7972 ) ) ;
#1907 = FILL_AREA_STYLE ('',( #503 ) ) ;
#1908 = DIRECTION ( 'NONE',  ( 1.000000000000000000, 0.000000000000000000, 0.000000000000000000 ) ) ;
#1909 = LINE ( 'NONE', #1217, #5824 ) ;
#1910 = UNCERTAINTY_MEASURE_WITH_UNIT (LENGTH_MEASURE( 1.000000000000000082E-05 ), #3718, 'distance_accuracy_value', 'NONE');
#1911 =( NAMED_UNIT ( * ) PLANE_ANGLE_UNIT ( ) SI_UNIT ( $, .RADIAN. ) );
#1912 = STYLED_ITEM ( 'NONE', ( #8108 ), #8761 ) ;
#1913 = CARTESIAN_POINT ( 'NONE',  ( -0.09338409450877106777, -0.06796840616323768236, 0.04850123345096187671 ) ) ;
#1914 = DIRECTION ( 'NONE',  ( -0.000000000000000000, 1.000000000000000000, 0.000000000000000000 ) ) ;
#1915 = PLANE ( 'NONE',  #5296 ) ;
#1916 = DIMENSIONAL_EXPONENTS ( 1.000000000000000000, 0.000000000000000000, 0.000000000000000000, 0.000000000000000000, 0.000000000000000000, 0.000000000000000000, 0.000000000000000000 ) ;
#1917 = ADVANCED_FACE ( 'NONE', ( #3961 ), #4145, .T. ) ;
#1918 = SURFACE_STYLE_FILL_AREA ( #3251 ) ;
#1919 = FILL_AREA_STYLE_COLOUR ( '', #1551 ) ;
#1920 = EDGE_LOOP ( 'NONE', ( #8749, #6430, #8698, #281 ) ) ;
#1921 = VECTOR ( 'NONE', #7997, 39.37007874015748143 ) ;
#1922 = SURFACE_STYLE_FILL_AREA ( #5486 ) ;
#1923 = DIRECTION ( 'NONE',  ( 0.000000000000000000, -0.08715574274765816587, 0.9961946980917455452 ) ) ;
#1924 = CARTESIAN_POINT ( 'NONE',  ( -0.02500000000000000139, -0.08520540713768977314, 0.01618446761253700822 ) ) ;
#1925 = DIRECTION ( 'NONE',  ( -1.000000000000000000, -0.000000000000000000, 0.000000000000000000 ) ) ;
#1926 = EDGE_CURVE ( 'NONE', #8498, #445, #6639, .T. ) ;
#1927 =( NAMED_UNIT ( * ) PLANE_ANGLE_UNIT ( ) SI_UNIT ( $, .RADIAN. ) );
#1928 = MECHANICAL_DESIGN_GEOMETRIC_PRESENTATION_REPRESENTATION (  '', ( #2232 ), #4427 ) ;
#1929 = DIRECTION ( 'NONE',  ( 0.000000000000000000, -1.000000000000000000, 0.000000000000000000 ) ) ;
#1930 = STYLED_ITEM ( 'NONE', ( #5152 ), #8253 ) ;
#1931 = DIRECTION ( 'NONE',  ( -0.000000000000000000, 1.000000000000000000, 0.000000000000000000 ) ) ;
#1932 =( NAMED_UNIT ( * ) PLANE_ANGLE_UNIT ( ) SI_UNIT ( $, .RADIAN. ) );
#1933 = ORIENTED_EDGE ( 'NONE', *, *, #3092, .F. ) ;
#1934 = ORIENTED_EDGE ( 'NONE', *, *, #6795, .F. ) ;
#1935 =( CONVERSION_BASED_UNIT ( 'INCH', #5410 ) LENGTH_UNIT ( ) NAMED_UNIT ( #8700 ) );
#1936 = DIRECTION ( 'NONE',  ( -0.7071067811865460184, -0.7071067811865490160, -0.000000000000000000 ) ) ;
#1937 = SURFACE_STYLE_USAGE ( .BOTH. , #2692 ) ;
#1938 = VECTOR ( 'NONE', #7380, 39.37007874015748854 ) ;
#1939 = COLOUR_RGB ( '',0.2862745098039215508, 0.2862745098039215508, 0.2862745098039215508 ) ;
#1940 =( LENGTH_UNIT ( ) NAMED_UNIT ( * ) SI_UNIT ( $, .METRE. ) );
#1941 = CARTESIAN_POINT ( 'NONE',  ( -0.09330708661417323746, 0.08996062992125984648, 0.005000000000000000104 ) ) ;
#1942 = CARTESIAN_POINT ( 'NONE',  ( 0.07795275590551181688, -0.01909448818897637595, 0.005000000000000000104 ) ) ;
#1943 = CARTESIAN_POINT ( 'NONE',  ( 0.07494307814895394271, 0.09311023622047245873, 0.000000000000000000 ) ) ;
#1944 = CARTESIAN_POINT ( 'NONE',  ( 0.09042084030531759298, -0.07290115526594749540, 0.04882104092741532120 ) ) ;
#1945 = VECTOR ( 'NONE', #427, 39.37007874015748143 ) ;
#1946 = SURFACE_SIDE_STYLE ('',( #8166 ) ) ;
#1947 = VERTEX_POINT ( 'NONE', #1867 ) ;
#1948 = VERTEX_POINT ( 'NONE', #1054 ) ;
#1949 = DIRECTION ( 'NONE',  ( 0.9925461516413218721, 0.000000000000000000, 0.1218693434051484753 ) ) ;
#1950 = COLOUR_RGB ( '',0.7490196078431372584, 0.7490196078431372584, 0.7490196078431372584 ) ;
#1951 = MECHANICAL_DESIGN_GEOMETRIC_PRESENTATION_REPRESENTATION (  '', ( #1077 ), #3130 ) ;
#1952 = CARTESIAN_POINT ( 'NONE',  ( -0.08875394017312086825, 0.02859251968503937272, 0.04673228346456693300 ) ) ;
#1953 = CYLINDRICAL_SURFACE ( 'NONE', #5256, 0.004921259842519684971 ) ;
#1954 = PLANE ( 'NONE',  #359 ) ;
#1955 = EDGE_LOOP ( 'NONE', ( #7896, #944, #8152, #65, #6552, #808, #1511, #712 ) ) ;
#1956 = ORIENTED_EDGE ( 'NONE', *, *, #8520, .F. ) ;
#1957 =( GEOMETRIC_REPRESENTATION_CONTEXT ( 3 ) GLOBAL_UNCERTAINTY_ASSIGNED_CONTEXT ( ( #4752 ) ) GLOBAL_UNIT_ASSIGNED_CONTEXT ( ( #7218, #4348, #6420 ) ) REPRESENTATION_CONTEXT ( 'NONE', 'WORKASPACE' ) );
#1958 =( NAMED_UNIT ( * ) PLANE_ANGLE_UNIT ( ) SI_UNIT ( $, .RADIAN. ) );
#1959 = COLOUR_RGB ( '',0.7490196078431372584, 0.7490196078431372584, 0.7490196078431372584 ) ;
#1960 =( NAMED_UNIT ( * ) SI_UNIT ( $, .STERADIAN. ) SOLID_ANGLE_UNIT ( ) );
#1961 =( NAMED_UNIT ( * ) SI_UNIT ( $, .STERADIAN. ) SOLID_ANGLE_UNIT ( ) );
#1962 = ADVANCED_FACE ( 'NONE', ( #1693 ), #2541, .T. ) ;
#1963 =( CONVERSION_BASED_UNIT ( 'INCH', #596 ) LENGTH_UNIT ( ) NAMED_UNIT ( #8436 ) );
#1964 = ADVANCED_FACE ( 'NONE', ( #5867 ), #1825, .T. ) ;
#1965 = MECHANICAL_DESIGN_GEOMETRIC_PRESENTATION_REPRESENTATION (  '', ( #5909 ), #4458 ) ;
#1966 = PRESENTATION_STYLE_ASSIGNMENT (( #6686 ) ) ;
#1967 =( NAMED_UNIT ( * ) PLANE_ANGLE_UNIT ( ) SI_UNIT ( $, .RADIAN. ) );
#1968 = SURFACE_SIDE_STYLE ('',( #5705 ) ) ;
#1969 = CYLINDRICAL_SURFACE ( 'NONE', #3441, 0.004921259842519684971 ) ;
#1970 = PLANE ( 'NONE',  #4793 ) ;
#1971 = CARTESIAN_POINT ( 'NONE',  ( 0.07795275590551181688, -0.01909448818897637595, 0.005000000000000000104 ) ) ;
#1972 = CARTESIAN_POINT ( 'NONE',  ( 0.08307086614173228578, -0.08565767112959683793, 0.02601659103690531424 ) ) ;
#1973 = PRESENTATION_LAYER_ASSIGNMENT (  '', '', ( #5918 ) ) ;
#1974 = FILL_AREA_STYLE ('',( #8192 ) ) ;
#1975 = DIRECTION ( 'NONE',  ( 1.000000000000000000, 0.000000000000000000, 0.000000000000000000 ) ) ;
#1976 =( NAMED_UNIT ( * ) SI_UNIT ( $, .STERADIAN. ) SOLID_ANGLE_UNIT ( ) );
#1977 = VECTOR ( 'NONE', #813, 39.37007874015748143 ) ;
#1978 = DIRECTION ( 'NONE',  ( -0.000000000000000000, -0.000000000000000000, -1.000000000000000000 ) ) ;
#1979 = ORIENTED_EDGE ( 'NONE', *, *, #6315, .T. ) ;
#1980 = AXIS2_PLACEMENT_3D ( 'NONE', #5292, #8849, #593 ) ;
#1981 = ORIENTED_EDGE ( 'NONE', *, *, #4203, .F. ) ;
#1982 = ORIENTED_EDGE ( 'NONE', *, *, #1446, .F. ) ;
#1983 = DIRECTION ( 'NONE',  ( 0.000000000000000000, 0.9961946980917454342, 0.08715574274765831853 ) ) ;
#1984 = DIMENSIONAL_EXPONENTS ( 1.000000000000000000, 0.000000000000000000, 0.000000000000000000, 0.000000000000000000, 0.000000000000000000, 0.000000000000000000, 0.000000000000000000 ) ;
#1985 =( LENGTH_UNIT ( ) NAMED_UNIT ( * ) SI_UNIT ( $, .METRE. ) );
#1986 = STYLED_ITEM ( 'NONE', ( #1796 ), #1885 ) ;
#1987 = EDGE_CURVE ( 'NONE', #7576, #3752, #8012, .T. ) ;
#1988 = CARTESIAN_POINT ( 'NONE',  ( 0.06692913385826770867, -0.1018685864235539529, 0.01649946766896011677 ) ) ;
#1989 = MECHANICAL_DESIGN_GEOMETRIC_PRESENTATION_REPRESENTATION (  '', ( #6341 ), #6073 ) ;
#1990 = PLANE ( 'NONE',  #8992 ) ;
#1991 = DIRECTION ( 'NONE',  ( 0.000000000000000000, -0.000000000000000000, 1.000000000000000000 ) ) ;
#1992 = SURFACE_STYLE_USAGE ( .BOTH. , #5419 ) ;
#1993 =( GEOMETRIC_REPRESENTATION_CONTEXT ( 3 ) GLOBAL_UNCERTAINTY_ASSIGNED_CONTEXT ( ( #8918 ) ) GLOBAL_UNIT_ASSIGNED_CONTEXT ( ( #8725, #2444, #1777 ) ) REPRESENTATION_CONTEXT ( 'NONE', 'WORKASPACE' ) );
#1994 = VERTEX_POINT ( 'NONE', #720 ) ;
#1995 = VERTEX_POINT ( 'NONE', #1226 ) ;
#1996 = CARTESIAN_POINT ( 'NONE',  ( 0.01692913385826771630, -0.09018673685477521240, 0.007095752720117635970 ) ) ;
#1997 = COLOUR_RGB ( '',0.7490196078431372584, 0.7490196078431372584, 0.7490196078431372584 ) ;
#1998 = COLOUR_RGB ( '',0.7490196078431372584, 0.7490196078431372584, 0.7490196078431372584 ) ;
#1999 = CARTESIAN_POINT ( 'NONE',  ( 0.06692913385826770867, -0.09755300347091183655, 0.01413418920407248473 ) ) ;
#2000 = EDGE_LOOP ( 'NONE', ( #4274, #591, #5835, #4027 ) ) ;
#2001 = ORIENTED_EDGE ( 'NONE', *, *, #744, .T. ) ;
#2002 = MECHANICAL_DESIGN_GEOMETRIC_PRESENTATION_REPRESENTATION (  '', ( #8805 ), #830 ) ;
#2003 = VECTOR ( 'NONE', #2557, 39.37007874015748143 ) ;
#2004 = PRESENTATION_STYLE_ASSIGNMENT (( #4912 ) ) ;
#2005 = DIRECTION ( 'NONE',  ( -1.315430123963460077E-16, -1.000000000000000000, -0.000000000000000000 ) ) ;
#2006 = SURFACE_SIDE_STYLE ('',( #6168 ) ) ;
#2007 = PLANE ( 'NONE',  #4836 ) ;
#2008 = STYLED_ITEM ( 'NONE', ( #8295 ), #2485 ) ;
#2009 = VECTOR ( 'NONE', #467, 39.37007874015748143 ) ;
#2010 = FILL_AREA_STYLE_COLOUR ( '', #2842 ) ;
#2011 = EDGE_CURVE ( 'NONE', #1704, #843, #4760, .T. ) ;
#2012 = DIRECTION ( 'NONE',  ( 0.000000000000000000, -0.000000000000000000, 1.000000000000000000 ) ) ;
#2013 = CARTESIAN_POINT ( 'NONE',  ( 0.07795275590551181688, -0.01909448818897637595, 0.000000000000000000 ) ) ;
#2014 =( CONVERSION_BASED_UNIT ( 'INCH', #8770 ) LENGTH_UNIT ( ) NAMED_UNIT ( #3811 ) );
#2015 = CARTESIAN_POINT ( 'NONE',  ( 0.09338409450877117879, 0.08214163450969426405, 0.04850123345096178651 ) ) ;
#2016 = SURFACE_SIDE_STYLE ('',( #8913 ) ) ;
#2017 = FACE_OUTER_BOUND ( 'NONE', #1428, .T. ) ;
#2018 = AXIS2_PLACEMENT_3D ( 'NONE', #7319, #5983, #3763 ) ;
#2019 = VERTEX_POINT ( 'NONE', #3607 ) ;
#2020 = EDGE_LOOP ( 'NONE', ( #3835, #1812, #6839, #2279 ) ) ;
#2021 = UNCERTAINTY_MEASURE_WITH_UNIT (LENGTH_MEASURE( 1.000000000000000082E-05 ), #2243, 'distance_accuracy_value', 'NONE');
#2022 = ADVANCED_FACE ( 'NONE', ( #2841 ), #2241, .T. ) ;
#2023 = ORIENTED_EDGE ( 'NONE', *, *, #7956, .T. ) ;
#2024 = CARTESIAN_POINT ( 'NONE',  ( 0.08753937007874017240, 0.01003937007874023714, 0.005000000000000000104 ) ) ;
#2025 = LENGTH_MEASURE_WITH_UNIT ( LENGTH_MEASURE( 0.02539999999999999897 ), #742 );
#2026 = CARTESIAN_POINT ( 'NONE',  ( -0.09042084030531753747, -0.07290115526594755091, 0.04882104092741532120 ) ) ;
#2027 = DIRECTION ( 'NONE',  ( -0.7071067811865483499, 0.7071067811865467956, 0.000000000000000000 ) ) ;
#2028 = AXIS2_PLACEMENT_3D ( 'NONE', #3615, #8277, #4221 ) ;
#2029 = DIRECTION ( 'NONE',  ( 0.000000000000000000, -0.4806245840651692247, -0.8769264559768868983 ) ) ;
#2030 = SURFACE_STYLE_USAGE ( .BOTH. , #8258 ) ;
#2031 = DIRECTION ( 'NONE',  ( 1.000000000000000000, 0.000000000000000000, 0.000000000000000000 ) ) ;
#2032 = LINE ( 'NONE', #532, #7580 ) ;
#2033 = CIRCLE ( 'NONE', #3795, 0.003149606299212606621 ) ;
#2034 = CARTESIAN_POINT ( 'NONE',  ( -0.09042084030531750971, 0.08707438361240416036, 0.04882104092741535589 ) ) ;
#2035 = ORIENTED_EDGE ( 'NONE', *, *, #8239, .T. ) ;
#2036 = UNCERTAINTY_MEASURE_WITH_UNIT (LENGTH_MEASURE( 1.000000000000000082E-05 ), #7132, 'distance_accuracy_value', 'NONE');
#2037 = EDGE_CURVE ( 'NONE', #1804, #2073, #4055, .T. ) ;
#2038 = ORIENTED_EDGE ( 'NONE', *, *, #5283, .F. ) ;
#2039 = LINE ( 'NONE', #7613, #976 ) ;
#2040 = COLOUR_RGB ( '',0.7490196078431372584, 0.7490196078431372584, 0.7490196078431372584 ) ;
#2041 = DIRECTION ( 'NONE',  ( 1.673405894323610011E-16, 1.000000000000000000, 0.000000000000000000 ) ) ;
#2042 = VECTOR ( 'NONE', #880, 39.37007874015748143 ) ;
#2043 = DIMENSIONAL_EXPONENTS ( 1.000000000000000000, 0.000000000000000000, 0.000000000000000000, 0.000000000000000000, 0.000000000000000000, 0.000000000000000000, 0.000000000000000000 ) ;
#2044 = PRODUCT_DEFINITION_SHAPE ( 'NONE', 'NONE',  #8997 ) ;
#2045 = PRESENTATION_LAYER_ASSIGNMENT (  '', '', ( #7396 ) ) ;
#2046 = ADVANCED_FACE ( 'NONE', ( #8855 ), #8454, .F. ) ;
#2047 =( CONVERSION_BASED_UNIT ( 'INCH', #8136 ) LENGTH_UNIT ( ) NAMED_UNIT ( #5483 ) );
#2048 = PRESENTATION_STYLE_ASSIGNMENT (( #5519 ) ) ;
#2049 = ORIENTED_EDGE ( 'NONE', *, *, #6558, .F. ) ;
#2050 = ORIENTED_EDGE ( 'NONE', *, *, #2499, .T. ) ;
#2051 = AXIS2_PLACEMENT_3D ( 'NONE', #1886, #3317, #8122 ) ;
#2052 = CARTESIAN_POINT ( 'NONE',  ( 0.08307086614173228578, -0.08653382883559772309, 0.01376068786798871797 ) ) ;
#2053 = ADVANCED_FACE ( 'NONE', ( #7120 ), #3838, .F. ) ;
#2054 = VECTOR ( 'NONE', #7137, 39.37007874015748143 ) ;
#2055 = PRESENTATION_STYLE_ASSIGNMENT (( #6822 ) ) ;
#2056 = LENGTH_MEASURE_WITH_UNIT ( LENGTH_MEASURE( 0.02539999999999999897 ), #4837 );
#2057 =( NAMED_UNIT ( * ) SI_UNIT ( $, .STERADIAN. ) SOLID_ANGLE_UNIT ( ) );
#2058 = EDGE_CURVE ( 'NONE', #1171, #3581, #8500, .T. ) ;
#2059 = VECTOR ( 'NONE', #3696, 39.37007874015748143 ) ;
#2060 = DIRECTION ( 'NONE',  ( -1.000000000000000000, -0.000000000000000000, 0.000000000000000000 ) ) ;
#2061 = DIRECTION ( 'NONE',  ( 0.000000000000000000, -0.9989437399158199726, -0.04595002157773900309 ) ) ;
#2062 =( GEOMETRIC_REPRESENTATION_CONTEXT ( 3 ) GLOBAL_UNCERTAINTY_ASSIGNED_CONTEXT ( ( #4894 ) ) GLOBAL_UNIT_ASSIGNED_CONTEXT ( ( #7233, #2451, #3816 ) ) REPRESENTATION_CONTEXT ( 'NONE', 'WORKASPACE' ) );
#2063 = DIRECTION ( 'NONE',  ( -1.000000000000000000, -0.000000000000000000, 0.000000000000000000 ) ) ;
#2064 = LINE ( 'NONE', #4936, #7608 ) ;
#2065 = FACE_OUTER_BOUND ( 'NONE', #8659, .T. ) ;
#2066 = VECTOR ( 'NONE', #7042, 39.37007874015748143 ) ;
#2067 = PRESENTATION_STYLE_ASSIGNMENT (( #5401 ) ) ;
#2068 = CARTESIAN_POINT ( 'NONE',  ( 0.09172319507450692189, 0.08641048960960877323, 0.04641999533636158304 ) ) ;
#2069 = CARTESIAN_POINT ( 'NONE',  ( 0.01692913385826771630, -0.09383657304297442214, 0.02091502454231232433 ) ) ;
#2070 =( GEOMETRIC_REPRESENTATION_CONTEXT ( 3 ) GLOBAL_UNCERTAINTY_ASSIGNED_CONTEXT ( ( #4664 ) ) GLOBAL_UNIT_ASSIGNED_CONTEXT ( ( #904, #8504, #3029 ) ) REPRESENTATION_CONTEXT ( 'NONE', 'WORKASPACE' ) );
#2071 = UNCERTAINTY_MEASURE_WITH_UNIT (LENGTH_MEASURE( 1.000000000000000082E-05 ), #4430, 'distance_accuracy_value', 'NONE');
#2072 = EDGE_LOOP ( 'NONE', ( #1081, #3057, #6640, #3123 ) ) ;
#2073 = VERTEX_POINT ( 'NONE', #7249 ) ;
#2074 = ORIENTED_EDGE ( 'NONE', *, *, #2652, .F. ) ;
#2075 = SURFACE_SIDE_STYLE ('',( #6927 ) ) ;
#2076 = PRESENTATION_LAYER_ASSIGNMENT (  '', '', ( #8882 ) ) ;
#2077 = FILL_AREA_STYLE ('',( #2954 ) ) ;
#2078 = DIRECTION ( 'NONE',  ( -0.9925461516413218721, 0.000000000000000000, 0.1218693434051484753 ) ) ;
#2079 = DIRECTION ( 'NONE',  ( 0.000000000000000000, 0.3143126552996241552, -0.9493195219305771149 ) ) ;
#2080 = VECTOR ( 'NONE', #5151, 39.37007874015748143 ) ;
#2081 = COLOUR_RGB ( '',0.7490196078431372584, 0.7490196078431372584, 0.7490196078431372584 ) ;
#2082 = SURFACE_SIDE_STYLE ('',( #8255 ) ) ;
#2083 = PRESENTATION_STYLE_ASSIGNMENT (( #7605 ) ) ;
#2084 = ADVANCED_FACE ( 'NONE', ( #2281 ), #5931, .F. ) ;
#2085 = DIRECTION ( 'NONE',  ( -0.000000000000000000, 1.000000000000000000, 0.000000000000000000 ) ) ;
#2086 = DIRECTION ( 'NONE',  ( 0.000000000000000000, 0.9989437399158199726, 0.04595002157773846879 ) ) ;
#2087 = CARTESIAN_POINT ( 'NONE',  ( -0.08963327822881111961, 0.08707438361240420199, 0.04944954249008668562 ) ) ;
#2088 = ORIENTED_EDGE ( 'NONE', *, *, #7628, .T. ) ;
#2089 = ORIENTED_EDGE ( 'NONE', *, *, #4136, .T. ) ;
#2090 = PRESENTATION_LAYER_ASSIGNMENT (  '', '', ( #3848 ) ) ;
#2091 = DIRECTION ( 'NONE',  ( 0.000000000000000000, 0.7143278697962460733, -0.6998111848437100768 ) ) ;
#2092 = ORIENTED_EDGE ( 'NONE', *, *, #3365, .T. ) ;
#2093 = CARTESIAN_POINT ( 'NONE',  ( -0.07795275590551181688, -0.0009842519685039289711, 0.000000000000000000 ) ) ;
#2094 = ADVANCED_FACE ( 'NONE', ( #3025, #1588 ), #7811, .F. ) ;
#2095 = LINE ( 'NONE', #3284, #4128 ) ;
#2096 = COLOUR_RGB ( '',0.2862745098039215508, 0.2862745098039215508, 0.2862745098039215508 ) ;
#2097 = DIRECTION ( 'NONE',  ( -1.000000000000000000, -0.000000000000000000, -0.000000000000000000 ) ) ;
#2098 =( NAMED_UNIT ( * ) SI_UNIT ( $, .STERADIAN. ) SOLID_ANGLE_UNIT ( ) );
#2099 = LENGTH_MEASURE_WITH_UNIT ( LENGTH_MEASURE( 0.02539999999999999897 ), #5520 );
#2100 = ORIENTED_EDGE ( 'NONE', *, *, #6935, .F. ) ;
#2101 = VERTEX_POINT ( 'NONE', #1251 ) ;
#2102 = LINE ( 'NONE', #1439, #3941 ) ;
#2103 = VECTOR ( 'NONE', #3039, 39.37007874015748854 ) ;
#2104 = LINE ( 'NONE', #594, #6105 ) ;
#2105 = CARTESIAN_POINT ( 'NONE',  ( 0.02500000000000000139, -0.06061878546604763246, 0.01731541798661000164 ) ) ;
#2106 = CARTESIAN_POINT ( 'NONE',  ( -0.09042084030531759298, -0.07290115526594750928, 0.04882104092741531426 ) ) ;
#2107 = STYLED_ITEM ( 'NONE', ( #3072 ), #5886 ) ;
#2108 =( GEOMETRIC_REPRESENTATION_CONTEXT ( 3 ) GLOBAL_UNCERTAINTY_ASSIGNED_CONTEXT ( ( #6478 ) ) GLOBAL_UNIT_ASSIGNED_CONTEXT ( ( #2992, #3573, #8469 ) ) REPRESENTATION_CONTEXT ( 'NONE', 'WORKASPACE' ) );
#2109 = DIMENSIONAL_EXPONENTS ( 1.000000000000000000, 0.000000000000000000, 0.000000000000000000, 0.000000000000000000, 0.000000000000000000, 0.000000000000000000, 0.000000000000000000 ) ;
#2110 = FILL_AREA_STYLE_COLOUR ( '', #3791 ) ;
#2111 = FILL_AREA_STYLE_COLOUR ( '', #4468 ) ;
#2112 =( LENGTH_UNIT ( ) NAMED_UNIT ( * ) SI_UNIT ( $, .METRE. ) );
#2113 = UNCERTAINTY_MEASURE_WITH_UNIT (LENGTH_MEASURE( 1.000000000000000082E-05 ), #1311, 'distance_accuracy_value', 'NONE');
#2114 =( CONVERSION_BASED_UNIT ( 'INCH', #652 ) LENGTH_UNIT ( ) NAMED_UNIT ( #8644 ) );
#2115 = SURFACE_SIDE_STYLE ('',( #2805 ) ) ;
#2116 = PRESENTATION_LAYER_ASSIGNMENT (  '', '', ( #4880 ) ) ;
#2117 = SURFACE_STYLE_FILL_AREA ( #7641 ) ;
#2118 = ADVANCED_FACE ( 'NONE', ( #5462 ), #4018, .F. ) ;
#2119 = ORIENTED_EDGE ( 'NONE', *, *, #1476, .F. ) ;
#2120 = VERTEX_POINT ( 'NONE', #4653 ) ;
#2121 = ORIENTED_EDGE ( 'NONE', *, *, #4136, .F. ) ;
#2122 = VERTEX_POINT ( 'NONE', #7383 ) ;
#2123 =( NAMED_UNIT ( * ) PLANE_ANGLE_UNIT ( ) SI_UNIT ( $, .RADIAN. ) );
#2124 = DIRECTION ( 'NONE',  ( -0.1209742911513550095, 0.1209742911513550095, -0.9852565360152930607 ) ) ;
#2125 = CARTESIAN_POINT ( 'NONE',  ( 0.08307086614173228578, -0.08565767112959683793, 0.02601659103690531771 ) ) ;
#2126 =( GEOMETRIC_REPRESENTATION_CONTEXT ( 3 ) GLOBAL_UNCERTAINTY_ASSIGNED_CONTEXT ( ( #1534 ) ) GLOBAL_UNIT_ASSIGNED_CONTEXT ( ( #5033, #8958, #57 ) ) REPRESENTATION_CONTEXT ( 'NONE', 'WORKASPACE' ) );
#2127 = VECTOR ( 'NONE', #6398, 39.37007874015748143 ) ;
#2128 = CARTESIAN_POINT ( 'NONE',  ( -0.01692913385826771630, -0.06107104945795466255, 0.02714754141097831461 ) ) ;
#2129 = CARTESIAN_POINT ( 'NONE',  ( 0.08742991111046469199, 0.09007641885575430607, 0.04813416457729720321 ) ) ;
#2130 = CARTESIAN_POINT ( 'NONE',  ( -0.09042084030531757910, 0.08707438361240420199, 0.04882104092741532120 ) ) ;
#2131 = STYLED_ITEM ( 'NONE', ( #1407 ), #173 ) ;
#2132 = CARTESIAN_POINT ( 'NONE',  ( -0.09006229564024267886, 0.09067934470952326853, 0.04433875722176142120 ) ) ;
#2133 = VERTEX_POINT ( 'NONE', #6716 ) ;
#2134 = EDGE_LOOP ( 'NONE', ( #5382, #5696, #98, #4527 ) ) ;
#2135 = COLOUR_RGB ( '',0.7490196078431372584, 0.7490196078431372584, 0.7490196078431372584 ) ;
#2136 = EDGE_CURVE ( 'NONE', #1134, #3549, #6058, .T. ) ;
#2137 = ORIENTED_EDGE ( 'NONE', *, *, #4655, .F. ) ;
#2138 = COLOUR_RGB ( '',0.2862745098039215508, 0.2862745098039215508, 0.2862745098039215508 ) ;
#2139 = LINE ( 'NONE', #206, #4328 ) ;
#2140 = CARTESIAN_POINT ( 'NONE',  ( 0.06692913385826770867, -0.06107104945795459316, 0.02714754141097831461 ) ) ;
#2141 = FACE_OUTER_BOUND ( 'NONE', #7739, .T. ) ;
#2142 =( CONVERSION_BASED_UNIT ( 'INCH', #1535 ) LENGTH_UNIT ( ) NAMED_UNIT ( #1334 ) );
#2143 = VECTOR ( 'NONE', #1936, 39.37007874015748143 ) ;
#2144 = DIRECTION ( 'NONE',  ( 1.000000000000000000, 0.000000000000000000, 0.000000000000000000 ) ) ;
#2145 = ORIENTED_EDGE ( 'NONE', *, *, #885, .T. ) ;
#2146 = UNCERTAINTY_MEASURE_WITH_UNIT (LENGTH_MEASURE( 1.000000000000000082E-05 ), #1347, 'distance_accuracy_value', 'NONE');
#2147 = ORIENTED_EDGE ( 'NONE', *, *, #8186, .F. ) ;
#2148 = EDGE_CURVE ( 'NONE', #5071, #7272, #2612, .T. ) ;
#2149 =( LENGTH_UNIT ( ) NAMED_UNIT ( * ) SI_UNIT ( $, .METRE. ) );
#2150 = AXIS2_PLACEMENT_3D ( 'NONE', #3252, #5341, #5249 ) ;
#2151 =( GEOMETRIC_REPRESENTATION_CONTEXT ( 3 ) GLOBAL_UNCERTAINTY_ASSIGNED_CONTEXT ( ( #4423 ) ) GLOBAL_UNIT_ASSIGNED_CONTEXT ( ( #2397, #1008, #4496 ) ) REPRESENTATION_CONTEXT ( 'NONE', 'WORKASPACE' ) );
#2152 = LINE ( 'NONE', #8418, #8015 ) ;
#2153 = DIRECTION ( 'NONE',  ( -1.000000000000000000, 0.000000000000000000, 0.000000000000000000 ) ) ;
#2154 = PRESENTATION_LAYER_ASSIGNMENT (  '', '', ( #3321 ) ) ;
#2155 = CARTESIAN_POINT ( 'NONE',  ( -0.09251968503937008093, 0.1171259842519685179, 0.000000000000000000 ) ) ;
#2156 = DIRECTION ( 'NONE',  ( -1.000000000000000000, -0.000000000000000000, -0.000000000000000000 ) ) ;
#2157 = EDGE_CURVE ( 'NONE', #7430, #1704, #2897, .T. ) ;
#2158 = CARTESIAN_POINT ( 'NONE',  ( -0.02500000000000000139, -0.08244437787890905589, 0.01631147111528529273 ) ) ;
#2159 = FILL_AREA_STYLE_COLOUR ( '', #1959 ) ;
#2160 = CARTESIAN_POINT ( 'NONE',  ( -0.07499999999999999722, -0.08244437787890905589, 0.01631147111528529273 ) ) ;
#2161 = VECTOR ( 'NONE', #8119, 39.37007874015748854 ) ;
#2162 = DIRECTION ( 'NONE',  ( 0.000000000000000000, -0.000000000000000000, -1.000000000000000000 ) ) ;
#2163 = FACE_OUTER_BOUND ( 'NONE', #1113, .T. ) ;
#2164 =( LENGTH_UNIT ( ) NAMED_UNIT ( * ) SI_UNIT ( $, .METRE. ) );
#2165 = DIRECTION ( 'NONE',  ( 1.000000000000000000, 0.000000000000000000, -0.000000000000000000 ) ) ;
#2166 = UNCERTAINTY_MEASURE_WITH_UNIT (LENGTH_MEASURE( 1.000000000000000082E-05 ), #4689, 'distance_accuracy_value', 'NONE');
#2167 = ORIENTED_EDGE ( 'NONE', *, *, #6684, .F. ) ;
#2168 = CIRCLE ( 'NONE', #7664, 0.009842519685039373412 ) ;
#2169 = VERTEX_POINT ( 'NONE', #8966 ) ;
#2170 = PRESENTATION_STYLE_ASSIGNMENT (( #4856 ) ) ;
#2171 = EDGE_CURVE ( 'NONE', #4642, #2567, #1387, .T. ) ;
#2172 = CARTESIAN_POINT ( 'NONE',  ( 0.06530030766429134603, 0.08129921259842519399, 0.000000000000000000 ) ) ;
#2173 = DIMENSIONAL_EXPONENTS ( 1.000000000000000000, 0.000000000000000000, 0.000000000000000000, 0.000000000000000000, 0.000000000000000000, 0.000000000000000000, 0.000000000000000000 ) ;
#2174 = CARTESIAN_POINT ( 'NONE',  ( -0.09042084030531757910, -0.07290115526594753703, 0.04882104092741532120 ) ) ;
#2175 = CARTESIAN_POINT ( 'NONE',  ( -0.06692913385826770867, -0.09755300347091183655, 0.01413418920407248473 ) ) ;
#2176 = MECHANICAL_DESIGN_GEOMETRIC_PRESENTATION_REPRESENTATION (  '', ( #246 ), #563 ) ;
#2177 = DIRECTION ( 'NONE',  ( -1.000000000000000000, -0.000000000000000000, -0.000000000000000000 ) ) ;
#2178 = CARTESIAN_POINT ( 'NONE',  ( -0.07795275590551181688, 0.01003937007874019204, 0.005000000000000000104 ) ) ;
#2179 = DIRECTION ( 'NONE',  ( -0.000000000000000000, -1.000000000000000000, 0.000000000000000000 ) ) ;
#2180 =( LENGTH_UNIT ( ) NAMED_UNIT ( * ) SI_UNIT ( $, .METRE. ) );
#2181 = EDGE_LOOP ( 'NONE', ( #8799, #2190, #7373, #6151 ) ) ;
#2182 = ORIENTED_EDGE ( 'NONE', *, *, #660, .F. ) ;
#2183 = CARTESIAN_POINT ( 'NONE',  ( -0.09333047645106030965, 0.09311014936961532762, 0.009843227028506408571 ) ) ;
#2184 = DIRECTION ( 'NONE',  ( 0.000000000000000000, 0.000000000000000000, 1.000000000000000000 ) ) ;
#2185 = ORIENTED_EDGE ( 'NONE', *, *, #6935, .T. ) ;
#2186 = AXIS2_PLACEMENT_3D ( 'NONE', #8234, #6171, #1824 ) ;
#2187 =( LENGTH_UNIT ( ) NAMED_UNIT ( * ) SI_UNIT ( $, .METRE. ) );
#2188 = CARTESIAN_POINT ( 'NONE',  ( -0.03307086614173228301, -0.09755300347091183655, 0.01413418920407248473 ) ) ;
#2189 = CARTESIAN_POINT ( 'NONE',  ( 0.000000000000000000, 0.007027559055118149690, 0.005000000000000000104 ) ) ;
#2190 = ORIENTED_EDGE ( 'NONE', *, *, #5929, .F. ) ;
#2191 = VERTEX_POINT ( 'NONE', #5511 ) ;
#2192 = ADVANCED_FACE ( 'NONE', ( #6318, #7518 ), #2743, .T. ) ;
#2193 = LINE ( 'NONE', #8502, #3035 ) ;
#2194 = PRESENTATION_LAYER_ASSIGNMENT (  '', '', ( #6125 ) ) ;
#2195 = SURFACE_STYLE_FILL_AREA ( #79 ) ;
#2196 = DIRECTION ( 'NONE',  ( 1.000000000000000000, 0.000000000000000000, 0.000000000000000000 ) ) ;
#2197 = DIRECTION ( 'NONE',  ( 0.000000000000000000, 0.000000000000000000, -1.000000000000000000 ) ) ;
#2198 = EDGE_CURVE ( 'NONE', #4796, #8019, #2784, .T. ) ;
#2199 = AXIS2_PLACEMENT_3D ( 'NONE', #8032, #7293, #1073 ) ;
#2200 = CARTESIAN_POINT ( 'NONE',  ( 0.06692913385826770867, -0.08244437787890905589, 0.01631147111528527538 ) ) ;
#2201 = LINE ( 'NONE', #41, #2484 ) ;
#2202 = STYLED_ITEM ( 'NONE', ( #5583 ), #4708 ) ;
#2203 = DIRECTION ( 'NONE',  ( 1.000000000000000000, 0.000000000000000000, -0.000000000000000000 ) ) ;
#2204 = UNCERTAINTY_MEASURE_WITH_UNIT (LENGTH_MEASURE( 1.000000000000000082E-05 ), #2801, 'distance_accuracy_value', 'NONE');
#2205 = PRESENTATION_LAYER_ASSIGNMENT (  '', '', ( #6148 ) ) ;
#2206 = DIRECTION ( 'NONE',  ( 0.000000000000000000, -1.000000000000000000, -0.000000000000000000 ) ) ;
#2207 = CARTESIAN_POINT ( 'NONE',  ( -0.09055118110236221041, 0.007027559055118149690, 0.000000000000000000 ) ) ;
#2208 = EDGE_CURVE ( 'NONE', #7925, #3367, #3594, .T. ) ;
#2209 = FILL_AREA_STYLE ('',( #3577 ) ) ;
#2210 = VECTOR ( 'NONE', #6392, 39.37007874015748143 ) ;
#2211 = SURFACE_STYLE_FILL_AREA ( #6429 ) ;
#2212 = ORIENTED_EDGE ( 'NONE', *, *, #7024, .F. ) ;
#2213 = VERTEX_POINT ( 'NONE', #3507 ) ;
#2214 = ORIENTED_EDGE ( 'NONE', *, *, #6036, .T. ) ;
#2215 = PLANE ( 'NONE',  #8544 ) ;
#2216 = MECHANICAL_DESIGN_GEOMETRIC_PRESENTATION_REPRESENTATION (  '', ( #4116 ), #606 ) ;
#2217 = DIRECTION ( 'NONE',  ( 0.000000000000000000, -0.3143126552996241552, 0.9493195219305771149 ) ) ;
#2218 = FILL_AREA_STYLE_COLOUR ( '', #263 ) ;
#2219 = EDGE_CURVE ( 'NONE', #2534, #5703, #113, .T. ) ;
#2220 =( LENGTH_UNIT ( ) NAMED_UNIT ( * ) SI_UNIT ( $, .METRE. ) );
#2221 = FILL_AREA_STYLE ('',( #6311 ) ) ;
#2222 = PLANE ( 'NONE',  #1319 ) ;
#2223 = DIRECTION ( 'NONE',  ( -1.000000000000000000, -0.000000000000000000, 0.000000000000000000 ) ) ;
#2224 = DIRECTION ( 'NONE',  ( -0.000000000000000000, 1.000000000000000000, 0.000000000000000000 ) ) ;
#2225 = EDGE_CURVE ( 'NONE', #3734, #4796, #2039, .T. ) ;
#2226 = UNCERTAINTY_MEASURE_WITH_UNIT (LENGTH_MEASURE( 1.000000000000000082E-05 ), #4775, 'distance_accuracy_value', 'NONE');
#2227 =( NAMED_UNIT ( * ) SI_UNIT ( $, .STERADIAN. ) SOLID_ANGLE_UNIT ( ) );
#2228 = EDGE_LOOP ( 'NONE', ( #6972, #4945, #1374, #8126 ) ) ;
#2229 = PRESENTATION_LAYER_ASSIGNMENT (  '', '', ( #8010 ) ) ;
#2230 = VERTEX_POINT ( 'NONE', #752 ) ;
#2231 = SURFACE_SIDE_STYLE ('',( #8576 ) ) ;
#2232 = STYLED_ITEM ( 'NONE', ( #7214 ), #6325 ) ;
#2233 = ORIENTED_EDGE ( 'NONE', *, *, #8290, .T. ) ;
#2234 = PRESENTATION_LAYER_ASSIGNMENT (  '', '', ( #8877 ) ) ;
#2235 = LENGTH_MEASURE_WITH_UNIT ( LENGTH_MEASURE( 0.02539999999999999897 ), #8534 );
#2236 =( GEOMETRIC_REPRESENTATION_CONTEXT ( 3 ) GLOBAL_UNCERTAINTY_ASSIGNED_CONTEXT ( ( #698 ) ) GLOBAL_UNIT_ASSIGNED_CONTEXT ( ( #3783, #3143, #3187 ) ) REPRESENTATION_CONTEXT ( 'NONE', 'WORKASPACE' ) );
#2237 = DIMENSIONAL_EXPONENTS ( 1.000000000000000000, 0.000000000000000000, 0.000000000000000000, 0.000000000000000000, 0.000000000000000000, 0.000000000000000000, 0.000000000000000000 ) ;
#2238 = DIRECTION ( 'NONE',  ( -1.000000000000000000, -0.000000000000000000, -0.000000000000000000 ) ) ;
#2239 = DIRECTION ( 'NONE',  ( -0.000000000000000000, 0.000000000000000000, -1.000000000000000000 ) ) ;
#2240 = EDGE_LOOP ( 'NONE', ( #68, #3908, #4876, #6653, #5047 ) ) ;
#2241 = PLANE ( 'NONE',  #968 ) ;
#2242 = CARTESIAN_POINT ( 'NONE',  ( -0.08753937007874017240, -0.0009842519685039228996, 0.009842519685039369942 ) ) ;
#2243 =( CONVERSION_BASED_UNIT ( 'INCH', #947 ) LENGTH_UNIT ( ) NAMED_UNIT ( #3268 ) );
#2244 = VECTOR ( 'NONE', #4358, 39.37007874015748143 ) ;
#2245 = CARTESIAN_POINT ( 'NONE',  ( -0.03307086614173228994, -0.08565767112959683793, 0.02601659103690530384 ) ) ;
#2246 =( LENGTH_UNIT ( ) NAMED_UNIT ( * ) SI_UNIT ( $, .METRE. ) );
#2247 = LINE ( 'NONE', #7533, #927 ) ;
#2248 =( GEOMETRIC_REPRESENTATION_CONTEXT ( 3 ) GLOBAL_UNCERTAINTY_ASSIGNED_CONTEXT ( ( #8183 ) ) GLOBAL_UNIT_ASSIGNED_CONTEXT ( ( #4405, #3762, #5944 ) ) REPRESENTATION_CONTEXT ( 'NONE', 'WORKASPACE' ) );
#2249 = CYLINDRICAL_SURFACE ( 'NONE', #8960, 0.009842519685039373412 ) ;
#2250 = CARTESIAN_POINT ( 'NONE',  ( 0.09055118110236221041, 0.002027559055118137877, 0.005000000000000000104 ) ) ;
#2251 = EDGE_CURVE ( 'NONE', #2257, #7036, #2924, .T. ) ;
#2252 = COLOUR_RGB ( '',0.7490196078431372584, 0.7490196078431372584, 0.7490196078431372584 ) ;
#2253 = SURFACE_SIDE_STYLE ('',( #3620 ) ) ;
#2254 = COLOUR_RGB ( '',0.2862745098039215508, 0.2862745098039215508, 0.2862745098039215508 ) ;
#2255 = CARTESIAN_POINT ( 'NONE',  ( -0.09331878153261678743, 0.09311019279504392787, 0.009842873356772890991 ) ) ;
#2256 = CARTESIAN_POINT ( 'NONE',  ( 0.03307086614173228301, -0.06061878546604762552, 0.01731541798661000858 ) ) ;
#2257 = VERTEX_POINT ( 'NONE', #8215 ) ;
#2258 = ORIENTED_EDGE ( 'NONE', *, *, #2480, .T. ) ;
#2259 =( LENGTH_UNIT ( ) NAMED_UNIT ( * ) SI_UNIT ( $, .METRE. ) );
#2260 = MECHANICAL_DESIGN_GEOMETRIC_PRESENTATION_REPRESENTATION (  '', ( #7900 ), #6891 ) ;
#2261 = LENGTH_MEASURE_WITH_UNIT ( LENGTH_MEASURE( 0.02539999999999999897 ), #5871 );
#2262 = CYLINDRICAL_SURFACE ( 'NONE', #2464, 0.009842519685039369942 ) ;
#2263 = SURFACE_STYLE_USAGE ( .BOTH. , #5595 ) ;
#2264 = CARTESIAN_POINT ( 'NONE',  ( -0.08946850393700787885, 0.01003937007874019724, 0.009842519685039369942 ) ) ;
#2265 = DIRECTION ( 'NONE',  ( -0.000000000000000000, -1.000000000000000000, 0.000000000000000000 ) ) ;
#2266 =( GEOMETRIC_REPRESENTATION_CONTEXT ( 3 ) GLOBAL_UNCERTAINTY_ASSIGNED_CONTEXT ( ( #6152 ) ) GLOBAL_UNIT_ASSIGNED_CONTEXT ( ( #8087, #1132, #8044 ) ) REPRESENTATION_CONTEXT ( 'NONE', 'WORKASPACE' ) );
#2267 = VERTEX_POINT ( 'NONE', #1996 ) ;
#2268 = ORIENTED_EDGE ( 'NONE', *, *, #1125, .F. ) ;
#2269 =( CONVERSION_BASED_UNIT ( 'INCH', #2968 ) LENGTH_UNIT ( ) NAMED_UNIT ( #4614 ) );
#2270 =( NAMED_UNIT ( * ) PLANE_ANGLE_UNIT ( ) SI_UNIT ( $, .RADIAN. ) );
#2271 = DIMENSIONAL_EXPONENTS ( 1.000000000000000000, 0.000000000000000000, 0.000000000000000000, 0.000000000000000000, 0.000000000000000000, 0.000000000000000000, 0.000000000000000000 ) ;
#2272 = EDGE_CURVE ( 'NONE', #7577, #661, #4108, .T. ) ;
#2273 =( CONVERSION_BASED_UNIT ( 'INCH', #7028 ) LENGTH_UNIT ( ) NAMED_UNIT ( #5945 ) );
#2274 = VECTOR ( 'NONE', #7869, 39.37007874015748143 ) ;
#2275 = EDGE_CURVE ( 'NONE', #2747, #4422, #3546, .T. ) ;
#2276 = UNCERTAINTY_MEASURE_WITH_UNIT (LENGTH_MEASURE( 1.000000000000000082E-05 ), #4538, 'distance_accuracy_value', 'NONE');
#2277 = PLANE ( 'NONE',  #3372 ) ;
#2278 = VECTOR ( 'NONE', #6652, 39.37007874015748143 ) ;
#2279 = ORIENTED_EDGE ( 'NONE', *, *, #5376, .F. ) ;
#2280 = EDGE_LOOP ( 'NONE', ( #3471, #176, #3490, #4473 ) ) ;
#2281 = FACE_OUTER_BOUND ( 'NONE', #2020, .T. ) ;
#2282 = CARTESIAN_POINT ( 'NONE',  ( -0.09055118110236221041, 0.007027559055118144486, 0.009842519685039369942 ) ) ;
#2283 = STYLED_ITEM ( 'NONE', ( #7710 ), #432 ) ;
#2284 =( NAMED_UNIT ( * ) PLANE_ANGLE_UNIT ( ) SI_UNIT ( $, .RADIAN. ) );
#2285 = EDGE_CURVE ( 'NONE', #1716, #8498, #5647, .T. ) ;
#2286 = SURFACE_SIDE_STYLE ('',( #2195 ) ) ;
#2287 = FILL_AREA_STYLE ('',( #858 ) ) ;
#2288 = PLANE ( 'NONE',  #2374 ) ;
#2289 = CARTESIAN_POINT ( 'NONE',  ( 0.09042084030531759298, -0.07290115526594750928, 0.04882104092741533508 ) ) ;
#2290 = VECTOR ( 'NONE', #2217, 39.37007874015748854 ) ;
#2291 = EDGE_LOOP ( 'NONE', ( #4461, #1250, #6646, #7756 ) ) ;
#2292 = DIMENSIONAL_EXPONENTS ( 1.000000000000000000, 0.000000000000000000, 0.000000000000000000, 0.000000000000000000, 0.000000000000000000, 0.000000000000000000, 0.000000000000000000 ) ;
#2293 = VECTOR ( 'NONE', #2027, 39.37007874015748143 ) ;
#2294 =( CONVERSION_BASED_UNIT ( 'INCH', #5817 ) LENGTH_UNIT ( ) NAMED_UNIT ( #4731 ) );
#2295 = PLANE ( 'NONE',  #1209 ) ;
#2296 = FILL_AREA_STYLE_COLOUR ( '', #2809 ) ;
#2297 = VECTOR ( 'NONE', #4154, 39.37007874015748143 ) ;
#2298 = SURFACE_STYLE_FILL_AREA ( #5110 ) ;
#2299 =( LENGTH_UNIT ( ) NAMED_UNIT ( * ) SI_UNIT ( $, .METRE. ) );
#2300 = DIRECTION ( 'NONE',  ( -0.000000000000000000, -0.7143278697962460733, 0.6998111848437100768 ) ) ;
#2301 = EDGE_CURVE ( 'NONE', #6666, #7210, #4960, .T. ) ;
#2302 = SURFACE_SIDE_STYLE ('',( #2211 ) ) ;
#2303 = ORIENTED_EDGE ( 'NONE', *, *, #6855, .T. ) ;
#2304 = EDGE_CURVE ( 'NONE', #5180, #3734, #3100, .T. ) ;
#2305 = ORIENTED_EDGE ( 'NONE', *, *, #1636, .T. ) ;
#2306 = LENGTH_MEASURE_WITH_UNIT ( LENGTH_MEASURE( 0.02539999999999999897 ), #2259 );
#2307 = VECTOR ( 'NONE', #7926, 39.37007874015748143 ) ;
#2308 = CARTESIAN_POINT ( 'NONE',  ( 0.07494307814895394271, 0.1049212598425196957, 0.000000000000000000 ) ) ;
#2309 = LENGTH_MEASURE_WITH_UNIT ( LENGTH_MEASURE( 0.02539999999999999897 ), #8564 );
#2310 = DIRECTION ( 'NONE',  ( 0.7071067811865474617, 0.7071067811865474617, -0.000000000000000000 ) ) ;
#2311 = FILL_AREA_STYLE ('',( #971 ) ) ;
#2312 = CARTESIAN_POINT ( 'NONE',  ( -0.08875394017312086825, -0.07123425513375078455, 0.04673228346456693300 ) ) ;
#2313 =( GEOMETRIC_REPRESENTATION_CONTEXT ( 3 ) GLOBAL_UNCERTAINTY_ASSIGNED_CONTEXT ( ( #6563 ) ) GLOBAL_UNIT_ASSIGNED_CONTEXT ( ( #6594, #8145, #1142 ) ) REPRESENTATION_CONTEXT ( 'NONE', 'WORKASPACE' ) );
#2314 = FILL_AREA_STYLE ('',( #3008 ) ) ;
#2315 = FILL_AREA_STYLE_COLOUR ( '', #7016 ) ;
#2316 = UNCERTAINTY_MEASURE_WITH_UNIT (LENGTH_MEASURE( 1.000000000000000082E-05 ), #5986, 'distance_accuracy_value', 'NONE');
#2317 = ADVANCED_FACE ( 'NONE', ( #4373 ), #1526, .T. ) ;
#2318 = DIRECTION ( 'NONE',  ( 0.000000000000000000, 0.000000000000000000, 1.000000000000000000 ) ) ;
#2319 = ORIENTED_EDGE ( 'NONE', *, *, #6937, .F. ) ;
#2320 = UNCERTAINTY_MEASURE_WITH_UNIT (LENGTH_MEASURE( 1.000000000000000082E-05 ), #4815, 'distance_accuracy_value', 'NONE');
#2321 = ORIENTED_EDGE ( 'NONE', *, *, #5927, .F. ) ;
#2322 = SURFACE_STYLE_USAGE ( .BOTH. , #2363 ) ;
#2323 = AXIS2_PLACEMENT_3D ( 'NONE', #5293, #8680, #6730 ) ;
#2324 = CARTESIAN_POINT ( 'NONE',  ( -0.07494307814895394271, 0.004527559055118110173, 0.009842519685039369942 ) ) ;
#2325 = FILL_AREA_STYLE_COLOUR ( '', #4565 ) ;
#2326 = LINE ( 'NONE', #939, #2490 ) ;
#2327 = DIRECTION ( 'NONE',  ( -1.000000000000000000, -0.000000000000000000, -0.000000000000000000 ) ) ;
#2328 = EDGE_CURVE ( 'NONE', #4742, #8387, #5837, .T. ) ;
#2329 = EDGE_LOOP ( 'NONE', ( #7898, #1737, #4652, #522 ) ) ;
#2330 = VERTEX_POINT ( 'NONE', #4425 ) ;
#2331 = LENGTH_MEASURE_WITH_UNIT ( LENGTH_MEASURE( 0.02539999999999999897 ), #8543 );
#2332 = VECTOR ( 'NONE', #1003, 39.37007874015748143 ) ;
#2333 = SURFACE_STYLE_FILL_AREA ( #3655 ) ;
#2334 = SURFACE_STYLE_USAGE ( .BOTH. , #4342 ) ;
#2335 = AXIS2_PLACEMENT_3D ( 'NONE', #987, #5966, #8034 ) ;
#2336 = EDGE_CURVE ( 'NONE', #7759, #5868, #401, .T. ) ;
#2337 = DIRECTION ( 'NONE',  ( -1.000000000000000000, 0.000000000000000000, 0.000000000000000000 ) ) ;
#2338 = DIRECTION ( 'NONE',  ( -0.000000000000000000, 0.04595002157773420831, -0.9989437399158200837 ) ) ;
#2339 = CARTESIAN_POINT ( 'NONE',  ( 0.02500000000000000139, -0.08653382883559766758, 0.01376068786798879603 ) ) ;
#2340 = ORIENTED_EDGE ( 'NONE', *, *, #1512, .F. ) ;
#2341 = AXIS2_PLACEMENT_3D ( 'NONE', #3093, #1700, #5832 ) ;
#2342 =( NAMED_UNIT ( * ) PLANE_ANGLE_UNIT ( ) SI_UNIT ( $, .RADIAN. ) );
#2343 =( NAMED_UNIT ( * ) PLANE_ANGLE_UNIT ( ) SI_UNIT ( $, .RADIAN. ) );
#2344 = CARTESIAN_POINT ( 'NONE',  ( -0.07499999999999999722, -0.09383657304297442214, 0.02091502454231232433 ) ) ;
#2345 = CARTESIAN_POINT ( 'NONE',  ( -0.08946850393700787885, 0.002027559055118137877, 0.009842519685039369942 ) ) ;
#2346 = DIRECTION ( 'NONE',  ( -1.000000000000000000, -0.000000000000000000, -0.000000000000000000 ) ) ;
#2347 = CARTESIAN_POINT ( 'NONE',  ( -0.02500000000000000139, -0.06061878546604763246, 0.01731541798661000164 ) ) ;
#2348 = DIRECTION ( 'NONE',  ( -1.000000000000000000, -0.000000000000000000, -0.000000000000000000 ) ) ;
#2349 = ORIENTED_EDGE ( 'NONE', *, *, #6955, .T. ) ;
#2350 = CARTESIAN_POINT ( 'NONE',  ( -0.08307086614173228578, -0.09755300347091183655, 0.01413418920407248473 ) ) ;
#2351 = DIMENSIONAL_EXPONENTS ( 1.000000000000000000, 0.000000000000000000, 0.000000000000000000, 0.000000000000000000, 0.000000000000000000, 0.000000000000000000, 0.000000000000000000 ) ;
#2352 =( CONVERSION_BASED_UNIT ( 'INCH', #2309 ) LENGTH_UNIT ( ) NAMED_UNIT ( #8188 ) );
#2353 = SHAPE_DEFINITION_REPRESENTATION ( #6897, #6032 ) ;
#2354 = SURFACE_STYLE_USAGE ( .BOTH. , #3176 ) ;
#2355 = LENGTH_MEASURE_WITH_UNIT ( LENGTH_MEASURE( 0.02539999999999999897 ), #3049 );
#2356 = CARTESIAN_POINT ( 'NONE',  ( 0.07795275590551181688, 0.09311023622047245873, 0.005000000000000000104 ) ) ;
#2357 = DIRECTION ( 'NONE',  ( 0.000000000000000000, 0.000000000000000000, -1.000000000000000000 ) ) ;
#2358 =( NAMED_UNIT ( * ) PLANE_ANGLE_UNIT ( ) SI_UNIT ( $, .RADIAN. ) );
#2359 = MECHANICAL_DESIGN_GEOMETRIC_PRESENTATION_REPRESENTATION (  '', ( #6279 ), #1620 ) ;
#2360 =( NAMED_UNIT ( * ) PLANE_ANGLE_UNIT ( ) SI_UNIT ( $, .RADIAN. ) );
#2361 = VERTEX_POINT ( 'NONE', #844 ) ;
#2362 = VECTOR ( 'NONE', #1925, 39.37007874015748143 ) ;
#2363 = SURFACE_SIDE_STYLE ('',( #1705 ) ) ;
#2364 = CARTESIAN_POINT ( 'NONE',  ( 0.09645669291338584972, 0.09311023622047245873, 0.000000000000000000 ) ) ;
#2365 = ADVANCED_FACE ( 'NONE', ( #5133 ), #1624, .T. ) ;
#2366 = COLOUR_RGB ( '',0.7490196078431372584, 0.7490196078431372584, 0.7490196078431372584 ) ;
#2367 = DIRECTION ( 'NONE',  ( 1.000000000000000000, 0.000000000000000000, 0.000000000000000000 ) ) ;
#2368 =( NAMED_UNIT ( * ) PLANE_ANGLE_UNIT ( ) SI_UNIT ( $, .RADIAN. ) );
#2369 = AXIS2_PLACEMENT_3D ( 'NONE', #4800, #8185, #6683 ) ;
#2370 =( NAMED_UNIT ( * ) PLANE_ANGLE_UNIT ( ) SI_UNIT ( $, .RADIAN. ) );
#2371 = CARTESIAN_POINT ( 'NONE',  ( -0.09055118110236221041, 0.007027559055118149690, 0.005000000000000000104 ) ) ;
#2372 = ORIENTED_EDGE ( 'NONE', *, *, #534, .F. ) ;
#2373 = ORIENTED_EDGE ( 'NONE', *, *, #3706, .T. ) ;
#2374 = AXIS2_PLACEMENT_3D ( 'NONE', #4345, #5056, #767 ) ;
#2375 = SURFACE_STYLE_USAGE ( .BOTH. , #5761 ) ;
#2376 = DIRECTION ( 'NONE',  ( 1.000000000000000000, 1.216192002179390098E-16, 0.000000000000000000 ) ) ;
#2377 = STYLED_ITEM ( 'NONE', ( #633 ), #8495 ) ;
#2378 = PLANE ( 'NONE',  #3022 ) ;
#2379 = FILL_AREA_STYLE ('',( #5664 ) ) ;
#2380 = AXIS2_PLACEMENT_3D ( 'NONE', #2426, #6624, #2381 ) ;
#2381 = DIRECTION ( 'NONE',  ( 1.000000000000000000, 0.000000000000000000, -0.000000000000000000 ) ) ;
#2382 = CARTESIAN_POINT ( 'NONE',  ( 0.08869051231072097585, -0.07266318467170387874, 0.04971379740223479116 ) ) ;
#2383 = CARTESIAN_POINT ( 'NONE',  ( 0.08875394017312086825, 0.08540748348020747727, 0.04673228346456695381 ) ) ;
#2384 = ORIENTED_EDGE ( 'NONE', *, *, #663, .T. ) ;
#2385 =( LENGTH_UNIT ( ) NAMED_UNIT ( * ) SI_UNIT ( $, .METRE. ) );
#2386 = VECTOR ( 'NONE', #881, 39.37007874015748143 ) ;
#2387 = DIRECTION ( 'NONE',  ( 0.9925461516413218721, 0.000000000000000000, 0.1218693434051484753 ) ) ;
#2388 = SURFACE_STYLE_USAGE ( .BOTH. , #4982 ) ;
#2389 = EDGE_CURVE ( 'NONE', #7508, #964, #2640, .T. ) ;
#2390 = CARTESIAN_POINT ( 'NONE',  ( 0.08995111351097710706, -0.06942317883411010249, 0.05129343022717247624 ) ) ;
#2391 = COLOUR_RGB ( '',0.2862745098039215508, 0.2862745098039215508, 0.2862745098039215508 ) ;
#2392 = FILL_AREA_STYLE ('',( #3169 ) ) ;
#2393 = DIMENSIONAL_EXPONENTS ( 1.000000000000000000, 0.000000000000000000, 0.000000000000000000, 0.000000000000000000, 0.000000000000000000, 0.000000000000000000, 0.000000000000000000 ) ;
#2394 = FACE_OUTER_BOUND ( 'NONE', #3280, .T. ) ;
#2395 = SURFACE_STYLE_USAGE ( .BOTH. , #8765 ) ;
#2396 = ORIENTED_EDGE ( 'NONE', *, *, #5715, .F. ) ;
#2397 =( CONVERSION_BASED_UNIT ( 'INCH', #2261 ) LENGTH_UNIT ( ) NAMED_UNIT ( #5773 ) );
#2398 = CARTESIAN_POINT ( 'NONE',  ( -0.09167522711142697678, -0.07266318467170387874, 0.04733189256916629784 ) ) ;
#2399 = ORIENTED_EDGE ( 'NONE', *, *, #6813, .T. ) ;
#2400 = VECTOR ( 'NONE', #5482, 39.37007874015748143 ) ;
#2401 = AXIS2_PLACEMENT_3D ( 'NONE', #5943, #6507, #5244 ) ;
#2402 = APPLICATION_PROTOCOL_DEFINITION ( 'draft international standard', 'automotive_design', 1998, #7433 ) ;
#2403 = LENGTH_MEASURE_WITH_UNIT ( LENGTH_MEASURE( 0.02539999999999999897 ), #7278 );
#2404 = DIRECTION ( 'NONE',  ( 0.000000000000000000, -0.000000000000000000, -1.000000000000000000 ) ) ;
#2405 = LINE ( 'NONE', #8571, #6729 ) ;
#2406 = UNCERTAINTY_MEASURE_WITH_UNIT (LENGTH_MEASURE( 1.000000000000000082E-05 ), #2269, 'distance_accuracy_value', 'NONE');
#2407 = MECHANICAL_DESIGN_GEOMETRIC_PRESENTATION_REPRESENTATION (  '', ( #3128 ), #935 ) ;
#2408 =( NAMED_UNIT ( * ) SI_UNIT ( $, .STERADIAN. ) SOLID_ANGLE_UNIT ( ) );
#2409 = ORIENTED_EDGE ( 'NONE', *, *, #4093, .F. ) ;
#2410 = ORIENTED_EDGE ( 'NONE', *, *, #6675, .T. ) ;
#2411 = PRODUCT_DEFINITION_FORMATION_WITH_SPECIFIED_SOURCE ( 'ANY', '', #3663, .NOT_KNOWN. ) ;
#2412 = DIRECTION ( 'NONE',  ( 0.000000000000000000, 0.000000000000000000, -1.000000000000000000 ) ) ;
#2413 = SURFACE_STYLE_USAGE ( .BOTH. , #2463 ) ;
#2414 = CARTESIAN_POINT ( 'NONE',  ( 0.08503937007874015630, -0.09383657304297417234, 0.02091502454231215086 ) ) ;
#2415 = VECTOR ( 'NONE', #8787, 39.37007874015748143 ) ;
#2416 = DIMENSIONAL_EXPONENTS ( 1.000000000000000000, 0.000000000000000000, 0.000000000000000000, 0.000000000000000000, 0.000000000000000000, 0.000000000000000000, 0.000000000000000000 ) ;
#2417 = CARTESIAN_POINT ( 'NONE',  ( -0.03307086614173228301, -0.09383657304297426949, 0.02091502454231223759 ) ) ;
#2418 = SURFACE_STYLE_USAGE ( .BOTH. , #395 ) ;
#2419 =( LENGTH_UNIT ( ) NAMED_UNIT ( * ) SI_UNIT ( $, .METRE. ) );
#2420 = ORIENTED_EDGE ( 'NONE', *, *, #1701, .T. ) ;
#2421 = ADVANCED_FACE ( 'NONE', ( #4054 ), #6606, .T. ) ;
#2422 = EDGE_LOOP ( 'NONE', ( #7474, #7625, #6726, #8386 ) ) ;
#2423 = AXIS2_PLACEMENT_3D ( 'NONE', #8065, #4049, #6602 ) ;
#2424 =( CONVERSION_BASED_UNIT ( 'INCH', #7385 ) LENGTH_UNIT ( ) NAMED_UNIT ( #1152 ) );
#2425 = LINE ( 'NONE', #7950, #5997 ) ;
#2426 = CARTESIAN_POINT ( 'NONE',  ( 0.000000000000000000, 0.05098425196850393804, 0.009842519685039369942 ) ) ;
#2427 = AXIS2_PLACEMENT_3D ( 'NONE', #521, #6139, #7416 ) ;
#2428 = AXIS2_PLACEMENT_3D ( 'NONE', #8726, #8235, #86 ) ;
#2429 = CARTESIAN_POINT ( 'NONE',  ( -0.02500000000000000139, -0.1210629921259842590, 0.000000000000000000 ) ) ;
#2430 = VERTEX_POINT ( 'NONE', #1793 ) ;
#2431 = EDGE_CURVE ( 'NONE', #6316, #2430, #3184, .T. ) ;
#2432 = VERTEX_POINT ( 'NONE', #8824 ) ;
#2433 = DIRECTION ( 'NONE',  ( 1.000000000000000000, 0.000000000000000000, 0.000000000000000000 ) ) ;
#2434 = SURFACE_SIDE_STYLE ('',( #8635 ) ) ;
#2435 = MECHANICAL_DESIGN_GEOMETRIC_PRESENTATION_REPRESENTATION (  '', ( #6210 ), #6072 ) ;
#2436 = FILL_AREA_STYLE ('',( #8637 ) ) ;
#2437 = PRESENTATION_LAYER_ASSIGNMENT (  '', '', ( #8930 ) ) ;
#2438 =( LENGTH_UNIT ( ) NAMED_UNIT ( * ) SI_UNIT ( $, .METRE. ) );
#2439 =( GEOMETRIC_REPRESENTATION_CONTEXT ( 3 ) GLOBAL_UNCERTAINTY_ASSIGNED_CONTEXT ( ( #5408 ) ) GLOBAL_UNIT_ASSIGNED_CONTEXT ( ( #1345, #4066, #2615 ) ) REPRESENTATION_CONTEXT ( 'NONE', 'WORKASPACE' ) );
#2440 = CARTESIAN_POINT ( 'NONE',  ( -0.02500000000000000139, -0.08244437787890905589, 0.01631147111528527538 ) ) ;
#2441 = ADVANCED_FACE ( 'NONE', ( #5962 ), #5267, .F. ) ;
#2442 = SURFACE_STYLE_FILL_AREA ( #3170 ) ;
#2443 = AXIS2_PLACEMENT_3D ( 'NONE', #3267, #8738, #6092 ) ;
#2444 =( NAMED_UNIT ( * ) PLANE_ANGLE_UNIT ( ) SI_UNIT ( $, .RADIAN. ) );
#2445 = ORIENTED_EDGE ( 'NONE', *, *, #6620, .T. ) ;
#2446 = DIRECTION ( 'NONE',  ( -1.000000000000000000, -0.000000000000000000, 0.000000000000000000 ) ) ;
#2447 = CARTESIAN_POINT ( 'NONE',  ( -0.07795275590551181688, 0.01003937007874019724, 0.009842519685039369942 ) ) ;
#2448 = ORIENTED_EDGE ( 'NONE', *, *, #6706, .T. ) ;
#2449 = STYLED_ITEM ( 'NONE', ( #7924 ), #1964 ) ;
#2450 =( NAMED_UNIT ( * ) SI_UNIT ( $, .STERADIAN. ) SOLID_ANGLE_UNIT ( ) );
#2451 =( NAMED_UNIT ( * ) PLANE_ANGLE_UNIT ( ) SI_UNIT ( $, .RADIAN. ) );
#2452 = EDGE_CURVE ( 'NONE', #4245, #7955, #3959, .T. ) ;
#2453 = DIRECTION ( 'NONE',  ( 0.000000000000000000, 0.4806245840651710566, 0.8769264559768860101 ) ) ;
#2454 =( NAMED_UNIT ( * ) SI_UNIT ( $, .STERADIAN. ) SOLID_ANGLE_UNIT ( ) );
#2455 = DIRECTION ( 'NONE',  ( 1.000000000000000000, 0.000000000000000000, 0.000000000000000000 ) ) ;
#2456 = VECTOR ( 'NONE', #571, 39.37007874015748143 ) ;
#2457 = SURFACE_STYLE_FILL_AREA ( #5309 ) ;
#2458 = VECTOR ( 'NONE', #2091, 39.37007874015748143 ) ;
#2459 = ORIENTED_EDGE ( 'NONE', *, *, #4203, .T. ) ;
#2460 = ORIENTED_EDGE ( 'NONE', *, *, #6735, .F. ) ;
#2461 =( NAMED_UNIT ( * ) PLANE_ANGLE_UNIT ( ) SI_UNIT ( $, .RADIAN. ) );
#2462 = DIMENSIONAL_EXPONENTS ( 1.000000000000000000, 0.000000000000000000, 0.000000000000000000, 0.000000000000000000, 0.000000000000000000, 0.000000000000000000, 0.000000000000000000 ) ;
#2463 = SURFACE_SIDE_STYLE ('',( #6608 ) ) ;
#2464 = AXIS2_PLACEMENT_3D ( 'NONE', #1924, #5344, #8018 ) ;
#2465 = SURFACE_STYLE_FILL_AREA ( #6659 ) ;
#2466 = FILL_AREA_STYLE ('',( #4512 ) ) ;
#2467 = LINE ( 'NONE', #7892, #4374 ) ;
#2468 = LENGTH_MEASURE_WITH_UNIT ( LENGTH_MEASURE( 0.02539999999999999897 ), #7945 );
#2469 =( NAMED_UNIT ( * ) SI_UNIT ( $, .STERADIAN. ) SOLID_ANGLE_UNIT ( ) );
#2470 = VERTEX_POINT ( 'NONE', #741 ) ;
#2471 = ORIENTED_EDGE ( 'NONE', *, *, #2708, .T. ) ;
#2472 = PRESENTATION_STYLE_ASSIGNMENT (( #8668 ) ) ;
#2473 =( GEOMETRIC_REPRESENTATION_CONTEXT ( 3 ) GLOBAL_UNCERTAINTY_ASSIGNED_CONTEXT ( ( #1015 ) ) GLOBAL_UNIT_ASSIGNED_CONTEXT ( ( #3482, #7636, #3710 ) ) REPRESENTATION_CONTEXT ( 'NONE', 'WORKASPACE' ) );
#2474 =( LENGTH_UNIT ( ) NAMED_UNIT ( * ) SI_UNIT ( $, .METRE. ) );
#2475 = CARTESIAN_POINT ( 'NONE',  ( -0.02500000000000000139, -0.09796007064640156747, 0.002021243723793037916 ) ) ;
#2476 = COLOUR_RGB ( '',0.7490196078431372584, 0.7490196078431372584, 0.7490196078431372584 ) ;
#2477 = DIRECTION ( 'NONE',  ( 0.000000000000000000, 0.000000000000000000, -1.000000000000000000 ) ) ;
#2478 = ORIENTED_EDGE ( 'NONE', *, *, #6207, .T. ) ;
#2479 = DIMENSIONAL_EXPONENTS ( 1.000000000000000000, 0.000000000000000000, 0.000000000000000000, 0.000000000000000000, 0.000000000000000000, 0.000000000000000000, 0.000000000000000000 ) ;
#2480 = EDGE_CURVE ( 'NONE', #7550, #6533, #2863, .T. ) ;
#2481 = EDGE_LOOP ( 'NONE', ( #5760, #4141, #3489, #3245, #3514, #5731, #6409, #8737, #6992, #8528, #2931, #1622, #8259, #4275, #8625, #6489, #6183, #3674, #2533, #8402, #6449, #2092, #4433, #1342 ) ) ;
#2482 = CARTESIAN_POINT ( 'NONE',  ( 0.06530030766429134603, 0.08129921259842519399, 0.000000000000000000 ) ) ;
#2483 = DIRECTION ( 'NONE',  ( 0.000000000000000000, -0.4806245840651710566, -0.8769264559768860101 ) ) ;
#2484 = VECTOR ( 'NONE', #7773, 39.37007874015748143 ) ;
#2485 = ADVANCED_FACE ( 'NONE', ( #8389 ), #8872, .F. ) ;
#2486 = EDGE_CURVE ( 'NONE', #8026, #2019, #6, .T. ) ;
#2487 = FILL_AREA_STYLE_COLOUR ( '', #2096 ) ;
#2488 = CARTESIAN_POINT ( 'NONE',  ( -0.02500000000000000139, -0.06107104945795473194, 0.02714754141097830767 ) ) ;
#2489 = PRODUCT_DEFINITION ( 'UNKNOWN', '', #6587, #895 ) ;
#2490 = VECTOR ( 'NONE', #3230, 39.37007874015748143 ) ;
#2491 = LINE ( 'NONE', #5248, #8413 ) ;
#2492 = VECTOR ( 'NONE', #721, 39.37007874015748143 ) ;
#2493 =( NAMED_UNIT ( * ) SI_UNIT ( $, .STERADIAN. ) SOLID_ANGLE_UNIT ( ) );
#2494 = PLANE ( 'NONE',  #7513 ) ;
#2495 = ORIENTED_EDGE ( 'NONE', *, *, #649, .T. ) ;
#2496 = VECTOR ( 'NONE', #4954, 39.37007874015748143 ) ;
#2497 = CARTESIAN_POINT ( 'NONE',  ( 0.000000000000000000, 0.000000000000000000, 0.000000000000000000 ) ) ;
#2498 = ADVANCED_FACE ( 'NONE', ( #1377 ), #1418, .T. ) ;
#2499 = EDGE_CURVE ( 'NONE', #5071, #637, #6308, .T. ) ;
#2500 = COLOUR_RGB ( '',0.2862745098039215508, 0.2862745098039215508, 0.2862745098039215508 ) ;
#2501 = SURFACE_STYLE_FILL_AREA ( #8690 ) ;
#2502 = SURFACE_STYLE_FILL_AREA ( #8691 ) ;
#2503 = DIRECTION ( 'NONE',  ( 1.000000000000000000, 0.000000000000000000, 0.000000000000000000 ) ) ;
#2504 = FACE_OUTER_BOUND ( 'NONE', #2815, .T. ) ;
#2505 = CIRCLE ( 'NONE', #6404, 0.003149606299212598381 ) ;
#2506 = LENGTH_MEASURE_WITH_UNIT ( LENGTH_MEASURE( 0.02539999999999999897 ), #7108 );
#2507 = ORIENTED_EDGE ( 'NONE', *, *, #3995, .T. ) ;
#2508 = UNCERTAINTY_MEASURE_WITH_UNIT (LENGTH_MEASURE( 1.000000000000000082E-05 ), #2569, 'distance_accuracy_value', 'NONE');
#2509 = ORIENTED_EDGE ( 'NONE', *, *, #943, .F. ) ;
#2510 =( NAMED_UNIT ( * ) SI_UNIT ( $, .STERADIAN. ) SOLID_ANGLE_UNIT ( ) );
#2511 = COLOUR_RGB ( '',0.7490196078431372584, 0.7490196078431372584, 0.7490196078431372584 ) ;
#2512 =( LENGTH_UNIT ( ) NAMED_UNIT ( * ) SI_UNIT ( $, .METRE. ) );
#2513 = PLANE ( 'NONE',  #6779 ) ;
#2514 = DIRECTION ( 'NONE',  ( 1.000000000000000000, 0.000000000000000000, 0.000000000000000000 ) ) ;
#2515 = SURFACE_STYLE_USAGE ( .BOTH. , #1798 ) ;
#2516 = PRESENTATION_STYLE_ASSIGNMENT (( #5139 ) ) ;
#2517 = STYLED_ITEM ( 'NONE', ( #8451 ), #4975 ) ;
#2518 = DIRECTION ( 'NONE',  ( 0.000000000000000000, 0.000000000000000000, -1.000000000000000000 ) ) ;
#2519 = FACE_OUTER_BOUND ( 'NONE', #1653, .T. ) ;
#2520 = EDGE_LOOP ( 'NONE', ( #5470, #3115, #2459, #4004, #3698, #6840, #7993, #2890 ) ) ;
#2521 = ORIENTED_EDGE ( 'NONE', *, *, #5796, .T. ) ;
#2522 = SURFACE_STYLE_USAGE ( .BOTH. , #6811 ) ;
#2523 =( GEOMETRIC_REPRESENTATION_CONTEXT ( 3 ) GLOBAL_UNCERTAINTY_ASSIGNED_CONTEXT ( ( #8304 ) ) GLOBAL_UNIT_ASSIGNED_CONTEXT ( ( #3865, #2358, #6601 ) ) REPRESENTATION_CONTEXT ( 'NONE', 'WORKASPACE' ) );
#2524 = AXIS2_PLACEMENT_3D ( 'NONE', #2570, #309, #3283 ) ;
#2525 = FILL_AREA_STYLE_COLOUR ( '', #3295 ) ;
#2526 = FILL_AREA_STYLE ('',( #1165 ) ) ;
#2527 = DIMENSIONAL_EXPONENTS ( 1.000000000000000000, 0.000000000000000000, 0.000000000000000000, 0.000000000000000000, 0.000000000000000000, 0.000000000000000000, 0.000000000000000000 ) ;
#2528 = EDGE_CURVE ( 'NONE', #2330, #6879, #4991, .T. ) ;
#2529 = LENGTH_MEASURE_WITH_UNIT ( LENGTH_MEASURE( 0.02539999999999999897 ), #405 );
#2530 = STYLED_ITEM ( 'NONE', ( #3203 ), #6024 ) ;
#2531 = LINE ( 'NONE', #4618, #2854 ) ;
#2532 = LINE ( 'NONE', #1212, #934 ) ;
#2533 = ORIENTED_EDGE ( 'NONE', *, *, #7912, .F. ) ;
#2534 = VERTEX_POINT ( 'NONE', #6470 ) ;
#2535 = CARTESIAN_POINT ( 'NONE',  ( -0.01692913385826771630, -0.1210629921259842590, -1.069830134859272772E-18 ) ) ;
#2536 = PRESENTATION_STYLE_ASSIGNMENT (( #6631 ) ) ;
#2537 = SURFACE_SIDE_STYLE ('',( #7531 ) ) ;
#2538 = FILL_AREA_STYLE ('',( #8763 ) ) ;
#2539 = FILL_AREA_STYLE_COLOUR ( '', #7825 ) ;
#2540 = AXIS2_PLACEMENT_3D ( 'NONE', #8193, #1975, #3950 ) ;
#2541 = PLANE ( 'NONE',  #7206 ) ;
#2542 = EDGE_CURVE ( 'NONE', #5825, #1329, #7784, .T. ) ;
#2543 = DIRECTION ( 'NONE',  ( -0.000000000000000000, 1.000000000000000000, 0.000000000000000000 ) ) ;
#2544 =( LENGTH_UNIT ( ) NAMED_UNIT ( * ) SI_UNIT ( $, .METRE. ) );
#2545 =( NAMED_UNIT ( * ) PLANE_ANGLE_UNIT ( ) SI_UNIT ( $, .RADIAN. ) );
#2546 = DIMENSIONAL_EXPONENTS ( 1.000000000000000000, 0.000000000000000000, 0.000000000000000000, 0.000000000000000000, 0.000000000000000000, 0.000000000000000000, 0.000000000000000000 ) ;
#2547 = CARTESIAN_POINT ( 'NONE',  ( 0.000000000000000000, 0.002027559055118138311, 0.005000000000000000104 ) ) ;
#2548 = ORIENTED_EDGE ( 'NONE', *, *, #2225, .T. ) ;
#2549 = PRESENTATION_LAYER_ASSIGNMENT (  '', '', ( #2530 ) ) ;
#2550 = PRESENTATION_STYLE_ASSIGNMENT (( #2678 ) ) ;
#2551 = PRESENTATION_STYLE_ASSIGNMENT (( #8733 ) ) ;
#2552 = LINE ( 'NONE', #564, #40 ) ;
#2553 = FILL_AREA_STYLE ('',( #8735 ) ) ;
#2554 = FILL_AREA_STYLE_COLOUR ( '', #3294 ) ;
#2555 = VERTEX_POINT ( 'NONE', #7742 ) ;
#2556 = ORIENTED_EDGE ( 'NONE', *, *, #3793, .T. ) ;
#2557 = DIRECTION ( 'NONE',  ( -0.000000000000000000, 1.000000000000000000, -0.000000000000000000 ) ) ;
#2558 = CARTESIAN_POINT ( 'NONE',  ( -0.02500000000000000139, -0.08565767112959683793, 0.02601659103690532465 ) ) ;
#2559 = FACE_OUTER_BOUND ( 'NONE', #8385, .T. ) ;
#2560 = SURFACE_STYLE_FILL_AREA ( #7202 ) ;
#2561 = FILL_AREA_STYLE_COLOUR ( '', #8314 ) ;
#2562 = SURFACE_STYLE_FILL_AREA ( #1842 ) ;
#2563 = FILL_AREA_STYLE ('',( #8745 ) ) ;
#2564 = CARTESIAN_POINT ( 'NONE',  ( 0.07499999999999999722, -0.08565767112959683793, 0.02601659103690532465 ) ) ;
#2565 = MECHANICAL_DESIGN_GEOMETRIC_PRESENTATION_REPRESENTATION (  '', ( #4587 ), #4729 ) ;
#2566 = CARTESIAN_POINT ( 'NONE',  ( 0.03503937007874016046, -0.08814047546094172514, 0.01988863945244704820 ) ) ;
#2567 = VERTEX_POINT ( 'NONE', #2952 ) ;
#2568 = ORIENTED_EDGE ( 'NONE', *, *, #6790, .F. ) ;
#2569 =( CONVERSION_BASED_UNIT ( 'INCH', #5893 ) LENGTH_UNIT ( ) NAMED_UNIT ( #3103 ) );
#2570 = CARTESIAN_POINT ( 'NONE',  ( -0.08307086614173228578, -0.09084088879601615041, 0.01357377070548917292 ) ) ;
#2571 = ADVANCED_FACE ( 'NONE', ( #236 ), #831, .T. ) ;
#2572 =( LENGTH_UNIT ( ) NAMED_UNIT ( * ) SI_UNIT ( $, .METRE. ) );
#2573 = STYLED_ITEM ( 'NONE', ( #1393 ), #1065 ) ;
#2574 =( NAMED_UNIT ( * ) PLANE_ANGLE_UNIT ( ) SI_UNIT ( $, .RADIAN. ) );
#2575 = ORIENTED_EDGE ( 'NONE', *, *, #4776, .T. ) ;
#2576 = ORIENTED_EDGE ( 'NONE', *, *, #7094, .F. ) ;
#2577 = ADVANCED_FACE ( 'NONE', ( #190 ), #2215, .T. ) ;
#2578 =( NAMED_UNIT ( * ) SI_UNIT ( $, .STERADIAN. ) SOLID_ANGLE_UNIT ( ) );
#2579 = LENGTH_MEASURE_WITH_UNIT ( LENGTH_MEASURE( 0.02539999999999999897 ), #8760 );
#2580 = UNCERTAINTY_MEASURE_WITH_UNIT (LENGTH_MEASURE( 1.000000000000000082E-05 ), #1177, 'distance_accuracy_value', 'NONE');
#2581 = FACE_OUTER_BOUND ( 'NONE', #4909, .T. ) ;
#2582 = VECTOR ( 'NONE', #3755, 39.37007874015748143 ) ;
#2583 =( NAMED_UNIT ( * ) SI_UNIT ( $, .STERADIAN. ) SOLID_ANGLE_UNIT ( ) );
#2584 = DIMENSIONAL_EXPONENTS ( 1.000000000000000000, 0.000000000000000000, 0.000000000000000000, 0.000000000000000000, 0.000000000000000000, 0.000000000000000000, 0.000000000000000000 ) ;
#2585 = PLANE ( 'NONE',  #5970 ) ;
#2586 = CIRCLE ( 'NONE', #4753, 0.003149606299212598381 ) ;
#2587 =( LENGTH_UNIT ( ) NAMED_UNIT ( * ) SI_UNIT ( $, .METRE. ) );
#2588 = LENGTH_MEASURE_WITH_UNIT ( LENGTH_MEASURE( 0.02539999999999999897 ), #4630 );
#2589 = DIRECTION ( 'NONE',  ( 0.000000000000000000, -5.204170427930419706E-15, -1.000000000000000000 ) ) ;
#2590 = AXIS2_PLACEMENT_3D ( 'NONE', #7487, #2184, #114 ) ;
#2591 = SURFACE_SIDE_STYLE ('',( #5950 ) ) ;
#2592 = DIRECTION ( 'NONE',  ( 0.9925461516413218721, 0.000000000000000000, -0.1218693434051484753 ) ) ;
#2593 = ORIENTED_EDGE ( 'NONE', *, *, #3098, .T. ) ;
#2594 = SURFACE_STYLE_FILL_AREA ( #6834 ) ;
#2595 = CARTESIAN_POINT ( 'NONE',  ( -0.01692913385826771283, -0.08565767112959683793, 0.02601659103690531424 ) ) ;
#2596 =( CONVERSION_BASED_UNIT ( 'INCH', #6837 ) LENGTH_UNIT ( ) NAMED_UNIT ( #1390 ) );
#2597 = SURFACE_STYLE_FILL_AREA ( #612 ) ;
#2598 = ORIENTED_EDGE ( 'NONE', *, *, #3541, .F. ) ;
#2599 = UNCERTAINTY_MEASURE_WITH_UNIT (LENGTH_MEASURE( 1.000000000000000082E-05 ), #933, 'distance_accuracy_value', 'NONE');
#2600 = ORIENTED_EDGE ( 'NONE', *, *, #3677, .F. ) ;
#2601 = SURFACE_SIDE_STYLE ('',( #8780 ) ) ;
#2602 = STYLED_ITEM ( 'NONE', ( #3122 ), #1962 ) ;
#2603 = EDGE_CURVE ( 'NONE', #8431, #1330, #2168, .T. ) ;
#2604 = CARTESIAN_POINT ( 'NONE',  ( 0.09042084030531759298, -0.07290115526594749540, 0.04882104092741532120 ) ) ;
#2605 = STYLED_ITEM ( 'NONE', ( #7721 ), #3152 ) ;
#2606 = CARTESIAN_POINT ( 'NONE',  ( 0.06530030766429134603, 0.08129921259842519399, 0.009842519685039369942 ) ) ;
#2607 = COLOUR_RGB ( '',0.7490196078431372584, 0.7490196078431372584, 0.7490196078431372584 ) ;
#2608 =( CONVERSION_BASED_UNIT ( 'INCH', #6149 ) LENGTH_UNIT ( ) NAMED_UNIT ( #647 ) );
#2609 = CLOSED_SHELL ( 'NONE', ( #7936, #811, #3113, #4975, #3342, #4462, #5610, #4441, #5027, #3153, #5214, #5084, #2762, #1192, #1964, #5671, #6410, #2624, #2317, #5886, #5310, #7895 ) ) ;
#2610 = EDGE_LOOP ( 'NONE', ( #3160, #4895, #4372, #7767 ) ) ;
#2611 = ORIENTED_EDGE ( 'NONE', *, *, #6857, .F. ) ;
#2612 = LINE ( 'NONE', #5371, #6224 ) ;
#2613 = FACE_OUTER_BOUND ( 'NONE', #4498, .T. ) ;
#2614 = COLOUR_RGB ( '',0.2862745098039215508, 0.2862745098039215508, 0.2862745098039215508 ) ;
#2615 =( NAMED_UNIT ( * ) SI_UNIT ( $, .STERADIAN. ) SOLID_ANGLE_UNIT ( ) );
#2616 =( NAMED_UNIT ( * ) SI_UNIT ( $, .STERADIAN. ) SOLID_ANGLE_UNIT ( ) );
#2617 =( CONVERSION_BASED_UNIT ( 'INCH', #4067 ) LENGTH_UNIT ( ) NAMED_UNIT ( #5018 ) );
#2618 = PRESENTATION_STYLE_ASSIGNMENT (( #3376 ) ) ;
#2619 = CARTESIAN_POINT ( 'NONE',  ( -0.06188383402878307876, -0.05322241670594842627, 0.04988188976377952444 ) ) ;
#2620 = ORIENTED_EDGE ( 'NONE', *, *, #5434, .T. ) ;
#2621 = ORIENTED_EDGE ( 'NONE', *, *, #8232, .F. ) ;
#2622 = LENGTH_MEASURE_WITH_UNIT ( LENGTH_MEASURE( 0.02539999999999999897 ), #8048 );
#2623 =( LENGTH_UNIT ( ) NAMED_UNIT ( * ) SI_UNIT ( $, .METRE. ) );
#2624 = ADVANCED_FACE ( 'NONE', ( #1185 ), #2494, .T. ) ;
#2625 = COLOUR_RGB ( '',0.7490196078431372584, 0.7490196078431372584, 0.7490196078431372584 ) ;
#2626 = CARTESIAN_POINT ( 'NONE',  ( -0.09042084030531755134, -0.07290115526594753703, 0.04882104092741534895 ) ) ;
#2627 =( NAMED_UNIT ( * ) PLANE_ANGLE_UNIT ( ) SI_UNIT ( $, .RADIAN. ) );
#2628 = CYLINDRICAL_SURFACE ( 'NONE', #2428, 0.003149606299212602718 ) ;
#2629 = COLOUR_RGB ( '',0.7490196078431372584, 0.7490196078431372584, 0.7490196078431372584 ) ;
#2630 = EDGE_CURVE ( 'NONE', #1669, #6923, #2754, .T. ) ;
#2631 = LENGTH_MEASURE_WITH_UNIT ( LENGTH_MEASURE( 0.02539999999999999897 ), #510 );
#2632 = LINE ( 'NONE', #559, #6642 ) ;
#2633 = LINE ( 'NONE', #5400, #7410 ) ;
#2634 = FILL_AREA_STYLE_COLOUR ( '', #1053 ) ;
#2635 = SURFACE_SIDE_STYLE ('',( #5993 ) ) ;
#2636 = CARTESIAN_POINT ( 'NONE',  ( -0.08875394017312086825, 0.08540748348020747727, 0.04673228346456693300 ) ) ;
#2637 = DIRECTION ( 'NONE',  ( 1.000000000000000000, 0.000000000000000000, -0.000000000000000000 ) ) ;
#2638 = EDGE_LOOP ( 'NONE', ( #6261, #4153, #6714, #5143 ) ) ;
#2639 = VERTEX_POINT ( 'NONE', #1734 ) ;
#2640 = LINE ( 'NONE', #4685, #2003 ) ;
#2641 = DIMENSIONAL_EXPONENTS ( 1.000000000000000000, 0.000000000000000000, 0.000000000000000000, 0.000000000000000000, 0.000000000000000000, 0.000000000000000000, 0.000000000000000000 ) ;
#2642 = PRESENTATION_STYLE_ASSIGNMENT (( #1198 ) ) ;
#2643 = STYLED_ITEM ( 'NONE', ( #1264 ), #4251 ) ;
#2644 = DIRECTION ( 'NONE',  ( 0.000000000000000000, 0.08715574274765816587, -0.9961946980917455452 ) ) ;
#2645 = CARTESIAN_POINT ( 'NONE',  ( 0.07499999999999999722, -0.09755300347091180879, 0.01413418920407248820 ) ) ;
#2646 =( GEOMETRIC_REPRESENTATION_CONTEXT ( 3 ) GLOBAL_UNCERTAINTY_ASSIGNED_CONTEXT ( ( #2166 ) ) GLOBAL_UNIT_ASSIGNED_CONTEXT ( ( #4689, #2737, #8828 ) ) REPRESENTATION_CONTEXT ( 'NONE', 'WORKASPACE' ) );
#2647 = CARTESIAN_POINT ( 'NONE',  ( 0.08875394017312086825, -0.07123425513375078455, 0.04673228346456693300 ) ) ;
#2648 = DIRECTION ( 'NONE',  ( 0.000000000000000000, -0.000000000000000000, -1.000000000000000000 ) ) ;
#2649 =( GEOMETRIC_REPRESENTATION_CONTEXT ( 3 ) GLOBAL_UNCERTAINTY_ASSIGNED_CONTEXT ( ( #7538 ) ) GLOBAL_UNIT_ASSIGNED_CONTEXT ( ( #3879, #8039, #6059 ) ) REPRESENTATION_CONTEXT ( 'NONE', 'WORKASPACE' ) );
#2650 = ORIENTED_EDGE ( 'NONE', *, *, #6505, .F. ) ;
#2651 = ORIENTED_EDGE ( 'NONE', *, *, #2011, .T. ) ;
#2652 = EDGE_CURVE ( 'NONE', #680, #4408, #265, .T. ) ;
#2653 = CARTESIAN_POINT ( 'NONE',  ( 0.08875394017312095152, -0.07123425513375086782, 0.04673228346456684973 ) ) ;
#2654 = FACE_OUTER_BOUND ( 'NONE', #3591, .T. ) ;
#2655 = PRESENTATION_STYLE_ASSIGNMENT (( #1304 ) ) ;
#2656 = LINE ( 'NONE', #1764, #1083 ) ;
#2657 = ORIENTED_EDGE ( 'NONE', *, *, #7704, .T. ) ;
#2658 = ORIENTED_EDGE ( 'NONE', *, *, #8100, .T. ) ;
#2659 = PRESENTATION_LAYER_ASSIGNMENT (  '', '', ( #6279 ) ) ;
#2660 = EDGE_CURVE ( 'NONE', #2639, #2191, #5251, .T. ) ;
#2661 = LINE ( 'NONE', #8897, #3598 ) ;
#2662 = ADVANCED_FACE ( 'NONE', ( #1778 ), #4584, .F. ) ;
#2663 =( CONVERSION_BASED_UNIT ( 'INCH', #5523 ) LENGTH_UNIT ( ) NAMED_UNIT ( #6061 ) );
#2664 = UNCERTAINTY_MEASURE_WITH_UNIT (LENGTH_MEASURE( 1.000000000000000082E-05 ), #2596, 'distance_accuracy_value', 'NONE');
#2665 = FILL_AREA_STYLE_COLOUR ( '', #3586 ) ;
#2666 = FACE_OUTER_BOUND ( 'NONE', #3350, .T. ) ;
#2667 = CARTESIAN_POINT ( 'NONE',  ( 0.07795275590551181688, -0.01909448818897637595, 0.000000000000000000 ) ) ;
#2668 = CARTESIAN_POINT ( 'NONE',  ( -0.07494307814895394271, 0.09311023622047245873, 0.000000000000000000 ) ) ;
#2669 = STYLED_ITEM ( 'NONE', ( #46 ), #7895 ) ;
#2670 =( CONVERSION_BASED_UNIT ( 'INCH', #600 ) LENGTH_UNIT ( ) NAMED_UNIT ( #8984 ) );
#2671 =( NAMED_UNIT ( * ) PLANE_ANGLE_UNIT ( ) SI_UNIT ( $, .RADIAN. ) );
#2672 = SURFACE_SIDE_STYLE ('',( #1826 ) ) ;
#2673 = DIRECTION ( 'NONE',  ( 1.000000000000000000, 0.000000000000000000, 0.000000000000000000 ) ) ;
#2674 = PRESENTATION_LAYER_ASSIGNMENT (  '', '', ( #1930 ) ) ;
#2675 = CARTESIAN_POINT ( 'NONE',  ( 0.08307086614173228578, -0.06107104945795473194, 0.02714754141097830767 ) ) ;
#2676 = VECTOR ( 'NONE', #5003, 39.37007874015748854 ) ;
#2677 = CARTESIAN_POINT ( 'NONE',  ( 0.06530030766429134603, 0.1049212598425196957, 0.009842519685039369942 ) ) ;
#2678 = SURFACE_STYLE_USAGE ( .BOTH. , #5991 ) ;
#2679 = DIRECTION ( 'NONE',  ( 0.000000000000000000, -3.469446951953614189E-15, -1.000000000000000000 ) ) ;
#2680 = PRESENTATION_LAYER_ASSIGNMENT (  '', '', ( #619 ) ) ;
#2681 = DIRECTION ( 'NONE',  ( 0.000000000000000000, 0.000000000000000000, 1.000000000000000000 ) ) ;
#2682 = MECHANICAL_DESIGN_GEOMETRIC_PRESENTATION_REPRESENTATION (  '', ( #8877 ), #8886 ) ;
#2683 = LINE ( 'NONE', #1325, #2699 ) ;
#2684 =( NAMED_UNIT ( * ) SI_UNIT ( $, .STERADIAN. ) SOLID_ANGLE_UNIT ( ) );
#2685 = EDGE_LOOP ( 'NONE', ( #3413, #6851, #5658, #658 ) ) ;
#2686 = ORIENTED_EDGE ( 'NONE', *, *, #3495, .F. ) ;
#2687 = UNCERTAINTY_MEASURE_WITH_UNIT (LENGTH_MEASURE( 1.000000000000000082E-05 ), #5758, 'distance_accuracy_value', 'NONE');
#2688 = ORIENTED_EDGE ( 'NONE', *, *, #4217, .F. ) ;
#2689 = DIRECTION ( 'NONE',  ( -1.000000000000000000, -3.419578104594909462E-15, 0.000000000000000000 ) ) ;
#2690 = EDGE_CURVE ( 'NONE', #719, #6316, #4129, .T. ) ;
#2691 = CARTESIAN_POINT ( 'NONE',  ( -0.09645664948795726334, -0.07579909649324668985, 0.009842873356772887522 ) ) ;
#2692 = SURFACE_SIDE_STYLE ('',( #8739 ) ) ;
#2693 = PRESENTATION_LAYER_ASSIGNMENT (  '', '', ( #1648 ) ) ;
#2694 =( LENGTH_UNIT ( ) NAMED_UNIT ( * ) SI_UNIT ( $, .METRE. ) );
#2695 = LINE ( 'NONE', #2736, #8027 ) ;
#2696 = DIRECTION ( 'NONE',  ( 0.1209742911513595892, 0.1209742911513550789, -0.9852565360152923946 ) ) ;
#2697 = LENGTH_MEASURE_WITH_UNIT ( LENGTH_MEASURE( 0.02539999999999999897 ), #2778 );
#2698 = CARTESIAN_POINT ( 'NONE',  ( -0.01692913385826771630, -0.08565767112959683793, 0.02601659103690531771 ) ) ;
#2699 = VECTOR ( 'NONE', #6751, 39.37007874015748143 ) ;
#2700 =( LENGTH_UNIT ( ) NAMED_UNIT ( * ) SI_UNIT ( $, .METRE. ) );
#2701 = ORIENTED_EDGE ( 'NONE', *, *, #7115, .T. ) ;
#2702 = ORIENTED_EDGE ( 'NONE', *, *, #8061, .T. ) ;
#2703 = CARTESIAN_POINT ( 'NONE',  ( -0.08946850393700787885, 0.004527559055118110173, 0.000000000000000000 ) ) ;
#2704 = AXIS2_PLACEMENT_3D ( 'NONE', #5392, #8143, #6783 ) ;
#2705 = DIMENSIONAL_EXPONENTS ( 1.000000000000000000, 0.000000000000000000, 0.000000000000000000, 0.000000000000000000, 0.000000000000000000, 0.000000000000000000, 0.000000000000000000 ) ;
#2706 = FILL_AREA_STYLE_COLOUR ( '', #4237 ) ;
#2707 = PLANE ( 'NONE',  #1756 ) ;
#2708 = EDGE_CURVE ( 'NONE', #7955, #8893, #3193, .T. ) ;
#2709 = DIRECTION ( 'NONE',  ( 0.000000000000000000, 0.000000000000000000, -1.000000000000000000 ) ) ;
#2710 = ORIENTED_EDGE ( 'NONE', *, *, #1446, .T. ) ;
#2711 = ORIENTED_EDGE ( 'NONE', *, *, #2198, .F. ) ;
#2712 = VECTOR ( 'NONE', #7483, 39.37007874015748143 ) ;
#2713 = MECHANICAL_DESIGN_GEOMETRIC_PRESENTATION_REPRESENTATION (  '', ( #4451 ), #7030 ) ;
#2714 = DIRECTION ( 'NONE',  ( -1.000000000000000000, 0.000000000000000000, -0.000000000000000000 ) ) ;
#2715 = DIRECTION ( 'NONE',  ( 0.000000000000000000, 0.9989437399158201947, 0.04595002157773421525 ) ) ;
#2716 = CARTESIAN_POINT ( 'NONE',  ( -0.09187365971139220544, -0.07119130632175726947, 0.04902615931893943013 ) ) ;
#2717 = PLANE ( 'NONE',  #7868 ) ;
#2718 = VECTOR ( 'NONE', #5007, 39.37007874015748143 ) ;
#2719 =( LENGTH_UNIT ( ) NAMED_UNIT ( * ) SI_UNIT ( $, .METRE. ) );
#2720 = FILL_AREA_STYLE ('',( #4803 ) ) ;
#2721 = PRESENTATION_LAYER_ASSIGNMENT (  '', '', ( #4748 ) ) ;
#2722 = CARTESIAN_POINT ( 'NONE',  ( -0.07494307814895394271, 0.1049212598425196957, 0.000000000000000000 ) ) ;
#2723 = CARTESIAN_POINT ( 'NONE',  ( -0.03503937007874016046, -0.08221824588295552350, 0.01139540940310114318 ) ) ;
#2724 =( LENGTH_UNIT ( ) NAMED_UNIT ( * ) SI_UNIT ( $, .METRE. ) );
#2725 =( CONVERSION_BASED_UNIT ( 'INCH', #6178 ) LENGTH_UNIT ( ) NAMED_UNIT ( #2416 ) );
#2726 = FACE_OUTER_BOUND ( 'NONE', #1487, .T. ) ;
#2727 = VECTOR ( 'NONE', #4926, 39.37007874015748854 ) ;
#2728 = CARTESIAN_POINT ( 'NONE',  ( -0.08503937007874015630, -0.08244437787890905589, 0.01631147111528527538 ) ) ;
#2729 = ORIENTED_EDGE ( 'NONE', *, *, #885, .F. ) ;
#2730 = EDGE_LOOP ( 'NONE', ( #7783, #8037, #3968, #1662 ) ) ;
#2731 = ORIENTED_EDGE ( 'NONE', *, *, #6255, .T. ) ;
#2732 = FILL_AREA_STYLE ('',( #1332 ) ) ;
#2733 = LINE ( 'NONE', #8118, #6618 ) ;
#2734 = SURFACE_STYLE_USAGE ( .BOTH. , #7602 ) ;
#2735 =( NAMED_UNIT ( * ) SI_UNIT ( $, .STERADIAN. ) SOLID_ANGLE_UNIT ( ) );
#2736 = CARTESIAN_POINT ( 'NONE',  ( -0.03307086614173228301, -0.08653382883559765371, 0.01376068786798878042 ) ) ;
#2737 =( NAMED_UNIT ( * ) PLANE_ANGLE_UNIT ( ) SI_UNIT ( $, .RADIAN. ) );
#2738 = PLANE ( 'NONE',  #4569 ) ;
#2739 = CARTESIAN_POINT ( 'NONE',  ( -0.09645669291338584972, 0.1049212598425196957, 0.000000000000000000 ) ) ;
#2740 =( CONVERSION_BASED_UNIT ( 'INCH', #8925 ) LENGTH_UNIT ( ) NAMED_UNIT ( #2109 ) );
#2741 = ORIENTED_EDGE ( 'NONE', *, *, #5376, .T. ) ;
#2742 = ORIENTED_EDGE ( 'NONE', *, *, #3098, .F. ) ;
#2743 = PLANE ( 'NONE',  #6629 ) ;
#2744 = LINE ( 'NONE', #4156, #6485 ) ;
#2745 = FILL_AREA_STYLE_COLOUR ( '', #4602 ) ;
#2746 = SURFACE_SIDE_STYLE ('',( #2838 ) ) ;
#2747 = VERTEX_POINT ( 'NONE', #8236 ) ;
#2748 = ORIENTED_EDGE ( 'NONE', *, *, #1021, .T. ) ;
#2749 = PRESENTATION_STYLE_ASSIGNMENT (( #124 ) ) ;
#2750 = STYLED_ITEM ( 'NONE', ( #2170 ), #2498 ) ;
#2751 = CARTESIAN_POINT ( 'NONE',  ( 0.03503937007874016046, -0.09383657304297442214, 0.02091502454231232433 ) ) ;
#2752 = FACE_OUTER_BOUND ( 'NONE', #5522, .T. ) ;
#2753 = AXIS2_PLACEMENT_3D ( 'NONE', #328, #920, #6473 ) ;
#2754 = CIRCLE ( 'NONE', #700, 0.003149606299212592744 ) ;
#2755 = CARTESIAN_POINT ( 'NONE',  ( 0.09155878743359113781, 0.08674685902361733980, 0.04724113004182506348 ) ) ;
#2756 = DIMENSIONAL_EXPONENTS ( 1.000000000000000000, 0.000000000000000000, 0.000000000000000000, 0.000000000000000000, 0.000000000000000000, 0.000000000000000000, 0.000000000000000000 ) ;
#2757 = CARTESIAN_POINT ( 'NONE',  ( -0.09330708661417323746, -0.07893700787401573826, 0.000000000000000000 ) ) ;
#2758 = DIRECTION ( 'NONE',  ( 0.000000000000000000, 1.000000000000000000, 0.000000000000000000 ) ) ;
#2759 = UNCERTAINTY_MEASURE_WITH_UNIT (LENGTH_MEASURE( 1.000000000000000082E-05 ), #5349, 'distance_accuracy_value', 'NONE');
#2760 = VECTOR ( 'NONE', #5437, 39.37007874015748854 ) ;
#2761 = CARTESIAN_POINT ( 'NONE',  ( 0.08307086614173228578, -0.1210629921259842590, 0.000000000000000000 ) ) ;
#2762 = ADVANCED_FACE ( 'NONE', ( #5624 ), #6871, .F. ) ;
#2763 = EDGE_CURVE ( 'NONE', #2555, #7298, #7452, .T. ) ;
#2764 = FILL_AREA_STYLE_COLOUR ( '', #7126 ) ;
#2765 = CARTESIAN_POINT ( 'NONE',  ( 0.09042084030531753747, 0.08707438361240422975, 0.04882104092741536977 ) ) ;
#2766 = SURFACE_SIDE_STYLE ('',( #4090 ) ) ;
#2767 = AXIS2_PLACEMENT_3D ( 'NONE', #5203, #8645, #7922 ) ;
#2768 = ORIENTED_EDGE ( 'NONE', *, *, #8210, .F. ) ;
#2769 = ORIENTED_EDGE ( 'NONE', *, *, #7436, .T. ) ;
#2770 = ORIENTED_EDGE ( 'NONE', *, *, #1179, .T. ) ;
#2771 = SURFACE_STYLE_USAGE ( .BOTH. , #7599 ) ;
#2772 = DIRECTION ( 'NONE',  ( 1.000000000000000000, 0.000000000000000000, 0.000000000000000000 ) ) ;
#2773 = FILL_AREA_STYLE ('',( #4186 ) ) ;
#2774 = EDGE_CURVE ( 'NONE', #535, #5561, #4171, .T. ) ;
#2775 = MECHANICAL_DESIGN_GEOMETRIC_PRESENTATION_REPRESENTATION (  '', ( #4944 ), #8266 ) ;
#2776 =( LENGTH_UNIT ( ) NAMED_UNIT ( * ) SI_UNIT ( $, .METRE. ) );
#2777 = SURFACE_SIDE_STYLE ('',( #3457 ) ) ;
#2778 =( LENGTH_UNIT ( ) NAMED_UNIT ( * ) SI_UNIT ( $, .METRE. ) );
#2779 = FILL_AREA_STYLE ('',( #2961 ) ) ;
#2780 = UNCERTAINTY_MEASURE_WITH_UNIT (LENGTH_MEASURE( 1.000000000000000082E-05 ), #8526, 'distance_accuracy_value', 'NONE');
#2781 = STYLED_ITEM ( 'NONE', ( #3683 ), #6963 ) ;
#2782 = VERTEX_POINT ( 'NONE', #3437 ) ;
#2783 = ORIENTED_EDGE ( 'NONE', *, *, #2932, .T. ) ;
#2784 = LINE ( 'NONE', #2183, #1846 ) ;
#2785 =( GEOMETRIC_REPRESENTATION_CONTEXT ( 3 ) GLOBAL_UNCERTAINTY_ASSIGNED_CONTEXT ( ( #3483 ) ) GLOBAL_UNIT_ASSIGNED_CONTEXT ( ( #3075, #8678, #8001 ) ) REPRESENTATION_CONTEXT ( 'NONE', 'WORKASPACE' ) );
#2786 = PRESENTATION_STYLE_ASSIGNMENT (( #1254 ) ) ;
#2787 = AXIS2_PLACEMENT_3D ( 'NONE', #8162, #1116, #5502 ) ;
#2788 = SURFACE_STYLE_USAGE ( .BOTH. , #8970 ) ;
#2789 = SURFACE_STYLE_USAGE ( .BOTH. , #4791 ) ;
#2790 = SURFACE_SIDE_STYLE ('',( #8843 ) ) ;
#2791 =( NAMED_UNIT ( * ) PLANE_ANGLE_UNIT ( ) SI_UNIT ( $, .RADIAN. ) );
#2792 = VERTEX_POINT ( 'NONE', #3345 ) ;
#2793 = ORIENTED_EDGE ( 'NONE', *, *, #639, .T. ) ;
#2794 = LINE ( 'NONE', #6954, #5518 ) ;
#2795 = AXIS2_PLACEMENT_3D ( 'NONE', #5863, #2346, #4357 ) ;
#2796 = DIRECTION ( 'NONE',  ( 0.000000000000000000, -0.9989437399158199726, -0.04595002157773900309 ) ) ;
#2797 = CARTESIAN_POINT ( 'NONE',  ( -0.08875394017312086825, -0.07261451145611790003, 0.04956334551344634964 ) ) ;
#2798 =( BOUNDED_CURVE ( )  B_SPLINE_CURVE ( 3, ( #3102, #8617, #5171, #342 ),
 .UNSPECIFIED., .F., .F. ) 
 B_SPLINE_CURVE_WITH_KNOTS ( ( 4, 4 ),
 ( 2.359914478534733462, 3.923270828644852770 ),
 .UNSPECIFIED. ) 
 CURVE ( )  GEOMETRIC_REPRESENTATION_ITEM ( )  RATIONAL_B_SPLINE_CURVE ( ( 1.000000000000000000, 0.8064882076837817104, 0.8064882076837817104, 1.000000000000000000 ) ) 
 REPRESENTATION_ITEM ( '' )  );
#2799 =( GEOMETRIC_REPRESENTATION_CONTEXT ( 3 ) GLOBAL_UNCERTAINTY_ASSIGNED_CONTEXT ( ( #2851 ) ) GLOBAL_UNIT_ASSIGNED_CONTEXT ( ( #5379, #5517, #543 ) ) REPRESENTATION_CONTEXT ( 'NONE', 'WORKASPACE' ) );
#2800 = PRESENTATION_STYLE_ASSIGNMENT (( #5573 ) ) ;
#2801 =( CONVERSION_BASED_UNIT ( 'INCH', #6250 ) LENGTH_UNIT ( ) NAMED_UNIT ( #6856 ) );
#2802 = PRESENTATION_LAYER_ASSIGNMENT (  '', '', ( #310 ) ) ;
#2803 = LENGTH_MEASURE_WITH_UNIT ( LENGTH_MEASURE( 0.02539999999999999897 ), #2719 );
#2804 = FILL_AREA_STYLE ('',( #6253 ) ) ;
#2805 = SURFACE_STYLE_FILL_AREA ( #8991 ) ;
#2806 = COLOUR_RGB ( '',0.7490196078431372584, 0.7490196078431372584, 0.7490196078431372584 ) ;
#2807 =( LENGTH_UNIT ( ) NAMED_UNIT ( * ) SI_UNIT ( $, .METRE. ) );
#2808 = CARTESIAN_POINT ( 'NONE',  ( -0.09645664948795726334, -0.07579909649324668985, 0.009842873356772887522 ) ) ;
#2809 = COLOUR_RGB ( '',0.7490196078431372584, 0.7490196078431372584, 0.7490196078431372584 ) ;
#2810 = SURFACE_STYLE_USAGE ( .BOTH. , #3442 ) ;
#2811 = LENGTH_MEASURE_WITH_UNIT ( LENGTH_MEASURE( 0.02539999999999999897 ), #1457 );
#2812 = ADVANCED_FACE ( 'NONE', ( #5442 ), #1970, .T. ) ;
#2813 = SURFACE_STYLE_USAGE ( .BOTH. , #2302 ) ;
#2814 = UNCERTAINTY_MEASURE_WITH_UNIT (LENGTH_MEASURE( 1.000000000000000082E-05 ), #562, 'distance_accuracy_value', 'NONE');
#2815 = EDGE_LOOP ( 'NONE', ( #1122, #2997, #4651, #8139 ) ) ;
#2816 = EDGE_LOOP ( 'NONE', ( #5495, #7999, #4003, #6057 ) ) ;
#2817 = VERTEX_POINT ( 'NONE', #7046 ) ;
#2818 = CARTESIAN_POINT ( 'NONE',  ( -0.06496062992125983815, -0.09383657304297442214, 0.02091502454231232433 ) ) ;
#2819 = COLOUR_RGB ( '',0.2862745098039215508, 0.2862745098039215508, 0.2862745098039215508 ) ;
#2820 = DIMENSIONAL_EXPONENTS ( 1.000000000000000000, 0.000000000000000000, 0.000000000000000000, 0.000000000000000000, 0.000000000000000000, 0.000000000000000000, 0.000000000000000000 ) ;
#2821 = DIRECTION ( 'NONE',  ( -1.000000000000000000, -0.000000000000000000, -0.000000000000000000 ) ) ;
#2822 = PRESENTATION_LAYER_ASSIGNMENT (  '', '', ( #5575 ) ) ;
#2823 = AXIS2_PLACEMENT_3D ( 'NONE', #3229, #1118, #3659 ) ;
#2824 = LINE ( 'NONE', #5640, #175 ) ;
#2825 = CARTESIAN_POINT ( 'NONE',  ( 0.01692913385826771283, -0.08244437787890905589, 0.01631147111528527885 ) ) ;
#2826 = CARTESIAN_POINT ( 'NONE',  ( 0.09054314505225584397, 0.08878423255659455282, 0.04735891941054839321 ) ) ;
#2827 = CARTESIAN_POINT ( 'NONE',  ( -0.06530030766429134603, 0.004527559055118110173, 0.009842519685039369942 ) ) ;
#2828 = FACE_OUTER_BOUND ( 'NONE', #1577, .T. ) ;
#2829 = ORIENTED_EDGE ( 'NONE', *, *, #291, .F. ) ;
#2830 = ORIENTED_EDGE ( 'NONE', *, *, #5543, .F. ) ;
#2831 = ORIENTED_EDGE ( 'NONE', *, *, #3306, .F. ) ;
#2832 = DIRECTION ( 'NONE',  ( -0.000000000000000000, 1.000000000000000000, 0.000000000000000000 ) ) ;
#2833 = AXIS2_PLACEMENT_3D ( 'NONE', #8111, #4000, #3445 ) ;
#2834 = CARTESIAN_POINT ( 'NONE',  ( -0.02500000000000000139, -0.1018685864235539529, 0.01649946766896011677 ) ) ;
#2835 =( CONVERSION_BASED_UNIT ( 'INCH', #6407 ) LENGTH_UNIT ( ) NAMED_UNIT ( #8931 ) );
#2836 = EDGE_CURVE ( 'NONE', #6754, #4316, #274, .T. ) ;
#2837 = DIRECTION ( 'NONE',  ( 0.000000000000000000, 0.000000000000000000, -1.000000000000000000 ) ) ;
#2838 = SURFACE_STYLE_FILL_AREA ( #679 ) ;
#2839 = ORIENTED_EDGE ( 'NONE', *, *, #1074, .F. ) ;
#2840 = ORIENTED_EDGE ( 'NONE', *, *, #7557, .T. ) ;
#2841 = FACE_OUTER_BOUND ( 'NONE', #6034, .T. ) ;
#2842 = COLOUR_RGB ( '',0.7490196078431372584, 0.7490196078431372584, 0.7490196078431372584 ) ;
#2843 = LINE ( 'NONE', #5665, #6708 ) ;
#2844 = DIRECTION ( 'NONE',  ( -0.000000000000000000, -0.000000000000000000, -1.000000000000000000 ) ) ;
#2845 = PRESENTATION_LAYER_ASSIGNMENT (  '', '', ( #3128 ) ) ;
#2846 = CARTESIAN_POINT ( 'NONE',  ( -0.1009842519685039408, 0.007027559055118149690, 0.000000000000000000 ) ) ;
#2847 = EDGE_CURVE ( 'NONE', #3549, #4607, #180, .T. ) ;
#2848 = CARTESIAN_POINT ( 'NONE',  ( -0.03307086614173228301, -0.06107104945795473194, 0.02714754141097830767 ) ) ;
#2849 = DIRECTION ( 'NONE',  ( 0.000000000000000000, 0.000000000000000000, -1.000000000000000000 ) ) ;
#2850 = DIRECTION ( 'NONE',  ( 0.000000000000000000, -0.000000000000000000, 1.000000000000000000 ) ) ;
#2851 = UNCERTAINTY_MEASURE_WITH_UNIT (LENGTH_MEASURE( 1.000000000000000082E-05 ), #5379, 'distance_accuracy_value', 'NONE');
#2852 = DIRECTION ( 'NONE',  ( -1.000000000000000000, -0.000000000000000000, -0.000000000000000000 ) ) ;
#2853 = PRESENTATION_LAYER_ASSIGNMENT (  '', '', ( #1807 ) ) ;
#2854 = VECTOR ( 'NONE', #8844, 39.37007874015748143 ) ;
#2855 = UNCERTAINTY_MEASURE_WITH_UNIT (LENGTH_MEASURE( 1.000000000000000082E-05 ), #3030, 'distance_accuracy_value', 'NONE');
#2856 =( CONVERSION_BASED_UNIT ( 'INCH', #5024 ) LENGTH_UNIT ( ) NAMED_UNIT ( #5858 ) );
#2857 = LINE ( 'NONE', #8382, #3118 ) ;
#2858 = DIRECTION ( 'NONE',  ( 0.000000000000000000, -0.000000000000000000, -1.000000000000000000 ) ) ;
#2859 = SURFACE_STYLE_USAGE ( .BOTH. , #8473 ) ;
#2860 = AXIS2_PLACEMENT_3D ( 'NONE', #665, #2821, #6885 ) ;
#2861 = ORIENTED_EDGE ( 'NONE', *, *, #5102, .F. ) ;
#2862 = ORIENTED_EDGE ( 'NONE', *, *, #4052, .T. ) ;
#2863 = LINE ( 'NONE', #5637, #837 ) ;
#2864 = DIRECTION ( 'NONE',  ( 1.000000000000000000, 0.000000000000000000, 0.000000000000000000 ) ) ;
#2865 = SURFACE_STYLE_FILL_AREA ( #1464 ) ;
#2866 = CARTESIAN_POINT ( 'NONE',  ( -0.01692913385826771630, -0.06061878546604763246, 0.01731541798661000164 ) ) ;
#2867 =( NAMED_UNIT ( * ) PLANE_ANGLE_UNIT ( ) SI_UNIT ( $, .RADIAN. ) );
#2868 = CARTESIAN_POINT ( 'NONE',  ( 0.09042084030531759298, 0.08707438361240421587, 0.04882104092741534201 ) ) ;
#2869 = LINE ( 'NONE', #836, #7834 ) ;
#2870 = DIRECTION ( 'NONE',  ( 0.000000000000000000, 0.7143278697962460733, -0.6998111848437100768 ) ) ;
#2871 = UNCERTAINTY_MEASURE_WITH_UNIT (LENGTH_MEASURE( 1.000000000000000082E-05 ), #2294, 'distance_accuracy_value', 'NONE');
#2872 = ADVANCED_FACE ( 'NONE', ( #824 ), #2249, .T. ) ;
#2873 = SURFACE_SIDE_STYLE ('',( #4283 ) ) ;
#2874 = ORIENTED_EDGE ( 'NONE', *, *, #7912, .T. ) ;
#2875 = UNCERTAINTY_MEASURE_WITH_UNIT (LENGTH_MEASURE( 1.000000000000000082E-05 ), #1868, 'distance_accuracy_value', 'NONE');
#2876 = ORIENTED_EDGE ( 'NONE', *, *, #5915, .F. ) ;
#2877 = CARTESIAN_POINT ( 'NONE',  ( -0.07494307814895394271, 0.09311023622047245873, 0.000000000000000000 ) ) ;
#2878 = VECTOR ( 'NONE', #8820, 39.37007874015748143 ) ;
#2879 = ORIENTED_EDGE ( 'NONE', *, *, #6955, .F. ) ;
#2880 = STYLED_ITEM ( 'NONE', ( #5221 ), #473 ) ;
#2881 = FILL_AREA_STYLE ('',( #4249 ) ) ;
#2882 = EDGE_CURVE ( 'NONE', #5038, #6627, #8424, .T. ) ;
#2883 =( CONVERSION_BASED_UNIT ( 'INCH', #2235 ) LENGTH_UNIT ( ) NAMED_UNIT ( #4633 ) );
#2884 = DIMENSIONAL_EXPONENTS ( 1.000000000000000000, 0.000000000000000000, 0.000000000000000000, 0.000000000000000000, 0.000000000000000000, 0.000000000000000000, 0.000000000000000000 ) ;
#2885 = VECTOR ( 'NONE', #7800, 39.37007874015748854 ) ;
#2886 = SURFACE_SIDE_STYLE ('',( #6990 ) ) ;
#2887 = CARTESIAN_POINT ( 'NONE',  ( 0.02500000000000000139, -0.06061878546604763246, 0.01731541798661000164 ) ) ;
#2888 = VERTEX_POINT ( 'NONE', #5724 ) ;
#2889 = UNCERTAINTY_MEASURE_WITH_UNIT (LENGTH_MEASURE( 1.000000000000000082E-05 ), #4744, 'distance_accuracy_value', 'NONE');
#2890 = ORIENTED_EDGE ( 'NONE', *, *, #2198, .T. ) ;
#2891 = SURFACE_STYLE_USAGE ( .BOTH. , #1968 ) ;
#2892 = CARTESIAN_POINT ( 'NONE',  ( -0.08753937007874017240, 0.01003937007874015908, 0.009842519685039369942 ) ) ;
#2893 = PRESENTATION_LAYER_ASSIGNMENT (  '', '', ( #822 ) ) ;
#2894 =( LENGTH_UNIT ( ) NAMED_UNIT ( * ) SI_UNIT ( $, .METRE. ) );
#2895 = DIRECTION ( 'NONE',  ( 0.000000000000000000, -1.000000000000000000, 0.000000000000000000 ) ) ;
#2896 = AXIS2_PLACEMENT_3D ( 'NONE', #765, #1489, #36 ) ;
#2897 = CIRCLE ( 'NONE', #5939, 0.009842519685039369942 ) ;
#2898 = DIRECTION ( 'NONE',  ( 1.000000000000000000, 0.000000000000000000, 0.000000000000000000 ) ) ;
#2899 = DIRECTION ( 'NONE',  ( 0.000000000000000000, -0.4806245840651710566, -0.8769264559768860101 ) ) ;
#2900 = EDGE_CURVE ( 'NONE', #4855, #8789, #8468, .T. ) ;
#2901 =( LENGTH_UNIT ( ) NAMED_UNIT ( * ) SI_UNIT ( $, .METRE. ) );
#2902 = CARTESIAN_POINT ( 'NONE',  ( 0.02500000000000000139, -0.08653382883559776473, 0.01376068786798864858 ) ) ;
#2903 = DIRECTION ( 'NONE',  ( 0.000000000000000000, -0.000000000000000000, -1.000000000000000000 ) ) ;
#2904 = AXIS2_PLACEMENT_3D ( 'NONE', #2013, #5580, #5627 ) ;
#2905 = PRESENTATION_LAYER_ASSIGNMENT (  '', '', ( #1562 ) ) ;
#2906 = DIRECTION ( 'NONE',  ( -1.000000000000000000, -0.000000000000000000, -0.000000000000000000 ) ) ;
#2907 = CARTESIAN_POINT ( 'NONE',  ( -0.09645669291338582196, 0.002027559055118136142, 0.009842519685039361269 ) ) ;
#2908 = PRESENTATION_STYLE_ASSIGNMENT (( #2859 ) ) ;
#2909 = FACE_OUTER_BOUND ( 'NONE', #203, .T. ) ;
#2910 = UNCERTAINTY_MEASURE_WITH_UNIT (LENGTH_MEASURE( 1.000000000000000082E-05 ), #1234, 'distance_accuracy_value', 'NONE');
#2911 = ORIENTED_EDGE ( 'NONE', *, *, #8174, .F. ) ;
#2912 = MECHANICAL_DESIGN_GEOMETRIC_PRESENTATION_REPRESENTATION (  '', ( #6644 ), #7812 ) ;
#2913 = EDGE_LOOP ( 'NONE', ( #3064, #871, #1934, #2119 ) ) ;
#2914 = FILL_AREA_STYLE_COLOUR ( '', #7085 ) ;
#2915 = DIRECTION ( 'NONE',  ( 0.000000000000000000, 0.000000000000000000, -1.000000000000000000 ) ) ;
#2916 =( CONVERSION_BASED_UNIT ( 'INCH', #707 ) LENGTH_UNIT ( ) NAMED_UNIT ( #8606 ) );
#2917 = DIRECTION ( 'NONE',  ( 0.1218693434051480173, 0.000000000000000000, -0.9925461516413219831 ) ) ;
#2918 = SURFACE_STYLE_FILL_AREA ( #5553 ) ;
#2919 = LINE ( 'NONE', #8442, #3800 ) ;
#2920 = PRESENTATION_LAYER_ASSIGNMENT (  '', '', ( #4077 ) ) ;
#2921 = CARTESIAN_POINT ( 'NONE',  ( -0.02500000000000000139, -0.09383657304297442214, 0.02091502454231232433 ) ) ;
#2922 = ORIENTED_EDGE ( 'NONE', *, *, #8894, .F. ) ;
#2923 = ORIENTED_EDGE ( 'NONE', *, *, #6650, .T. ) ;
#2924 = LINE ( 'NONE', #4825, #249 ) ;
#2925 = VECTOR ( 'NONE', #2061, 39.37007874015748143 ) ;
#2926 =( NAMED_UNIT ( * ) SI_UNIT ( $, .STERADIAN. ) SOLID_ANGLE_UNIT ( ) );
#2927 = FILL_AREA_STYLE ('',( #2325 ) ) ;
#2928 = STYLED_ITEM ( 'NONE', ( #635 ), #6410 ) ;
#2929 = SURFACE_STYLE_FILL_AREA ( #4431 ) ;
#2930 = CARTESIAN_POINT ( 'NONE',  ( -0.06496062992125983815, -0.08814047546094172514, 0.01988863945244704820 ) ) ;
#2931 = ORIENTED_EDGE ( 'NONE', *, *, #549, .T. ) ;
#2932 = EDGE_CURVE ( 'NONE', #6973, #3516, #4400, .T. ) ;
#2933 = ORIENTED_EDGE ( 'NONE', *, *, #5147, .T. ) ;
#2934 = PRESENTATION_STYLE_ASSIGNMENT (( #35 ) ) ;
#2935 = CIRCLE ( 'NONE', #7988, 0.003149606299212598381 ) ;
#2936 = FACE_OUTER_BOUND ( 'NONE', #4812, .T. ) ;
#2937 = AXIS2_PLACEMENT_3D ( 'NONE', #3007, #243, #8654 ) ;
#2938 =( NAMED_UNIT ( * ) PLANE_ANGLE_UNIT ( ) SI_UNIT ( $, .RADIAN. ) );
#2939 = CARTESIAN_POINT ( 'NONE',  ( -0.02500000000000000139, -0.1210629921259842590, 0.000000000000000000 ) ) ;
#2940 = LINE ( 'NONE', #5620, #6160 ) ;
#2941 = PRESENTATION_LAYER_ASSIGNMENT (  '', '', ( #1444 ) ) ;
#2942 = CARTESIAN_POINT ( 'NONE',  ( -0.03503937007874016046, -0.08520540713768977314, 0.01618446761253700822 ) ) ;
#2943 = DIMENSIONAL_EXPONENTS ( 1.000000000000000000, 0.000000000000000000, 0.000000000000000000, 0.000000000000000000, 0.000000000000000000, 0.000000000000000000, 0.000000000000000000 ) ;
#2944 = PRODUCT_DEFINITION_SHAPE ( 'NONE', 'NONE',  #464 ) ;
#2945 = PRESENTATION_LAYER_ASSIGNMENT (  '', '', ( #595 ) ) ;
#2946 = CARTESIAN_POINT ( 'NONE',  ( -0.09645669291338584972, 0.05098425196850393804, 0.009842519685039369942 ) ) ;
#2947 =( NAMED_UNIT ( * ) SI_UNIT ( $, .STERADIAN. ) SOLID_ANGLE_UNIT ( ) );
#2948 = CARTESIAN_POINT ( 'NONE',  ( 0.08995111351097714869, 0.08359640718056696174, 0.05129343022717239298 ) ) ;
#2949 = STYLED_ITEM ( 'NONE', ( #1104 ), #7807 ) ;
#2950 = ORIENTED_EDGE ( 'NONE', *, *, #6155, .F. ) ;
#2951 = ORIENTED_EDGE ( 'NONE', *, *, #7614, .T. ) ;
#2952 = CARTESIAN_POINT ( 'NONE',  ( -0.07795275590551181688, 0.01003937007874018336, 0.000000000000000000 ) ) ;
#2953 = COLOUR_RGB ( '',0.7490196078431372584, 0.7490196078431372584, 0.7490196078431372584 ) ;
#2954 = FILL_AREA_STYLE_COLOUR ( '', #1392 ) ;
#2955 = CARTESIAN_POINT ( 'NONE',  ( -0.08742991111046470587, -0.07590319050929757172, 0.04813416457729719627 ) ) ;
#2956 =( CONVERSION_BASED_UNIT ( 'INCH', #8298 ) LENGTH_UNIT ( ) NAMED_UNIT ( #2546 ) );
#2957 = CIRCLE ( 'NONE', #896, 0.003149606299212598381 ) ;
#2958 = SURFACE_SIDE_STYLE ('',( #58 ) ) ;
#2959 = CARTESIAN_POINT ( 'NONE',  ( 0.08869051231072092034, 0.08683641301816058533, 0.04971379740223481197 ) ) ;
#2960 = VECTOR ( 'NONE', #4393, 39.37007874015748854 ) ;
#2961 = FILL_AREA_STYLE_COLOUR ( '', #722 ) ;
#2962 = AXIS2_PLACEMENT_3D ( 'NONE', #8653, #1741, #4540 ) ;
#2963 =( CONVERSION_BASED_UNIT ( 'INCH', #7793 ) LENGTH_UNIT ( ) NAMED_UNIT ( #704 ) );
#2964 = DIRECTION ( 'NONE',  ( 1.000000000000000000, 0.000000000000000000, 0.000000000000000000 ) ) ;
#2965 = ORIENTED_EDGE ( 'NONE', *, *, #6155, .T. ) ;
#2966 = AXIS2_PLACEMENT_3D ( 'NONE', #1754, #8663, #4553 ) ;
#2967 = VERTEX_POINT ( 'NONE', #4352 ) ;
#2968 = LENGTH_MEASURE_WITH_UNIT ( LENGTH_MEASURE( 0.02539999999999999897 ), #7067 );
#2969 = SURFACE_STYLE_USAGE ( .BOTH. , #6165 ) ;
#2970 = AXIS2_PLACEMENT_3D ( 'NONE', #587, #6721, #6062 ) ;
#2971 = VERTEX_POINT ( 'NONE', #6502 ) ;
#2972 = VECTOR ( 'NONE', #948, 39.37007874015748143 ) ;
#2973 = AXIS2_PLACEMENT_3D ( 'NONE', #4022, #4828, #7570 ) ;
#2974 = DIRECTION ( 'NONE',  ( -0.000000000000000000, -0.000000000000000000, -1.000000000000000000 ) ) ;
#2975 = VECTOR ( 'NONE', #4365, 39.37007874015748143 ) ;
#2976 = CARTESIAN_POINT ( 'NONE',  ( 0.03307086614173228301, -0.06107104945795473194, 0.02714754141097830767 ) ) ;
#2977 = CARTESIAN_POINT ( 'NONE',  ( -0.08858267716535433989, 0.1210629921259842590, 0.009842519685039369942 ) ) ;
#2978 = VECTOR ( 'NONE', #4489, 39.37007874015748143 ) ;
#2979 =( LENGTH_UNIT ( ) NAMED_UNIT ( * ) SI_UNIT ( $, .METRE. ) );
#2980 =( GEOMETRIC_REPRESENTATION_CONTEXT ( 3 ) GLOBAL_UNCERTAINTY_ASSIGNED_CONTEXT ( ( #6952 ) ) GLOBAL_UNIT_ASSIGNED_CONTEXT ( ( #7017, #8482, #8301 ) ) REPRESENTATION_CONTEXT ( 'NONE', 'WORKASPACE' ) );
#2981 = EDGE_LOOP ( 'NONE', ( #2651, #8432, #7692, #5792 ) ) ;
#2982 = EDGE_CURVE ( 'NONE', #8361, #7508, #8550, .T. ) ;
#2983 = ORIENTED_EDGE ( 'NONE', *, *, #7787, .F. ) ;
#2984 = DIRECTION ( 'NONE',  ( 1.000000000000000000, 0.000000000000000000, 0.000000000000000000 ) ) ;
#2985 = DIRECTION ( 'NONE',  ( -0.5292407919724535503, 0.5292407919724589904, 0.6631804944543640001 ) ) ;
#2986 = DIRECTION ( 'NONE',  ( 1.000000000000000000, 0.000000000000000000, 0.000000000000000000 ) ) ;
#2987 =( LENGTH_UNIT ( ) NAMED_UNIT ( * ) SI_UNIT ( $, .METRE. ) );
#2988 = ORIENTED_EDGE ( 'NONE', *, *, #795, .T. ) ;
#2989 = EDGE_CURVE ( 'NONE', #4151, #699, #909, .T. ) ;
#2990 =( GEOMETRIC_REPRESENTATION_CONTEXT ( 3 ) GLOBAL_UNCERTAINTY_ASSIGNED_CONTEXT ( ( #1267 ) ) GLOBAL_UNIT_ASSIGNED_CONTEXT ( ( #8462, #8276, #8420 ) ) REPRESENTATION_CONTEXT ( 'NONE', 'WORKASPACE' ) );
#2991 = FILL_AREA_STYLE ('',( #5108 ) ) ;
#2992 =( CONVERSION_BASED_UNIT ( 'INCH', #7221 ) LENGTH_UNIT ( ) NAMED_UNIT ( #3388 ) );
#2993 = ADVANCED_FACE ( 'NONE', ( #4933 ), #3667, .T. ) ;
#2994 =( NAMED_UNIT ( * ) PLANE_ANGLE_UNIT ( ) SI_UNIT ( $, .RADIAN. ) );
#2995 = PLANE ( 'NONE',  #5673 ) ;
#2996 = EDGE_LOOP ( 'NONE', ( #5218, #7819, #4545, #7299 ) ) ;
#2997 = ORIENTED_EDGE ( 'NONE', *, *, #4449, .F. ) ;
#2998 = SURFACE_STYLE_USAGE ( .BOTH. , #6343 ) ;
#2999 = ADVANCED_BREP_SHAPE_REPRESENTATION ( '', ( #4251, #7213, #7225, #4304, #4349, #6768 ), #7184 ) ;
#3000 = VECTOR ( 'NONE', #1141, 39.37007874015748143 ) ;
#3001 = LINE ( 'NONE', #5207, #6780 ) ;
#3002 = DIMENSIONAL_EXPONENTS ( 1.000000000000000000, 0.000000000000000000, 0.000000000000000000, 0.000000000000000000, 0.000000000000000000, 0.000000000000000000, 0.000000000000000000 ) ;
#3003 = FILL_AREA_STYLE ('',( #6554 ) ) ;
#3004 = ADVANCED_FACE ( 'NONE', ( #7915 ), #8717, .T. ) ;
#3005 = FILL_AREA_STYLE_COLOUR ( '', #4019 ) ;
#3006 = SURFACE_SIDE_STYLE ('',( #5212 ) ) ;
#3007 = CARTESIAN_POINT ( 'NONE',  ( 0.02500000000000000139, -0.1210629921259842590, 0.000000000000000000 ) ) ;
#3008 = FILL_AREA_STYLE_COLOUR ( '', #5237 ) ;
#3009 = DIRECTION ( 'NONE',  ( 0.000000000000000000, 1.000000000000000000, 0.000000000000000000 ) ) ;
#3010 = CARTESIAN_POINT ( 'NONE',  ( 0.09645669291338586360, 0.1049212598425196957, 0.009842519685039369942 ) ) ;
#3011 = ORIENTED_EDGE ( 'NONE', *, *, #2275, .T. ) ;
#3012 = EDGE_LOOP ( 'NONE', ( #3042, #8648, #3423, #6008 ) ) ;
#3013 = SURFACE_STYLE_FILL_AREA ( #4507 ) ;
#3014 = SURFACE_STYLE_FILL_AREA ( #205 ) ;
#3015 = CARTESIAN_POINT ( 'NONE',  ( 0.09330708661417323746, 0.09311023622047245873, 0.000000000000000000 ) ) ;
#3016 = DIRECTION ( 'NONE',  ( 0.000000000000000000, 0.08715574274765816587, -0.9961946980917455452 ) ) ;
#3017 = ADVANCED_FACE ( 'NONE', ( #5240 ), #8050, .T. ) ;
#3018 = EDGE_CURVE ( 'NONE', #1040, #8445, #2794, .T. ) ;
#3019 = DIRECTION ( 'NONE',  ( -1.000000000000000000, -0.000000000000000000, -0.000000000000000000 ) ) ;
#3020 = PRODUCT_DEFINITION_CONTEXT ( 'detailed design', #3751, 'design' ) ;
#3021 = FACE_OUTER_BOUND ( 'NONE', #5345, .T. ) ;
#3022 = AXIS2_PLACEMENT_3D ( 'NONE', #308, #7251, #355 ) ;
#3023 = ORIENTED_EDGE ( 'NONE', *, *, #8854, .T. ) ;
#3024 = ORIENTED_EDGE ( 'NONE', *, *, #7861, .F. ) ;
#3025 = FACE_BOUND ( 'NONE', #2638, .T. ) ;
#3026 = CARTESIAN_POINT ( 'NONE',  ( -0.08503937007874015630, -0.09383657304297442214, 0.02091502454231232433 ) ) ;
#3027 = COLOUR_RGB ( '',0.7490196078431372584, 0.7490196078431372584, 0.7490196078431372584 ) ;
#3028 = CARTESIAN_POINT ( 'NONE',  ( 0.03307086614173228301, -0.09755300347091183655, 0.01413418920407248473 ) ) ;
#3029 =( NAMED_UNIT ( * ) SI_UNIT ( $, .STERADIAN. ) SOLID_ANGLE_UNIT ( ) );
#3030 =( CONVERSION_BASED_UNIT ( 'INCH', #8784 ) LENGTH_UNIT ( ) NAMED_UNIT ( #5965 ) );
#3031 = CARTESIAN_POINT ( 'NONE',  ( -0.08307086614173228578, -0.1210629921259842590, -4.446367177187928415E-20 ) ) ;
#3032 = EDGE_LOOP ( 'NONE', ( #7910, #755, #2185, #4865 ) ) ;
#3033 = CARTESIAN_POINT ( 'NONE',  ( 0.06530030766429134603, 0.1049212598425196957, 0.000000000000000000 ) ) ;
#3034 = PRESENTATION_STYLE_ASSIGNMENT (( #6461 ) ) ;
#3035 = VECTOR ( 'NONE', #5618, 39.37007874015748143 ) ;
#3036 = CARTESIAN_POINT ( 'NONE',  ( 0.09029853555837939749, -0.07119130632175706130, 0.05028316244428227000 ) ) ;
#3037 = PRESENTATION_LAYER_ASSIGNMENT (  '', '', ( #1265 ) ) ;
#3038 = DIRECTION ( 'NONE',  ( 1.000000000000000000, 0.000000000000000000, 0.000000000000000000 ) ) ;
#3039 = DIRECTION ( 'NONE',  ( 0.000000000000000000, -0.9961946980917454342, -0.08715574274765831853 ) ) ;
#3040 = ORIENTED_EDGE ( 'NONE', *, *, #3532, .T. ) ;
#3041 = EDGE_CURVE ( 'NONE', #3506, #4607, #8270, .T. ) ;
#3042 = ORIENTED_EDGE ( 'NONE', *, *, #7061, .F. ) ;
#3043 = AXIS2_PLACEMENT_3D ( 'NONE', #6330, #5011, #6451 ) ;
#3044 =( NAMED_UNIT ( * ) PLANE_ANGLE_UNIT ( ) SI_UNIT ( $, .RADIAN. ) );
#3045 = VECTOR ( 'NONE', #616, 39.37007874015748854 ) ;
#3046 = DIRECTION ( 'NONE',  ( 0.9925461516413218721, 0.000000000000000000, 0.1218693434051484753 ) ) ;
#3047 = CARTESIAN_POINT ( 'NONE',  ( 0.06692913385826770867, -0.1014396703667248545, 0.01159693470591019286 ) ) ;
#3048 =( CONVERSION_BASED_UNIT ( 'INCH', #242 ) LENGTH_UNIT ( ) NAMED_UNIT ( #3694 ) );
#3049 =( LENGTH_UNIT ( ) NAMED_UNIT ( * ) SI_UNIT ( $, .METRE. ) );
#3050 = DIRECTION ( 'NONE',  ( -0.7071067811865469066, 0.7071067811865479058, 0.000000000000000000 ) ) ;
#3051 = VECTOR ( 'NONE', #7497, 39.37007874015748143 ) ;
#3052 = PRESENTATION_LAYER_ASSIGNMENT (  '', '', ( #4928 ) ) ;
#3053 = LINE ( 'NONE', #5262, #1945 ) ;
#3054 = UNCERTAINTY_MEASURE_WITH_UNIT (LENGTH_MEASURE( 1.000000000000000082E-05 ), #8425, 'distance_accuracy_value', 'NONE');
#3055 = LENGTH_MEASURE_WITH_UNIT ( LENGTH_MEASURE( 0.02539999999999999897 ), #975 );
#3056 = EDGE_CURVE ( 'NONE', #8214, #4971, #1266, .T. ) ;
#3057 = ORIENTED_EDGE ( 'NONE', *, *, #7902, .F. ) ;
#3058 = EDGE_CURVE ( 'NONE', #5407, #4606, #1399, .T. ) ;
#3059 = ORIENTED_EDGE ( 'NONE', *, *, #5746, .T. ) ;
#3060 = DIRECTION ( 'NONE',  ( 1.000000000000000000, 0.000000000000000000, 0.000000000000000000 ) ) ;
#3061 = FILL_AREA_STYLE_COLOUR ( '', #6133 ) ;
#3062 = DIMENSIONAL_EXPONENTS ( 1.000000000000000000, 0.000000000000000000, 0.000000000000000000, 0.000000000000000000, 0.000000000000000000, 0.000000000000000000, 0.000000000000000000 ) ;
#3063 = DIRECTION ( 'NONE',  ( -0.000000000000000000, -0.000000000000000000, 1.000000000000000000 ) ) ;
#3064 = ORIENTED_EDGE ( 'NONE', *, *, #7353, .T. ) ;
#3065 = ORIENTED_EDGE ( 'NONE', *, *, #568, .F. ) ;
#3066 = DIRECTION ( 'NONE',  ( 0.000000000000000000, 0.000000000000000000, -1.000000000000000000 ) ) ;
#3067 = VECTOR ( 'NONE', #2165, 39.37007874015748143 ) ;
#3068 = CARTESIAN_POINT ( 'NONE',  ( 0.07795275590551181688, 0.01003937007874019724, 0.000000000000000000 ) ) ;
#3069 =( NAMED_UNIT ( * ) SI_UNIT ( $, .STERADIAN. ) SOLID_ANGLE_UNIT ( ) );
#3070 = LINE ( 'NONE', #488, #3840 ) ;
#3071 = STYLED_ITEM ( 'NONE', ( #4529 ), #4218 ) ;
#3072 = PRESENTATION_STYLE_ASSIGNMENT (( #4439 ) ) ;
#3073 = EDGE_LOOP ( 'NONE', ( #6181, #1879, #4892, #4230 ) ) ;
#3074 = AXIS2_PLACEMENT_3D ( 'NONE', #7279, #5167, #4501 ) ;
#3075 =( CONVERSION_BASED_UNIT ( 'INCH', #6500 ) LENGTH_UNIT ( ) NAMED_UNIT ( #4160 ) );
#3076 = DIRECTION ( 'NONE',  ( 0.9925461516413218721, 0.000000000000000000, 0.1218693434051484753 ) ) ;
#3077 = VECTOR ( 'NONE', #5472, 39.37007874015748143 ) ;
#3078 = MECHANICAL_DESIGN_GEOMETRIC_PRESENTATION_REPRESENTATION (  '', ( #136 ), #7394 ) ;
#3079 = LENGTH_MEASURE_WITH_UNIT ( LENGTH_MEASURE( 0.02539999999999999897 ), #6547 );
#3080 = EDGE_CURVE ( 'NONE', #4387, #5806, #2104, .T. ) ;
#3081 =( LENGTH_UNIT ( ) NAMED_UNIT ( * ) SI_UNIT ( $, .METRE. ) );
#3082 = CIRCLE ( 'NONE', #8278, 0.003149606299212604019 ) ;
#3083 = CARTESIAN_POINT ( 'NONE',  ( 0.000000000000000000, 0.002027559055118138311, 0.005000000000000000104 ) ) ;
#3084 = CARTESIAN_POINT ( 'NONE',  ( 0.000000000000000000, 0.002027559055118140479, 0.009842519685039369942 ) ) ;
#3085 = ORIENTED_EDGE ( 'NONE', *, *, #5201, .T. ) ;
#3086 = DIRECTION ( 'NONE',  ( 0.000000000000000000, -0.9989437399158199726, -0.04595002157773846879 ) ) ;
#3087 = AXIS2_PLACEMENT_3D ( 'NONE', #1323, #7049, #2858 ) ;
#3088 = DIRECTION ( 'NONE',  ( 0.000000000000000000, 0.000000000000000000, 1.000000000000000000 ) ) ;
#3089 = FILL_AREA_STYLE_COLOUR ( '', #1174 ) ;
#3090 =( NAMED_UNIT ( * ) PLANE_ANGLE_UNIT ( ) SI_UNIT ( $, .RADIAN. ) );
#3091 =( CONVERSION_BASED_UNIT ( 'INCH', #6597 ) LENGTH_UNIT ( ) NAMED_UNIT ( #6238 ) );
#3092 = EDGE_CURVE ( 'NONE', #6702, #1995, #5475, .T. ) ;
#3093 = CARTESIAN_POINT ( 'NONE',  ( -0.04822834645669292486, -0.07647889963704213034, 0.02986220472440944892 ) ) ;
#3094 = LINE ( 'NONE', #925, #7887 ) ;
#3095 = AXIS2_PLACEMENT_3D ( 'NONE', #3918, #6530, #2518 ) ;
#3096 = FILL_AREA_STYLE_COLOUR ( '', #8205 ) ;
#3097 = ORIENTED_EDGE ( 'NONE', *, *, #5040, .T. ) ;
#3098 = EDGE_CURVE ( 'NONE', #7227, #3234, #1909, .T. ) ;
#3099 = ORIENTED_EDGE ( 'NONE', *, *, #3928, .T. ) ;
#3100 = LINE ( 'NONE', #8446, #1404 ) ;
#3101 = COLOUR_RGB ( '',0.2862745098039215508, 0.2862745098039215508, 0.2862745098039215508 ) ;
#3102 = CARTESIAN_POINT ( 'NONE',  ( 0.09645664948795726334, 0.08997232483970334094, 0.009842873356772884053 ) ) ;
#3103 = DIMENSIONAL_EXPONENTS ( 1.000000000000000000, 0.000000000000000000, 0.000000000000000000, 0.000000000000000000, 0.000000000000000000, 0.000000000000000000, 0.000000000000000000 ) ;
#3104 = EDGE_CURVE ( 'NONE', #5882, #1416, #683, .T. ) ;
#3105 = PRESENTATION_LAYER_ASSIGNMENT (  '', '', ( #4699 ) ) ;
#3106 = DIRECTION ( 'NONE',  ( -0.000000000000000000, -0.000000000000000000, -1.000000000000000000 ) ) ;
#3107 = VERTEX_POINT ( 'NONE', #641 ) ;
#3108 = EDGE_LOOP ( 'NONE', ( #1121, #8269, #6306, #2478 ) ) ;
#3109 = AXIS2_PLACEMENT_3D ( 'NONE', #1545, #169, #4343 ) ;
#3110 = AXIS2_PLACEMENT_3D ( 'NONE', #6709, #3359, #487 ) ;
#3111 = PLANE ( 'NONE',  #8788 ) ;
#3112 = LENGTH_MEASURE_WITH_UNIT ( LENGTH_MEASURE( 0.02539999999999999897 ), #2987 );
#3113 = ADVANCED_FACE ( 'NONE', ( #8182 ), #8977, .T. ) ;
#3114 = CARTESIAN_POINT ( 'NONE',  ( -0.08503937007874015630, -0.08565767112959683793, 0.02601659103690530384 ) ) ;
#3115 = ORIENTED_EDGE ( 'NONE', *, *, #7273, .T. ) ;
#3116 = DIMENSIONAL_EXPONENTS ( 1.000000000000000000, 0.000000000000000000, 0.000000000000000000, 0.000000000000000000, 0.000000000000000000, 0.000000000000000000, 0.000000000000000000 ) ;
#3117 = CARTESIAN_POINT ( 'NONE',  ( 0.09645669291338584972, 0.007027559055118154027, 0.005000000000000000104 ) ) ;
#3118 = VECTOR ( 'NONE', #2162, 39.37007874015748143 ) ;
#3119 = PLANE ( 'NONE',  #2401 ) ;
#3120 =( CONVERSION_BASED_UNIT ( 'INCH', #1689 ) LENGTH_UNIT ( ) NAMED_UNIT ( #2705 ) );
#3121 = FACE_OUTER_BOUND ( 'NONE', #210, .T. ) ;
#3122 = PRESENTATION_STYLE_ASSIGNMENT (( #7226 ) ) ;
#3123 = ORIENTED_EDGE ( 'NONE', *, *, #1823, .T. ) ;
#3124 = PRESENTATION_STYLE_ASSIGNMENT (( #326 ) ) ;
#3125 = PLANE ( 'NONE',  #1084 ) ;
#3126 = LINE ( 'NONE', #8477, #7079 ) ;
#3127 = VERTEX_POINT ( 'NONE', #2242 ) ;
#3128 = STYLED_ITEM ( 'NONE', ( #371 ), #8911 ) ;
#3129 = PRODUCT_CONTEXT ( 'NONE', #299, 'mechanical' ) ;
#3130 =( GEOMETRIC_REPRESENTATION_CONTEXT ( 3 ) GLOBAL_UNCERTAINTY_ASSIGNED_CONTEXT ( ( #6232 ) ) GLOBAL_UNIT_ASSIGNED_CONTEXT ( ( #6950, #2791, #4370 ) ) REPRESENTATION_CONTEXT ( 'NONE', 'WORKASPACE' ) );
#3131 = CARTESIAN_POINT ( 'NONE',  ( -0.08753937007874017240, -0.0009842519685039239838, 0.005000000000000000104 ) ) ;
#3132 = PRODUCT_DEFINITION_SHAPE ( 'NONE', 'NONE',  #3427 ) ;
#3133 = CARTESIAN_POINT ( 'NONE',  ( 0.06692913385826770867, -0.08565767112959683793, 0.02601659103690530384 ) ) ;
#3134 = CARTESIAN_POINT ( 'NONE',  ( 0.08875394017312086825, -0.07123425513375078455, 0.04673228346456693300 ) ) ;
#3135 = VECTOR ( 'NONE', #2477, 39.37007874015748143 ) ;
#3136 =( NAMED_UNIT ( * ) SI_UNIT ( $, .STERADIAN. ) SOLID_ANGLE_UNIT ( ) );
#3137 = FILL_AREA_STYLE ('',( #3096 ) ) ;
#3138 = PRESENTATION_LAYER_ASSIGNMENT (  '', '', ( #4451 ) ) ;
#3139 = ORIENTED_EDGE ( 'NONE', *, *, #6463, .F. ) ;
#3140 = EDGE_LOOP ( 'NONE', ( #2770, #1538, #4232, #931 ) ) ;
#3141 = CARTESIAN_POINT ( 'NONE',  ( -0.09645664948795727722, 0.08997232483970332706, 0.009842873356772908339 ) ) ;
#3142 = EDGE_CURVE ( 'NONE', #1143, #7759, #4296, .T. ) ;
#3143 =( NAMED_UNIT ( * ) PLANE_ANGLE_UNIT ( ) SI_UNIT ( $, .RADIAN. ) );
#3144 = AXIS2_PLACEMENT_3D ( 'NONE', #6573, #1714, #160 ) ;
#3145 = LENGTH_MEASURE_WITH_UNIT ( LENGTH_MEASURE( 0.02539999999999999897 ), #347 );
#3146 = EDGE_CURVE ( 'NONE', #843, #1308, #2193, .T. ) ;
#3147 =( NAMED_UNIT ( * ) SI_UNIT ( $, .STERADIAN. ) SOLID_ANGLE_UNIT ( ) );
#3148 = ORIENTED_EDGE ( 'NONE', *, *, #1239, .T. ) ;
#3149 = ORIENTED_EDGE ( 'NONE', *, *, #4978, .F. ) ;
#3150 =( CONVERSION_BASED_UNIT ( 'INCH', #855 ) LENGTH_UNIT ( ) NAMED_UNIT ( #343 ) );
#3151 =( GEOMETRIC_REPRESENTATION_CONTEXT ( 3 ) GLOBAL_UNCERTAINTY_ASSIGNED_CONTEXT ( ( #1835 ) ) GLOBAL_UNIT_ASSIGNED_CONTEXT ( ( #6480, #248, #2408 ) ) REPRESENTATION_CONTEXT ( 'NONE', 'WORKASPACE' ) );
#3152 = ADVANCED_FACE ( 'NONE', ( #7080 ), #5708, .T. ) ;
#3153 = ADVANCED_FACE ( 'NONE', ( #8455 ), #3558, .T. ) ;
#3154 = VECTOR ( 'NONE', #908, 39.37007874015748143 ) ;
#3155 = DIRECTION ( 'NONE',  ( -0.7071067811865500152, -0.7071067811865450192, 0.000000000000000000 ) ) ;
#3156 = DIMENSIONAL_EXPONENTS ( 1.000000000000000000, 0.000000000000000000, 0.000000000000000000, 0.000000000000000000, 0.000000000000000000, 0.000000000000000000, 0.000000000000000000 ) ;
#3157 = SURFACE_STYLE_USAGE ( .BOTH. , #4658 ) ;
#3158 = MECHANICAL_DESIGN_GEOMETRIC_PRESENTATION_REPRESENTATION (  '', ( #8217 ), #7335 ) ;
#3159 = LENGTH_MEASURE_WITH_UNIT ( LENGTH_MEASURE( 0.02539999999999999897 ), #4481 );
#3160 = ORIENTED_EDGE ( 'NONE', *, *, #3041, .T. ) ;
#3161 = ORIENTED_EDGE ( 'NONE', *, *, #5652, .T. ) ;
#3162 = PLANE ( 'NONE',  #4896 ) ;
#3163 = EDGE_CURVE ( 'NONE', #5928, #8541, #214, .T. ) ;
#3164 =( NAMED_UNIT ( * ) PLANE_ANGLE_UNIT ( ) SI_UNIT ( $, .RADIAN. ) );
#3165 = AXIS2_PLACEMENT_3D ( 'NONE', #2653, #8969, #1949 ) ;
#3166 = LINE ( 'NONE', #5035, #3975 ) ;
#3167 = PLANE ( 'NONE',  #7131 ) ;
#3168 = EDGE_CURVE ( 'NONE', #1283, #7408, #3314, .T. ) ;
#3169 = FILL_AREA_STYLE_COLOUR ( '', #2252 ) ;
#3170 = FILL_AREA_STYLE ('',( #7966 ) ) ;
#3171 = DIRECTION ( 'NONE',  ( 0.000000000000000000, 0.000000000000000000, -1.000000000000000000 ) ) ;
#3172 = DIRECTION ( 'NONE',  ( 0.000000000000000000, 0.000000000000000000, 1.000000000000000000 ) ) ;
#3173 = DIMENSIONAL_EXPONENTS ( 1.000000000000000000, 0.000000000000000000, 0.000000000000000000, 0.000000000000000000, 0.000000000000000000, 0.000000000000000000, 0.000000000000000000 ) ;
#3174 = ORIENTED_EDGE ( 'NONE', *, *, #4325, .T. ) ;
#3175 = MECHANICAL_DESIGN_GEOMETRIC_PRESENTATION_REPRESENTATION (  '', ( #7064 ), #4061 ) ;
#3176 = SURFACE_SIDE_STYLE ('',( #5257 ) ) ;
#3177 = PLANE ( 'NONE',  #8741 ) ;
#3178 = CARTESIAN_POINT ( 'NONE',  ( -0.02500000000000000139, -0.08520540713768977314, 0.01618446761253704638 ) ) ;
#3179 = CARTESIAN_POINT ( 'NONE',  ( 0.09055118110236221041, 0.002027559055118138311, 0.005000000000000000104 ) ) ;
#3180 = CARTESIAN_POINT ( 'NONE',  ( -0.07795275590551181688, 0.007086614173228346358, 0.005000000000000000104 ) ) ;
#3181 =( CONVERSION_BASED_UNIT ( 'INCH', #8064 ) LENGTH_UNIT ( ) NAMED_UNIT ( #5548 ) );
#3182 = AXIS2_PLACEMENT_3D ( 'NONE', #7111, #3060, #3639 ) ;
#3183 = ORIENTED_EDGE ( 'NONE', *, *, #3104, .F. ) ;
#3184 = LINE ( 'NONE', #4599, #109 ) ;
#3185 = ADVANCED_FACE ( 'NONE', ( #2559 ), #1153, .F. ) ;
#3186 =( CONVERSION_BASED_UNIT ( 'INCH', #5134 ) LENGTH_UNIT ( ) NAMED_UNIT ( #96 ) );
#3187 =( NAMED_UNIT ( * ) SI_UNIT ( $, .STERADIAN. ) SOLID_ANGLE_UNIT ( ) );
#3188 = VECTOR ( 'NONE', #8374, 39.37007874015748143 ) ;
#3189 = DIRECTION ( 'NONE',  ( -2.488951074227589851E-16, 1.000000000000000000, 0.000000000000000000 ) ) ;
#3190 = CARTESIAN_POINT ( 'NONE',  ( 0.09645669291338584972, 0.002027559055118140479, 0.000000000000000000 ) ) ;
#3191 = ORIENTED_EDGE ( 'NONE', *, *, #5569, .F. ) ;
#3192 = ORIENTED_EDGE ( 'NONE', *, *, #8642, .F. ) ;
#3193 = CIRCLE ( 'NONE', #8104, 0.009842519685039373412 ) ;
#3194 = SURFACE_SIDE_STYLE ('',( #8630 ) ) ;
#3195 = CARTESIAN_POINT ( 'NONE',  ( 0.09055118110236221041, 0.002027559055118137010, 0.000000000000000000 ) ) ;
#3196 =( NAMED_UNIT ( * ) PLANE_ANGLE_UNIT ( ) SI_UNIT ( $, .RADIAN. ) );
#3197 = EDGE_CURVE ( 'NONE', #75, #6367, #4645, .T. ) ;
#3198 = DIRECTION ( 'NONE',  ( 1.000000000000000000, -0.000000000000000000, -0.000000000000000000 ) ) ;
#3199 = VERTEX_POINT ( 'NONE', #6705 ) ;
#3200 = EDGE_LOOP ( 'NONE', ( #4506, #8168, #8144, #8444 ) ) ;
#3201 = DIRECTION ( 'NONE',  ( -0.000000000000000000, -0.000000000000000000, -1.000000000000000000 ) ) ;
#3202 = SURFACE_STYLE_FILL_AREA ( #5902 ) ;
#3203 = PRESENTATION_STYLE_ASSIGNMENT (( #878 ) ) ;
#3204 = LINE ( 'NONE', #4667, #3383 ) ;
#3205 = STYLED_ITEM ( 'NONE', ( #8497 ), #6512 ) ;
#3206 = CARTESIAN_POINT ( 'NONE',  ( -0.07795275590551183076, 0.09311023622047244486, 0.009842519685039366473 ) ) ;
#3207 = DIMENSIONAL_EXPONENTS ( 1.000000000000000000, 0.000000000000000000, 0.000000000000000000, 0.000000000000000000, 0.000000000000000000, 0.000000000000000000, 0.000000000000000000 ) ;
#3208 = FILL_AREA_STYLE ('',( #8647 ) ) ;
#3209 = DIRECTION ( 'NONE',  ( -0.000000000000000000, -0.000000000000000000, -1.000000000000000000 ) ) ;
#3210 = DIRECTION ( 'NONE',  ( 0.000000000000000000, 0.000000000000000000, -1.000000000000000000 ) ) ;
#3211 = ORIENTED_EDGE ( 'NONE', *, *, #8705, .F. ) ;
#3212 = MECHANICAL_DESIGN_GEOMETRIC_PRESENTATION_REPRESENTATION (  '', ( #8132 ), #1300 ) ;
#3213 = VECTOR ( 'NONE', #5786, 39.37007874015748143 ) ;
#3214 = PRESENTATION_STYLE_ASSIGNMENT (( #2354 ) ) ;
#3215 = LINE ( 'NONE', #7367, #4974 ) ;
#3216 = CARTESIAN_POINT ( 'NONE',  ( 0.02500000000000000139, -0.08520540713768977314, 0.01618446761253700822 ) ) ;
#3217 = SURFACE_STYLE_USAGE ( .BOTH. , #4593 ) ;
#3218 = STYLED_ITEM ( 'NONE', ( #3916 ), #7244 ) ;
#3219 = LINE ( 'NONE', #8776, #8216 ) ;
#3220 = ORIENTED_EDGE ( 'NONE', *, *, #7828, .F. ) ;
#3221 = EDGE_CURVE ( 'NONE', #7408, #75, #4056, .T. ) ;
#3222 = VERTEX_POINT ( 'NONE', #484 ) ;
#3223 = DIRECTION ( 'NONE',  ( 1.315430123963460077E-16, 1.000000000000000000, 0.000000000000000000 ) ) ;
#3224 = CARTESIAN_POINT ( 'NONE',  ( -0.01692913385826771630, -0.1210629921259842590, 0.009880116511253426298 ) ) ;
#3225 = ADVANCED_FACE ( 'NONE', ( #1883 ), #8875, .F. ) ;
#3226 =( NAMED_UNIT ( * ) PLANE_ANGLE_UNIT ( ) SI_UNIT ( $, .RADIAN. ) );
#3227 = DIRECTION ( 'NONE',  ( -0.000000000000000000, 0.000000000000000000, 1.000000000000000000 ) ) ;
#3228 = DIMENSIONAL_EXPONENTS ( 1.000000000000000000, 0.000000000000000000, 0.000000000000000000, 0.000000000000000000, 0.000000000000000000, 0.000000000000000000, 0.000000000000000000 ) ;
#3229 = CARTESIAN_POINT ( 'NONE',  ( 0.06692913385826770867, -0.09881790276005945894, 0.01182630964989291392 ) ) ;
#3230 = DIRECTION ( 'NONE',  ( 0.000000000000000000, -1.000000000000000000, -0.000000000000000000 ) ) ;
#3231 = MECHANICAL_DESIGN_GEOMETRIC_PRESENTATION_REPRESENTATION (  '', ( #2517 ), #4402 ) ;
#3232 =( LENGTH_UNIT ( ) NAMED_UNIT ( * ) SI_UNIT ( $, .METRE. ) );
#3233 = ORIENTED_EDGE ( 'NONE', *, *, #1723, .T. ) ;
#3234 = VERTEX_POINT ( 'NONE', #103 ) ;
#3235 = PRESENTATION_LAYER_ASSIGNMENT (  '', '', ( #3526 ) ) ;
#3236 = EDGE_CURVE ( 'NONE', #2169, #4317, #8297, .T. ) ;
#3237 = FACE_OUTER_BOUND ( 'NONE', #8573, .T. ) ;
#3238 = SURFACE_STYLE_USAGE ( .BOTH. , #5285 ) ;
#3239 = VECTOR ( 'NONE', #3386, 39.37007874015748143 ) ;
#3240 = CARTESIAN_POINT ( 'NONE',  ( -0.03503937007874016046, -0.09383657304297442214, 0.02091502454231232433 ) ) ;
#3241 = STYLED_ITEM ( 'NONE', ( #684 ), #6109 ) ;
#3242 =( GEOMETRIC_REPRESENTATION_CONTEXT ( 3 ) GLOBAL_UNCERTAINTY_ASSIGNED_CONTEXT ( ( #4257 ) ) GLOBAL_UNIT_ASSIGNED_CONTEXT ( ( #2725, #1927, #4719 ) ) REPRESENTATION_CONTEXT ( 'NONE', 'WORKASPACE' ) );
#3243 = LINE ( 'NONE', #4070, #1219 ) ;
#3244 = ORIENTED_EDGE ( 'NONE', *, *, #7094, .T. ) ;
#3245 = ORIENTED_EDGE ( 'NONE', *, *, #7478, .F. ) ;
#3246 = SURFACE_STYLE_USAGE ( .BOTH. , #6776 ) ;
#3247 = VECTOR ( 'NONE', #8404, 39.37007874015748854 ) ;
#3248 =( CONVERSION_BASED_UNIT ( 'INCH', #8759 ) LENGTH_UNIT ( ) NAMED_UNIT ( #7711 ) );
#3249 =( LENGTH_UNIT ( ) NAMED_UNIT ( * ) SI_UNIT ( $, .METRE. ) );
#3250 = VECTOR ( 'NONE', #1426, 39.37007874015748854 ) ;
#3251 = FILL_AREA_STYLE ('',( #1225 ) ) ;
#3252 = CARTESIAN_POINT ( 'NONE',  ( -0.01692913385826771630, -0.09084088879601615041, 0.01357377070548917292 ) ) ;
#3253 = FILL_AREA_STYLE_COLOUR ( '', #4319 ) ;
#3254 = ADVANCED_FACE ( 'NONE', ( #6186 ), #8921, .T. ) ;
#3255 = CARTESIAN_POINT ( 'NONE',  ( 0.06530030766429134603, 0.08129921259842519399, 0.009842519685039369942 ) ) ;
#3256 = DIRECTION ( 'NONE',  ( -1.000000000000000000, -0.000000000000000000, 0.000000000000000000 ) ) ;
#3257 = ORIENTED_EDGE ( 'NONE', *, *, #7704, .F. ) ;
#3258 = ADVANCED_FACE ( 'NONE', ( #7653 ), #6491, .T. ) ;
#3259 = PRESENTATION_LAYER_ASSIGNMENT (  '', '', ( #7156 ) ) ;
#3260 = LENGTH_MEASURE_WITH_UNIT ( LENGTH_MEASURE( 0.02539999999999999897 ), #8865 );
#3261 = FILL_AREA_STYLE ('',( #6696 ) ) ;
#3262 = DIRECTION ( 'NONE',  ( 0.000000000000000000, -0.08715574274765816587, 0.9961946980917455452 ) ) ;
#3263 = FACE_OUTER_BOUND ( 'NONE', #7340, .T. ) ;
#3264 = VERTEX_POINT ( 'NONE', #3047 ) ;
#3265 = ORIENTED_EDGE ( 'NONE', *, *, #7250, .F. ) ;
#3266 = COLOUR_RGB ( '',0.7490196078431372584, 0.7490196078431372584, 0.7490196078431372584 ) ;
#3267 = CARTESIAN_POINT ( 'NONE',  ( 0.07499999999999999722, -0.09271653543307085965, 0.002479993611758476990 ) ) ;
#3268 = DIMENSIONAL_EXPONENTS ( 1.000000000000000000, 0.000000000000000000, 0.000000000000000000, 0.000000000000000000, 0.000000000000000000, 0.000000000000000000, 0.000000000000000000 ) ;
#3269 = LENGTH_MEASURE_WITH_UNIT ( LENGTH_MEASURE( 0.02539999999999999897 ), #1985 );
#3270 = EDGE_CURVE ( 'NONE', #3752, #535, #1613, .T. ) ;
#3271 = DIRECTION ( 'NONE',  ( 0.000000000000000000, 3.469446951953614189E-15, -1.000000000000000000 ) ) ;
#3272 =( NAMED_UNIT ( * ) PLANE_ANGLE_UNIT ( ) SI_UNIT ( $, .RADIAN. ) );
#3273 = LINE ( 'NONE', #6455, #5729 ) ;
#3274 = CARTESIAN_POINT ( 'NONE',  ( -0.03307086614173228301, -0.1210629921259842590, -4.446367177187928415E-20 ) ) ;
#3275 = COLOUR_RGB ( '',0.2862745098039215508, 0.2862745098039215508, 0.2862745098039215508 ) ;
#3276 = FACE_OUTER_BOUND ( 'NONE', #7141, .T. ) ;
#3277 = ADVANCED_FACE ( 'NONE', ( #5911 ), #5737, .F. ) ;
#3278 = FILL_AREA_STYLE_COLOUR ( '', #3574 ) ;
#3279 = ORIENTED_EDGE ( 'NONE', *, *, #5707, .T. ) ;
#3280 = EDGE_LOOP ( 'NONE', ( #918, #4094, #6542, #5193 ) ) ;
#3281 = VECTOR ( 'NONE', #7005, 39.37007874015748143 ) ;
#3282 = SURFACE_STYLE_USAGE ( .BOTH. , #3194 ) ;
#3283 = DIRECTION ( 'NONE',  ( 0.000000000000000000, 0.000000000000000000, 1.000000000000000000 ) ) ;
#3284 = CARTESIAN_POINT ( 'NONE',  ( -0.03503937007874016740, -0.08244437787890905589, 0.01631147111528527538 ) ) ;
#3285 =( LENGTH_UNIT ( ) NAMED_UNIT ( * ) SI_UNIT ( $, .METRE. ) );
#3286 = FILL_AREA_STYLE ('',( #499 ) ) ;
#3287 =( GEOMETRIC_REPRESENTATION_CONTEXT ( 3 ) GLOBAL_UNCERTAINTY_ASSIGNED_CONTEXT ( ( #8822 ) ) GLOBAL_UNIT_ASSIGNED_CONTEXT ( ( #3834, #7338, #4692 ) ) REPRESENTATION_CONTEXT ( 'NONE', 'WORKASPACE' ) );
#3288 = DIRECTION ( 'NONE',  ( 0.000000000000000000, 0.9961946980917454342, 0.08715574274765815199 ) ) ;
#3289 = VERTEX_POINT ( 'NONE', #7833 ) ;
#3290 = ORIENTED_EDGE ( 'NONE', *, *, #1355, .F. ) ;
#3291 = SURFACE_STYLE_FILL_AREA ( #1907 ) ;
#3292 = CARTESIAN_POINT ( 'NONE',  ( 0.06530030766429134603, 0.08129921259842519399, 0.005000000000000000104 ) ) ;
#3293 =( NAMED_UNIT ( * ) PLANE_ANGLE_UNIT ( ) SI_UNIT ( $, .RADIAN. ) );
#3294 = COLOUR_RGB ( '',0.7490196078431372584, 0.7490196078431372584, 0.7490196078431372584 ) ;
#3295 = COLOUR_RGB ( '',0.7490196078431372584, 0.7490196078431372584, 0.7490196078431372584 ) ;
#3296 = DIRECTION ( 'NONE',  ( -1.000000000000000000, 0.000000000000000000, 0.000000000000000000 ) ) ;
#3297 = SURFACE_STYLE_FILL_AREA ( #7968 ) ;
#3298 =( NAMED_UNIT ( * ) SI_UNIT ( $, .STERADIAN. ) SOLID_ANGLE_UNIT ( ) );
#3299 = ORIENTED_EDGE ( 'NONE', *, *, #5834, .F. ) ;
#3300 = DIRECTION ( 'NONE',  ( 0.000000000000000000, -1.000000000000000000, -0.000000000000000000 ) ) ;
#3301 = VECTOR ( 'NONE', #3912, 39.37007874015748143 ) ;
#3302 = SURFACE_SIDE_STYLE ('',( #2594 ) ) ;
#3303 = LINE ( 'NONE', #4044, #5859 ) ;
#3304 = CARTESIAN_POINT ( 'NONE',  ( 0.07499999999999999722, -0.1014396703667248129, 0.01159693470591019980 ) ) ;
#3305 = VECTOR ( 'NONE', #2446, 39.37007874015748143 ) ;
#3306 = EDGE_CURVE ( 'NONE', #964, #5753, #4065, .T. ) ;
#3307 = SURFACE_SIDE_STYLE ('',( #2597 ) ) ;
#3308 = CARTESIAN_POINT ( 'NONE',  ( -0.06692913385826770867, -0.06061878546604763246, 0.01731541798661000164 ) ) ;
#3309 = EDGE_CURVE ( 'NONE', #8697, #6115, #5120, .T. ) ;
#3310 = ORIENTED_EDGE ( 'NONE', *, *, #2171, .F. ) ;
#3311 = UNCERTAINTY_MEASURE_WITH_UNIT (LENGTH_MEASURE( 1.000000000000000082E-05 ), #4385, 'distance_accuracy_value', 'NONE');
#3312 = ORIENTED_EDGE ( 'NONE', *, *, #379, .T. ) ;
#3313 = STYLED_ITEM ( 'NONE', ( #6328 ), #2046 ) ;
#3314 = LINE ( 'NONE', #6757, #983 ) ;
#3315 =( NAMED_UNIT ( * ) PLANE_ANGLE_UNIT ( ) SI_UNIT ( $, .RADIAN. ) );
#3316 = LINE ( 'NONE', #2645, #5436 ) ;
#3317 = DIRECTION ( 'NONE',  ( 1.000000000000000000, 0.000000000000000000, 0.000000000000000000 ) ) ;
#3318 =( LENGTH_UNIT ( ) NAMED_UNIT ( * ) SI_UNIT ( $, .METRE. ) );
#3319 = STYLED_ITEM ( 'NONE', ( #4530 ), #2993 ) ;
#3320 = LINE ( 'NONE', #2564, #4084 ) ;
#3321 = STYLED_ITEM ( 'NONE', ( #6896 ), #2192 ) ;
#3322 = LINE ( 'NONE', #4147, #1938 ) ;
#3323 = EDGE_CURVE ( 'NONE', #8895, #7885, #3126, .T. ) ;
#3324 = CARTESIAN_POINT ( 'NONE',  ( -0.06530030766429134603, 0.1049212598425196957, 0.000000000000000000 ) ) ;
#3325 = ORIENTED_EDGE ( 'NONE', *, *, #2900, .T. ) ;
#3326 = VERTEX_POINT ( 'NONE', #4994 ) ;
#3327 = DIRECTION ( 'NONE',  ( -1.000000000000000000, -0.000000000000000000, -0.000000000000000000 ) ) ;
#3328 = CARTESIAN_POINT ( 'NONE',  ( -0.06692913385826770867, -0.1018685864235539529, 0.01649946766896011677 ) ) ;
#3329 = MECHANICAL_DESIGN_GEOMETRIC_PRESENTATION_REPRESENTATION (  '', ( #3767 ), #6945 ) ;
#3330 = SURFACE_STYLE_FILL_AREA ( #4698 ) ;
#3331 = DIRECTION ( 'NONE',  ( 0.000000000000000000, 0.000000000000000000, -1.000000000000000000 ) ) ;
#3332 = DIMENSIONAL_EXPONENTS ( 1.000000000000000000, 0.000000000000000000, 0.000000000000000000, 0.000000000000000000, 0.000000000000000000, 0.000000000000000000, 0.000000000000000000 ) ;
#3333 =( NAMED_UNIT ( * ) SI_UNIT ( $, .STERADIAN. ) SOLID_ANGLE_UNIT ( ) );
#3334 = AXIS2_PLACEMENT_3D ( 'NONE', #4846, #3389, #8907 ) ;
#3335 = CARTESIAN_POINT ( 'NONE',  ( 0.08875394017312086825, 0.08540748348020747727, 0.04988188976377952444 ) ) ;
#3336 = ORIENTED_EDGE ( 'NONE', *, *, #3986, .F. ) ;
#3337 = VERTEX_POINT ( 'NONE', #3769 ) ;
#3338 = CARTESIAN_POINT ( 'NONE',  ( 0.09645669291338572482, -0.03592519685039369942, 0.009842519685039354330 ) ) ;
#3339 = PRESENTATION_LAYER_ASSIGNMENT (  '', '', ( #8110 ) ) ;
#3340 = SURFACE_SIDE_STYLE ('',( #3431 ) ) ;
#3341 = DIRECTION ( 'NONE',  ( 0.000000000000000000, 0.000000000000000000, 1.000000000000000000 ) ) ;
#3342 = ADVANCED_FACE ( 'NONE', ( #6517 ), #2262, .T. ) ;
#3343 = CARTESIAN_POINT ( 'NONE',  ( -0.07795275590551181688, 0.09311023622047245873, 0.005000000000000000104 ) ) ;
#3344 = DIRECTION ( 'NONE',  ( -0.9925461516413218721, 0.000000000000000000, 0.1218693434051484753 ) ) ;
#3345 = CARTESIAN_POINT ( 'NONE',  ( 0.08858267716535433989, 0.1210629921259842451, 0.009842519685039369942 ) ) ;
#3346 = DIRECTION ( 'NONE',  ( -1.000000000000000000, 0.000000000000000000, 0.000000000000000000 ) ) ;
#3347 = VECTOR ( 'NONE', #7243, 39.37007874015748143 ) ;
#3348 = CARTESIAN_POINT ( 'NONE',  ( -0.02500000000000000139, -0.08244437787890905589, 0.01631147111528527538 ) ) ;
#3349 = LINE ( 'NONE', #6039, #1651 ) ;
#3350 = EDGE_LOOP ( 'NONE', ( #3650, #1170, #423, #5000 ) ) ;
#3351 = ORIENTED_EDGE ( 'NONE', *, *, #288, .T. ) ;
#3352 = DIRECTION ( 'NONE',  ( -3.419578104594909462E-15, 1.000000000000000000, 0.000000000000000000 ) ) ;
#3353 = MECHANICAL_DESIGN_GEOMETRIC_PRESENTATION_REPRESENTATION (  '', ( #6125 ), #4528 ) ;
#3354 = FILL_AREA_STYLE_COLOUR ( '', #8516 ) ;
#3355 = STYLED_ITEM ( 'NONE', ( #8709 ), #4441 ) ;
#3356 = EDGE_CURVE ( 'NONE', #1171, #763, #1780, .T. ) ;
#3357 = FILL_AREA_STYLE_COLOUR ( '', #240 ) ;
#3358 = EDGE_CURVE ( 'NONE', #2971, #3337, #3944, .T. ) ;
#3359 = DIRECTION ( 'NONE',  ( 1.000000000000000000, 0.000000000000000000, 0.000000000000000000 ) ) ;
#3360 = DIRECTION ( 'NONE',  ( 0.000000000000000000, 0.000000000000000000, 1.000000000000000000 ) ) ;
#3361 = PLANE ( 'NONE',  #6147 ) ;
#3362 = MECHANICAL_DESIGN_GEOMETRIC_PRESENTATION_REPRESENTATION (  '', ( #3218 ), #2646 ) ;
#3363 = DIRECTION ( 'NONE',  ( 0.000000000000000000, 0.04595002157776068019, -0.9989437399158188624 ) ) ;
#3364 = SURFACE_STYLE_USAGE ( .BOTH. , #7472 ) ;
#3365 = EDGE_CURVE ( 'NONE', #763, #2534, #1871, .T. ) ;
#3366 = AXIS2_PLACEMENT_3D ( 'NONE', #6508, #1857, #7093 ) ;
#3367 = VERTEX_POINT ( 'NONE', #7406 ) ;
#3368 = ORIENTED_EDGE ( 'NONE', *, *, #682, .F. ) ;
#3369 =( NAMED_UNIT ( * ) SI_UNIT ( $, .STERADIAN. ) SOLID_ANGLE_UNIT ( ) );
#3370 = PLANE ( 'NONE',  #7778 ) ;
#3371 = EDGE_CURVE ( 'NONE', #7843, #6153, #7810, .T. ) ;
#3372 = AXIS2_PLACEMENT_3D ( 'NONE', #8585, #303, #1078 ) ;
#3373 = CARTESIAN_POINT ( 'NONE',  ( 0.02500000000000000139, -0.08565767112959683793, 0.02601659103690530384 ) ) ;
#3374 = PRESENTATION_LAYER_ASSIGNMENT (  '', '', ( #2949 ) ) ;
#3375 = CARTESIAN_POINT ( 'NONE',  ( -0.07499999999999999722, -0.08520540713768977314, 0.01618446761253704638 ) ) ;
#3376 = SURFACE_STYLE_USAGE ( .BOTH. , #589 ) ;
#3377 = ORIENTED_EDGE ( 'NONE', *, *, #3979, .T. ) ;
#3378 = ORIENTED_EDGE ( 'NONE', *, *, #8464, .F. ) ;
#3379 = PRESENTATION_LAYER_ASSIGNMENT (  '', '', ( #7582 ) ) ;
#3380 = COLOUR_RGB ( '',0.7490196078431372584, 0.7490196078431372584, 0.7490196078431372584 ) ;
#3381 = SURFACE_STYLE_FILL_AREA ( #67 ) ;
#3382 = SURFACE_STYLE_FILL_AREA ( #4211 ) ;
#3383 = VECTOR ( 'NONE', #4032, 39.37007874015748854 ) ;
#3384 = UNCERTAINTY_MEASURE_WITH_UNIT (LENGTH_MEASURE( 1.000000000000000082E-05 ), #716, 'distance_accuracy_value', 'NONE');
#3385 =( NAMED_UNIT ( * ) SI_UNIT ( $, .STERADIAN. ) SOLID_ANGLE_UNIT ( ) );
#3386 = DIRECTION ( 'NONE',  ( 0.000000000000000000, -1.000000000000000000, -0.000000000000000000 ) ) ;
#3387 = STYLED_ITEM ( 'NONE', ( #1687 ), #7921 ) ;
#3388 = DIMENSIONAL_EXPONENTS ( 1.000000000000000000, 0.000000000000000000, 0.000000000000000000, 0.000000000000000000, 0.000000000000000000, 0.000000000000000000, 0.000000000000000000 ) ;
#3389 = DIRECTION ( 'NONE',  ( 1.000000000000000000, 0.000000000000000000, 0.000000000000000000 ) ) ;
#3390 = VECTOR ( 'NONE', #1496, 39.37007874015748143 ) ;
#3391 = LINE ( 'NONE', #6174, #4013 ) ;
#3392 = LINE ( 'NONE', #2675, #3051 ) ;
#3393 = AXIS2_PLACEMENT_3D ( 'NONE', #6361, #3016, #5799 ) ;
#3394 = FACE_OUTER_BOUND ( 'NONE', #7717, .T. ) ;
#3395 =( LENGTH_UNIT ( ) NAMED_UNIT ( * ) SI_UNIT ( $, .METRE. ) );
#3396 = LINE ( 'NONE', #1191, #8285 ) ;
#3397 = DIRECTION ( 'NONE',  ( 1.000000000000000000, 0.000000000000000000, 0.000000000000000000 ) ) ;
#3398 = AXIS2_PLACEMENT_3D ( 'NONE', #8085, #7252, #1035 ) ;
#3399 = SURFACE_STYLE_USAGE ( .BOTH. , #4089 ) ;
#3400 =( LENGTH_UNIT ( ) NAMED_UNIT ( * ) SI_UNIT ( $, .METRE. ) );
#3401 = ORIENTED_EDGE ( 'NONE', *, *, #3197, .F. ) ;
#3402 = ORIENTED_EDGE ( 'NONE', *, *, #70, .F. ) ;
#3403 = UNCERTAINTY_MEASURE_WITH_UNIT (LENGTH_MEASURE( 1.000000000000000082E-05 ), #6707, 'distance_accuracy_value', 'NONE');
#3404 = ORIENTED_EDGE ( 'NONE', *, *, #732, .T. ) ;
#3405 = CARTESIAN_POINT ( 'NONE',  ( -0.01692913385826771630, -0.1210629921259842590, 0.000000000000000000 ) ) ;
#3406 = CARTESIAN_POINT ( 'NONE',  ( -0.09042084030531759298, -0.07290115526594752315, 0.04882104092741530732 ) ) ;
#3407 = MECHANICAL_DESIGN_GEOMETRIC_PRESENTATION_REPRESENTATION (  '', ( #3700 ), #1499 ) ;
#3408 = DIRECTION ( 'NONE',  ( 0.000000000000000000, 0.9961946980917454342, 0.08715574274765815199 ) ) ;
#3409 = CARTESIAN_POINT ( 'NONE',  ( -0.07499999999999999722, -0.09383657304297415847, 0.02091502454231218208 ) ) ;
#3410 = DIRECTION ( 'NONE',  ( 0.3301180510536020907, 0.8484716754920973436, 0.4136639798873050222 ) ) ;
#3411 = VECTOR ( 'NONE', #7583, 39.37007874015748143 ) ;
#3412 = SURFACE_SIDE_STYLE ('',( #7563 ) ) ;
#3413 = ORIENTED_EDGE ( 'NONE', *, *, #2900, .F. ) ;
#3414 = EDGE_LOOP ( 'NONE', ( #7645, #1388, #4248, #6320 ) ) ;
#3415 = DIRECTION ( 'NONE',  ( -0.000000000000000000, 0.000000000000000000, -1.000000000000000000 ) ) ;
#3416 = DIRECTION ( 'NONE',  ( -1.000000000000000000, 1.673405894323610011E-16, 0.000000000000000000 ) ) ;
#3417 = FILL_AREA_STYLE_COLOUR ( '', #6700 ) ;
#3418 = PRESENTATION_LAYER_ASSIGNMENT (  '', '', ( #5763 ) ) ;
#3419 =( NAMED_UNIT ( * ) PLANE_ANGLE_UNIT ( ) SI_UNIT ( $, .RADIAN. ) );
#3420 =( NAMED_UNIT ( * ) PLANE_ANGLE_UNIT ( ) SI_UNIT ( $, .RADIAN. ) );
#3421 = FILL_AREA_STYLE_COLOUR ( '', #4533 ) ;
#3422 = LENGTH_MEASURE_WITH_UNIT ( LENGTH_MEASURE( 0.02539999999999999897 ), #882 );
#3423 = ORIENTED_EDGE ( 'NONE', *, *, #7516, .T. ) ;
#3424 = ADVANCED_FACE ( 'NONE', ( #3859 ), #6786, .T. ) ;
#3425 = ORIENTED_EDGE ( 'NONE', *, *, #7935, .F. ) ;
#3426 = VECTOR ( 'NONE', #454, 39.37007874015748143 ) ;
#3427 = PRODUCT_DEFINITION ( 'UNKNOWN', '', #6187, #3020 ) ;
#3428 = AXIS2_PLACEMENT_3D ( 'NONE', #7496, #1923, #420 ) ;
#3429 = FILL_AREA_STYLE_COLOUR ( '', #5373 ) ;
#3430 = DIRECTION ( 'NONE',  ( -1.000000000000000000, -0.000000000000000000, 0.000000000000000000 ) ) ;
#3431 = SURFACE_STYLE_FILL_AREA ( #4075 ) ;
#3432 = CARTESIAN_POINT ( 'NONE',  ( 0.06692913385826770867, -0.09383657304297426949, 0.02091502454231223759 ) ) ;
#3433 = DIRECTION ( 'NONE',  ( 1.000000000000000000, 0.000000000000000000, 0.000000000000000000 ) ) ;
#3434 = EDGE_CURVE ( 'NONE', #1486, #5825, #406, .T. ) ;
#3435 = SURFACE_STYLE_USAGE ( .BOTH. , #6784 ) ;
#3436 = SURFACE_STYLE_FILL_AREA ( #772 ) ;
#3437 = CARTESIAN_POINT ( 'NONE',  ( 0.09645664948795727722, -0.07579909649324664822, 0.009842873356772908339 ) ) ;
#3438 = CIRCLE ( 'NONE', #5625, 0.009842519685039373412 ) ;
#3439 = CARTESIAN_POINT ( 'NONE',  ( -0.1009842519685039408, 0.007027559055118149690, 0.009842519685039369942 ) ) ;
#3440 = DIRECTION ( 'NONE',  ( -1.000000000000000000, 0.000000000000000000, -0.000000000000000000 ) ) ;
#3441 = AXIS2_PLACEMENT_3D ( 'NONE', #4980, #5723, #3802 ) ;
#3442 = SURFACE_SIDE_STYLE ('',( #655 ) ) ;
#3443 = LENGTH_MEASURE_WITH_UNIT ( LENGTH_MEASURE( 0.02539999999999999897 ), #1324 );
#3444 = MECHANICAL_DESIGN_GEOMETRIC_PRESENTATION_REPRESENTATION (  '', ( #7477 ), #807 ) ;
#3445 = DIRECTION ( 'NONE',  ( 0.000000000000000000, -0.000000000000000000, -1.000000000000000000 ) ) ;
#3446 = CARTESIAN_POINT ( 'NONE',  ( 0.03307086614173228301, -0.09881790276005945894, 0.01182630964989291392 ) ) ;
#3447 = UNCERTAINTY_MEASURE_WITH_UNIT (LENGTH_MEASURE( 1.000000000000000082E-05 ), #2883, 'distance_accuracy_value', 'NONE');
#3448 = ORIENTED_EDGE ( 'NONE', *, *, #4560, .T. ) ;
#3449 = EDGE_LOOP ( 'NONE', ( #6924, #2556, #8308, #7809 ) ) ;
#3450 = EDGE_LOOP ( 'NONE', ( #7077, #702, #2710, #7247 ) ) ;
#3451 = CARTESIAN_POINT ( 'NONE',  ( 0.03307086614173228301, -0.1210629921259842590, 0.009880116511253426298 ) ) ;
#3452 = DIMENSIONAL_EXPONENTS ( 1.000000000000000000, 0.000000000000000000, 0.000000000000000000, 0.000000000000000000, 0.000000000000000000, 0.000000000000000000, 0.000000000000000000 ) ;
#3453 = DIRECTION ( 'NONE',  ( 0.000000000000000000, 0.4806245840651692247, 0.8769264559768868983 ) ) ;
#3454 = VECTOR ( 'NONE', #5798, 39.37007874015748143 ) ;
#3455 = LENGTH_MEASURE_WITH_UNIT ( LENGTH_MEASURE( 0.02539999999999999897 ), #7746 );
#3456 = PRESENTATION_LAYER_ASSIGNMENT (  '', '', ( #4768 ) ) ;
#3457 = SURFACE_STYLE_FILL_AREA ( #667 ) ;
#3458 = LINE ( 'NONE', #8880, #5116 ) ;
#3459 = CARTESIAN_POINT ( 'NONE',  ( 0.08753937007874014464, 0.01003937007874020938, 0.000000000000000000 ) ) ;
#3460 = SURFACE_STYLE_FILL_AREA ( #8785 ) ;
#3461 = CARTESIAN_POINT ( 'NONE',  ( -0.08875394017312086825, 0.08540748348020747727, 0.04988188976377952444 ) ) ;
#3462 = MECHANICAL_DESIGN_GEOMETRIC_PRESENTATION_REPRESENTATION (  '', ( #2449 ), #388 ) ;
#3463 = ORIENTED_EDGE ( 'NONE', *, *, #6790, .T. ) ;
#3464 = EDGE_CURVE ( 'NONE', #8068, #7418, #2632, .T. ) ;
#3465 = ORIENTED_EDGE ( 'NONE', *, *, #3041, .F. ) ;
#3466 =( NAMED_UNIT ( * ) PLANE_ANGLE_UNIT ( ) SI_UNIT ( $, .RADIAN. ) );
#3467 =( LENGTH_UNIT ( ) NAMED_UNIT ( * ) SI_UNIT ( $, .METRE. ) );
#3468 = DIRECTION ( 'NONE',  ( 0.000000000000000000, 0.000000000000000000, 1.000000000000000000 ) ) ;
#3469 = DIRECTION ( 'NONE',  ( 0.000000000000000000, -1.000000000000000000, -0.000000000000000000 ) ) ;
#3470 = VERTEX_POINT ( 'NONE', #7271 ) ;
#3471 = ORIENTED_EDGE ( 'NONE', *, *, #5055, .T. ) ;
#3472 =( NAMED_UNIT ( * ) SI_UNIT ( $, .STERADIAN. ) SOLID_ANGLE_UNIT ( ) );
#3473 = AXIS2_PLACEMENT_3D ( 'NONE', #434, #7419, #3223 ) ;
#3474 =( NAMED_UNIT ( * ) PLANE_ANGLE_UNIT ( ) SI_UNIT ( $, .RADIAN. ) );
#3475 = DIRECTION ( 'NONE',  ( 0.000000000000000000, -0.04595002157773900309, 0.9989437399158199726 ) ) ;
#3476 = EDGE_CURVE ( 'NONE', #8507, #637, #5253, .T. ) ;
#3477 = PRESENTATION_LAYER_ASSIGNMENT (  '', '', ( #5063 ) ) ;
#3478 = SURFACE_SIDE_STYLE ('',( #688 ) ) ;
#3479 = EDGE_CURVE ( 'NONE', #5105, #6879, #8378, .T. ) ;
#3480 =( LENGTH_UNIT ( ) NAMED_UNIT ( * ) SI_UNIT ( $, .METRE. ) );
#3481 = SURFACE_STYLE_FILL_AREA ( #1318 ) ;
#3482 =( CONVERSION_BASED_UNIT ( 'INCH', #690 ) LENGTH_UNIT ( ) NAMED_UNIT ( #8011 ) );
#3483 = UNCERTAINTY_MEASURE_WITH_UNIT (LENGTH_MEASURE( 1.000000000000000082E-05 ), #3075, 'distance_accuracy_value', 'NONE');
#3484 = VECTOR ( 'NONE', #6908, 39.37007874015748143 ) ;
#3485 = ADVANCED_FACE ( 'NONE', ( #2065 ), #6919, .T. ) ;
#3486 = LINE ( 'NONE', #2946, #20 ) ;
#3487 = FILL_AREA_STYLE ('',( #5026 ) ) ;
#3488 = ORIENTED_EDGE ( 'NONE', *, *, #4268, .F. ) ;
#3489 = ORIENTED_EDGE ( 'NONE', *, *, #6570, .F. ) ;
#3490 = ORIENTED_EDGE ( 'NONE', *, *, #4534, .F. ) ;
#3491 =( CONVERSION_BASED_UNIT ( 'INCH', #7696 ) LENGTH_UNIT ( ) NAMED_UNIT ( #4311 ) );
#3492 = PRESENTATION_STYLE_ASSIGNMENT (( #1378 ) ) ;
#3493 =( GEOMETRIC_REPRESENTATION_CONTEXT ( 3 ) GLOBAL_UNCERTAINTY_ASSIGNED_CONTEXT ( ( #8899 ) ) GLOBAL_UNIT_ASSIGNED_CONTEXT ( ( #348, #5274, #3147 ) ) REPRESENTATION_CONTEXT ( 'NONE', 'WORKASPACE' ) );
#3494 =( NAMED_UNIT ( * ) PLANE_ANGLE_UNIT ( ) SI_UNIT ( $, .RADIAN. ) );
#3495 = EDGE_CURVE ( 'NONE', #7441, #4440, #1858, .T. ) ;
#3496 = AXIS2_PLACEMENT_3D ( 'NONE', #177, #8634, #2433 ) ;
#3497 = DIRECTION ( 'NONE',  ( -1.000000000000000000, -0.000000000000000000, 0.000000000000000000 ) ) ;
#3498 = PRESENTATION_STYLE_ASSIGNMENT (( #708 ) ) ;
#3499 = DIRECTION ( 'NONE',  ( -1.000000000000000000, -0.000000000000000000, 0.000000000000000000 ) ) ;
#3500 = DIRECTION ( 'NONE',  ( 0.000000000000000000, 0.000000000000000000, 1.000000000000000000 ) ) ;
#3501 = LINE ( 'NONE', #3539, #3250 ) ;
#3502 = UNCERTAINTY_MEASURE_WITH_UNIT (LENGTH_MEASURE( 1.000000000000000082E-05 ), #5051, 'distance_accuracy_value', 'NONE');
#3503 = AXIS2_PLACEMENT_3D ( 'NONE', #2647, #3410, #5505 ) ;
#3504 = FILL_AREA_STYLE ('',( #1294 ) ) ;
#3505 = ORIENTED_EDGE ( 'NONE', *, *, #7821, .T. ) ;
#3506 = VERTEX_POINT ( 'NONE', #4804 ) ;
#3507 = CARTESIAN_POINT ( 'NONE',  ( 0.07795275590551181688, -0.0009842519685039176954, 0.005000000000000000104 ) ) ;
#3508 = AXIS2_PLACEMENT_3D ( 'NONE', #2482, #4573, #5194 ) ;
#3509 = CARTESIAN_POINT ( 'NONE',  ( 0.03503937007874016740, -0.08565767112959683793, 0.02601659103690530384 ) ) ;
#3510 = PRESENTATION_LAYER_ASSIGNMENT (  '', '', ( #8848 ) ) ;
#3511 = DIMENSIONAL_EXPONENTS ( 1.000000000000000000, 0.000000000000000000, 0.000000000000000000, 0.000000000000000000, 0.000000000000000000, 0.000000000000000000, 0.000000000000000000 ) ;
#3512 = PLANE ( 'NONE',  #5527 ) ;
#3513 = MECHANICAL_DESIGN_GEOMETRIC_PRESENTATION_REPRESENTATION (  '', ( #3355 ), #2649 ) ;
#3514 = ORIENTED_EDGE ( 'NONE', *, *, #3056, .T. ) ;
#3515 = UNCERTAINTY_MEASURE_WITH_UNIT (LENGTH_MEASURE( 1.000000000000000082E-05 ), #6519, 'distance_accuracy_value', 'NONE');
#3516 = VERTEX_POINT ( 'NONE', #6212 ) ;
#3517 = STYLED_ITEM ( 'NONE', ( #2083 ), #7334 ) ;
#3518 = LENGTH_MEASURE_WITH_UNIT ( LENGTH_MEASURE( 0.02539999999999999897 ), #5706 );
#3519 =( NAMED_UNIT ( * ) PLANE_ANGLE_UNIT ( ) SI_UNIT ( $, .RADIAN. ) );
#3520 = SURFACE_STYLE_USAGE ( .BOTH. , #8938 ) ;
#3521 = AXIS2_PLACEMENT_3D ( 'NONE', #2566, #3832, #5140 ) ;
#3522 = STYLED_ITEM ( 'NONE', ( #8910 ), #7879 ) ;
#3523 = LENGTH_MEASURE_WITH_UNIT ( LENGTH_MEASURE( 0.02539999999999999897 ), #6295 );
#3524 =( NAMED_UNIT ( * ) PLANE_ANGLE_UNIT ( ) SI_UNIT ( $, .RADIAN. ) );
#3525 = PRESENTATION_STYLE_ASSIGNMENT (( #731 ) ) ;
#3526 = STYLED_ITEM ( 'NONE', ( #577 ), #8620 ) ;
#3527 = EDGE_CURVE ( 'NONE', #3530, #8311, #3392, .T. ) ;
#3528 = AXIS2_PLACEMENT_3D ( 'NONE', #4031, #8980, #6781 ) ;
#3529 =( NAMED_UNIT ( * ) SI_UNIT ( $, .STERADIAN. ) SOLID_ANGLE_UNIT ( ) );
#3530 = VERTEX_POINT ( 'NONE', #1972 ) ;
#3531 = VERTEX_POINT ( 'NONE', #653 ) ;
#3532 = EDGE_CURVE ( 'NONE', #1330, #6666, #6831, .T. ) ;
#3533 = VERTEX_POINT ( 'NONE', #8909 ) ;
#3534 = COLOUR_RGB ( '',0.7490196078431372584, 0.7490196078431372584, 0.7490196078431372584 ) ;
#3535 = FACE_OUTER_BOUND ( 'NONE', #4586, .T. ) ;
#3536 = VECTOR ( 'NONE', #6375, 39.37007874015748143 ) ;
#3537 = FILL_AREA_STYLE ('',( #7655 ) ) ;
#3538 = CARTESIAN_POINT ( 'NONE',  ( 0.08612979809627302474, 0.09067934470952336568, 0.04747702520763225770 ) ) ;
#3539 = CARTESIAN_POINT ( 'NONE',  ( -0.03307086614173228301, -0.08244437787890905589, 0.01631147111528527538 ) ) ;
#3540 =( NAMED_UNIT ( * ) SI_UNIT ( $, .STERADIAN. ) SOLID_ANGLE_UNIT ( ) );
#3541 = EDGE_CURVE ( 'NONE', #5541, #7066, #1412, .T. ) ;
#3542 = ORIENTED_EDGE ( 'NONE', *, *, #5727, .T. ) ;
#3543 = ADVANCED_FACE ( 'NONE', ( #4849 ), #7589, .F. ) ;
#3544 = ORIENTED_EDGE ( 'NONE', *, *, #4413, .T. ) ;
#3545 = AXIS2_PLACEMENT_3D ( 'NONE', #838, #794, #6395 ) ;
#3546 = LINE ( 'NONE', #2877, #3613 ) ;
#3547 = COLOUR_RGB ( '',0.7490196078431372584, 0.7490196078431372584, 0.7490196078431372584 ) ;
#3548 = PLANE ( 'NONE',  #2590 ) ;
#3549 = VERTEX_POINT ( 'NONE', #867 ) ;
#3550 = SURFACE_STYLE_USAGE ( .BOTH. , #6444 ) ;
#3551 =( NAMED_UNIT ( * ) PLANE_ANGLE_UNIT ( ) SI_UNIT ( $, .RADIAN. ) );
#3552 = PRESENTATION_LAYER_ASSIGNMENT (  '', '', ( #3700 ) ) ;
#3553 =( NAMED_UNIT ( * ) SI_UNIT ( $, .STERADIAN. ) SOLID_ANGLE_UNIT ( ) );
#3554 = LINE ( 'NONE', #2189, #6412 ) ;
#3555 = ORIENTED_EDGE ( 'NONE', *, *, #7284, .T. ) ;
#3556 = ORIENTED_EDGE ( 'NONE', *, *, #2389, .F. ) ;
#3557 = AXIS2_PLACEMENT_3D ( 'NONE', #3566, #2898, #4929 ) ;
#3558 = PLANE ( 'NONE',  #3043 ) ;
#3559 = PRESENTATION_LAYER_ASSIGNMENT (  '', '', ( #4587 ) ) ;
#3560 = CARTESIAN_POINT ( 'NONE',  ( 0.01692913385826771630, -0.09881790276005945894, 0.01182630964989291392 ) ) ;
#3561 = LINE ( 'NONE', #80, #7134 ) ;
#3562 = LINE ( 'NONE', #6911, #6296 ) ;
#3563 = ADVANCED_FACE ( 'NONE', ( #7776 ), #2295, .T. ) ;
#3564 = VECTOR ( 'NONE', #4977, 39.37007874015748854 ) ;
#3565 = AXIS2_PLACEMENT_3D ( 'NONE', #1971, #1274, #3210 ) ;
#3566 = CARTESIAN_POINT ( 'NONE',  ( 0.01692913385826771630, -0.1018685864235539529, 0.01649946766896011677 ) ) ;
#3567 = DIMENSIONAL_EXPONENTS ( 1.000000000000000000, 0.000000000000000000, 0.000000000000000000, 0.000000000000000000, 0.000000000000000000, 0.000000000000000000, 0.000000000000000000 ) ;
#3568 = DIRECTION ( 'NONE',  ( 0.000000000000000000, -0.04595002157773420831, 0.9989437399158200837 ) ) ;
#3569 = DIRECTION ( 'NONE',  ( 1.000000000000000000, 0.000000000000000000, 0.000000000000000000 ) ) ;
#3570 = CARTESIAN_POINT ( 'NONE',  ( 0.09055118110236221041, 0.01003937007874023714, 0.000000000000000000 ) ) ;
#3571 = UNCERTAINTY_MEASURE_WITH_UNIT (LENGTH_MEASURE( 1.000000000000000082E-05 ), #6551, 'distance_accuracy_value', 'NONE');
#3572 = CARTESIAN_POINT ( 'NONE',  ( -0.08753937007874017240, 0.01003937007874016255, 0.000000000000000000 ) ) ;
#3573 =( NAMED_UNIT ( * ) PLANE_ANGLE_UNIT ( ) SI_UNIT ( $, .RADIAN. ) );
#3574 = COLOUR_RGB ( '',0.7490196078431372584, 0.7490196078431372584, 0.7490196078431372584 ) ;
#3575 = UNCERTAINTY_MEASURE_WITH_UNIT (LENGTH_MEASURE( 1.000000000000000082E-05 ), #319, 'distance_accuracy_value', 'NONE');
#3576 = LINE ( 'NONE', #4850, #5570 ) ;
#3577 = FILL_AREA_STYLE_COLOUR ( '', #8898 ) ;
#3578 = LENGTH_MEASURE_WITH_UNIT ( LENGTH_MEASURE( 0.02539999999999999897 ), #1508 );
#3579 = ORIENTED_EDGE ( 'NONE', *, *, #819, .F. ) ;
#3580 = VECTOR ( 'NONE', #1747, 39.37007874015748143 ) ;
#3581 = VERTEX_POINT ( 'NONE', #1649 ) ;
#3582 = SURFACE_STYLE_USAGE ( .BOTH. , #5733 ) ;
#3583 = CARTESIAN_POINT ( 'NONE',  ( 0.07795275590551181688, 0.01003937007874019724, 0.000000000000000000 ) ) ;
#3584 = CARTESIAN_POINT ( 'NONE',  ( -0.08958072817893110440, 0.08623427148601772729, 0.03999863552275472606 ) ) ;
#3585 = FILL_AREA_STYLE ('',( #4188 ) ) ;
#3586 = COLOUR_RGB ( '',0.7490196078431372584, 0.7490196078431372584, 0.7490196078431372584 ) ;
#3587 = ADVANCED_FACE ( 'NONE', ( #7047 ), #7824, .T. ) ;
#3588 = CARTESIAN_POINT ( 'NONE',  ( -0.09188006978458958252, 0.08540748348020753278, 0.04711612391623666574 ) ) ;
#3589 = FACE_OUTER_BOUND ( 'NONE', #4897, .T. ) ;
#3590 = UNCERTAINTY_MEASURE_WITH_UNIT (LENGTH_MEASURE( 1.000000000000000082E-05 ), #1935, 'distance_accuracy_value', 'NONE');
#3591 = EDGE_LOOP ( 'NONE', ( #2922, #7660, #3744, #2742 ) ) ;
#3592 = UNCERTAINTY_MEASURE_WITH_UNIT (LENGTH_MEASURE( 1.000000000000000082E-05 ), #7259, 'distance_accuracy_value', 'NONE');
#3593 = ORIENTED_EDGE ( 'NONE', *, *, #1346, .T. ) ;
#3594 = LINE ( 'NONE', #6357, #2458 ) ;
#3595 = VECTOR ( 'NONE', #2974, 39.37007874015748143 ) ;
#3596 =( CONVERSION_BASED_UNIT ( 'INCH', #799 ) LENGTH_UNIT ( ) NAMED_UNIT ( #8417 ) );
#3597 = ORIENTED_EDGE ( 'NONE', *, *, #2272, .F. ) ;
#3598 = VECTOR ( 'NONE', #2714, 39.37007874015748143 ) ;
#3599 = CARTESIAN_POINT ( 'NONE',  ( -0.08875394017312085437, 0.08540748348020746339, 0.04673228346456695381 ) ) ;
#3600 = ADVANCED_FACE ( 'NONE', ( #8681 ), #8051, .F. ) ;
#3601 = DIRECTION ( 'NONE',  ( 1.000000000000000000, 0.000000000000000000, 0.000000000000000000 ) ) ;
#3602 = DIRECTION ( 'NONE',  ( 0.000000000000000000, 0.000000000000000000, -1.000000000000000000 ) ) ;
#3603 = MECHANICAL_DESIGN_GEOMETRIC_PRESENTATION_REPRESENTATION (  '', ( #6349 ), #2151 ) ;
#3604 = FACE_OUTER_BOUND ( 'NONE', #2981, .T. ) ;
#3605 = EDGE_LOOP ( 'NONE', ( #5279, #6200, #151, #4314 ) ) ;
#3606 = EDGE_LOOP ( 'NONE', ( #8846, #2233 ) ) ;
#3607 = CARTESIAN_POINT ( 'NONE',  ( -0.06496062992125983815, -0.08653382883559772309, 0.01376068786798872665 ) ) ;
#3608 = DIRECTION ( 'NONE',  ( -0.7071067811865509034, -0.7071067811865441310, 0.000000000000000000 ) ) ;
#3609 = DIRECTION ( 'NONE',  ( -1.000000000000000000, 0.000000000000000000, -0.000000000000000000 ) ) ;
#3610 = LINE ( 'NONE', #7724, #2960 ) ;
#3611 = CYLINDRICAL_SURFACE ( 'NONE', #903, 0.003149606299212598381 ) ;
#3612 =( GEOMETRIC_REPRESENTATION_CONTEXT ( 3 ) GLOBAL_UNCERTAINTY_ASSIGNED_CONTEXT ( ( #7752 ) ) GLOBAL_UNIT_ASSIGNED_CONTEXT ( ( #4236, #6884, #6266 ) ) REPRESENTATION_CONTEXT ( 'NONE', 'WORKASPACE' ) );
#3613 = VECTOR ( 'NONE', #3415, 39.37007874015748143 ) ;
#3614 = CARTESIAN_POINT ( 'NONE',  ( -0.06692913385826770867, -0.1210629921259842590, -1.069830134859272772E-18 ) ) ;
#3615 = CARTESIAN_POINT ( 'NONE',  ( 0.03307086614173228301, -0.1018685864235539529, 0.01649946766896011677 ) ) ;
#3616 = LINE ( 'NONE', #7774, #6471 ) ;
#3617 = FILL_AREA_STYLE_COLOUR ( '', #4355 ) ;
#3618 = VECTOR ( 'NONE', #3256, 39.37007874015748143 ) ;
#3619 = COLOUR_RGB ( '',0.2862745098039215508, 0.2862745098039215508, 0.2862745098039215508 ) ;
#3620 = SURFACE_STYLE_FILL_AREA ( #827 ) ;
#3621 = DIRECTION ( 'NONE',  ( 0.7071067811865490160, -0.7071067811865460184, 0.000000000000000000 ) ) ;
#3622 =( NAMED_UNIT ( * ) PLANE_ANGLE_UNIT ( ) SI_UNIT ( $, .RADIAN. ) );
#3623 =( NAMED_UNIT ( * ) PLANE_ANGLE_UNIT ( ) SI_UNIT ( $, .RADIAN. ) );
#3624 = UNCERTAINTY_MEASURE_WITH_UNIT (LENGTH_MEASURE( 1.000000000000000082E-05 ), #3048, 'distance_accuracy_value', 'NONE');
#3625 = ORIENTED_EDGE ( 'NONE', *, *, #5270, .T. ) ;
#3626 = PRESENTATION_LAYER_ASSIGNMENT (  '', '', ( #6644 ) ) ;
#3627 = ORIENTED_EDGE ( 'NONE', *, *, #3163, .F. ) ;
#3628 = EDGE_LOOP ( 'NONE', ( #5748, #3059, #2121, #7707, #7440, #8871, #7648, #1284 ) ) ;
#3629 = PRESENTATION_STYLE_ASSIGNMENT (( #2998 ) ) ;
#3630 = ADVANCED_FACE ( 'NONE', ( #1724 ), #717, .T. ) ;
#3631 = CARTESIAN_POINT ( 'NONE',  ( -0.09188006978458962415, 0.02859251968503937272, 0.04711612391623658941 ) ) ;
#3632 = DIMENSIONAL_EXPONENTS ( 1.000000000000000000, 0.000000000000000000, 0.000000000000000000, 0.000000000000000000, 0.000000000000000000, 0.000000000000000000, 0.000000000000000000 ) ;
#3633 = PRESENTATION_STYLE_ASSIGNMENT (( #2263 ) ) ;
#3634 = CARTESIAN_POINT ( 'NONE',  ( 0.000000000000000000, 0.09311023622047245873, 0.009842519685039369942 ) ) ;
#3635 = PRESENTATION_STYLE_ASSIGNMENT (( #7063 ) ) ;
#3636 = LINE ( 'NONE', #5169, #5776 ) ;
#3637 = VERTEX_POINT ( 'NONE', #1394 ) ;
#3638 = ORIENTED_EDGE ( 'NONE', *, *, #1281, .F. ) ;
#3639 = DIRECTION ( 'NONE',  ( 0.000000000000000000, 0.000000000000000000, -1.000000000000000000 ) ) ;
#3640 = DIRECTION ( 'NONE',  ( 0.000000000000000000, -1.000000000000000000, 0.000000000000000000 ) ) ;
#3641 = EDGE_CURVE ( 'NONE', #492, #5071, #3686, .T. ) ;
#3642 = VERTEX_POINT ( 'NONE', #1351 ) ;
#3643 =( LENGTH_UNIT ( ) NAMED_UNIT ( * ) SI_UNIT ( $, .METRE. ) );
#3644 = COLOUR_RGB ( '',0.7490196078431372584, 0.7490196078431372584, 0.7490196078431372584 ) ;
#3645 = FILL_AREA_STYLE ('',( #851 ) ) ;
#3646 = UNCERTAINTY_MEASURE_WITH_UNIT (LENGTH_MEASURE( 1.000000000000000082E-05 ), #2956, 'distance_accuracy_value', 'NONE');
#3647 =( LENGTH_UNIT ( ) NAMED_UNIT ( * ) SI_UNIT ( $, .METRE. ) );
#3648 =( GEOMETRIC_REPRESENTATION_CONTEXT ( 3 ) GLOBAL_UNCERTAINTY_ASSIGNED_CONTEXT ( ( #2113 ) ) GLOBAL_UNIT_ASSIGNED_CONTEXT ( ( #1311, #5336, #8896 ) ) REPRESENTATION_CONTEXT ( 'NONE', 'WORKASPACE' ) );
#3649 = FACE_OUTER_BOUND ( 'NONE', #1861, .T. ) ;
#3650 = ORIENTED_EDGE ( 'NONE', *, *, #5028, .T. ) ;
#3651 = ORIENTED_EDGE ( 'NONE', *, *, #3920, .F. ) ;
#3652 = CARTESIAN_POINT ( 'NONE',  ( -0.08503937007874015630, -0.08814047546094172514, 0.01988863945244704820 ) ) ;
#3653 =( NAMED_UNIT ( * ) PLANE_ANGLE_UNIT ( ) SI_UNIT ( $, .RADIAN. ) );
#3654 = EDGE_CURVE ( 'NONE', #2213, #2888, #4205, .T. ) ;
#3655 = FILL_AREA_STYLE ('',( #4341 ) ) ;
#3656 = VECTOR ( 'NONE', #2404, 39.37007874015748143 ) ;
#3657 = CARTESIAN_POINT ( 'NONE',  ( -0.08753937007874017240, -0.0009842519685039246343, 0.005000000000000000104 ) ) ;
#3658 =( GEOMETRIC_REPRESENTATION_CONTEXT ( 3 ) GLOBAL_UNCERTAINTY_ASSIGNED_CONTEXT ( ( #7637 ) ) GLOBAL_UNIT_ASSIGNED_CONTEXT ( ( #3091, #4456, #2454 ) ) REPRESENTATION_CONTEXT ( 'NONE', 'WORKASPACE' ) );
#3659 = DIRECTION ( 'NONE',  ( 0.000000000000000000, -5.204170427930419706E-15, -1.000000000000000000 ) ) ;
#3660 = MECHANICAL_DESIGN_GEOMETRIC_PRESENTATION_REPRESENTATION (  '', ( #5698 ), #1745 ) ;
#3661 = DIRECTION ( 'NONE',  ( 1.000000000000000000, 0.000000000000000000, 0.000000000000000000 ) ) ;
#3662 = ORIENTED_EDGE ( 'NONE', *, *, #8826, .T. ) ;
#3663 = PRODUCT ( 'terminals', 'terminals', '', ( #6556 ) ) ;
#3664 = AXIS2_PLACEMENT_3D ( 'NONE', #1606, #3716, #322 ) ;
#3665 = DIRECTION ( 'NONE',  ( -0.000000000000000000, 0.000000000000000000, -1.000000000000000000 ) ) ;
#3666 = EDGE_CURVE ( 'NONE', #5163, #7886, #7842, .T. ) ;
#3667 = CYLINDRICAL_SURFACE ( 'NONE', #6948, 0.003149606299212602718 ) ;
#3668 = FILL_AREA_STYLE ('',( #1554 ) ) ;
#3669 = PRESENTATION_LAYER_ASSIGNMENT (  '', '', ( #6142 ) ) ;
#3670 =( NAMED_UNIT ( * ) SI_UNIT ( $, .STERADIAN. ) SOLID_ANGLE_UNIT ( ) );
#3671 = LENGTH_MEASURE_WITH_UNIT ( LENGTH_MEASURE( 0.02539999999999999897 ), #2299 );
#3672 = VECTOR ( 'NONE', #6596, 39.37007874015748143 ) ;
#3673 = VERTEX_POINT ( 'NONE', #3732 ) ;
#3674 = ORIENTED_EDGE ( 'NONE', *, *, #2328, .F. ) ;
#3675 = ORIENTED_EDGE ( 'NONE', *, *, #6391, .T. ) ;
#3676 = FILL_AREA_STYLE ('',( #2914 ) ) ;
#3677 = EDGE_CURVE ( 'NONE', #5777, #3222, #8934, .T. ) ;
#3678 = LINE ( 'NONE', #2308, #1252 ) ;
#3679 = PRESENTATION_STYLE_ASSIGNMENT (( #7786 ) ) ;
#3680 =( NAMED_UNIT ( * ) PLANE_ANGLE_UNIT ( ) SI_UNIT ( $, .RADIAN. ) );
#3681 = PRESENTATION_STYLE_ASSIGNMENT (( #5740 ) ) ;
#3682 = DIRECTION ( 'NONE',  ( 1.000000000000000000, 0.000000000000000000, 0.000000000000000000 ) ) ;
#3683 = PRESENTATION_STYLE_ASSIGNMENT (( #7192 ) ) ;
#3684 = MECHANICAL_DESIGN_GEOMETRIC_PRESENTATION_REPRESENTATION (  '', ( #5719 ), #3841 ) ;
#3685 = FILL_AREA_STYLE ('',( #16 ) ) ;
#3686 = LINE ( 'NONE', #8359, #5452 ) ;
#3687 = VERTEX_POINT ( 'NONE', #5790 ) ;
#3688 = VECTOR ( 'NONE', #5415, 39.37007874015748143 ) ;
#3689 = ORIENTED_EDGE ( 'NONE', *, *, #1782, .T. ) ;
#3690 = PRESENTATION_STYLE_ASSIGNMENT (( #8489 ) ) ;
#3691 =( GEOMETRIC_REPRESENTATION_CONTEXT ( 3 ) GLOBAL_UNCERTAINTY_ASSIGNED_CONTEXT ( ( #1451 ) ) GLOBAL_UNIT_ASSIGNED_CONTEXT ( ( #1888, #5101, #3069 ) ) REPRESENTATION_CONTEXT ( 'NONE', 'WORKASPACE' ) );
#3692 = CARTESIAN_POINT ( 'NONE',  ( 0.06496062992125983815, -0.08565767112959683793, 0.02601659103690530384 ) ) ;
#3693 = SURFACE_STYLE_FILL_AREA ( #7942 ) ;
#3694 = DIMENSIONAL_EXPONENTS ( 1.000000000000000000, 0.000000000000000000, 0.000000000000000000, 0.000000000000000000, 0.000000000000000000, 0.000000000000000000, 0.000000000000000000 ) ;
#3695 = SURFACE_SIDE_STYLE ('',( #8355 ) ) ;
#3696 = DIRECTION ( 'NONE',  ( -0.000000000000000000, -1.000000000000000000, 0.000000000000000000 ) ) ;
#3697 =( GEOMETRIC_REPRESENTATION_CONTEXT ( 3 ) GLOBAL_UNCERTAINTY_ASSIGNED_CONTEXT ( ( #642 ) ) GLOBAL_UNIT_ASSIGNED_CONTEXT ( ( #2740, #6983, #6936 ) ) REPRESENTATION_CONTEXT ( 'NONE', 'WORKASPACE' ) );
#3698 = ORIENTED_EDGE ( 'NONE', *, *, #6474, .T. ) ;
#3699 = ORIENTED_EDGE ( 'NONE', *, *, #6359, .F. ) ;
#3700 = STYLED_ITEM ( 'NONE', ( #479 ), #5515 ) ;
#3701 = PRESENTATION_LAYER_ASSIGNMENT (  '', '', ( #6441 ) ) ;
#3702 = DIRECTION ( 'NONE',  ( -0.000000000000000000, -0.000000000000000000, 1.000000000000000000 ) ) ;
#3703 = MECHANICAL_DESIGN_GEOMETRIC_PRESENTATION_REPRESENTATION (  '', ( #7586 ), #5875 ) ;
#3704 = FILL_AREA_STYLE_COLOUR ( '', #6561 ) ;
#3705 = ADVANCED_FACE ( 'NONE', ( #8223 ), #1572, .T. ) ;
#3706 = EDGE_CURVE ( 'NONE', #5999, #4472, #4875, .T. ) ;
#3707 = ORIENTED_EDGE ( 'NONE', *, *, #8862, .T. ) ;
#3708 = VECTOR ( 'NONE', #1652, 39.37007874015748143 ) ;
#3709 = LENGTH_MEASURE_WITH_UNIT ( LENGTH_MEASURE( 0.02539999999999999897 ), #1767 );
#3710 =( NAMED_UNIT ( * ) SI_UNIT ( $, .STERADIAN. ) SOLID_ANGLE_UNIT ( ) );
#3711 = SURFACE_SIDE_STYLE ('',( #4401 ) ) ;
#3712 = PRESENTATION_LAYER_ASSIGNMENT (  '', '', ( #6880 ) ) ;
#3713 = CARTESIAN_POINT ( 'NONE',  ( -0.01692913385826771630, -0.09383657304297421398, 0.02091502454231218902 ) ) ;
#3714 = PRESENTATION_LAYER_ASSIGNMENT (  '', '', ( #1504 ) ) ;
#3715 = LENGTH_MEASURE_WITH_UNIT ( LENGTH_MEASURE( 0.02539999999999999897 ), #3081 );
#3716 = DIRECTION ( 'NONE',  ( 0.000000000000000000, 1.000000000000000000, 0.000000000000000000 ) ) ;
#3717 = EDGE_CURVE ( 'NONE', #7759, #2639, #8695, .T. ) ;
#3718 =( CONVERSION_BASED_UNIT ( 'INCH', #5247 ) LENGTH_UNIT ( ) NAMED_UNIT ( #4278 ) );
#3719 = ORIENTED_EDGE ( 'NONE', *, *, #6637, .T. ) ;
#3720 = ORIENTED_EDGE ( 'NONE', *, *, #7389, .T. ) ;
#3721 = DIRECTION ( 'NONE',  ( 0.000000000000000000, 0.000000000000000000, 1.000000000000000000 ) ) ;
#3722 = COLOUR_RGB ( '',0.7490196078431372584, 0.7490196078431372584, 0.7490196078431372584 ) ;
#3723 = CARTESIAN_POINT ( 'NONE',  ( -0.09055118110236222428, 0.007027559055118142751, 0.005000000000000000104 ) ) ;
#3724 =( NAMED_UNIT ( * ) SI_UNIT ( $, .STERADIAN. ) SOLID_ANGLE_UNIT ( ) );
#3725 = DIRECTION ( 'NONE',  ( 1.000000000000000000, 0.000000000000000000, 0.000000000000000000 ) ) ;
#3726 = CARTESIAN_POINT ( 'NONE',  ( -0.07499999999999999722, -0.09271653543307085965, 0.002479993611758476990 ) ) ;
#3727 = DIRECTION ( 'NONE',  ( -0.5292407919724576582, -0.5292407919724604337, 0.6631804944543595592 ) ) ;
#3728 = LINE ( 'NONE', #973, #3656 ) ;
#3729 = COLOUR_RGB ( '',0.7490196078431372584, 0.7490196078431372584, 0.7490196078431372584 ) ;
#3730 = DIRECTION ( 'NONE',  ( 0.000000000000000000, -0.9961946980917456562, -0.08715574274765708340 ) ) ;
#3731 =( BOUNDED_SURFACE ( )  B_SPLINE_SURFACE ( 3, 3, ( 
 ( #7658, #2034, #5558, #18 ),
 ( #2087, #7610, #5643, #8926 ),
 ( #8305, #1384, #4194, #6940 ),
 ( #796, #6353, #2132, #4907 ) ),
 .UNSPECIFIED., .F., .F., .T. ) 
 B_SPLINE_SURFACE_WITH_KNOTS ( ( 4, 4 ),
 ( 4, 4 ),
 ( 0.000000000000000000, 1.000000000000000000 ),
 ( 0.000000000000000000, 1.000000000000000000 ),
 .UNSPECIFIED. ) 
 GEOMETRIC_REPRESENTATION_ITEM ( )  RATIONAL_B_SPLINE_SURFACE ( (
 ( 1.000000000000000000, 0.3333333333333311499, 0.3333333333333311499, 1.000000000000000000),
 ( 0.9299384305662015127, 0.3099794768553984503, 0.3099794768553984503, 0.9299384305662015127),
 ( 0.9299384305662015127, 0.3099794768553984503, 0.3099794768553984503, 0.9299384305662015127),
 ( 1.000000000000000000, 0.3333333333333311499, 0.3333333333333311499, 1.000000000000000000) ) ) 
 REPRESENTATION_ITEM ( '' )  SURFACE ( )  );
#3732 = CARTESIAN_POINT ( 'NONE',  ( -0.09055118110236221041, 0.007027559055118147956, 0.000000000000000000 ) ) ;
#3733 = EDGE_LOOP ( 'NONE', ( #3945, #8268, #3299, #5907, #7796, #6878, #6286, #3257 ) ) ;
#3734 = VERTEX_POINT ( 'NONE', #338 ) ;
#3735 = DIRECTION ( 'NONE',  ( -1.000000000000000000, -0.000000000000000000, 0.000000000000000000 ) ) ;
#3736 = LINE ( 'NONE', #7289, #818 ) ;
#3737 = SURFACE_STYLE_USAGE ( .BOTH. , #1531 ) ;
#3738 = PRESENTATION_LAYER_ASSIGNMENT (  '', '', ( #8505 ) ) ;
#3739 = CARTESIAN_POINT ( 'NONE',  ( 0.1009842519685039269, 0.004527559055118110173, 0.009842519685039369942 ) ) ;
#3740 = ADVANCED_FACE ( 'NONE', ( #293 ), #5878, .T. ) ;
#3741 = LENGTH_MEASURE_WITH_UNIT ( LENGTH_MEASURE( 0.02539999999999999897 ), #2979 );
#3742 = VECTOR ( 'NONE', #4298, 39.37007874015748143 ) ;
#3743 = ORIENTED_EDGE ( 'NONE', *, *, #1512, .T. ) ;
#3744 = ORIENTED_EDGE ( 'NONE', *, *, #6979, .T. ) ;
#3745 =( CONVERSION_BASED_UNIT ( 'INCH', #945 ) LENGTH_UNIT ( ) NAMED_UNIT ( #6799 ) );
#3746 = AXIS2_PLACEMENT_3D ( 'NONE', #5043, #3640, #7068 ) ;
#3747 = SURFACE_STYLE_USAGE ( .BOTH. , #5013 ) ;
#3748 = AXIS2_PLACEMENT_3D ( 'NONE', #2364, #6657, #5317 ) ;
#3749 = CARTESIAN_POINT ( 'NONE',  ( 0.09042084030531760686, -0.07290115526594748152, 0.04882104092741532814 ) ) ;
#3750 = MECHANICAL_DESIGN_GEOMETRIC_PRESENTATION_REPRESENTATION (  '', ( #8661 ), #7201 ) ;
#3751 = APPLICATION_CONTEXT ( 'automotive_design' ) ;
#3752 = VERTEX_POINT ( 'NONE', #5959 ) ;
#3753 = DIMENSIONAL_EXPONENTS ( 1.000000000000000000, 0.000000000000000000, 0.000000000000000000, 0.000000000000000000, 0.000000000000000000, 0.000000000000000000, 0.000000000000000000 ) ;
#3754 = VECTOR ( 'NONE', #5616, 39.37007874015748854 ) ;
#3755 = DIRECTION ( 'NONE',  ( -0.000000000000000000, -1.000000000000000000, 0.000000000000000000 ) ) ;
#3756 = DIRECTION ( 'NONE',  ( 0.000000000000000000, -0.9961946980917456562, -0.08715574274765708340 ) ) ;
#3757 =( GEOMETRIC_REPRESENTATION_CONTEXT ( 3 ) GLOBAL_UNCERTAINTY_ASSIGNED_CONTEXT ( ( #7931 ) ) GLOBAL_UNIT_ASSIGNED_CONTEXT ( ( #8094, #7312, #1090 ) ) REPRESENTATION_CONTEXT ( 'NONE', 'WORKASPACE' ) );
#3758 =( LENGTH_UNIT ( ) NAMED_UNIT ( * ) SI_UNIT ( $, .METRE. ) );
#3759 = VECTOR ( 'NONE', #7709, 39.37007874015748143 ) ;
#3760 =( NAMED_UNIT ( * ) PLANE_ANGLE_UNIT ( ) SI_UNIT ( $, .RADIAN. ) );
#3761 = SURFACE_STYLE_USAGE ( .BOTH. , #6427 ) ;
#3762 =( NAMED_UNIT ( * ) PLANE_ANGLE_UNIT ( ) SI_UNIT ( $, .RADIAN. ) );
#3763 = DIRECTION ( 'NONE',  ( 0.000000000000000000, 0.000000000000000000, -1.000000000000000000 ) ) ;
#3764 = ORIENTED_EDGE ( 'NONE', *, *, #270, .T. ) ;
#3765 = PRESENTATION_LAYER_ASSIGNMENT (  '', '', ( #1853 ) ) ;
#3766 = CARTESIAN_POINT ( 'NONE',  ( 0.09645669291338584972, 0.09311023622047245873, 0.000000000000000000 ) ) ;
#3767 = STYLED_ITEM ( 'NONE', ( #1515 ), #2571 ) ;
#3768 = LINE ( 'NONE', #237, #3305 ) ;
#3769 = CARTESIAN_POINT ( 'NONE',  ( -0.09645669291338584972, 0.002027559055118139612, 0.005000000000000000104 ) ) ;
#3770 = ADVANCED_FACE ( 'NONE', ( #7282 ), #974, .T. ) ;
#3771 = LINE ( 'NONE', #5211, #4112 ) ;
#3772 = SURFACE_STYLE_FILL_AREA ( #2311 ) ;
#3773 = DIRECTION ( 'NONE',  ( 0.000000000000000000, 0.9989437399158199726, 0.04595002157773880186 ) ) ;
#3774 = PRESENTATION_LAYER_ASSIGNMENT (  '', '', ( #847 ) ) ;
#3775 = LINE ( 'NONE', #7978, #6578 ) ;
#3776 = UNCERTAINTY_MEASURE_WITH_UNIT (LENGTH_MEASURE( 1.000000000000000082E-05 ), #3181, 'distance_accuracy_value', 'NONE');
#3777 = FILL_AREA_STYLE ('',( #7979 ) ) ;
#3778 = UNCERTAINTY_MEASURE_WITH_UNIT (LENGTH_MEASURE( 1.000000000000000082E-05 ), #1779, 'distance_accuracy_value', 'NONE');
#3779 = ORIENTED_EDGE ( 'NONE', *, *, #6432, .F. ) ;
#3780 = FILL_AREA_STYLE_COLOUR ( '', #2607 ) ;
#3781 = CARTESIAN_POINT ( 'NONE',  ( -0.06530030766429134603, 0.08129921259842519399, 0.005000000000000000104 ) ) ;
#3782 = FILL_AREA_STYLE ('',( #3869 ) ) ;
#3783 =( CONVERSION_BASED_UNIT ( 'INCH', #7987 ) LENGTH_UNIT ( ) NAMED_UNIT ( #238 ) );
#3784 = SURFACE_STYLE_USAGE ( .BOTH. , #6528 ) ;
#3785 = LINE ( 'NONE', #441, #8833 ) ;
#3786 = SURFACE_STYLE_FILL_AREA ( #259 ) ;
#3787 = SURFACE_STYLE_FILL_AREA ( #4470 ) ;
#3788 = ORIENTED_EDGE ( 'NONE', *, *, #8993, .T. ) ;
#3789 = ORIENTED_EDGE ( 'NONE', *, *, #7935, .T. ) ;
#3790 = FILL_AREA_STYLE_COLOUR ( '', #394 ) ;
#3791 = COLOUR_RGB ( '',0.7490196078431372584, 0.7490196078431372584, 0.7490196078431372584 ) ;
#3792 = CARTESIAN_POINT ( 'NONE',  ( 0.06530030766429134603, 0.1049212598425196957, 0.005000000000000000104 ) ) ;
#3793 = EDGE_CURVE ( 'NONE', #1204, #4316, #383, .T. ) ;
#3794 = DIRECTION ( 'NONE',  ( 0.000000000000000000, 0.7143278697962581747, -0.6998111848436976423 ) ) ;
#3795 = AXIS2_PLACEMENT_3D ( 'NONE', #7032, #804, #3601 ) ;
#3796 = CARTESIAN_POINT ( 'NONE',  ( 0.07499999999999999722, -0.06061878546604763246, 0.01731541798661000164 ) ) ;
#3797 = DIMENSIONAL_EXPONENTS ( 1.000000000000000000, 0.000000000000000000, 0.000000000000000000, 0.000000000000000000, 0.000000000000000000, 0.000000000000000000, 0.000000000000000000 ) ;
#3798 = LENGTH_MEASURE_WITH_UNIT ( LENGTH_MEASURE( 0.02539999999999999897 ), #3882 );
#3799 = ORIENTED_EDGE ( 'NONE', *, *, #6570, .T. ) ;
#3800 = VECTOR ( 'NONE', #2223, 39.37007874015748143 ) ;
#3801 = SURFACE_STYLE_FILL_AREA ( #5238 ) ;
#3802 = DIRECTION ( 'NONE',  ( 0.000000000000000000, 0.000000000000000000, -1.000000000000000000 ) ) ;
#3803 = CIRCLE ( 'NONE', #8428, 0.004921259842519684971 ) ;
#3804 =( NAMED_UNIT ( * ) SI_UNIT ( $, .STERADIAN. ) SOLID_ANGLE_UNIT ( ) );
#3805 = SURFACE_SIDE_STYLE ('',( #1093 ) ) ;
#3806 = PLANE ( 'NONE',  #6890 ) ;
#3807 =( NAMED_UNIT ( * ) PLANE_ANGLE_UNIT ( ) SI_UNIT ( $, .RADIAN. ) );
#3808 = ORIENTED_EDGE ( 'NONE', *, *, #7168, .F. ) ;
#3809 = DIRECTION ( 'NONE',  ( 0.000000000000000000, 0.8769264559768860101, -0.4806245840651710566 ) ) ;
#3810 = DIRECTION ( 'NONE',  ( 1.000000000000000000, 0.000000000000000000, 0.000000000000000000 ) ) ;
#3811 = DIMENSIONAL_EXPONENTS ( 1.000000000000000000, 0.000000000000000000, 0.000000000000000000, 0.000000000000000000, 0.000000000000000000, 0.000000000000000000, 0.000000000000000000 ) ;
#3812 = DIRECTION ( 'NONE',  ( 0.000000000000000000, 1.000000000000000000, 0.000000000000000000 ) ) ;
#3813 = VERTEX_POINT ( 'NONE', #6218 ) ;
#3814 = COLOUR_RGB ( '',0.2862745098039215508, 0.2862745098039215508, 0.2862745098039215508 ) ;
#3815 = CARTESIAN_POINT ( 'NONE',  ( 0.000000000000000000, 0.000000000000000000, 0.000000000000000000 ) ) ;
#3816 =( NAMED_UNIT ( * ) SI_UNIT ( $, .STERADIAN. ) SOLID_ANGLE_UNIT ( ) );
#3817 = ADVANCED_FACE ( 'NONE', ( #2017 ), #7594, .T. ) ;
#3818 = MECHANICAL_DESIGN_GEOMETRIC_PRESENTATION_REPRESENTATION (  '', ( #181 ), #5263 ) ;
#3819 = SURFACE_STYLE_USAGE ( .BOTH. , #5308 ) ;
#3820 = PRESENTATION_LAYER_ASSIGNMENT (  '', '', ( #1462 ) ) ;
#3821 = FILL_AREA_STYLE ('',( #1621 ) ) ;
#3822 = ORIENTED_EDGE ( 'NONE', *, *, #8518, .T. ) ;
#3823 = EDGE_LOOP ( 'NONE', ( #4106, #2373, #121, #162 ) ) ;
#3824 = COLOUR_RGB ( '',0.7490196078431372584, 0.7490196078431372584, 0.7490196078431372584 ) ;
#3825 = CARTESIAN_POINT ( 'NONE',  ( -0.09187365971139233034, 0.08536453466821379565, 0.04902615931893945095 ) ) ;
#3826 = DIRECTION ( 'NONE',  ( -2.488951074227589851E-16, 1.000000000000000000, 0.000000000000000000 ) ) ;
#3827 = PRESENTATION_STYLE_ASSIGNMENT (( #3871 ) ) ;
#3828 = COLOUR_RGB ( '',0.7490196078431372584, 0.7490196078431372584, 0.7490196078431372584 ) ;
#3829 = PRESENTATION_STYLE_ASSIGNMENT (( #3784 ) ) ;
#3830 = SURFACE_STYLE_FILL_AREA ( #1027 ) ;
#3831 = PRESENTATION_LAYER_ASSIGNMENT (  '', '', ( #465 ) ) ;
#3832 = DIRECTION ( 'NONE',  ( 1.000000000000000000, 0.000000000000000000, 0.000000000000000000 ) ) ;
#3833 = ADVANCED_FACE ( 'NONE', ( #8951 ), #8817, .T. ) ;
#3834 =( CONVERSION_BASED_UNIT ( 'INCH', #1028 ) LENGTH_UNIT ( ) NAMED_UNIT ( #3854 ) );
#3835 = ORIENTED_EDGE ( 'NONE', *, *, #2336, .F. ) ;
#3836 = VERTEX_POINT ( 'NONE', #4048 ) ;
#3837 = MECHANICAL_DESIGN_GEOMETRIC_PRESENTATION_REPRESENTATION (  '', ( #619 ), #8459 ) ;
#3838 = PLANE ( 'NONE',  #4488 ) ;
#3839 = DIRECTION ( 'NONE',  ( 0.000000000000000000, -0.04595002157773900309, 0.9989437399158199726 ) ) ;
#3840 = VECTOR ( 'NONE', #8076, 39.37007874015748143 ) ;
#3841 =( GEOMETRIC_REPRESENTATION_CONTEXT ( 3 ) GLOBAL_UNCERTAINTY_ASSIGNED_CONTEXT ( ( #2889 ) ) GLOBAL_UNIT_ASSIGNED_CONTEXT ( ( #4744, #7435, #5377 ) ) REPRESENTATION_CONTEXT ( 'NONE', 'WORKASPACE' ) );
#3842 = EDGE_CURVE ( 'NONE', #6725, #1227, #7376, .T. ) ;
#3843 = LINE ( 'NONE', #3796, #6166 ) ;
#3844 = PRESENTATION_STYLE_ASSIGNMENT (( #1038 ) ) ;
#3845 =( CONVERSION_BASED_UNIT ( 'INCH', #4525 ) LENGTH_UNIT ( ) NAMED_UNIT ( #4966 ) );
#3846 = ORIENTED_EDGE ( 'NONE', *, *, #7557, .F. ) ;
#3847 = VERTEX_POINT ( 'NONE', #6041 ) ;
#3848 = STYLED_ITEM ( 'NONE', ( #8883 ), #5084 ) ;
#3849 = FILL_AREA_STYLE_COLOUR ( '', #4486 ) ;
#3850 = SURFACE_STYLE_USAGE ( .BOTH. , #4531 ) ;
#3851 = CYLINDRICAL_SURFACE ( 'NONE', #4552, 0.004921259842519684971 ) ;
#3852 = CARTESIAN_POINT ( 'NONE',  ( 0.09293582831168321901, -0.06942317883411011636, 0.04891152539410389966 ) ) ;
#3853 = CARTESIAN_POINT ( 'NONE',  ( 0.000000000000000000, -0.07123425513375078455, 0.04988188976377952444 ) ) ;
#3854 = DIMENSIONAL_EXPONENTS ( 1.000000000000000000, 0.000000000000000000, 0.000000000000000000, 0.000000000000000000, 0.000000000000000000, 0.000000000000000000, 0.000000000000000000 ) ;
#3855 = SURFACE_STYLE_USAGE ( .BOTH. , #1052 ) ;
#3856 = LINE ( 'NONE', #6080, #4888 ) ;
#3857 = CARTESIAN_POINT ( 'NONE',  ( -0.03307086614173228301, -0.09881790276005945894, 0.01182630964989291392 ) ) ;
#3858 = FACE_OUTER_BOUND ( 'NONE', #8292, .T. ) ;
#3859 = FACE_OUTER_BOUND ( 'NONE', #430, .T. ) ;
#3860 = ORIENTED_EDGE ( 'NONE', *, *, #4603, .T. ) ;
#3861 = LENGTH_MEASURE_WITH_UNIT ( LENGTH_MEASURE( 0.02539999999999999897 ), #1615 );
#3862 = DIRECTION ( 'NONE',  ( 0.000000000000000000, 0.4806245840651710566, 0.8769264559768860101 ) ) ;
#3863 =( CONVERSION_BASED_UNIT ( 'INCH', #5123 ) LENGTH_UNIT ( ) NAMED_UNIT ( #8033 ) );
#3864 = LINE ( 'NONE', #8692, #3213 ) ;
#3865 =( CONVERSION_BASED_UNIT ( 'INCH', #1660 ) LENGTH_UNIT ( ) NAMED_UNIT ( #4220 ) );
#3866 =( NAMED_UNIT ( * ) PLANE_ANGLE_UNIT ( ) SI_UNIT ( $, .RADIAN. ) );
#3867 = AXIS2_PLACEMENT_3D ( 'NONE', #8811, #5397, #3992 ) ;
#3868 = VERTEX_POINT ( 'NONE', #4139 ) ;
#3869 = FILL_AREA_STYLE_COLOUR ( '', #3027 ) ;
#3870 = EDGE_CURVE ( 'NONE', #4724, #1134, #4801, .T. ) ;
#3871 = SURFACE_STYLE_USAGE ( .BOTH. , #1026 ) ;
#3872 = LINE ( 'NONE', #8619, #7695 ) ;
#3873 = DIMENSIONAL_EXPONENTS ( 1.000000000000000000, 0.000000000000000000, 0.000000000000000000, 0.000000000000000000, 0.000000000000000000, 0.000000000000000000, 0.000000000000000000 ) ;
#3874 = LENGTH_MEASURE_WITH_UNIT ( LENGTH_MEASURE( 0.02539999999999999897 ), #1584 );
#3875 = SURFACE_STYLE_USAGE ( .BOTH. , #1946 ) ;
#3876 = ORIENTED_EDGE ( 'NONE', *, *, #5715, .T. ) ;
#3877 = ORIENTED_EDGE ( 'NONE', *, *, #5953, .F. ) ;
#3878 = FILL_AREA_STYLE_COLOUR ( '', #8527 ) ;
#3879 =( CONVERSION_BASED_UNIT ( 'INCH', #495 ) LENGTH_UNIT ( ) NAMED_UNIT ( #5609 ) );
#3880 = MECHANICAL_DESIGN_GEOMETRIC_PRESENTATION_REPRESENTATION (  '', ( #5173 ), #1380 ) ;
#3881 = DIRECTION ( 'NONE',  ( -1.000000000000000000, -0.000000000000000000, 0.000000000000000000 ) ) ;
#3882 =( LENGTH_UNIT ( ) NAMED_UNIT ( * ) SI_UNIT ( $, .METRE. ) );
#3883 =( GEOMETRIC_REPRESENTATION_CONTEXT ( 3 ) GLOBAL_UNCERTAINTY_ASSIGNED_CONTEXT ( ( #6654 ) ) GLOBAL_UNIT_ASSIGNED_CONTEXT ( ( #2424, #449, #5185 ) ) REPRESENTATION_CONTEXT ( 'NONE', 'WORKASPACE' ) );
#3884 = VECTOR ( 'NONE', #6679, 39.37007874015748143 ) ;
#3885 = LINE ( 'NONE', #500, #8493 ) ;
#3886 = EDGE_LOOP ( 'NONE', ( #2023, #189, #899, #7808 ) ) ;
#3887 = VERTEX_POINT ( 'NONE', #2256 ) ;
#3888 = CARTESIAN_POINT ( 'NONE',  ( -0.07494307814895394271, 0.1049212598425196957, 0.000000000000000000 ) ) ;
#3889 = SURFACE_SIDE_STYLE ('',( #1722 ) ) ;
#3890 = PRESENTATION_LAYER_ASSIGNMENT (  '', '', ( #4759 ) ) ;
#3891 = EDGE_CURVE ( 'NONE', #8847, #5999, #187, .T. ) ;
#3892 = AXIS2_PLACEMENT_3D ( 'NONE', #1238, #5315, #1839 ) ;
#3893 =( CONVERSION_BASED_UNIT ( 'INCH', #7315 ) LENGTH_UNIT ( ) NAMED_UNIT ( #6346 ) );
#3894 = SURFACE_STYLE_USAGE ( .BOTH. , #3805 ) ;
#3895 = CARTESIAN_POINT ( 'NONE',  ( -0.03307086614173228301, -0.06061878546604763246, 0.01731541798661000858 ) ) ;
#3896 = STYLED_ITEM ( 'NONE', ( #8157 ), #1917 ) ;
#3897 = DIRECTION ( 'NONE',  ( 1.000000000000000000, 0.000000000000000000, 0.000000000000000000 ) ) ;
#3898 = DIRECTION ( 'NONE',  ( -1.000000000000000000, -0.000000000000000000, -0.000000000000000000 ) ) ;
#3899 = FILL_AREA_STYLE ('',( #5208 ) ) ;
#3900 = ORIENTED_EDGE ( 'NONE', *, *, #3527, .F. ) ;
#3901 = VECTOR ( 'NONE', #5097, 39.37007874015748143 ) ;
#3902 = FACE_OUTER_BOUND ( 'NONE', #1460, .T. ) ;
#3903 =( LENGTH_UNIT ( ) NAMED_UNIT ( * ) SI_UNIT ( $, .METRE. ) );
#3904 = CARTESIAN_POINT ( 'NONE',  ( -0.07499999999999999722, -0.1018685864235539529, 0.01649946766896011677 ) ) ;
#3905 = PRESENTATION_LAYER_ASSIGNMENT (  '', '', ( #4922 ) ) ;
#3906 = PRESENTATION_STYLE_ASSIGNMENT (( #3819 ) ) ;
#3907 = ORIENTED_EDGE ( 'NONE', *, *, #5270, .F. ) ;
#3908 = ORIENTED_EDGE ( 'NONE', *, *, #4380, .T. ) ;
#3909 = FILL_AREA_STYLE_COLOUR ( '', #5206 ) ;
#3910 = CARTESIAN_POINT ( 'NONE',  ( 0.09055118110236221041, 0.007027559055118149690, 0.005000000000000000104 ) ) ;
#3911 = DIMENSIONAL_EXPONENTS ( 1.000000000000000000, 0.000000000000000000, 0.000000000000000000, 0.000000000000000000, 0.000000000000000000, 0.000000000000000000, 0.000000000000000000 ) ;
#3912 = DIRECTION ( 'NONE',  ( -0.000000000000000000, 0.000000000000000000, -1.000000000000000000 ) ) ;
#3913 = STYLED_ITEM ( 'NONE', ( #4634 ), #3424 ) ;
#3914 = CARTESIAN_POINT ( 'NONE',  ( -0.07499999999999999722, -0.09881790276005945894, 0.01182630964989291392 ) ) ;
#3915 = AXIS2_PLACEMENT_3D ( 'NONE', #1056, #509, #3172 ) ;
#3916 = PRESENTATION_STYLE_ASSIGNMENT (( #4778 ) ) ;
#3917 = LINE ( 'NONE', #2339, #1639 ) ;
#3918 = CARTESIAN_POINT ( 'NONE',  ( -0.01496062992125984405, -0.08814047546094172514, 0.01988863945244704820 ) ) ;
#3919 = CARTESIAN_POINT ( 'NONE',  ( 0.09645669291338584972, -0.07893700787401573826, 0.005000000000000000104 ) ) ;
#3920 = EDGE_CURVE ( 'NONE', #964, #5919, #8262, .T. ) ;
#3921 = ORIENTED_EDGE ( 'NONE', *, *, #5307, .T. ) ;
#3922 = ADVANCED_FACE ( 'NONE', ( #2909 ), #2995, .T. ) ;
#3923 = VERTEX_POINT ( 'NONE', #5677 ) ;
#3924 = DIRECTION ( 'NONE',  ( -1.000000000000000000, -0.000000000000000000, -0.000000000000000000 ) ) ;
#3925 = CARTESIAN_POINT ( 'NONE',  ( -0.02500000000000000139, -0.09755300347091180879, 0.01413418920407248820 ) ) ;
#3926 = STYLED_ITEM ( 'NONE', ( #4407 ), #4041 ) ;
#3927 = LENGTH_MEASURE_WITH_UNIT ( LENGTH_MEASURE( 0.02539999999999999897 ), #2572 );
#3928 = EDGE_CURVE ( 'NONE', #480, #6356, #7690, .T. ) ;
#3929 = CARTESIAN_POINT ( 'NONE',  ( 0.07494307814895394271, 0.09311023622047245873, 0.009842519685039369942 ) ) ;
#3930 = EDGE_LOOP ( 'NONE', ( #3139, #2568, #8348, #2983 ) ) ;
#3931 = DIMENSIONAL_EXPONENTS ( 1.000000000000000000, 0.000000000000000000, 0.000000000000000000, 0.000000000000000000, 0.000000000000000000, 0.000000000000000000, 0.000000000000000000 ) ;
#3932 = ORIENTED_EDGE ( 'NONE', *, *, #7614, .F. ) ;
#3933 = DIRECTION ( 'NONE',  ( -1.000000000000000000, -0.000000000000000000, 0.000000000000000000 ) ) ;
#3934 = FACE_OUTER_BOUND ( 'NONE', #1030, .T. ) ;
#3935 = VECTOR ( 'NONE', #5611, 39.37007874015748143 ) ;
#3936 = UNCERTAINTY_MEASURE_WITH_UNIT (LENGTH_MEASURE( 1.000000000000000082E-05 ), #8332, 'distance_accuracy_value', 'NONE');
#3937 =( NAMED_UNIT ( * ) PLANE_ANGLE_UNIT ( ) SI_UNIT ( $, .RADIAN. ) );
#3938 = VECTOR ( 'NONE', #5688, 39.37007874015748143 ) ;
#3939 = SURFACE_STYLE_USAGE ( .BOTH. , #1224 ) ;
#3940 = EDGE_CURVE ( 'NONE', #2430, #6754, #6969, .T. ) ;
#3941 = VECTOR ( 'NONE', #4260, 39.37007874015748143 ) ;
#3942 = LINE ( 'NONE', #6130, #5031 ) ;
#3943 = LINE ( 'NONE', #3255, #8054 ) ;
#3944 = LINE ( 'NONE', #2547, #3618 ) ;
#3945 = ORIENTED_EDGE ( 'NONE', *, *, #3146, .F. ) ;
#3946 = PRESENTATION_LAYER_ASSIGNMENT (  '', '', ( #136 ) ) ;
#3947 = CONTEXT_DEPENDENT_SHAPE_REPRESENTATION ( #6244, #2044 ) ;
#3948 = STYLED_ITEM ( 'NONE', ( #4590 ), #4591 ) ;
#3949 = ADVANCED_FACE ( 'NONE', ( #5586 ), #8333, .F. ) ;
#3950 = DIRECTION ( 'NONE',  ( 0.000000000000000000, 0.000000000000000000, -1.000000000000000000 ) ) ;
#3951 = DIRECTION ( 'NONE',  ( 0.000000000000000000, 0.7143278697962460733, -0.6998111848437100768 ) ) ;
#3952 =( LENGTH_UNIT ( ) NAMED_UNIT ( * ) SI_UNIT ( $, .METRE. ) );
#3953 = CARTESIAN_POINT ( 'NONE',  ( 0.07499999999999999722, -0.1210629921259842590, 0.009880116511253426298 ) ) ;
#3954 = AXIS2_PLACEMENT_3D ( 'NONE', #7748, #1518, #6932 ) ;
#3955 = CARTESIAN_POINT ( 'NONE',  ( 0.08904527559055119834, 0.0005216535433071142107, 0.000000000000000000 ) ) ;
#3956 = EDGE_CURVE ( 'NONE', #5433, #5313, #234, .T. ) ;
#3957 = UNCERTAINTY_MEASURE_WITH_UNIT (LENGTH_MEASURE( 1.000000000000000082E-05 ), #2273, 'distance_accuracy_value', 'NONE');
#3958 = ORIENTED_EDGE ( 'NONE', *, *, #3920, .T. ) ;
#3959 = LINE ( 'NONE', #3405, #8535 ) ;
#3960 = CARTESIAN_POINT ( 'NONE',  ( 0.09251968503937008093, 0.1171259842519685179, 0.000000000000000000 ) ) ;
#3961 = FACE_OUTER_BOUND ( 'NONE', #1088, .T. ) ;
#3962 = CARTESIAN_POINT ( 'NONE',  ( -0.06692913385826770867, -0.09084088879601615041, 0.01357377070548917292 ) ) ;
#3963 = LENGTH_MEASURE_WITH_UNIT ( LENGTH_MEASURE( 0.02539999999999999897 ), #668 );
#3964 = LINE ( 'NONE', #5507, #7258 ) ;
#3965 = DIRECTION ( 'NONE',  ( 0.000000000000000000, 0.000000000000000000, -1.000000000000000000 ) ) ;
#3966 = EDGE_LOOP ( 'NONE', ( #34, #1956, #1860, #6327 ) ) ;
#3967 = VECTOR ( 'NONE', #3997, 39.37007874015748143 ) ;
#3968 = ORIENTED_EDGE ( 'NONE', *, *, #4615, .F. ) ;
#3969 = MECHANICAL_DESIGN_GEOMETRIC_PRESENTATION_REPRESENTATION (  '', ( #3526 ), #6847 ) ;
#3970 = PRESENTATION_LAYER_ASSIGNMENT (  '', '', ( #5719 ) ) ;
#3971 = VECTOR ( 'NONE', #1914, 39.37007874015748143 ) ;
#3972 = DIMENSIONAL_EXPONENTS ( 1.000000000000000000, 0.000000000000000000, 0.000000000000000000, 0.000000000000000000, 0.000000000000000000, 0.000000000000000000, 0.000000000000000000 ) ;
#3973 = PLANE ( 'NONE',  #2970 ) ;
#3974 = SURFACE_STYLE_FILL_AREA ( #959 ) ;
#3975 = VECTOR ( 'NONE', #5941, 39.37007874015748143 ) ;
#3976 =( LENGTH_UNIT ( ) NAMED_UNIT ( * ) SI_UNIT ( $, .METRE. ) );
#3977 = CARTESIAN_POINT ( 'NONE',  ( 0.02500000000000000139, -0.08244437787890905589, 0.01631147111528529273 ) ) ;
#3978 = VERTEX_POINT ( 'NONE', #7875 ) ;
#3979 = EDGE_CURVE ( 'NONE', #7098, #1804, #8604, .T. ) ;
#3980 = EDGE_LOOP ( 'NONE', ( #8730, #8350, #8090, #5732 ) ) ;
#3981 = CARTESIAN_POINT ( 'NONE',  ( -0.07795275590551181688, 0.09311023622047245873, 0.000000000000000000 ) ) ;
#3982 = CIRCLE ( 'NONE', #6164, 0.003149606299212605320 ) ;
#3983 = SURFACE_STYLE_FILL_AREA ( #4709 ) ;
#3984 = DIRECTION ( 'NONE',  ( 0.000000000000000000, -1.000000000000000000, 0.000000000000000000 ) ) ;
#3985 = EDGE_CURVE ( 'NONE', #5703, #5180, #5946, .T. ) ;
#3986 = EDGE_CURVE ( 'NONE', #4050, #2267, #2491, .T. ) ;
#3987 = SURFACE_STYLE_FILL_AREA ( #4669 ) ;
#3988 = FILL_AREA_STYLE_COLOUR ( '', #2629 ) ;
#3989 = VECTOR ( 'NONE', #8148, 39.37007874015748143 ) ;
#3990 = LENGTH_MEASURE_WITH_UNIT ( LENGTH_MEASURE( 0.02539999999999999897 ), #2587 );
#3991 = DIRECTION ( 'NONE',  ( 0.1209742911513550095, -0.1209742911513550095, 0.9852565360152930607 ) ) ;
#3992 = DIRECTION ( 'NONE',  ( 0.000000000000000000, 0.000000000000000000, -1.000000000000000000 ) ) ;
#3993 =( NAMED_UNIT ( * ) PLANE_ANGLE_UNIT ( ) SI_UNIT ( $, .RADIAN. ) );
#3994 = ORIENTED_EDGE ( 'NONE', *, *, #1346, .F. ) ;
#3995 = EDGE_CURVE ( 'NONE', #2257, #8200, #962, .T. ) ;
#3996 = VECTOR ( 'NONE', #1931, 39.37007874015748143 ) ;
#3997 = DIRECTION ( 'NONE',  ( 0.000000000000000000, 0.9989437399158199726, 0.04595002157773846879 ) ) ;
#3998 = CARTESIAN_POINT ( 'NONE',  ( -0.07499999999999999722, -0.09018673685477524016, 0.007095752720117627296 ) ) ;
#3999 = CARTESIAN_POINT ( 'NONE',  ( -0.1009842519685039408, 0.007027559055118149690, 0.000000000000000000 ) ) ;
#4000 = DIRECTION ( 'NONE',  ( 0.000000000000000000, -1.000000000000000000, 0.000000000000000000 ) ) ;
#4001 = DIRECTION ( 'NONE',  ( 0.000000000000000000, -0.3143126552996258760, 0.9493195219305765598 ) ) ;
#4002 = CARTESIAN_POINT ( 'NONE',  ( -0.07795275590551181688, -0.01909448818897637595, 0.009842519685039369942 ) ) ;
#4003 = ORIENTED_EDGE ( 'NONE', *, *, #4238, .T. ) ;
#4004 = ORIENTED_EDGE ( 'NONE', *, *, #7478, .T. ) ;
#4005 = MECHANICAL_DESIGN_GEOMETRIC_PRESENTATION_REPRESENTATION (  '', ( #7891 ), #6584 ) ;
#4006 =( GEOMETRIC_REPRESENTATION_CONTEXT ( 3 ) GLOBAL_UNCERTAINTY_ASSIGNED_CONTEXT ( ( #2780 ) ) GLOBAL_UNIT_ASSIGNED_CONTEXT ( ( #8526, #5565, #4918 ) ) REPRESENTATION_CONTEXT ( 'NONE', 'WORKASPACE' ) );
#4007 = PLANE ( 'NONE',  #7642 ) ;
#4008 = ADVANCED_FACE ( 'NONE', ( #2394 ), #4581, .T. ) ;
#4009 = CARTESIAN_POINT ( 'NONE',  ( 0.09645664948795727722, -0.07579909649324664822, 0.009842873356772908339 ) ) ;
#4010 =( NAMED_UNIT ( * ) PLANE_ANGLE_UNIT ( ) SI_UNIT ( $, .RADIAN. ) );
#4011 = SURFACE_STYLE_FILL_AREA ( #2563 ) ;
#4012 = LINE ( 'NONE', #1889, #579 ) ;
#4013 = VECTOR ( 'NONE', #8908, 39.37007874015748143 ) ;
#4014 = PLANE ( 'NONE',  #5709 ) ;
#4015 = AXIS2_PLACEMENT_3D ( 'NONE', #3815, #7146, #3725 ) ;
#4016 = ORIENTED_EDGE ( 'NONE', *, *, #471, .F. ) ;
#4017 = ORIENTED_EDGE ( 'NONE', *, *, #3464, .F. ) ;
#4018 = PLANE ( 'NONE',  #687 ) ;
#4019 = COLOUR_RGB ( '',0.7490196078431372584, 0.7490196078431372584, 0.7490196078431372584 ) ;
#4020 =( GEOMETRIC_REPRESENTATION_CONTEXT ( 3 ) GLOBAL_UNCERTAINTY_ASSIGNED_CONTEXT ( ( #3311 ) ) GLOBAL_UNIT_ASSIGNED_CONTEXT ( ( #4385, #7856, #2469 ) ) REPRESENTATION_CONTEXT ( 'NONE', 'WORKASPACE' ) );
#4021 = LINE ( 'NONE', #7617, #7339 ) ;
#4022 = CARTESIAN_POINT ( 'NONE',  ( 0.09251968503937008093, 0.1171259842519685179, 0.000000000000000000 ) ) ;
#4023 = SURFACE_STYLE_FILL_AREA ( #4745 ) ;
#4024 = SURFACE_STYLE_FILL_AREA ( #1258 ) ;
#4025 = MECHANICAL_DESIGN_GEOMETRIC_PRESENTATION_REPRESENTATION (  '', ( #8629 ), #2266 ) ;
#4026 = CARTESIAN_POINT ( 'NONE',  ( 0.09645669291338586360, 0.1131889763779527630, 0.009842519685039369942 ) ) ;
#4027 = ORIENTED_EDGE ( 'NONE', *, *, #5514, .F. ) ;
#4028 = VERTEX_POINT ( 'NONE', #8560 ) ;
#4029 =( NAMED_UNIT ( * ) SI_UNIT ( $, .STERADIAN. ) SOLID_ANGLE_UNIT ( ) );
#4030 = UNCERTAINTY_MEASURE_WITH_UNIT (LENGTH_MEASURE( 1.000000000000000082E-05 ), #5332, 'distance_accuracy_value', 'NONE');
#4031 = CARTESIAN_POINT ( 'NONE',  ( 0.09645669291338584972, 0.1210629921259842590, 0.000000000000000000 ) ) ;
#4032 = DIRECTION ( 'NONE',  ( 0.000000000000000000, -0.4806245840651692247, -0.8769264559768868983 ) ) ;
#4033 = PRESENTATION_LAYER_ASSIGNMENT (  '', '', ( #6906 ) ) ;
#4034 = DIMENSIONAL_EXPONENTS ( 1.000000000000000000, 0.000000000000000000, 0.000000000000000000, 0.000000000000000000, 0.000000000000000000, 0.000000000000000000, 0.000000000000000000 ) ;
#4035 =( LENGTH_UNIT ( ) NAMED_UNIT ( * ) SI_UNIT ( $, .METRE. ) );
#4036 = EDGE_CURVE ( 'NONE', #4440, #8360, #6658, .T. ) ;
#4037 = ORIENTED_EDGE ( 'NONE', *, *, #5040, .F. ) ;
#4038 = SURFACE_SIDE_STYLE ('',( #1922 ) ) ;
#4039 =( GEOMETRIC_REPRESENTATION_CONTEXT ( 3 ) GLOBAL_UNCERTAINTY_ASSIGNED_CONTEXT ( ( #8574 ) ) GLOBAL_UNIT_ASSIGNED_CONTEXT ( ( #3186, #1751, #1625 ) ) REPRESENTATION_CONTEXT ( 'NONE', 'WORKASPACE' ) );
#4040 = DIRECTION ( 'NONE',  ( -0.5292407919724566590, -0.5292407919724594345, 0.6631804944543611136 ) ) ;
#4041 = ADVANCED_FACE ( 'NONE', ( #3121 ), #7140, .T. ) ;
#4042 = SURFACE_STYLE_USAGE ( .BOTH. , #4806 ) ;
#4043 = DIRECTION ( 'NONE',  ( 0.000000000000000000, -0.1218693434051480173, 0.9925461516413219831 ) ) ;
#4044 = CARTESIAN_POINT ( 'NONE',  ( 0.06692913385826770867, -0.09117972964715866102, 0.02576258403140881809 ) ) ;
#4045 =( NAMED_UNIT ( * ) PLANE_ANGLE_UNIT ( ) SI_UNIT ( $, .RADIAN. ) );
#4046 = VECTOR ( 'NONE', #919, 39.37007874015748143 ) ;
#4047 = CARTESIAN_POINT ( 'NONE',  ( 0.06692913385826770867, -0.09796007064640148421, 0.002021243723793055263 ) ) ;
#4048 = CARTESIAN_POINT ( 'NONE',  ( 0.08503937007874015630, -0.08653382883559772309, 0.01376068786798872665 ) ) ;
#4049 = DIRECTION ( 'NONE',  ( 0.000000000000000000, 0.04595002157773880186, -0.9989437399158199726 ) ) ;
#4050 = VERTEX_POINT ( 'NONE', #8056 ) ;
#4051 = UNCERTAINTY_MEASURE_WITH_UNIT (LENGTH_MEASURE( 1.000000000000000082E-05 ), #5222, 'distance_accuracy_value', 'NONE');
#4052 = EDGE_CURVE ( 'NONE', #2213, #1416, #6739, .T. ) ;
#4053 = ORIENTED_EDGE ( 'NONE', *, *, #7787, .T. ) ;
#4054 = FACE_OUTER_BOUND ( 'NONE', #250, .T. ) ;
#4055 = CIRCLE ( 'NONE', #8660, 0.009842519685039369942 ) ;
#4056 = LINE ( 'NONE', #6144, #2456 ) ;
#4057 = SURFACE_STYLE_USAGE ( .BOTH. , #8876 ) ;
#4058 = CARTESIAN_POINT ( 'NONE',  ( 0.1009842519685039269, 0.007027559055118149690, 0.000000000000000000 ) ) ;
#4059 = PRESENTATION_STYLE_ASSIGNMENT (( #5364 ) ) ;
#4060 = SURFACE_STYLE_FILL_AREA ( #529 ) ;
#4061 =( GEOMETRIC_REPRESENTATION_CONTEXT ( 3 ) GLOBAL_UNCERTAINTY_ASSIGNED_CONTEXT ( ( #6221 ) ) GLOBAL_UNIT_ASSIGNED_CONTEXT ( ( #3150, #5891, #5182 ) ) REPRESENTATION_CONTEXT ( 'NONE', 'WORKASPACE' ) );
#4062 = ORIENTED_EDGE ( 'NONE', *, *, #5929, .T. ) ;
#4063 = ADVANCED_FACE ( 'NONE', ( #8905 ), #7402, .T. ) ;
#4064 = ORIENTED_EDGE ( 'NONE', *, *, #4238, .F. ) ;
#4065 = CIRCLE ( 'NONE', #2753, 0.003149606299212602718 ) ;
#4066 =( NAMED_UNIT ( * ) PLANE_ANGLE_UNIT ( ) SI_UNIT ( $, .RADIAN. ) );
#4067 = LENGTH_MEASURE_WITH_UNIT ( LENGTH_MEASURE( 0.02539999999999999897 ), #8841 );
#4068 = ADVANCED_FACE ( 'NONE', ( #1182 ), #2585, .T. ) ;
#4069 = MECHANICAL_DESIGN_GEOMETRIC_PRESENTATION_REPRESENTATION (  '', ( #6802 ), #2473 ) ;
#4070 = CARTESIAN_POINT ( 'NONE',  ( -0.07499999999999999722, -0.08653382883559776473, 0.01376068786798864858 ) ) ;
#4071 = ORIENTED_EDGE ( 'NONE', *, *, #6216, .F. ) ;
#4072 = EDGE_LOOP ( 'NONE', ( #6524, #1872, #8927, #3846 ) ) ;
#4073 = SURFACE_SIDE_STYLE ('',( #5474 ) ) ;
#4074 = CARTESIAN_POINT ( 'NONE',  ( -0.08904527559055119834, 0.0005216535433070905751, 0.000000000000000000 ) ) ;
#4075 = FILL_AREA_STYLE ('',( #4214 ) ) ;
#4076 = CARTESIAN_POINT ( 'NONE',  ( -0.08946850393700787885, -0.0009842519685039333079, 0.009842519685039369942 ) ) ;
#4077 = STYLED_ITEM ( 'NONE', ( #520 ), #3833 ) ;
#4078 = DIRECTION ( 'NONE',  ( -1.000000000000000000, 0.000000000000000000, 0.000000000000000000 ) ) ;
#4079 = PRESENTATION_STYLE_ASSIGNMENT (( #1272 ) ) ;
#4080 = SURFACE_STYLE_FILL_AREA ( #1273 ) ;
#4081 =( NAMED_UNIT ( * ) PLANE_ANGLE_UNIT ( ) SI_UNIT ( $, .RADIAN. ) );
#4082 = VECTOR ( 'NONE', #4628, 39.37007874015748143 ) ;
#4083 = SURFACE_STYLE_FILL_AREA ( #6962 ) ;
#4084 = VECTOR ( 'NONE', #2031, 39.37007874015748143 ) ;
#4085 = SURFACE_STYLE_FILL_AREA ( #1189 ) ;
#4086 = CARTESIAN_POINT ( 'NONE',  ( -0.08946850393700787885, 0.1210629921259842590, 0.009842519685039369942 ) ) ;
#4087 = CARTESIAN_POINT ( 'NONE',  ( -0.07074210174531850304, -0.05322241670594842627, 0.04988188976377952444 ) ) ;
#4088 = COLOUR_RGB ( '',0.7490196078431372584, 0.7490196078431372584, 0.7490196078431372584 ) ;
#4089 = SURFACE_SIDE_STYLE ('',( #1280 ) ) ;
#4090 = SURFACE_STYLE_FILL_AREA ( #1282 ) ;
#4091 = ORIENTED_EDGE ( 'NONE', *, *, #5117, .F. ) ;
#4092 = ORIENTED_EDGE ( 'NONE', *, *, #1125, .T. ) ;
#4093 = EDGE_CURVE ( 'NONE', #7321, #6219, #7634, .T. ) ;
#4094 = ORIENTED_EDGE ( 'NONE', *, *, #456, .F. ) ;
#4095 =( LENGTH_UNIT ( ) NAMED_UNIT ( * ) SI_UNIT ( $, .METRE. ) );
#4096 = COLOUR_RGB ( '',0.2862745098039215508, 0.2862745098039215508, 0.2862745098039215508 ) ;
#4097 = DIMENSIONAL_EXPONENTS ( 1.000000000000000000, 0.000000000000000000, 0.000000000000000000, 0.000000000000000000, 0.000000000000000000, 0.000000000000000000, 0.000000000000000000 ) ;
#4098 = DIRECTION ( 'NONE',  ( -0.7071067811865474617, -0.7071067811865474617, 0.000000000000000000 ) ) ;
#4099 = LINE ( 'NONE', #6146, #7541 ) ;
#4100 = FACE_OUTER_BOUND ( 'NONE', #5815, .T. ) ;
#4101 = EDGE_CURVE ( 'NONE', #1329, #6499, #6422, .T. ) ;
#4102 = AXIS2_PLACEMENT_3D ( 'NONE', #392, #3189, #1709 ) ;
#4103 =( NAMED_UNIT ( * ) PLANE_ANGLE_UNIT ( ) SI_UNIT ( $, .RADIAN. ) );
#4104 = EDGE_CURVE ( 'NONE', #6533, #6450, #821, .T. ) ;
#4105 = COLOUR_RGB ( '',0.2862745098039215508, 0.2862745098039215508, 0.2862745098039215508 ) ;
#4106 = ORIENTED_EDGE ( 'NONE', *, *, #8946, .F. ) ;
#4107 = ORIENTED_EDGE ( 'NONE', *, *, #5189, .F. ) ;
#4108 = LINE ( 'NONE', #6852, #7498 ) ;
#4109 =( LENGTH_UNIT ( ) NAMED_UNIT ( * ) SI_UNIT ( $, .METRE. ) );
#4110 = SURFACE_STYLE_FILL_AREA ( #7519 ) ;
#4111 = EDGE_CURVE ( 'NONE', #8541, #2101, #4665, .T. ) ;
#4112 = VECTOR ( 'NONE', #6518, 39.37007874015748143 ) ;
#4113 = ORIENTED_EDGE ( 'NONE', *, *, #5914, .T. ) ;
#4114 = ORIENTED_EDGE ( 'NONE', *, *, #3236, .T. ) ;
#4115 = MECHANICAL_DESIGN_GEOMETRIC_PRESENTATION_REPRESENTATION (  '', ( #15 ), #4137 ) ;
#4116 = STYLED_ITEM ( 'NONE', ( #3906 ), #3740 ) ;
#4117 = DIRECTION ( 'NONE',  ( -1.000000000000000000, -0.000000000000000000, -0.000000000000000000 ) ) ;
#4118 = AXIS2_PLACEMENT_3D ( 'NONE', #775, #6424, #4308 ) ;
#4119 = UNCERTAINTY_MEASURE_WITH_UNIT (LENGTH_MEASURE( 1.000000000000000082E-05 ), #4757, 'distance_accuracy_value', 'NONE');
#4120 = VECTOR ( 'NONE', #7863, 39.37007874015748854 ) ;
#4121 = COLOUR_RGB ( '',0.2862745098039215508, 0.2862745098039215508, 0.2862745098039215508 ) ;
#4122 = CARTESIAN_POINT ( 'NONE',  ( -0.08963327822881116125, -0.07290115526594750928, 0.04944954249008667174 ) ) ;
#4123 = DIRECTION ( 'NONE',  ( 0.000000000000000000, 0.000000000000000000, 1.000000000000000000 ) ) ;
#4124 = CARTESIAN_POINT ( 'NONE',  ( -0.03503937007874016740, -0.08565767112959683793, 0.02601659103690530384 ) ) ;
#4125 = MECHANICAL_DESIGN_GEOMETRIC_PRESENTATION_REPRESENTATION (  '', ( #6712 ), #7873 ) ;
#4126 = LENGTH_MEASURE_WITH_UNIT ( LENGTH_MEASURE( 0.02539999999999999897 ), #5484 );
#4127 = SURFACE_STYLE_USAGE ( .BOTH. , #4267 ) ;
#4128 = VECTOR ( 'NONE', #541, 39.37007874015748854 ) ;
#4129 = LINE ( 'NONE', #728, #1131 ) ;
#4130 = PRESENTATION_LAYER_ASSIGNMENT (  '', '', ( #6858 ) ) ;
#4131 = UNCERTAINTY_MEASURE_WITH_UNIT (LENGTH_MEASURE( 1.000000000000000082E-05 ), #1064, 'distance_accuracy_value', 'NONE');
#4132 = CARTESIAN_POINT ( 'NONE',  ( -0.07795275590551181688, -0.0009842519685039172617, 0.000000000000000000 ) ) ;
#4133 = VECTOR ( 'NONE', #1421, 39.37007874015748143 ) ;
#4134 = SURFACE_STYLE_FILL_AREA ( #5348 ) ;
#4135 = FILL_AREA_STYLE_COLOUR ( '', #3814 ) ;
#4136 = EDGE_CURVE ( 'NONE', #1560, #5170, #2201, .T. ) ;
#4137 =( GEOMETRIC_REPRESENTATION_CONTEXT ( 3 ) GLOBAL_UNCERTAINTY_ASSIGNED_CONTEXT ( ( #5614 ) ) GLOBAL_UNIT_ASSIGNED_CONTEXT ( ( #1887, #4240, #7791 ) ) REPRESENTATION_CONTEXT ( 'NONE', 'WORKASPACE' ) );
#4138 = LINE ( 'NONE', #1831, #186 ) ;
#4139 = CARTESIAN_POINT ( 'NONE',  ( 0.08875394017312086825, -0.07436038474521948494, 0.04711612391623686696 ) ) ;
#4140 = ORIENTED_EDGE ( 'NONE', *, *, #3371, .F. ) ;
#4141 = ORIENTED_EDGE ( 'NONE', *, *, #876, .T. ) ;
#4142 = UNCERTAINTY_MEASURE_WITH_UNIT (LENGTH_MEASURE( 1.000000000000000082E-05 ), #3745, 'distance_accuracy_value', 'NONE');
#4143 = ORIENTED_EDGE ( 'NONE', *, *, #7983, .F. ) ;
#4144 = PLANE ( 'NONE',  #5935 ) ;
#4145 = PLANE ( 'NONE',  #1400 ) ;
#4146 = LINE ( 'NONE', #578, #8978 ) ;
#4147 = CARTESIAN_POINT ( 'NONE',  ( 0.06692913385826770867, -0.06107104945795473194, 0.02714754141097830767 ) ) ;
#4148 = UNCERTAINTY_MEASURE_WITH_UNIT (LENGTH_MEASURE( 1.000000000000000082E-05 ), #8857, 'distance_accuracy_value', 'NONE');
#4149 = VECTOR ( 'NONE', #5068, 39.37007874015748143 ) ;
#4150 = PRESENTATION_STYLE_ASSIGNMENT (( #6192 ) ) ;
#4151 = VERTEX_POINT ( 'NONE', #4266 ) ;
#4152 = UNCERTAINTY_MEASURE_WITH_UNIT (LENGTH_MEASURE( 1.000000000000000082E-05 ), #4794, 'distance_accuracy_value', 'NONE');
#4153 = ORIENTED_EDGE ( 'NONE', *, *, #1096, .F. ) ;
#4154 = DIRECTION ( 'NONE',  ( -0.000000000000000000, -1.000000000000000000, 0.000000000000000000 ) ) ;
#4155 = EDGE_CURVE ( 'NONE', #6219, #8306, #1550, .T. ) ;
#4156 = CARTESIAN_POINT ( 'NONE',  ( -0.01692913385826771630, -0.06107104945795473194, 0.02714754141097830767 ) ) ;
#4157 = AXIS2_PLACEMENT_3D ( 'NONE', #2155, #4265, #769 ) ;
#4158 = CARTESIAN_POINT ( 'NONE',  ( 0.03503937007874016740, -0.08244437787890905589, 0.01631147111528528579 ) ) ;
#4159 = AXIS2_PLACEMENT_3D ( 'NONE', #1771, #8005, #4578 ) ;
#4160 = DIMENSIONAL_EXPONENTS ( 1.000000000000000000, 0.000000000000000000, 0.000000000000000000, 0.000000000000000000, 0.000000000000000000, 0.000000000000000000, 0.000000000000000000 ) ;
#4161 =( NAMED_UNIT ( * ) SI_UNIT ( $, .STERADIAN. ) SOLID_ANGLE_UNIT ( ) );
#4162 =( LENGTH_UNIT ( ) NAMED_UNIT ( * ) SI_UNIT ( $, .METRE. ) );
#4163 = DIRECTION ( 'NONE',  ( 1.000000000000000000, 1.216192002179390098E-16, 0.000000000000000000 ) ) ;
#4164 = ORIENTED_EDGE ( 'NONE', *, *, #4254, .F. ) ;
#4165 = ORIENTED_EDGE ( 'NONE', *, *, #6630, .F. ) ;
#4166 = VECTOR ( 'NONE', #5579, 39.37007874015748143 ) ;
#4167 = CARTESIAN_POINT ( 'NONE',  ( -0.07499999999999999722, -0.06061878546604763246, 0.01731541798661000164 ) ) ;
#4168 = CARTESIAN_POINT ( 'NONE',  ( 0.07795275590551181688, -0.0009842519685039179123, 0.009842519685039369942 ) ) ;
#4169 = STYLED_ITEM ( 'NONE', ( #7946 ), #1151 ) ;
#4170 = DIRECTION ( 'NONE',  ( 1.000000000000000000, 0.000000000000000000, 0.000000000000000000 ) ) ;
#4171 = LINE ( 'NONE', #7587, #4502 ) ;
#4172 =( GEOMETRIC_REPRESENTATION_CONTEXT ( 3 ) GLOBAL_UNCERTAINTY_ASSIGNED_CONTEXT ( ( #4773 ) ) GLOBAL_UNIT_ASSIGNED_CONTEXT ( ( #4957, #8347, #3540 ) ) REPRESENTATION_CONTEXT ( 'NONE', 'WORKASPACE' ) );
#4173 = DIRECTION ( 'NONE',  ( 0.000000000000000000, 0.9961946980917454342, 0.08715574274765831853 ) ) ;
#4174 = DIRECTION ( 'NONE',  ( -0.000000000000000000, -1.000000000000000000, 0.000000000000000000 ) ) ;
#4175 = AXIS2_PLACEMENT_3D ( 'NONE', #8766, #418, #5985 ) ;
#4176 = CARTESIAN_POINT ( 'NONE',  ( 0.09055118110236221041, 0.007027559055118149690, 0.005000000000000000104 ) ) ;
#4177 = CARTESIAN_POINT ( 'NONE',  ( 0.08869051231072097585, 0.08683641301816062696, 0.04971379740223479810 ) ) ;
#4178 = EDGE_CURVE ( 'NONE', #5769, #1748, #5669, .T. ) ;
#4179 =( GEOMETRIC_REPRESENTATION_CONTEXT ( 3 ) GLOBAL_UNCERTAINTY_ASSIGNED_CONTEXT ( ( #1285 ) ) GLOBAL_UNIT_ASSIGNED_CONTEXT ( ( #1218, #6122, #7444 ) ) REPRESENTATION_CONTEXT ( 'NONE', 'WORKASPACE' ) );
#4180 = UNCERTAINTY_MEASURE_WITH_UNIT (LENGTH_MEASURE( 1.000000000000000082E-05 ), #7700, 'distance_accuracy_value', 'NONE');
#4181 = ORIENTED_EDGE ( 'NONE', *, *, #5598, .F. ) ;
#4182 = COLOUR_RGB ( '',0.7490196078431372584, 0.7490196078431372584, 0.7490196078431372584 ) ;
#4183 = SHAPE_REPRESENTATION ( 'body', ( #6768 ), #2126 ) ;
#4184 = ORIENTED_EDGE ( 'NONE', *, *, #5894, .F. ) ;
#4185 = ORIENTED_EDGE ( 'NONE', *, *, #5148, .F. ) ;
#4186 = FILL_AREA_STYLE_COLOUR ( '', #5812 ) ;
#4187 =( LENGTH_UNIT ( ) NAMED_UNIT ( * ) SI_UNIT ( $, .METRE. ) );
#4188 = FILL_AREA_STYLE_COLOUR ( '', #5282 ) ;
#4189 = VECTOR ( 'NONE', #5592, 39.37007874015748143 ) ;
#4190 = CARTESIAN_POINT ( 'NONE',  ( 0.09399858467641220017, -0.03592519685039369942, 0.02986220472440944892 ) ) ;
#4191 = PRESENTATION_STYLE_ASSIGNMENT (( #7606 ) ) ;
#4192 = ADVANCED_FACE ( 'NONE', ( #4844 ), #771, .T. ) ;
#4193 = CARTESIAN_POINT ( 'NONE',  ( 0.08875394017312086825, 0.007086614173228346358, 0.04988188976377952444 ) ) ;
#4194 = CARTESIAN_POINT ( 'NONE',  ( -0.09041462591117072067, 0.09007641885575418117, 0.04575225974422886255 ) ) ;
#4195 = PRESENTATION_LAYER_ASSIGNMENT (  '', '', ( #8522 ) ) ;
#4196 = ORIENTED_EDGE ( 'NONE', *, *, #7353, .F. ) ;
#4197 = ORIENTED_EDGE ( 'NONE', *, *, #497, .T. ) ;
#4198 = DIRECTION ( 'NONE',  ( -1.000000000000000000, -0.000000000000000000, 0.000000000000000000 ) ) ;
#4199 = EDGE_LOOP ( 'NONE', ( #8167, #2050, #2214, #4339 ) ) ;
#4200 = SURFACE_SIDE_STYLE ('',( #7434 ) ) ;
#4201 = COLOUR_RGB ( '',0.7490196078431372584, 0.7490196078431372584, 0.7490196078431372584 ) ;
#4202 = FILL_AREA_STYLE ('',( #758 ) ) ;
#4203 = EDGE_CURVE ( 'NONE', #3107, #8214, #6334, .T. ) ;
#4204 = CARTESIAN_POINT ( 'NONE',  ( 0.02500000000000000139, -0.1014396703667248129, 0.01159693470591019980 ) ) ;
#4205 = LINE ( 'NONE', #6198, #5608 ) ;
#4206 = ORIENTED_EDGE ( 'NONE', *, *, #1802, .T. ) ;
#4207 = ORIENTED_EDGE ( 'NONE', *, *, #8075, .T. ) ;
#4208 = MECHANICAL_DESIGN_GEOMETRIC_PRESENTATION_REPRESENTATION (  '', ( #8669 ), #551 ) ;
#4209 = SURFACE_STYLE_FILL_AREA ( #6905 ) ;
#4210 = VECTOR ( 'NONE', #3086, 39.37007874015748143 ) ;
#4211 = FILL_AREA_STYLE ('',( #3429 ) ) ;
#4212 = PLANE ( 'NONE',  #8071 ) ;
#4213 = MECHANICAL_DESIGN_GEOMETRIC_PRESENTATION_REPRESENTATION (  '', ( #3913 ), #2313 ) ;
#4214 = FILL_AREA_STYLE_COLOUR ( '', #163 ) ;
#4215 = CARTESIAN_POINT ( 'NONE',  ( -0.06530030766429134603, 0.1049212598425196957, 0.009842519685039369942 ) ) ;
#4216 = COLOUR_RGB ( '',0.7490196078431372584, 0.7490196078431372584, 0.7490196078431372584 ) ;
#4217 = EDGE_CURVE ( 'NONE', #719, #7577, #7045, .T. ) ;
#4218 = ADVANCED_FACE ( 'NONE', ( #7220 ), #273, .T. ) ;
#4219 =( LENGTH_UNIT ( ) NAMED_UNIT ( * ) SI_UNIT ( $, .METRE. ) );
#4220 = DIMENSIONAL_EXPONENTS ( 1.000000000000000000, 0.000000000000000000, 0.000000000000000000, 0.000000000000000000, 0.000000000000000000, 0.000000000000000000, 0.000000000000000000 ) ;
#4221 = DIRECTION ( 'NONE',  ( 0.000000000000000000, 3.469446951953614189E-15, -1.000000000000000000 ) ) ;
#4222 = PRESENTATION_STYLE_ASSIGNMENT (( #7537 ) ) ;
#4223 = UNCERTAINTY_MEASURE_WITH_UNIT (LENGTH_MEASURE( 1.000000000000000082E-05 ), #8078, 'distance_accuracy_value', 'NONE');
#4224 = STYLED_ITEM ( 'NONE', ( #4623 ), #3017 ) ;
#4225 = LINE ( 'NONE', #2761, #5311 ) ;
#4226 = DIRECTION ( 'NONE',  ( 0.5292407919724568810, 0.5292407919724623211, 0.6631804944543585600 ) ) ;
#4227 = AXIS2_PLACEMENT_3D ( 'NONE', #1413, #5774, #97 ) ;
#4228 = CARTESIAN_POINT ( 'NONE',  ( 0.09042084030531759298, 0.08707438361240420199, 0.04882104092741534895 ) ) ;
#4229 = ADVANCED_FACE ( 'NONE', ( #6460 ), #7913, .T. ) ;
#4230 = ORIENTED_EDGE ( 'NONE', *, *, #4508, .F. ) ;
#4231 = AXIS2_PLACEMENT_3D ( 'NONE', #3446, #8775, #7415 ) ;
#4232 = ORIENTED_EDGE ( 'NONE', *, *, #8569, .F. ) ;
#4233 = EDGE_LOOP ( 'NONE', ( #7248, #7858, #991, #1459 ) ) ;
#4234 = ORIENTED_EDGE ( 'NONE', *, *, #4965, .F. ) ;
#4235 = DIRECTION ( 'NONE',  ( 0.000000000000000000, -1.000000000000000000, 0.000000000000000000 ) ) ;
#4236 =( CONVERSION_BASED_UNIT ( 'INCH', #8437 ) LENGTH_UNIT ( ) NAMED_UNIT ( #7951 ) );
#4237 = COLOUR_RGB ( '',0.7490196078431372584, 0.7490196078431372584, 0.7490196078431372584 ) ;
#4238 = EDGE_CURVE ( 'NONE', #5919, #1227, #7309, .T. ) ;
#4239 = DIRECTION ( 'NONE',  ( -0.000000000000000000, -1.000000000000000000, 0.000000000000000000 ) ) ;
#4240 =( NAMED_UNIT ( * ) PLANE_ANGLE_UNIT ( ) SI_UNIT ( $, .RADIAN. ) );
#4241 = DIRECTION ( 'NONE',  ( -1.000000000000000000, -0.000000000000000000, -0.000000000000000000 ) ) ;
#4242 = UNCERTAINTY_MEASURE_WITH_UNIT (LENGTH_MEASURE( 1.000000000000000082E-05 ), #1806, 'distance_accuracy_value', 'NONE');
#4243 = VECTOR ( 'NONE', #4649, 39.37007874015748143 ) ;
#4244 = EDGE_LOOP ( 'NONE', ( #3720, #1757, #782, #3555 ) ) ;
#4245 = VERTEX_POINT ( 'NONE', #2535 ) ;
#4246 = LENGTH_MEASURE_WITH_UNIT ( LENGTH_MEASURE( 0.02539999999999999897 ), #674 );
#4247 = STYLED_ITEM ( 'NONE', ( #2749 ), #4349 ) ;
#4248 = ORIENTED_EDGE ( 'NONE', *, *, #1074, .T. ) ;
#4249 = FILL_AREA_STYLE_COLOUR ( '', #1248 ) ;
#4250 = CARTESIAN_POINT ( 'NONE',  ( 0.09645669291338584972, 0.002027559055118139612, 0.005000000000000000104 ) ) ;
#4251 = MANIFOLD_SOLID_BREP ( 'Imported1', #7357 ) ;
#4252 = AXIS2_PLACEMENT_3D ( 'NONE', #6577, #353, #2985 ) ;
#4253 =( NAMED_UNIT ( * ) SI_UNIT ( $, .STERADIAN. ) SOLID_ANGLE_UNIT ( ) );
#4254 = EDGE_CURVE ( 'NONE', #4621, #1765, #5384, .T. ) ;
#4255 = LINE ( 'NONE', #4204, #2718 ) ;
#4256 = ORIENTED_EDGE ( 'NONE', *, *, #4869, .F. ) ;
#4257 = UNCERTAINTY_MEASURE_WITH_UNIT (LENGTH_MEASURE( 1.000000000000000082E-05 ), #2725, 'distance_accuracy_value', 'NONE');
#4258 = ORIENTED_EDGE ( 'NONE', *, *, #456, .T. ) ;
#4259 = LENGTH_MEASURE_WITH_UNIT ( LENGTH_MEASURE( 0.02539999999999999897 ), #6740 );
#4260 = DIRECTION ( 'NONE',  ( -0.000000000000000000, 0.4806245840651710566, 0.8769264559768860101 ) ) ;
#4261 = PRESENTATION_LAYER_ASSIGNMENT (  '', '', ( #6832 ) ) ;
#4262 = SURFACE_STYLE_FILL_AREA ( #5764 ) ;
#4263 = CARTESIAN_POINT ( 'NONE',  ( -0.07074210174531850304, -0.05322241670594842627, 0.04870078740157480351 ) ) ;
#4264 = COLOUR_RGB ( '',0.7490196078431372584, 0.7490196078431372584, 0.7490196078431372584 ) ;
#4265 = DIRECTION ( 'NONE',  ( -0.7071067811865480168, 0.7071067811865470176, 0.000000000000000000 ) ) ;
#4266 = CARTESIAN_POINT ( 'NONE',  ( -0.01692913385826771283, -0.08244437787890905589, 0.01631147111528528579 ) ) ;
#4267 = SURFACE_SIDE_STYLE ('',( #3481 ) ) ;
#4268 = EDGE_CURVE ( 'NONE', #7329, #4642, #8226, .T. ) ;
#4269 = DIRECTION ( 'NONE',  ( 1.216192002179390098E-16, -1.000000000000000000, 0.000000000000000000 ) ) ;
#4270 = CARTESIAN_POINT ( 'NONE',  ( 0.09187365971139223320, 0.08536453466821389280, 0.04902615931893943013 ) ) ;
#4271 = DIRECTION ( 'NONE',  ( 1.000000000000000000, 0.000000000000000000, 0.000000000000000000 ) ) ;
#4272 = MECHANICAL_DESIGN_GEOMETRIC_PRESENTATION_REPRESENTATION (  '', ( #1930 ), #7003 ) ;
#4273 = UNCERTAINTY_MEASURE_WITH_UNIT (LENGTH_MEASURE( 1.000000000000000082E-05 ), #5581, 'distance_accuracy_value', 'NONE');
#4274 = ORIENTED_EDGE ( 'NONE', *, *, #6870, .T. ) ;
#4275 = ORIENTED_EDGE ( 'NONE', *, *, #1355, .T. ) ;
#4276 =( NAMED_UNIT ( * ) PLANE_ANGLE_UNIT ( ) SI_UNIT ( $, .RADIAN. ) );
#4277 = AXIS2_PLACEMENT_3D ( 'NONE', #1941, #7555, #8204 ) ;
#4278 = DIMENSIONAL_EXPONENTS ( 1.000000000000000000, 0.000000000000000000, 0.000000000000000000, 0.000000000000000000, 0.000000000000000000, 0.000000000000000000, 0.000000000000000000 ) ;
#4279 = VECTOR ( 'NONE', #403, 39.37007874015748143 ) ;
#4280 = CARTESIAN_POINT ( 'NONE',  ( -0.07795275590551181688, -0.0009842519685039172617, 0.000000000000000000 ) ) ;
#4281 = CARTESIAN_POINT ( 'NONE',  ( 0.09041462591117084557, 0.09007641885575427831, 0.04575225974422866826 ) ) ;
#4282 = LINE ( 'NONE', #3634, #4668 ) ;
#4283 = SURFACE_STYLE_FILL_AREA ( #63 ) ;
#4284 = ORIENTED_EDGE ( 'NONE', *, *, #3527, .T. ) ;
#4285 = ORIENTED_EDGE ( 'NONE', *, *, #3434, .T. ) ;
#4286 = CARTESIAN_POINT ( 'NONE',  ( -0.07795275590551181688, 0.09311023622047245873, 0.000000000000000000 ) ) ;
#4287 = EDGE_CURVE ( 'NONE', #4472, #6082, #458, .T. ) ;
#4288 = EDGE_LOOP ( 'NONE', ( #7712, #223, #6067, #7119 ) ) ;
#4289 = LINE ( 'NONE', #7029, #3247 ) ;
#4290 =( GEOMETRIC_REPRESENTATION_CONTEXT ( 3 ) GLOBAL_UNCERTAINTY_ASSIGNED_CONTEXT ( ( #5387 ) ) GLOBAL_UNIT_ASSIGNED_CONTEXT ( ( #4419, #289, #337 ) ) REPRESENTATION_CONTEXT ( 'NONE', 'WORKASPACE' ) );
#4291 = CARTESIAN_POINT ( 'NONE',  ( -0.09330708661417323746, -0.07893700787401573826, 0.005000000000000000104 ) ) ;
#4292 = EDGE_CURVE ( 'NONE', #5646, #5105, #8092, .T. ) ;
#4293 = LINE ( 'NONE', #806, #6761 ) ;
#4294 = ORIENTED_EDGE ( 'NONE', *, *, #1713, .T. ) ;
#4295 = ORIENTED_EDGE ( 'NONE', *, *, #2285, .T. ) ;
#4296 = LINE ( 'NONE', #3026, #1844 ) ;
#4297 = COLOUR_RGB ( '',0.7490196078431372584, 0.7490196078431372584, 0.7490196078431372584 ) ;
#4298 = DIRECTION ( 'NONE',  ( -1.000000000000000000, -0.000000000000000000, -0.000000000000000000 ) ) ;
#4299 = PLANE ( 'NONE',  #3398 ) ;
#4300 = DIRECTION ( 'NONE',  ( -1.000000000000000000, -0.000000000000000000, 0.000000000000000000 ) ) ;
#4301 = CARTESIAN_POINT ( 'NONE',  ( -0.06692913385826770867, -0.09018673685477521240, 0.007095752720117635970 ) ) ;
#4302 = CIRCLE ( 'NONE', #6321, 0.003149606299212605320 ) ;
#4303 = FACE_OUTER_BOUND ( 'NONE', #1920, .T. ) ;
#4304 = MANIFOLD_SOLID_BREP ( 'Imported4', #7806 ) ;
#4305 = UNCERTAINTY_MEASURE_WITH_UNIT (LENGTH_MEASURE( 1.000000000000000082E-05 ), #7578, 'distance_accuracy_value', 'NONE');
#4306 = CARTESIAN_POINT ( 'NONE',  ( 0.07499999999999999722, -0.08520540713768977314, 0.01618446761253704638 ) ) ;
#4307 =( GEOMETRIC_REPRESENTATION_CONTEXT ( 3 ) GLOBAL_UNCERTAINTY_ASSIGNED_CONTEXT ( ( #2687 ) ) GLOBAL_UNIT_ASSIGNED_CONTEXT ( ( #5758, #5925, #7991 ) ) REPRESENTATION_CONTEXT ( 'NONE', 'WORKASPACE' ) );
#4308 = DIRECTION ( 'NONE',  ( 0.000000000000000000, -0.9961946980917454342, -0.08715574274765815199 ) ) ;
#4309 = LINE ( 'NONE', #7136, #2978 ) ;
#4310 = FILL_AREA_STYLE_COLOUR ( '', #2511 ) ;
#4311 = DIMENSIONAL_EXPONENTS ( 1.000000000000000000, 0.000000000000000000, 0.000000000000000000, 0.000000000000000000, 0.000000000000000000, 0.000000000000000000, 0.000000000000000000 ) ;
#4312 = EDGE_CURVE ( 'NONE', #211, #4317, #1354, .T. ) ;
#4313 =( CONVERSION_BASED_UNIT ( 'INCH', #3578 ) LENGTH_UNIT ( ) NAMED_UNIT ( #820 ) );
#4314 = ORIENTED_EDGE ( 'NONE', *, *, #4391, .T. ) ;
#4315 = PRESENTATION_LAYER_ASSIGNMENT (  '', '', ( #220 ) ) ;
#4316 = VERTEX_POINT ( 'NONE', #5291 ) ;
#4317 = VERTEX_POINT ( 'NONE', #2052 ) ;
#4318 = CARTESIAN_POINT ( 'NONE',  ( -0.08307086614173228578, -0.06061878546604763246, 0.01731541798661000164 ) ) ;
#4319 = COLOUR_RGB ( '',0.2862745098039215508, 0.2862745098039215508, 0.2862745098039215508 ) ;
#4320 = CARTESIAN_POINT ( 'NONE',  ( 0.000000000000000000, 0.007086614173228346358, 0.005000000000000000104 ) ) ;
#4321 = CARTESIAN_POINT ( 'NONE',  ( -0.08963327822881113349, -0.07290115526594749540, 0.04944954249008672031 ) ) ;
#4322 = AXIS2_PLACEMENT_3D ( 'NONE', #402, #1085, #6538 ) ;
#4323 = VECTOR ( 'NONE', #5239, 39.37007874015748143 ) ;
#4324 = UNCERTAINTY_MEASURE_WITH_UNIT (LENGTH_MEASURE( 1.000000000000000082E-05 ), #743, 'distance_accuracy_value', 'NONE');
#4325 = EDGE_CURVE ( 'NONE', #5312, #4386, #5568, .T. ) ;
#4326 = EDGE_LOOP ( 'NONE', ( #5061, #2701, #8114, #1643, #6469, #7522, #8411, #4695, #6009, #3822, #6951, #3174, #385, #3764, #6877, #4811, #4207, #4751, #7830, #8153, #7507, #4741, #1148, #1019, #6766, #116, #7027, #6765, #6809, #7546 ) ) ;
#4327 = EDGE_LOOP ( 'NONE', ( #8248, #3011, #3279, #3488 ) ) ;
#4328 = VECTOR ( 'NONE', #1530, 39.37007874015748143 ) ;
#4329 = PLANE ( 'NONE',  #3746 ) ;
#4330 = ORIENTED_EDGE ( 'NONE', *, *, #4765, .F. ) ;
#4331 = AXIS2_PLACEMENT_3D ( 'NONE', #7188, #4452, #3046 ) ;
#4332 = DIRECTION ( 'NONE',  ( 0.000000000000000000, -0.4806245840651710566, -0.8769264559768860101 ) ) ;
#4333 = PRESENTATION_STYLE_ASSIGNMENT (( #3737 ) ) ;
#4334 = DIMENSIONAL_EXPONENTS ( 1.000000000000000000, 0.000000000000000000, 0.000000000000000000, 0.000000000000000000, 0.000000000000000000, 0.000000000000000000, 0.000000000000000000 ) ;
#4335 = DIRECTION ( 'NONE',  ( 0.000000000000000000, 0.000000000000000000, -1.000000000000000000 ) ) ;
#4336 = CARTESIAN_POINT ( 'NONE',  ( -0.06496062992125983815, -0.08221824588295552350, 0.01139540940310114318 ) ) ;
#4337 = EDGE_CURVE ( 'NONE', #7611, #1560, #2102, .T. ) ;
#4338 = SURFACE_SIDE_STYLE ('',( #1536 ) ) ;
#4339 = ORIENTED_EDGE ( 'NONE', *, *, #497, .F. ) ;
#4340 = ORIENTED_EDGE ( 'NONE', *, *, #5589, .F. ) ;
#4341 = FILL_AREA_STYLE_COLOUR ( '', #5653 ) ;
#4342 = SURFACE_SIDE_STYLE ('',( #4262 ) ) ;
#4343 = DIRECTION ( 'NONE',  ( 0.000000000000000000, -0.3143126552996258760, 0.9493195219305765598 ) ) ;
#4344 = CARTESIAN_POINT ( 'NONE',  ( 0.02500000000000000139, -0.08244437787890905589, 0.01631147111528527538 ) ) ;
#4345 = CARTESIAN_POINT ( 'NONE',  ( 0.02500000000000000139, -0.09383657304297442214, 0.02091502454231232433 ) ) ;
#4346 = CARTESIAN_POINT ( 'NONE',  ( 0.08612979809627313577, -0.07650611636306653418, 0.04747702520763236872 ) ) ;
#4347 =( GEOMETRIC_REPRESENTATION_CONTEXT ( 3 ) GLOBAL_UNCERTAINTY_ASSIGNED_CONTEXT ( ( #3590 ) ) GLOBAL_UNIT_ASSIGNED_CONTEXT ( ( #1935, #7288, #2510 ) ) REPRESENTATION_CONTEXT ( 'NONE', 'WORKASPACE' ) );
#4348 =( NAMED_UNIT ( * ) PLANE_ANGLE_UNIT ( ) SI_UNIT ( $, .RADIAN. ) );
#4349 = MANIFOLD_SOLID_BREP ( 'Imported5', #5663 ) ;
#4350 = CARTESIAN_POINT ( 'NONE',  ( 0.07499999999999999722, -0.06061878546604763246, 0.01731541798661000164 ) ) ;
#4351 = LINE ( 'NONE', #3033, #2582 ) ;
#4352 = CARTESIAN_POINT ( 'NONE',  ( 0.08307086614173228578, -0.09796007064640148421, 0.002021243723793056130 ) ) ;
#4353 = PRESENTATION_STYLE_ASSIGNMENT (( #2388 ) ) ;
#4354 = VECTOR ( 'NONE', #422, 39.37007874015748143 ) ;
#4355 = COLOUR_RGB ( '',0.7490196078431372584, 0.7490196078431372584, 0.7490196078431372584 ) ;
#4356 = FILL_AREA_STYLE_COLOUR ( '', #1473 ) ;
#4357 = DIRECTION ( 'NONE',  ( 0.000000000000000000, 0.000000000000000000, -1.000000000000000000 ) ) ;
#4358 = DIRECTION ( 'NONE',  ( -0.000000000000000000, -0.7143278697962460733, 0.6998111848437100768 ) ) ;
#4359 = DIRECTION ( 'NONE',  ( 0.000000000000000000, -0.000000000000000000, -1.000000000000000000 ) ) ;
#4360 = EDGE_LOOP ( 'NONE', ( #3932, #8398, #235, #3505 ) ) ;
#4361 = ORIENTED_EDGE ( 'NONE', *, *, #4882, .T. ) ;
#4362 = FILL_AREA_STYLE ('',( #5869 ) ) ;
#4363 = FILL_AREA_STYLE ('',( #1563 ) ) ;
#4364 = SURFACE_STYLE_USAGE ( .BOTH. , #7057 ) ;
#4365 = DIRECTION ( 'NONE',  ( 1.000000000000000000, 0.000000000000000000, 0.000000000000000000 ) ) ;
#4366 = SURFACE_SIDE_STYLE ('',( #2918 ) ) ;
#4367 =( NAMED_UNIT ( * ) SI_UNIT ( $, .STERADIAN. ) SOLID_ANGLE_UNIT ( ) );
#4368 = AXIS2_PLACEMENT_3D ( 'NONE', #4770, #6698, #4001 ) ;
#4369 = CARTESIAN_POINT ( 'NONE',  ( 0.08503937007874015630, -0.08221824588295552350, 0.01139540940310114318 ) ) ;
#4370 =( NAMED_UNIT ( * ) SI_UNIT ( $, .STERADIAN. ) SOLID_ANGLE_UNIT ( ) );
#4371 = ORIENTED_EDGE ( 'NONE', *, *, #8261, .F. ) ;
#4372 = ORIENTED_EDGE ( 'NONE', *, *, #2285, .F. ) ;
#4373 = FACE_OUTER_BOUND ( 'NONE', #6785, .T. ) ;
#4374 = VECTOR ( 'NONE', #7163, 39.37007874015748143 ) ;
#4375 = CARTESIAN_POINT ( 'NONE',  ( -0.08945159696480145528, 0.08214163450969406977, 0.05163950143683280342 ) ) ;
#4376 = DIMENSIONAL_EXPONENTS ( 1.000000000000000000, 0.000000000000000000, 0.000000000000000000, 0.000000000000000000, 0.000000000000000000, 0.000000000000000000, 0.000000000000000000 ) ;
#4377 = AXIS2_PLACEMENT_3D ( 'NONE', #4350, #4979, #3568 ) ;
#4378 = ADVANCED_FACE ( 'NONE', ( #7720 ), #5661, .T. ) ;
#4379 = LENGTH_MEASURE_WITH_UNIT ( LENGTH_MEASURE( 0.02539999999999999897 ), #2187 );
#4380 = EDGE_CURVE ( 'NONE', #6818, #1669, #8577, .T. ) ;
#4381 =( NAMED_UNIT ( * ) PLANE_ANGLE_UNIT ( ) SI_UNIT ( $, .RADIAN. ) );
#4382 = VECTOR ( 'NONE', #8537, 39.37007874015748143 ) ;
#4383 = UNCERTAINTY_MEASURE_WITH_UNIT (LENGTH_MEASURE( 1.000000000000000082E-05 ), #999, 'distance_accuracy_value', 'NONE');
#4384 = STYLED_ITEM ( 'NONE', ( #5228 ), #4378 ) ;
#4385 =( CONVERSION_BASED_UNIT ( 'INCH', #3741 ) LENGTH_UNIT ( ) NAMED_UNIT ( #6002 ) );
#4386 = VERTEX_POINT ( 'NONE', #2282 ) ;
#4387 = VERTEX_POINT ( 'NONE', #7860 ) ;
#4388 = FILL_AREA_STYLE_COLOUR ( '', #8093 ) ;
#4389 = VECTOR ( 'NONE', #1066, 39.37007874015748143 ) ;
#4390 = FILL_AREA_STYLE_COLOUR ( '', #7332 ) ;
#4391 = EDGE_CURVE ( 'NONE', #4606, #8507, #1635, .T. ) ;
#4392 =( LENGTH_UNIT ( ) NAMED_UNIT ( * ) SI_UNIT ( $, .METRE. ) );
#4393 = DIRECTION ( 'NONE',  ( 0.000000000000000000, 0.9961946980917454342, 0.08715574274765831853 ) ) ;
#4394 = CARTESIAN_POINT ( 'NONE',  ( 0.09042084030531756522, -0.07290115526594748152, 0.04882104092741532814 ) ) ;
#4395 = PRESENTATION_LAYER_ASSIGNMENT (  '', '', ( #4820 ) ) ;
#4396 = FACE_OUTER_BOUND ( 'NONE', #1385, .T. ) ;
#4397 = ORIENTED_EDGE ( 'NONE', *, *, #8209, .F. ) ;
#4398 = DIMENSIONAL_EXPONENTS ( 1.000000000000000000, 0.000000000000000000, 0.000000000000000000, 0.000000000000000000, 0.000000000000000000, 0.000000000000000000, 0.000000000000000000 ) ;
#4399 = PRESENTATION_STYLE_ASSIGNMENT (( #7730 ) ) ;
#4400 = LINE ( 'NONE', #1553, #8091 ) ;
#4401 = SURFACE_STYLE_FILL_AREA ( #825 ) ;
#4402 =( GEOMETRIC_REPRESENTATION_CONTEXT ( 3 ) GLOBAL_UNCERTAINTY_ASSIGNED_CONTEXT ( ( #5578 ) ) GLOBAL_UNIT_ASSIGNED_CONTEXT ( ( #2142, #72, #5046 ) ) REPRESENTATION_CONTEXT ( 'NONE', 'WORKASPACE' ) );
#4403 = DIRECTION ( 'NONE',  ( 1.000000000000000000, 0.000000000000000000, 0.000000000000000000 ) ) ;
#4404 = CARTESIAN_POINT ( 'NONE',  ( 0.01692913385826771630, -0.1210629921259842590, 0.009880116511253426298 ) ) ;
#4405 =( CONVERSION_BASED_UNIT ( 'INCH', #961 ) LENGTH_UNIT ( ) NAMED_UNIT ( #4900 ) );
#4406 = VECTOR ( 'NONE', #8567, 39.37007874015748854 ) ;
#4407 = PRESENTATION_STYLE_ASSIGNMENT (( #3855 ) ) ;
#4408 = VERTEX_POINT ( 'NONE', #1124 ) ;
#4409 = EDGE_LOOP ( 'NONE', ( #1080, #3877, #455, #6342 ) ) ;
#4410 = PRESENTATION_LAYER_ASSIGNMENT (  '', '', ( #15 ) ) ;
#4411 = LINE ( 'NONE', #7099, #4480 ) ;
#4412 = PRESENTATION_LAYER_ASSIGNMENT (  '', '', ( #6289 ) ) ;
#4413 = EDGE_CURVE ( 'NONE', #6744, #3326, #6104, .T. ) ;
#4414 = PLANE ( 'NONE',  #4541 ) ;
#4415 =( LENGTH_UNIT ( ) NAMED_UNIT ( * ) SI_UNIT ( $, .METRE. ) );
#4416 = SURFACE_STYLE_USAGE ( .BOTH. , #7975 ) ;
#4417 = PRESENTATION_LAYER_ASSIGNMENT (  '', '', ( #7586 ) ) ;
#4418 = CARTESIAN_POINT ( 'NONE',  ( -0.09645664948795727722, 0.08997232483970332706, 0.009842873356772908339 ) ) ;
#4419 =( CONVERSION_BASED_UNIT ( 'INCH', #4543 ) LENGTH_UNIT ( ) NAMED_UNIT ( #7031 ) );
#4420 = UNCERTAINTY_MEASURE_WITH_UNIT (LENGTH_MEASURE( 1.000000000000000082E-05 ), #2663, 'distance_accuracy_value', 'NONE');
#4421 = FILL_AREA_STYLE_COLOUR ( '', #2254 ) ;
#4422 = VERTEX_POINT ( 'NONE', #7343 ) ;
#4423 = UNCERTAINTY_MEASURE_WITH_UNIT (LENGTH_MEASURE( 1.000000000000000082E-05 ), #2397, 'distance_accuracy_value', 'NONE');
#4424 = ORIENTED_EDGE ( 'NONE', *, *, #5048, .T. ) ;
#4425 = CARTESIAN_POINT ( 'NONE',  ( -0.08307086614173228578, -0.06061878546604763246, 0.01731541798661000858 ) ) ;
#4426 = CARTESIAN_POINT ( 'NONE',  ( -0.09172319507450693576, 0.08641048960960868996, 0.04641999533636147202 ) ) ;
#4427 =( GEOMETRIC_REPRESENTATION_CONTEXT ( 3 ) GLOBAL_UNCERTAINTY_ASSIGNED_CONTEXT ( ( #1175 ) ) GLOBAL_UNIT_ASSIGNED_CONTEXT ( ( #8043, #3196, #4568 ) ) REPRESENTATION_CONTEXT ( 'NONE', 'WORKASPACE' ) );
#4428 = MECHANICAL_DESIGN_GEOMETRIC_PRESENTATION_REPRESENTATION (  '', ( #759 ), #5577 ) ;
#4429 = FACE_OUTER_BOUND ( 'NONE', #8408, .T. ) ;
#4430 =( CONVERSION_BASED_UNIT ( 'INCH', #3145 ) LENGTH_UNIT ( ) NAMED_UNIT ( #4398 ) );
#4431 = FILL_AREA_STYLE ('',( #5006 ) ) ;
#4432 = PRESENTATION_LAYER_ASSIGNMENT (  '', '', ( #1492 ) ) ;
#4433 = ORIENTED_EDGE ( 'NONE', *, *, #2219, .T. ) ;
#4434 = EDGE_LOOP ( 'NONE', ( #3542, #8474, #2830, #8798, #3743, #261, #4854, #7510 ) ) ;
#4435 =( NAMED_UNIT ( * ) PLANE_ANGLE_UNIT ( ) SI_UNIT ( $, .RADIAN. ) );
#4436 = MECHANICAL_DESIGN_GEOMETRIC_PRESENTATION_REPRESENTATION (  '', ( #6441 ), #6026 ) ;
#4437 = LINE ( 'NONE', #7253, #1184 ) ;
#4438 = CARTESIAN_POINT ( 'NONE',  ( 0.08896802089924288337, -0.07461100421013781847, 0.04861592253589123308 ) ) ;
#4439 = SURFACE_STYLE_USAGE ( .BOTH. , #271 ) ;
#4440 = VERTEX_POINT ( 'NONE', #7432 ) ;
#4441 = ADVANCED_FACE ( 'NONE', ( #5327 ), #6617, .T. ) ;
#4442 = STYLED_ITEM ( 'NONE', ( #7920 ), #5610 ) ;
#4443 = SURFACE_SIDE_STYLE ('',( #7867 ) ) ;
#4444 = SURFACE_STYLE_FILL_AREA ( #2991 ) ;
#4445 = DIRECTION ( 'NONE',  ( -0.000000000000000000, 0.000000000000000000, 1.000000000000000000 ) ) ;
#4446 = COLOUR_RGB ( '',0.2862745098039215508, 0.2862745098039215508, 0.2862745098039215508 ) ;
#4447 = SURFACE_SIDE_STYLE ('',( #913 ) ) ;
#4448 = SURFACE_STYLE_FILL_AREA ( #231 ) ;
#4449 = EDGE_CURVE ( 'NONE', #7611, #5587, #3803, .T. ) ;
#4450 = ORIENTED_EDGE ( 'NONE', *, *, #1905, .F. ) ;
#4451 = STYLED_ITEM ( 'NONE', ( #1186 ), #826 ) ;
#4452 = DIRECTION ( 'NONE',  ( -0.1209742911513550095, -0.1209742911513550095, 0.9852565360152930607 ) ) ;
#4453 = DIMENSIONAL_EXPONENTS ( 1.000000000000000000, 0.000000000000000000, 0.000000000000000000, 0.000000000000000000, 0.000000000000000000, 0.000000000000000000, 0.000000000000000000 ) ;
#4454 =( NAMED_UNIT ( * ) PLANE_ANGLE_UNIT ( ) SI_UNIT ( $, .RADIAN. ) );
#4455 = FILL_AREA_STYLE ('',( #5785 ) ) ;
#4456 =( NAMED_UNIT ( * ) PLANE_ANGLE_UNIT ( ) SI_UNIT ( $, .RADIAN. ) );
#4457 = LINE ( 'NONE', #6598, #6529 ) ;
#4458 =( GEOMETRIC_REPRESENTATION_CONTEXT ( 3 ) GLOBAL_UNCERTAINTY_ASSIGNED_CONTEXT ( ( #8213 ) ) GLOBAL_UNIT_ASSIGNED_CONTEXT ( ( #7670, #8974, #6949 ) ) REPRESENTATION_CONTEXT ( 'NONE', 'WORKASPACE' ) );
#4459 = SURFACE_SIDE_STYLE ('',( #1619 ) ) ;
#4460 = LINE ( 'NONE', #7884, #2127 ) ;
#4461 = ORIENTED_EDGE ( 'NONE', *, *, #3641, .F. ) ;
#4462 = ADVANCED_FACE ( 'NONE', ( #2613 ), #6668, .T. ) ;
#4463 = ORIENTED_EDGE ( 'NONE', *, *, #2486, .T. ) ;
#4464 = AXIS2_PLACEMENT_3D ( 'NONE', #8523, #7973, #378 ) ;
#4465 = AXIS2_PLACEMENT_3D ( 'NONE', #7153, #8485, #6436 ) ;
#4466 = CARTESIAN_POINT ( 'NONE',  ( 0.07795275590551181688, 0.09311023622047245873, 0.000000000000000000 ) ) ;
#4467 =( CONVERSION_BASED_UNIT ( 'INCH', #5922 ) LENGTH_UNIT ( ) NAMED_UNIT ( #5319 ) );
#4468 = COLOUR_RGB ( '',0.7490196078431372584, 0.7490196078431372584, 0.7490196078431372584 ) ;
#4469 = DIRECTION ( 'NONE',  ( -0.000000000000000000, 1.000000000000000000, 0.000000000000000000 ) ) ;
#4470 = FILL_AREA_STYLE ('',( #5805 ) ) ;
#4471 = PRESENTATION_LAYER_ASSIGNMENT (  '', '', ( #8366 ) ) ;
#4472 = VERTEX_POINT ( 'NONE', #5955 ) ;
#4473 = ORIENTED_EDGE ( 'NONE', *, *, #5479, .F. ) ;
#4474 = MECHANICAL_DESIGN_GEOMETRIC_PRESENTATION_REPRESENTATION (  '', ( #676 ), #8656 ) ;
#4475 = DIRECTION ( 'NONE',  ( 0.7071067811865450192, -0.7071067811865500152, 0.000000000000000000 ) ) ;
#4476 = LINE ( 'NONE', #994, #1628 ) ;
#4477 = STYLED_ITEM ( 'NONE', ( #1200 ), #1902 ) ;
#4478 = PRESENTATION_STYLE_ASSIGNMENT (( #1638 ) ) ;
#4479 = CARTESIAN_POINT ( 'NONE',  ( -0.09645669291338584972, 0.1131889763779527630, 0.000000000000000000 ) ) ;
#4480 = VECTOR ( 'NONE', #8521, 39.37007874015748143 ) ;
#4481 =( LENGTH_UNIT ( ) NAMED_UNIT ( * ) SI_UNIT ( $, .METRE. ) );
#4482 = ORIENTED_EDGE ( 'NONE', *, *, #6098, .F. ) ;
#4483 =( NAMED_UNIT ( * ) SI_UNIT ( $, .STERADIAN. ) SOLID_ANGLE_UNIT ( ) );
#4484 = LENGTH_MEASURE_WITH_UNIT ( LENGTH_MEASURE( 0.02539999999999999897 ), #7179 );
#4485 = EDGE_CURVE ( 'NONE', #1721, #6326, #8524, .T. ) ;
#4486 = COLOUR_RGB ( '',0.7490196078431372584, 0.7490196078431372584, 0.7490196078431372584 ) ;
#4487 = CARTESIAN_POINT ( 'NONE',  ( 0.08963327822881113349, -0.07290115526594750928, 0.04944954249008675501 ) ) ;
#4488 = AXIS2_PLACEMENT_3D ( 'NONE', #1717, #264, #992 ) ;
#4489 = DIRECTION ( 'NONE',  ( 0.000000000000000000, -1.000000000000000000, -0.000000000000000000 ) ) ;
#4490 =( LENGTH_UNIT ( ) NAMED_UNIT ( * ) SI_UNIT ( $, .METRE. ) );
#4491 = DIMENSIONAL_EXPONENTS ( 1.000000000000000000, 0.000000000000000000, 0.000000000000000000, 0.000000000000000000, 0.000000000000000000, 0.000000000000000000, 0.000000000000000000 ) ;
#4492 = PRESENTATION_STYLE_ASSIGNMENT (( #1692 ) ) ;
#4493 = DIRECTION ( 'NONE',  ( 1.000000000000000000, 0.000000000000000000, -0.000000000000000000 ) ) ;
#4494 = VERTEX_POINT ( 'NONE', #5213 ) ;
#4495 = VECTOR ( 'NONE', #3453, 39.37007874015748854 ) ;
#4496 =( NAMED_UNIT ( * ) SI_UNIT ( $, .STERADIAN. ) SOLID_ANGLE_UNIT ( ) );
#4497 = CARTESIAN_POINT ( 'NONE',  ( -0.08869051231072090646, -0.07266318467170387874, 0.04971379740223478422 ) ) ;
#4498 = EDGE_LOOP ( 'NONE', ( #8399, #5936, #8736, #2879 ) ) ;
#4499 = EDGE_CURVE ( 'NONE', #661, #6754, #7976, .T. ) ;
#4500 = PLANE ( 'NONE',  #2962 ) ;
#4501 = DIRECTION ( 'NONE',  ( 0.9925461516413218721, 0.000000000000000000, -0.1218693434051484753 ) ) ;
#4502 = VECTOR ( 'NONE', #2850, 39.37007874015748143 ) ;
#4503 = UNCERTAINTY_MEASURE_WITH_UNIT (LENGTH_MEASURE( 1.000000000000000082E-05 ), #1173, 'distance_accuracy_value', 'NONE');
#4504 = DIRECTION ( 'NONE',  ( 1.000000000000000000, 0.000000000000000000, 0.000000000000000000 ) ) ;
#4505 = ORIENTED_EDGE ( 'NONE', *, *, #4574, .T. ) ;
#4506 = ORIENTED_EDGE ( 'NONE', *, *, #1626, .F. ) ;
#4507 = FILL_AREA_STYLE ('',( #3780 ) ) ;
#4508 = EDGE_CURVE ( 'NONE', #3127, #8387, #8021, .T. ) ;
#4509 = CARTESIAN_POINT ( 'NONE',  ( -0.07795275590551181688, 0.01003937007874015908, 0.000000000000000000 ) ) ;
#4510 = PRESENTATION_LAYER_ASSIGNMENT (  '', '', ( #7229 ) ) ;
#4511 = PLANE ( 'NONE',  #2966 ) ;
#4512 = FILL_AREA_STYLE_COLOUR ( '', #6264 ) ;
#4513 = DIMENSIONAL_EXPONENTS ( 1.000000000000000000, 0.000000000000000000, 0.000000000000000000, 0.000000000000000000, 0.000000000000000000, 0.000000000000000000, 0.000000000000000000 ) ;
#4514 = DIRECTION ( 'NONE',  ( -1.000000000000000000, -0.000000000000000000, -0.000000000000000000 ) ) ;
#4515 =( CONVERSION_BASED_UNIT ( 'INCH', #2468 ) LENGTH_UNIT ( ) NAMED_UNIT ( #5668 ) );
#4516 = ORIENTED_EDGE ( 'NONE', *, *, #3168, .T. ) ;
#4517 = ORIENTED_EDGE ( 'NONE', *, *, #4325, .F. ) ;
#4518 =( NAMED_UNIT ( * ) PLANE_ANGLE_UNIT ( ) SI_UNIT ( $, .RADIAN. ) );
#4519 = MECHANICAL_DESIGN_GEOMETRIC_PRESENTATION_REPRESENTATION (  '', ( #5088 ), #6961 ) ;
#4520 = ADVANCED_FACE ( 'NONE', ( #1742 ), #197, .T. ) ;
#4521 = DIRECTION ( 'NONE',  ( 1.000000000000000000, 0.000000000000000000, 0.000000000000000000 ) ) ;
#4522 = DIRECTION ( 'NONE',  ( 0.000000000000000000, -0.000000000000000000, -1.000000000000000000 ) ) ;
#4523 = FILL_AREA_STYLE ('',( #6846 ) ) ;
#4524 = SURFACE_SIDE_STYLE ('',( #267 ) ) ;
#4525 = LENGTH_MEASURE_WITH_UNIT ( LENGTH_MEASURE( 0.02539999999999999897 ), #952 );
#4526 = ORIENTED_EDGE ( 'NONE', *, *, #2208, .T. ) ;
#4527 = ORIENTED_EDGE ( 'NONE', *, *, #3168, .F. ) ;
#4528 =( GEOMETRIC_REPRESENTATION_CONTEXT ( 3 ) GLOBAL_UNCERTAINTY_ASSIGNED_CONTEXT ( ( #2814 ) ) GLOBAL_UNIT_ASSIGNED_CONTEXT ( ( #562, #1107, #517 ) ) REPRESENTATION_CONTEXT ( 'NONE', 'WORKASPACE' ) );
#4529 = PRESENTATION_STYLE_ASSIGNMENT (( #6543 ) ) ;
#4530 = PRESENTATION_STYLE_ASSIGNMENT (( #8636 ) ) ;
#4531 = SURFACE_SIDE_STYLE ('',( #5197 ) ) ;
#4532 = CARTESIAN_POINT ( 'NONE',  ( 0.09645669291338582196, 0.007027559055118154027, 0.009842519685039361269 ) ) ;
#4533 = COLOUR_RGB ( '',0.7490196078431372584, 0.7490196078431372584, 0.7490196078431372584 ) ;
#4534 = EDGE_CURVE ( 'NONE', #3923, #8697, #3864, .T. ) ;
#4535 = CARTESIAN_POINT ( 'NONE',  ( -0.08307086614173228578, -0.08653382883559765371, 0.01376068786798878042 ) ) ;
#4536 = CARTESIAN_POINT ( 'NONE',  ( 0.06496062992125983815, -0.08221824588295552350, 0.01139540940310114318 ) ) ;
#4537 = EDGE_LOOP ( 'NONE', ( #3085, #7671, #3191, #7324, #19, #8475 ) ) ;
#4538 =( CONVERSION_BASED_UNIT ( 'INCH', #3861 ) LENGTH_UNIT ( ) NAMED_UNIT ( #3228 ) );
#4539 = PLANE ( 'NONE',  #7261 ) ;
#4540 = DIRECTION ( 'NONE',  ( 0.000000000000000000, 0.000000000000000000, 1.000000000000000000 ) ) ;
#4541 = AXIS2_PLACEMENT_3D ( 'NONE', #1276, #8947, #6085 ) ;
#4542 = CARTESIAN_POINT ( 'NONE',  ( 0.09055118110236221041, 0.002027559055118138311, 0.005000000000000000104 ) ) ;
#4543 = LENGTH_MEASURE_WITH_UNIT ( LENGTH_MEASURE( 0.02539999999999999897 ), #8023 );
#4544 = VECTOR ( 'NONE', #3609, 39.37007874015748143 ) ;
#4545 = ORIENTED_EDGE ( 'NONE', *, *, #3356, .T. ) ;
#4546 = EDGE_CURVE ( 'NONE', #7843, #1486, #3082, .T. ) ;
#4547 = EDGE_LOOP ( 'NONE', ( #7612, #5567, #6481, #4397, #7866, #7981, #7320, #5226 ) ) ;
#4548 = COLOUR_RGB ( '',0.2862745098039215508, 0.2862745098039215508, 0.2862745098039215508 ) ;
#4549 = CARTESIAN_POINT ( 'NONE',  ( -0.08995111351097707930, 0.08359640718056680908, 0.05129343022717243461 ) ) ;
#4550 = DIMENSIONAL_EXPONENTS ( 1.000000000000000000, 0.000000000000000000, 0.000000000000000000, 0.000000000000000000, 0.000000000000000000, 0.000000000000000000, 0.000000000000000000 ) ;
#4551 = SURFACE_SIDE_STYLE ('',( #2560 ) ) ;
#4552 = AXIS2_PLACEMENT_3D ( 'NONE', #6588, #369, #8052 ) ;
#4553 = DIRECTION ( 'NONE',  ( 0.000000000000000000, 0.000000000000000000, 1.000000000000000000 ) ) ;
#4554 = AXIS2_PLACEMENT_3D ( 'NONE', #1255, #6812, #3331 ) ;
#4555 = CARTESIAN_POINT ( 'NONE',  ( -0.01496062992125984405, -0.09383657304297417234, 0.02091502454231215086 ) ) ;
#4556 = PRESENTATION_LAYER_ASSIGNMENT (  '', '', ( #4707 ) ) ;
#4557 = PRESENTATION_STYLE_ASSIGNMENT (( #2418 ) ) ;
#4558 = LENGTH_MEASURE_WITH_UNIT ( LENGTH_MEASURE( 0.02539999999999999897 ), #5846 );
#4559 = EDGE_LOOP ( 'NONE', ( #2731, #8080, #4064, #6235, #547, #5220 ) ) ;
#4560 = EDGE_CURVE ( 'NONE', #3470, #3549, #7502, .T. ) ;
#4561 = VERTEX_POINT ( 'NONE', #2595 ) ;
#4562 = VECTOR ( 'NONE', #6674, 39.37007874015748143 ) ;
#4563 =( LENGTH_UNIT ( ) NAMED_UNIT ( * ) SI_UNIT ( $, .METRE. ) );
#4564 = AXIS2_PLACEMENT_3D ( 'NONE', #4263, #3702, #5053 ) ;
#4565 = COLOUR_RGB ( '',0.7490196078431372584, 0.7490196078431372584, 0.7490196078431372584 ) ;
#4566 = FACE_OUTER_BOUND ( 'NONE', #8486, .T. ) ;
#4567 = LINE ( 'NONE', #2475, #6866 ) ;
#4568 =( NAMED_UNIT ( * ) SI_UNIT ( $, .STERADIAN. ) SOLID_ANGLE_UNIT ( ) );
#4569 = AXIS2_PLACEMENT_3D ( 'NONE', #3962, #7470, #4779 ) ;
#4570 = DIRECTION ( 'NONE',  ( -0.000000000000000000, -0.000000000000000000, 1.000000000000000000 ) ) ;
#4571 = ORIENTED_EDGE ( 'NONE', *, *, #367, .F. ) ;
#4572 = ORIENTED_EDGE ( 'NONE', *, *, #3464, .T. ) ;
#4573 = DIRECTION ( 'NONE',  ( 0.000000000000000000, 1.000000000000000000, 0.000000000000000000 ) ) ;
#4574 = EDGE_CURVE ( 'NONE', #4750, #8575, #7846, .T. ) ;
#4575 = FACE_OUTER_BOUND ( 'NONE', #1331, .T. ) ;
#4576 = STYLED_ITEM ( 'NONE', ( #2908 ), #5529 ) ;
#4577 = SURFACE_STYLE_USAGE ( .BOTH. , #1816 ) ;
#4578 = DIRECTION ( 'NONE',  ( 0.000000000000000000, 0.000000000000000000, 1.000000000000000000 ) ) ;
#4579 = DIRECTION ( 'NONE',  ( 0.000000000000000000, -0.04595002157773900309, 0.9989437399158199726 ) ) ;
#4580 = DIRECTION ( 'NONE',  ( -0.000000000000000000, 1.000000000000000000, 0.000000000000000000 ) ) ;
#4581 = PLANE ( 'NONE',  #2018 ) ;
#4582 = SURFACE_STYLE_FILL_AREA ( #7268 ) ;
#4583 = DIRECTION ( 'NONE',  ( -0.000000000000000000, 0.4806245840651710566, 0.8769264559768860101 ) ) ;
#4584 = PLANE ( 'NONE',  #5667 ) ;
#4585 = CARTESIAN_POINT ( 'NONE',  ( -0.08753937007874017240, 0.01003937007874018683, 0.005000000000000000104 ) ) ;
#4586 = EDGE_LOOP ( 'NONE', ( #1472, #8790, #829, #5225 ) ) ;
#4587 = STYLED_ITEM ( 'NONE', ( #4353 ), #3563 ) ;
#4588 = LENGTH_MEASURE_WITH_UNIT ( LENGTH_MEASURE( 0.02539999999999999897 ), #333 );
#4589 = FACE_OUTER_BOUND ( 'NONE', #6810, .T. ) ;
#4590 = PRESENTATION_STYLE_ASSIGNMENT (( #8109 ) ) ;
#4591 = ADVANCED_FACE ( 'NONE', ( #8771 ), #4679, .F. ) ;
#4592 = SURFACE_STYLE_FILL_AREA ( #2314 ) ;
#4593 = SURFACE_SIDE_STYLE ('',( #1786 ) ) ;
#4594 = SURFACE_STYLE_FILL_AREA ( #2553 ) ;
#4595 = CIRCLE ( 'NONE', #3867, 0.009842519685039369942 ) ;
#4596 = ORIENTED_EDGE ( 'NONE', *, *, #7516, .F. ) ;
#4597 = UNCERTAINTY_MEASURE_WITH_UNIT (LENGTH_MEASURE( 1.000000000000000082E-05 ), #8036, 'distance_accuracy_value', 'NONE');
#4598 = ORIENTED_EDGE ( 'NONE', *, *, #3058, .F. ) ;
#4599 = CARTESIAN_POINT ( 'NONE',  ( 0.09055118110236221041, 0.007027559055118149690, 0.009842519685039369942 ) ) ;
#4600 =( NAMED_UNIT ( * ) PLANE_ANGLE_UNIT ( ) SI_UNIT ( $, .RADIAN. ) );
#4601 = LINE ( 'NONE', #7986, #380 ) ;
#4602 = COLOUR_RGB ( '',0.7490196078431372584, 0.7490196078431372584, 0.7490196078431372584 ) ;
#4603 = EDGE_CURVE ( 'NONE', #1947, #480, #3396, .T. ) ;
#4604 = DIRECTION ( 'NONE',  ( 0.000000000000000000, 0.000000000000000000, -1.000000000000000000 ) ) ;
#4605 = SURFACE_STYLE_USAGE ( .BOTH. , #7893 ) ;
#4606 = VERTEX_POINT ( 'NONE', #4639 ) ;
#4607 = VERTEX_POINT ( 'NONE', #8242 ) ;
#4608 =( CONVERSION_BASED_UNIT ( 'INCH', #536 ) LENGTH_UNIT ( ) NAMED_UNIT ( #3911 ) );
#4609 = CARTESIAN_POINT ( 'NONE',  ( -0.02500000000000000139, -0.08244437787890905589, 0.01631147111528527538 ) ) ;
#4610 = AXIS2_PLACEMENT_3D ( 'NONE', #7788, #8479, #5594 ) ;
#4611 = PRESENTATION_LAYER_ASSIGNMENT (  '', '', ( #2131 ) ) ;
#4612 = SURFACE_STYLE_USAGE ( .BOTH. , #8040 ) ;
#4613 =( LENGTH_UNIT ( ) NAMED_UNIT ( * ) SI_UNIT ( $, .METRE. ) );
#4614 = DIMENSIONAL_EXPONENTS ( 1.000000000000000000, 0.000000000000000000, 0.000000000000000000, 0.000000000000000000, 0.000000000000000000, 0.000000000000000000, 0.000000000000000000 ) ;
#4615 = EDGE_CURVE ( 'NONE', #4028, #2432, #3215, .T. ) ;
#4616 =( NAMED_UNIT ( * ) SI_UNIT ( $, .STERADIAN. ) SOLID_ANGLE_UNIT ( ) );
#4617 = VECTOR ( 'NONE', #6996, 39.37007874015748854 ) ;
#4618 = CARTESIAN_POINT ( 'NONE',  ( -0.09055118110236221041, 0.007027559055118149690, 0.000000000000000000 ) ) ;
#4619 = SURFACE_STYLE_FILL_AREA ( #6015 ) ;
#4620 = ORIENTED_EDGE ( 'NONE', *, *, #8583, .T. ) ;
#4621 = VERTEX_POINT ( 'NONE', #3999 ) ;
#4622 =( LENGTH_UNIT ( ) NAMED_UNIT ( * ) SI_UNIT ( $, .METRE. ) );
#4623 = PRESENTATION_STYLE_ASSIGNMENT (( #4577 ) ) ;
#4624 = CIRCLE ( 'NONE', #3165, 0.003149606299212602718 ) ;
#4625 = LENGTH_MEASURE_WITH_UNIT ( LENGTH_MEASURE( 0.02539999999999999897 ), #6545 );
#4626 = DIRECTION ( 'NONE',  ( 1.000000000000000000, 0.000000000000000000, -0.000000000000000000 ) ) ;
#4627 = MECHANICAL_DESIGN_GEOMETRIC_PRESENTATION_REPRESENTATION (  '', ( #4477 ), #5803 ) ;
#4628 = DIRECTION ( 'NONE',  ( -0.000000000000000000, -0.000000000000000000, 1.000000000000000000 ) ) ;
#4629 = SURFACE_STYLE_FILL_AREA ( #3208 ) ;
#4630 =( LENGTH_UNIT ( ) NAMED_UNIT ( * ) SI_UNIT ( $, .METRE. ) );
#4631 = LENGTH_MEASURE_WITH_UNIT ( LENGTH_MEASURE( 0.02539999999999999897 ), #8727 );
#4632 = CARTESIAN_POINT ( 'NONE',  ( -0.01692913385826771630, -0.1210629921259842590, 0.01357377070548917292 ) ) ;
#4633 = DIMENSIONAL_EXPONENTS ( 1.000000000000000000, 0.000000000000000000, 0.000000000000000000, 0.000000000000000000, 0.000000000000000000, 0.000000000000000000, 0.000000000000000000 ) ;
#4634 = PRESENTATION_STYLE_ASSIGNMENT (( #6691 ) ) ;
#4635 = ORIENTED_EDGE ( 'NONE', *, *, #8353, .T. ) ;
#4636 =( GEOMETRIC_REPRESENTATION_CONTEXT ( 3 ) GLOBAL_UNCERTAINTY_ASSIGNED_CONTEXT ( ( #4242 ) ) GLOBAL_UNIT_ASSIGNED_CONTEXT ( ( #1806, #6616, #446 ) ) REPRESENTATION_CONTEXT ( 'NONE', 'WORKASPACE' ) );
#4637 =( CONVERSION_BASED_UNIT ( 'INCH', #5444 ) LENGTH_UNIT ( ) NAMED_UNIT ( #3116 ) );
#4638 = CYLINDRICAL_SURFACE ( 'NONE', #2540, 0.009842519685039373412 ) ;
#4639 = CARTESIAN_POINT ( 'NONE',  ( -0.08753937007874017240, -0.0009842519685039352595, 0.000000000000000000 ) ) ;
#4640 = CARTESIAN_POINT ( 'NONE',  ( 0.09645669291338584972, 0.007027559055118155762, 0.000000000000000000 ) ) ;
#4641 = MECHANICAL_DESIGN_GEOMETRIC_PRESENTATION_REPRESENTATION (  '', ( #5059 ), #5813 ) ;
#4642 = VERTEX_POINT ( 'NONE', #516 ) ;
#4643 = DIRECTION ( 'NONE',  ( 0.000000000000000000, -1.000000000000000000, 0.000000000000000000 ) ) ;
#4644 = FACE_OUTER_BOUND ( 'NONE', #2181, .T. ) ;
#4645 = LINE ( 'NONE', #3960, #2161 ) ;
#4646 = SURFACE_STYLE_USAGE ( .BOTH. , #4551 ) ;
#4647 = SURFACE_STYLE_USAGE ( .BOTH. , #8072 ) ;
#4648 = CARTESIAN_POINT ( 'NONE',  ( 0.09006229564024276213, -0.07650611636306656194, 0.04433875722176137263 ) ) ;
#4649 = DIRECTION ( 'NONE',  ( 0.000000000000000000, 0.7143278697962460733, -0.6998111848437100768 ) ) ;
#4650 = VECTOR ( 'NONE', #7451, 39.37007874015748143 ) ;
#4651 = ORIENTED_EDGE ( 'NONE', *, *, #6580, .F. ) ;
#4652 = ORIENTED_EDGE ( 'NONE', *, *, #7560, .T. ) ;
#4653 = CARTESIAN_POINT ( 'NONE',  ( -0.03307086614173228301, -0.08653382883559770922, 0.01376068786798871797 ) ) ;
#4654 = PRESENTATION_LAYER_ASSIGNMENT (  '', '', ( #6926 ) ) ;
#4655 = EDGE_CURVE ( 'NONE', #8199, #4853, #3303, .T. ) ;
#4656 = PRODUCT_RELATED_PRODUCT_CATEGORY ( 'part', '', ( #71 ) ) ;
#4657 = LINE ( 'NONE', #7212, #374 ) ;
#4658 = SURFACE_SIDE_STYLE ('',( #7304 ) ) ;
#4659 =( CONVERSION_BASED_UNIT ( 'INCH', #3671 ) LENGTH_UNIT ( ) NAMED_UNIT ( #6976 ) );
#4660 = DIRECTION ( 'NONE',  ( 1.000000000000000000, 0.000000000000000000, 0.000000000000000000 ) ) ;
#4661 = VERTEX_POINT ( 'NONE', #6647 ) ;
#4662 = VERTEX_POINT ( 'NONE', #8912 ) ;
#4663 = SURFACE_STYLE_USAGE ( .BOTH. , #3889 ) ;
#4664 = UNCERTAINTY_MEASURE_WITH_UNIT (LENGTH_MEASURE( 1.000000000000000082E-05 ), #904, 'distance_accuracy_value', 'NONE');
#4665 = CIRCLE ( 'NONE', #2028, 0.004921259842519684971 ) ;
#4666 = FILL_AREA_STYLE ('',( #3005 ) ) ;
#4667 = CARTESIAN_POINT ( 'NONE',  ( 0.06692913385826770867, -0.08653382883559765371, 0.01376068786798878042 ) ) ;
#4668 = VECTOR ( 'NONE', #8962, 39.37007874015748143 ) ;
#4669 = FILL_AREA_STYLE ('',( #2010 ) ) ;
#4670 = DIMENSIONAL_EXPONENTS ( 1.000000000000000000, 0.000000000000000000, 0.000000000000000000, 0.000000000000000000, 0.000000000000000000, 0.000000000000000000, 0.000000000000000000 ) ;
#4671 = DIRECTION ( 'NONE',  ( -1.000000000000000000, -0.000000000000000000, 0.000000000000000000 ) ) ;
#4672 = ORIENTED_EDGE ( 'NONE', *, *, #2275, .F. ) ;
#4673 = CARTESIAN_POINT ( 'NONE',  ( -0.08875394017312095152, 0.08540748348020758829, 0.04673228346456685667 ) ) ;
#4674 = SURFACE_STYLE_FILL_AREA ( #6131 ) ;
#4675 = ORIENTED_EDGE ( 'NONE', *, *, #7591, .F. ) ;
#4676 = MECHANICAL_DESIGN_GEOMETRIC_PRESENTATION_REPRESENTATION (  '', ( #8848 ), #448 ) ;
#4677 = COLOUR_RGB ( '',0.7490196078431372584, 0.7490196078431372584, 0.7490196078431372584 ) ;
#4678 = FACE_OUTER_BOUND ( 'NONE', #3605, .T. ) ;
#4679 = CYLINDRICAL_SURFACE ( 'NONE', #8711, 0.008858267716535431213 ) ;
#4680 = DIRECTION ( 'NONE',  ( 0.000000000000000000, 1.000000000000000000, -0.000000000000000000 ) ) ;
#4681 = LENGTH_MEASURE_WITH_UNIT ( LENGTH_MEASURE( 0.02539999999999999897 ), #3400 );
#4682 = PRESENTATION_STYLE_ASSIGNMENT (( #1878 ) ) ;
#4683 = ORIENTED_EDGE ( 'NONE', *, *, #4178, .F. ) ;
#4684 = EDGE_LOOP ( 'NONE', ( #1933, #2384, #25, #1286 ) ) ;
#4685 = CARTESIAN_POINT ( 'NONE',  ( 0.09188006978458961027, -0.01441929133858267827, 0.04711612391623658941 ) ) ;
#4686 = CIRCLE ( 'NONE', #2795, 0.009842519685039369942 ) ;
#4687 = SURFACE_STYLE_FILL_AREA ( #8202 ) ;
#4688 = CARTESIAN_POINT ( 'NONE',  ( 0.09644984818987711872, -0.07763323654739442969, 0.009953868386747437291 ) ) ;
#4689 =( CONVERSION_BASED_UNIT ( 'INCH', #6097 ) LENGTH_UNIT ( ) NAMED_UNIT ( #1813 ) );
#4690 = DIRECTION ( 'NONE',  ( 0.000000000000000000, 0.000000000000000000, -1.000000000000000000 ) ) ;
#4691 = MECHANICAL_DESIGN_GEOMETRIC_PRESENTATION_REPRESENTATION (  '', ( #6148 ), #6989 ) ;
#4692 =( NAMED_UNIT ( * ) SI_UNIT ( $, .STERADIAN. ) SOLID_ANGLE_UNIT ( ) );
#4693 = ADVANCED_FACE ( 'NONE', ( #1233 ), #7407, .T. ) ;
#4694 = EDGE_LOOP ( 'NONE', ( #6287, #7564, #2862, #3183 ) ) ;
#4695 = ORIENTED_EDGE ( 'NONE', *, *, #1809, .T. ) ;
#4696 = DIRECTION ( 'NONE',  ( 1.000000000000000000, 0.000000000000000000, -0.000000000000000000 ) ) ;
#4697 = MECHANICAL_DESIGN_GEOMETRIC_PRESENTATION_REPRESENTATION (  '', ( #1033 ), #6419 ) ;
#4698 = FILL_AREA_STYLE ('',( #8218 ) ) ;
#4699 = STYLED_ITEM ( 'NONE', ( #5714 ), #8095 ) ;
#4700 = CARTESIAN_POINT ( 'NONE',  ( 0.08858267716535435377, 0.1210629921259842451, 0.000000000000000000 ) ) ;
#4701 = EDGE_CURVE ( 'NONE', #3337, #5692, #1372, .T. ) ;
#4702 = COLOUR_RGB ( '',0.7490196078431372584, 0.7490196078431372584, 0.7490196078431372584 ) ;
#4703 = PRESENTATION_LAYER_ASSIGNMENT (  '', '', ( #2377 ) ) ;
#4704 = CARTESIAN_POINT ( 'NONE',  ( 0.08753937007874014464, -0.0009842519685039198638, 0.009842519685039369942 ) ) ;
#4705 = ORIENTED_EDGE ( 'NONE', *, *, #876, .F. ) ;
#4706 = ORIENTED_EDGE ( 'NONE', *, *, #5914, .F. ) ;
#4707 = STYLED_ITEM ( 'NONE', ( #300 ), #7445 ) ;
#4708 = ADVANCED_FACE ( 'NONE', ( #2163 ), #49, .F. ) ;
#4709 = FILL_AREA_STYLE ('',( #8002 ) ) ;
#4710 =( NAMED_UNIT ( * ) SI_UNIT ( $, .STERADIAN. ) SOLID_ANGLE_UNIT ( ) );
#4711 = LINE ( 'NONE', #2667, #3971 ) ;
#4712 =( BOUNDED_CURVE ( )  B_SPLINE_CURVE ( 3, ( #6521, #287, #8611, #4418 ),
 .UNSPECIFIED., .F., .F. ) 
 B_SPLINE_CURVE_WITH_KNOTS ( ( 4, 4 ),
 ( 5.501507132124526578, 7.064863482234678749 ),
 .UNSPECIFIED. ) 
 CURVE ( )  GEOMETRIC_REPRESENTATION_ITEM ( )  RATIONAL_B_SPLINE_CURVE ( ( 1.000000000000000000, 0.8064882076837740499, 0.8064882076837740499, 1.000000000000000000 ) ) 
 REPRESENTATION_ITEM ( '' )  );
#4713 = SURFACE_STYLE_FILL_AREA ( #7719 ) ;
#4714 = DIRECTION ( 'NONE',  ( 0.1209742911513550095, -0.1209742911513550095, 0.9852565360152930607 ) ) ;
#4715 = SURFACE_STYLE_USAGE ( .BOTH. , #5252 ) ;
#4716 = DIRECTION ( 'NONE',  ( 0.000000000000000000, 0.000000000000000000, 1.000000000000000000 ) ) ;
#4717 = MECHANICAL_DESIGN_GEOMETRIC_PRESENTATION_REPRESENTATION (  '', ( #4576 ), #5593 ) ;
#4718 = DIRECTION ( 'NONE',  ( 1.000000000000000000, 0.000000000000000000, 0.000000000000000000 ) ) ;
#4719 =( NAMED_UNIT ( * ) SI_UNIT ( $, .STERADIAN. ) SOLID_ANGLE_UNIT ( ) );
#4720 = EDGE_CURVE ( 'NONE', #8200, #8917, #8383, .T. ) ;
#4721 = FILL_AREA_STYLE ('',( #478 ) ) ;
#4722 = CARTESIAN_POINT ( 'NONE',  ( 0.09645664948795726334, 0.08997232483970334094, 0.009842873356772884053 ) ) ;
#4723 = CARTESIAN_POINT ( 'NONE',  ( -0.06692913385826770867, -0.1210629921259842590, 0.009880116511253426298 ) ) ;
#4724 = VERTEX_POINT ( 'NONE', #1456 ) ;
#4725 = ORIENTED_EDGE ( 'NONE', *, *, #1239, .F. ) ;
#4726 = STYLED_ITEM ( 'NONE', ( #1866 ), #5655 ) ;
#4727 = FILL_AREA_STYLE_COLOUR ( '', #554 ) ;
#4728 = COLOUR_RGB ( '',0.7490196078431372584, 0.7490196078431372584, 0.7490196078431372584 ) ;
#4729 =( GEOMETRIC_REPRESENTATION_CONTEXT ( 3 ) GLOBAL_UNCERTAINTY_ASSIGNED_CONTEXT ( ( #3054 ) ) GLOBAL_UNIT_ASSIGNED_CONTEXT ( ( #8425, #1685, #7089 ) ) REPRESENTATION_CONTEXT ( 'NONE', 'WORKASPACE' ) );
#4730 = LINE ( 'NONE', #2558, #6211 ) ;
#4731 = DIMENSIONAL_EXPONENTS ( 1.000000000000000000, 0.000000000000000000, 0.000000000000000000, 0.000000000000000000, 0.000000000000000000, 0.000000000000000000, 0.000000000000000000 ) ;
#4732 = LENGTH_MEASURE_WITH_UNIT ( LENGTH_MEASURE( 0.02539999999999999897 ), #1940 );
#4733 = CARTESIAN_POINT ( 'NONE',  ( 0.09331878153261677356, -0.07893696444858722128, 0.009842873356772910073 ) ) ;
#4734 = CARTESIAN_POINT ( 'NONE',  ( 0.07795275590551181688, -0.01909448818897637595, 0.009842519685039369942 ) ) ;
#4735 = SURFACE_STYLE_USAGE ( .BOTH. , #6051 ) ;
#4736 = MECHANICAL_DESIGN_GEOMETRIC_PRESENTATION_REPRESENTATION (  '', ( #2107 ), #1957 ) ;
#4737 = SURFACE_STYLE_FILL_AREA ( #6189 ) ;
#4738 = PRESENTATION_LAYER_ASSIGNMENT (  '', '', ( #1368 ) ) ;
#4739 = FILL_AREA_STYLE ('',( #8208 ) ) ;
#4740 = PRESENTATION_STYLE_ASSIGNMENT (( #3875 ) ) ;
#4741 = ORIENTED_EDGE ( 'NONE', *, *, #1592, .T. ) ;
#4742 = VERTEX_POINT ( 'NONE', #2907 ) ;
#4743 = COLOUR_RGB ( '',0.2862745098039215508, 0.2862745098039215508, 0.2862745098039215508 ) ;
#4744 =( CONVERSION_BASED_UNIT ( 'INCH', #8219 ) LENGTH_UNIT ( ) NAMED_UNIT ( #7145 ) );
#4745 = FILL_AREA_STYLE ('',( #1257 ) ) ;
#4746 = FILL_AREA_STYLE_COLOUR ( '', #4827 ) ;
#4747 = SURFACE_STYLE_FILL_AREA ( #3286 ) ;
#4748 = STYLED_ITEM ( 'NONE', ( #4150 ), #1231 ) ;
#4749 = CARTESIAN_POINT ( 'NONE',  ( -0.03307086614173228301, -0.1018685864235539529, 0.01649946766896011677 ) ) ;
#4750 = VERTEX_POINT ( 'NONE', #4988 ) ;
#4751 = ORIENTED_EDGE ( 'NONE', *, *, #3641, .T. ) ;
#4752 = UNCERTAINTY_MEASURE_WITH_UNIT (LENGTH_MEASURE( 1.000000000000000082E-05 ), #7218, 'distance_accuracy_value', 'NONE');
#4753 = AXIS2_PLACEMENT_3D ( 'NONE', #5477, #8229, #6245 ) ;
#4754 = LENGTH_MEASURE_WITH_UNIT ( LENGTH_MEASURE( 0.02539999999999999897 ), #6734 );
#4755 = STYLED_ITEM ( 'NONE', ( #4399 ), #198 ) ;
#4756 = ADVANCED_FACE ( 'NONE', ( #7735 ), #1506, .T. ) ;
#4757 =( CONVERSION_BASED_UNIT ( 'INCH', #7450 ) LENGTH_UNIT ( ) NAMED_UNIT ( #4334 ) );
#4758 = PRESENTATION_STYLE_ASSIGNMENT (( #3435 ) ) ;
#4759 = STYLED_ITEM ( 'NONE', ( #5465 ), #1728 ) ;
#4760 = LINE ( 'NONE', #1438, #3754 ) ;
#4761 = FILL_AREA_STYLE_COLOUR ( '', #5175 ) ;
#4762 = DIRECTION ( 'NONE',  ( 0.000000000000000000, 0.000000000000000000, -1.000000000000000000 ) ) ;
#4763 = MECHANICAL_DESIGN_GEOMETRIC_PRESENTATION_REPRESENTATION (  '', ( #2283 ), #7633 ) ;
#4764 = EDGE_CURVE ( 'NONE', #6115, #2361, #1167, .T. ) ;
#4765 = EDGE_CURVE ( 'NONE', #4971, #783, #8641, .T. ) ;
#4766 = SURFACE_SIDE_STYLE ('',( #7500 ) ) ;
#4767 = COLOUR_RGB ( '',0.2862745098039215508, 0.2862745098039215508, 0.2862745098039215508 ) ;
#4768 = STYLED_ITEM ( 'NONE', ( #5453 ), #631 ) ;
#4769 = DIRECTION ( 'NONE',  ( 0.000000000000000000, 0.000000000000000000, -1.000000000000000000 ) ) ;
#4770 = CARTESIAN_POINT ( 'NONE',  ( 0.02500000000000000139, -0.08244437787890905589, 0.01631147111528527538 ) ) ;
#4771 = ORIENTED_EDGE ( 'NONE', *, *, #508, .T. ) ;
#4772 = ORIENTED_EDGE ( 'NONE', *, *, #5277, .F. ) ;
#4773 = UNCERTAINTY_MEASURE_WITH_UNIT (LENGTH_MEASURE( 1.000000000000000082E-05 ), #4957, 'distance_accuracy_value', 'NONE');
#4774 = ORIENTED_EDGE ( 'NONE', *, *, #6855, .F. ) ;
#4775 =( CONVERSION_BASED_UNIT ( 'INCH', #6223 ) LENGTH_UNIT ( ) NAMED_UNIT ( #3972 ) );
#4776 = EDGE_CURVE ( 'NONE', #3506, #1716, #4686, .T. ) ;
#4777 = PLANE ( 'NONE',  #3110 ) ;
#4778 = SURFACE_STYLE_USAGE ( .BOTH. , #6050 ) ;
#4779 = DIRECTION ( 'NONE',  ( 0.000000000000000000, 0.000000000000000000, -1.000000000000000000 ) ) ;
#4780 =( CONVERSION_BASED_UNIT ( 'INCH', #3963 ) LENGTH_UNIT ( ) NAMED_UNIT ( #7853 ) );
#4781 =( GEOMETRIC_REPRESENTATION_CONTEXT ( 3 ) GLOBAL_UNCERTAINTY_ASSIGNED_CONTEXT ( ( #17 ) ) GLOBAL_UNIT_ASSIGNED_CONTEXT ( ( #7798, #1578, #1023 ) ) REPRESENTATION_CONTEXT ( 'NONE', 'WORKASPACE' ) );
#4782 = DIRECTION ( 'NONE',  ( 0.000000000000000000, 0.9493195219305766708, 0.3143126552996259315 ) ) ;
#4783 = ORIENTED_EDGE ( 'NONE', *, *, #8722, .F. ) ;
#4784 = ORIENTED_EDGE ( 'NONE', *, *, #3476, .F. ) ;
#4785 = DIRECTION ( 'NONE',  ( 0.000000000000000000, 1.000000000000000000, -0.000000000000000000 ) ) ;
#4786 = VECTOR ( 'NONE', #7189, 39.37007874015748143 ) ;
#4787 = STYLED_ITEM ( 'NONE', ( #3690 ), #2365 ) ;
#4788 =( NAMED_UNIT ( * ) SI_UNIT ( $, .STERADIAN. ) SOLID_ANGLE_UNIT ( ) );
#4789 = LINE ( 'NONE', #8133, #26 ) ;
#4790 = DIMENSIONAL_EXPONENTS ( 1.000000000000000000, 0.000000000000000000, 0.000000000000000000, 0.000000000000000000, 0.000000000000000000, 0.000000000000000000, 0.000000000000000000 ) ;
#4791 = SURFACE_SIDE_STYLE ('',( #5467 ) ) ;
#4792 = CARTESIAN_POINT ( 'NONE',  ( 0.02500000000000000139, -0.08565767112959683793, 0.02601659103690530384 ) ) ;
#4793 = AXIS2_PLACEMENT_3D ( 'NONE', #2344, #1448, #773 ) ;
#4794 =( CONVERSION_BASED_UNIT ( 'INCH', #3927 ) LENGTH_UNIT ( ) NAMED_UNIT ( #7359 ) );
#4795 = VERTEX_POINT ( 'NONE', #8558 ) ;
#4796 = VERTEX_POINT ( 'NONE', #2255 ) ;
#4797 = LENGTH_MEASURE_WITH_UNIT ( LENGTH_MEASURE( 0.02539999999999999897 ), #4622 );
#4798 = CARTESIAN_POINT ( 'NONE',  ( -0.08946850393700787885, 0.08129921259842519399, 0.009842519685039369942 ) ) ;
#4799 = SURFACE_STYLE_USAGE ( .BOTH. , #2006 ) ;
#4800 = CARTESIAN_POINT ( 'NONE',  ( -0.07074210174531850304, -0.05322241670594842627, 0.04988188976377952444 ) ) ;
#4801 = CIRCLE ( 'NONE', #4231, 0.009842519685039373412 ) ;
#4802 = SURFACE_SIDE_STYLE ('',( #3436 ) ) ;
#4803 = FILL_AREA_STYLE_COLOUR ( '', #558 ) ;
#4804 = CARTESIAN_POINT ( 'NONE',  ( 0.03503937007874016046, -0.09383657304297417234, 0.02091502454231215086 ) ) ;
#4805 = CIRCLE ( 'NONE', #863, 0.009842519685039369942 ) ;
#4806 = SURFACE_SIDE_STYLE ('',( #4085 ) ) ;
#4807 = CARTESIAN_POINT ( 'NONE',  ( 0.08779069753053732328, 0.08641048960960875935, 0.04955826332223256525 ) ) ;
#4808 = LINE ( 'NONE', #3304, #5691 ) ;
#4809 =( NAMED_UNIT ( * ) SI_UNIT ( $, .STERADIAN. ) SOLID_ANGLE_UNIT ( ) );
#4810 = ADVANCED_FACE ( 'NONE', ( #914 ), #184, .T. ) ;
#4811 = ORIENTED_EDGE ( 'NONE', *, *, #1335, .T. ) ;
#4812 = EDGE_LOOP ( 'NONE', ( #8047, #2593, #7197, #2688 ) ) ;
#4813 = EDGE_LOOP ( 'NONE', ( #142, #7982, #1663, #5704 ) ) ;
#4814 = FILL_AREA_STYLE_COLOUR ( '', #1270 ) ;
#4815 =( CONVERSION_BASED_UNIT ( 'INCH', #2025 ) LENGTH_UNIT ( ) NAMED_UNIT ( #5054 ) );
#4816 = CARTESIAN_POINT ( 'NONE',  ( -0.09042084030531757910, -0.07290115526594750928, 0.04882104092741533508 ) ) ;
#4817 = PRODUCT_DEFINITION_SHAPE ( 'NONE', 'NONE',  #8996 ) ;
#4818 = LINE ( 'NONE', #6886, #1775 ) ;
#4819 = FILL_AREA_STYLE_COLOUR ( '', #2366 ) ;
#4820 = STYLED_ITEM ( 'NONE', ( #8343 ), #7295 ) ;
#4821 =( GEOMETRIC_REPRESENTATION_CONTEXT ( 3 ) GLOBAL_UNCERTAINTY_ASSIGNED_CONTEXT ( ( #6916 ) ) GLOBAL_UNIT_ASSIGNED_CONTEXT ( ( #6339, #8948, #7592 ) ) REPRESENTATION_CONTEXT ( 'NONE', 'WORKASPACE' ) );
#4822 =( NAMED_UNIT ( * ) PLANE_ANGLE_UNIT ( ) SI_UNIT ( $, .RADIAN. ) );
#4823 = ORIENTED_EDGE ( 'NONE', *, *, #8967, .F. ) ;
#4824 = ORIENTED_EDGE ( 'NONE', *, *, #5829, .F. ) ;
#4825 = CARTESIAN_POINT ( 'NONE',  ( 0.09055118110236221041, 0.002027559055118137877, 0.005000000000000000104 ) ) ;
#4826 = FILL_AREA_STYLE ('',( #8793 ) ) ;
#4827 = COLOUR_RGB ( '',0.7490196078431372584, 0.7490196078431372584, 0.7490196078431372584 ) ;
#4828 = DIRECTION ( 'NONE',  ( 0.7071067811865480168, 0.7071067811865470176, 0.000000000000000000 ) ) ;
#4829 =( LENGTH_UNIT ( ) NAMED_UNIT ( * ) SI_UNIT ( $, .METRE. ) );
#4830 =( GEOMETRIC_REPRESENTATION_CONTEXT ( 3 ) GLOBAL_UNCERTAINTY_ASSIGNED_CONTEXT ( ( #3624 ) ) GLOBAL_UNIT_ASSIGNED_CONTEXT ( ( #3048, #1144, #654 ) ) REPRESENTATION_CONTEXT ( 'NONE', 'WORKASPACE' ) );
#4831 = FILL_AREA_STYLE_COLOUR ( '', #4105 ) ;
#4832 =( CONVERSION_BASED_UNIT ( 'INCH', #8407 ) LENGTH_UNIT ( ) NAMED_UNIT ( #6607 ) );
#4833 = ORIENTED_EDGE ( 'NONE', *, *, #6630, .T. ) ;
#4834 = ORIENTED_EDGE ( 'NONE', *, *, #6432, .T. ) ;
#4835 = DIRECTION ( 'NONE',  ( 0.000000000000000000, 0.7143278697962581747, -0.6998111848436976423 ) ) ;
#4836 = AXIS2_PLACEMENT_3D ( 'NONE', #817, #1357, #130 ) ;
#4837 =( LENGTH_UNIT ( ) NAMED_UNIT ( * ) SI_UNIT ( $, .METRE. ) );
#4838 =( CONVERSION_BASED_UNIT ( 'INCH', #8461 ) LENGTH_UNIT ( ) NAMED_UNIT ( #1696 ) );
#4839 = ADVANCED_FACE ( 'NONE', ( #8512 ), #5067, .T. ) ;
#4840 = CARTESIAN_POINT ( 'NONE',  ( 0.02500000000000000139, -0.09383657304297415847, 0.02091502454231218208 ) ) ;
#4841 = VECTOR ( 'NONE', #2832, 39.37007874015748143 ) ;
#4842 = EDGE_CURVE ( 'NONE', #1610, #2470, #6111, .T. ) ;
#4843 = DIMENSIONAL_EXPONENTS ( 1.000000000000000000, 0.000000000000000000, 0.000000000000000000, 0.000000000000000000, 0.000000000000000000, 0.000000000000000000, 0.000000000000000000 ) ;
#4844 = FACE_OUTER_BOUND ( 'NONE', #3108, .T. ) ;
#4845 =( LENGTH_UNIT ( ) NAMED_UNIT ( * ) SI_UNIT ( $, .METRE. ) );
#4846 = CARTESIAN_POINT ( 'NONE',  ( -0.03503937007874016046, -0.08814047546094172514, 0.01988863945244704820 ) ) ;
#4847 = UNCERTAINTY_MEASURE_WITH_UNIT (LENGTH_MEASURE( 1.000000000000000082E-05 ), #1541, 'distance_accuracy_value', 'NONE');
#4848 = FACE_OUTER_BOUND ( 'NONE', #8615, .T. ) ;
#4849 = FACE_OUTER_BOUND ( 'NONE', #5951, .T. ) ;
#4850 = CARTESIAN_POINT ( 'NONE',  ( -0.06692913385826770867, -0.06107104945795473194, 0.02714754141097830767 ) ) ;
#4851 = LENGTH_MEASURE_WITH_UNIT ( LENGTH_MEASURE( 0.02539999999999999897 ), #8287 );
#4852 = FACE_OUTER_BOUND ( 'NONE', #8517, .T. ) ;
#4853 = VERTEX_POINT ( 'NONE', #1999 ) ;
#4854 = ORIENTED_EDGE ( 'NONE', *, *, #3309, .T. ) ;
#4855 = VERTEX_POINT ( 'NONE', #1901 ) ;
#4856 = SURFACE_STYLE_USAGE ( .BOTH. , #2075 ) ;
#4857 = SURFACE_SIDE_STYLE ('',( #102 ) ) ;
#4858 = FILL_AREA_STYLE_COLOUR ( '', #7071 ) ;
#4859 = CIRCLE ( 'NONE', #8035, 0.003149606299212600984 ) ;
#4860 =( LENGTH_UNIT ( ) NAMED_UNIT ( * ) SI_UNIT ( $, .METRE. ) );
#4861 = DIRECTION ( 'NONE',  ( 0.000000000000000000, -0.9989437399158199726, -0.04595002157773846879 ) ) ;
#4862 =( NAMED_UNIT ( * ) SI_UNIT ( $, .STERADIAN. ) SOLID_ANGLE_UNIT ( ) );
#4863 = UNCERTAINTY_MEASURE_WITH_UNIT (LENGTH_MEASURE( 1.000000000000000082E-05 ), #1817, 'distance_accuracy_value', 'NONE');
#4864 = ADVANCED_FACE ( 'NONE', ( #7438 ), #2707, .F. ) ;
#4865 = ORIENTED_EDGE ( 'NONE', *, *, #3706, .F. ) ;
#4866 = ORIENTED_EDGE ( 'NONE', *, *, #868, .T. ) ;
#4867 = CARTESIAN_POINT ( 'NONE',  ( -0.07795275590551181688, 0.09311023622047245873, 0.009842519685039369942 ) ) ;
#4868 = ORIENTED_EDGE ( 'NONE', *, *, #1690, .T. ) ;
#4869 = EDGE_CURVE ( 'NONE', #3222, #2817, #5563, .T. ) ;
#4870 = DIRECTION ( 'NONE',  ( 0.000000000000000000, 0.3143126552996241552, -0.9493195219305771149 ) ) ;
#4871 = ADVANCED_FACE ( 'NONE', ( #4874 ), #1953, .F. ) ;
#4872 = CIRCLE ( 'NONE', #8484, 0.003149606299212606621 ) ;
#4873 = CARTESIAN_POINT ( 'NONE',  ( -0.07795275590551181688, 0.004527559055118110173, 0.009842519685039369942 ) ) ;
#4874 = FACE_OUTER_BOUND ( 'NONE', #4072, .T. ) ;
#4875 = LINE ( 'NONE', #1832, #1359 ) ;
#4876 = ORIENTED_EDGE ( 'NONE', *, *, #2630, .T. ) ;
#4877 = ORIENTED_EDGE ( 'NONE', *, *, #7199, .F. ) ;
#4878 = AXIS2_PLACEMENT_3D ( 'NONE', #407, #8845, #5973 ) ;
#4879 = SURFACE_SIDE_STYLE ('',( #4209 ) ) ;
#4880 = STYLED_ITEM ( 'NONE', ( #6065 ), #1007 ) ;
#4881 = DIRECTION ( 'NONE',  ( 0.000000000000000000, 0.9961946980917456562, 0.08715574274765708340 ) ) ;
#4882 = EDGE_CURVE ( 'NONE', #2019, #5646, #6842, .T. ) ;
#4883 = CARTESIAN_POINT ( 'NONE',  ( -0.09042084030531759298, -0.07290115526594750928, 0.04882104092741534201 ) ) ;
#4884 = CIRCLE ( 'NONE', #2860, 0.003149606299212598381 ) ;
#4885 = LENGTH_MEASURE_WITH_UNIT ( LENGTH_MEASURE( 0.02539999999999999897 ), #4219 );
#4886 = FILL_AREA_STYLE ('',( #2110 ) ) ;
#4887 = VECTOR ( 'NONE', #2079, 39.37007874015748854 ) ;
#4888 = VECTOR ( 'NONE', #4583, 39.37007874015748143 ) ;
#4889 = DIRECTION ( 'NONE',  ( 0.7071067811865530128, 0.7071067811865420216, 0.000000000000000000 ) ) ;
#4890 = LENGTH_MEASURE_WITH_UNIT ( LENGTH_MEASURE( 0.02539999999999999897 ), #6215 );
#4891 = DIRECTION ( 'NONE',  ( 0.000000000000000000, -1.000000000000000000, 0.000000000000000000 ) ) ;
#4892 = ORIENTED_EDGE ( 'NONE', *, *, #8210, .T. ) ;
#4893 = FILL_AREA_STYLE_COLOUR ( '', #1869 ) ;
#4894 = UNCERTAINTY_MEASURE_WITH_UNIT (LENGTH_MEASURE( 1.000000000000000082E-05 ), #7233, 'distance_accuracy_value', 'NONE');
#4895 = ORIENTED_EDGE ( 'NONE', *, *, #586, .T. ) ;
#4896 = AXIS2_PLACEMENT_3D ( 'NONE', #505, #8679, #2483 ) ;
#4897 = EDGE_LOOP ( 'NONE', ( #2212, #7164, #615, #1213 ) ) ;
#4898 = VERTEX_POINT ( 'NONE', #2977 ) ;
#4899 = LINE ( 'NONE', #833, #5337 ) ;
#4900 = DIMENSIONAL_EXPONENTS ( 1.000000000000000000, 0.000000000000000000, 0.000000000000000000, 0.000000000000000000, 0.000000000000000000, 0.000000000000000000, 0.000000000000000000 ) ;
#4901 =( GEOMETRIC_REPRESENTATION_CONTEXT ( 3 ) GLOBAL_UNCERTAINTY_ASSIGNED_CONTEXT ( ( #1020 ) ) GLOBAL_UNIT_ASSIGNED_CONTEXT ( ( #8662, #3226, #7333 ) ) REPRESENTATION_CONTEXT ( 'NONE', 'WORKASPACE' ) );
#4902 = VECTOR ( 'NONE', #436, 39.37007874015748143 ) ;
#4903 = CARTESIAN_POINT ( 'NONE',  ( -0.07795275590551181688, 0.09311023622047245873, 0.009842519685039369942 ) ) ;
#4904 = CARTESIAN_POINT ( 'NONE',  ( 0.09006229564024278988, 0.09067934470952329629, 0.04433875722176120610 ) ) ;
#4905 = CARTESIAN_POINT ( 'NONE',  ( -0.08307086614173228578, -0.06107104945795473194, 0.02714754141097830767 ) ) ;
#4906 = LINE ( 'NONE', #1571, #8740 ) ;
#4907 = CARTESIAN_POINT ( 'NONE',  ( -0.09172319507450690801, 0.08641048960960880099, 0.04641999533636160385 ) ) ;
#4908 =( GEOMETRIC_REPRESENTATION_CONTEXT ( 3 ) GLOBAL_UNCERTAINTY_ASSIGNED_CONTEXT ( ( #8115 ) ) GLOBAL_UNIT_ASSIGNED_CONTEXT ( ( #1540, #2671, #6288 ) ) REPRESENTATION_CONTEXT ( 'NONE', 'WORKASPACE' ) );
#4909 = EDGE_LOOP ( 'NONE', ( #8519, #6385, #5961, #6902, #4596, #5645, #8750 ) ) ;
#4910 = ORIENTED_EDGE ( 'NONE', *, *, #5716, .T. ) ;
#4911 = DIRECTION ( 'NONE',  ( 0.000000000000000000, 0.000000000000000000, 1.000000000000000000 ) ) ;
#4912 = SURFACE_STYLE_USAGE ( .BOTH. , #4073 ) ;
#4913 = ORIENTED_EDGE ( 'NONE', *, *, #4337, .T. ) ;
#4914 = MECHANICAL_DESIGN_GEOMETRIC_PRESENTATION_REPRESENTATION (  '', ( #8110 ), #6511 ) ;
#4915 = PRESENTATION_LAYER_ASSIGNMENT (  '', '', ( #6492 ) ) ;
#4916 = DIRECTION ( 'NONE',  ( 0.000000000000000000, 3.469446951953614189E-15, -1.000000000000000000 ) ) ;
#4917 = CARTESIAN_POINT ( 'NONE',  ( 0.09055118110236221041, 0.007027559055118159231, 0.000000000000000000 ) ) ;
#4918 =( NAMED_UNIT ( * ) SI_UNIT ( $, .STERADIAN. ) SOLID_ANGLE_UNIT ( ) );
#4919 = ORIENTED_EDGE ( 'NONE', *, *, #5157, .T. ) ;
#4920 = EDGE_CURVE ( 'NONE', #4742, #614, #5094, .T. ) ;
#4921 = ORIENTED_EDGE ( 'NONE', *, *, #4101, .F. ) ;
#4922 = STYLED_ITEM ( 'NONE', ( #6049 ), #3185 ) ;
#4923 = CARTESIAN_POINT ( 'NONE',  ( 0.06692913385826770867, -0.09084088879601615041, 0.01357377070548917292 ) ) ;
#4924 = PRESENTATION_LAYER_ASSIGNMENT (  '', '', ( #5059 ) ) ;
#4925 = SURFACE_SIDE_STYLE ('',( #2333 ) ) ;
#4926 = DIRECTION ( 'NONE',  ( 0.7071067811865483499, 0.7071067811865466846, 0.000000000000000000 ) ) ;
#4927 = FILL_AREA_STYLE_COLOUR ( '', #6001 ) ;
#4928 = STYLED_ITEM ( 'NONE', ( #5908 ), #2624 ) ;
#4929 = DIRECTION ( 'NONE',  ( 0.000000000000000000, 0.000000000000000000, -1.000000000000000000 ) ) ;
#4930 = EDGE_CURVE ( 'NONE', #2782, #8200, #1484, .T. ) ;
#4931 =( NAMED_UNIT ( * ) SI_UNIT ( $, .STERADIAN. ) SOLID_ANGLE_UNIT ( ) );
#4932 = DIRECTION ( 'NONE',  ( -1.000000000000000000, 0.000000000000000000, 0.000000000000000000 ) ) ;
#4933 = FACE_OUTER_BOUND ( 'NONE', #8778, .T. ) ;
#4934 = UNCERTAINTY_MEASURE_WITH_UNIT (LENGTH_MEASURE( 1.000000000000000082E-05 ), #7360, 'distance_accuracy_value', 'NONE');
#4935 = VECTOR ( 'NONE', #2203, 39.37007874015748143 ) ;
#4936 = CARTESIAN_POINT ( 'NONE',  ( -0.04822834645669292486, -0.07893700787401564112, 0.009842519685039354330 ) ) ;
#4937 = PRESENTATION_STYLE_ASSIGNMENT (( #8283 ) ) ;
#4938 =( GEOMETRIC_REPRESENTATION_CONTEXT ( 3 ) GLOBAL_UNCERTAINTY_ASSIGNED_CONTEXT ( ( #6297 ) ) GLOBAL_UNIT_ASSIGNED_CONTEXT ( ( #1558, #3623, #3529 ) ) REPRESENTATION_CONTEXT ( 'NONE', 'WORKASPACE' ) );
#4939 = UNCERTAINTY_MEASURE_WITH_UNIT (LENGTH_MEASURE( 1.000000000000000082E-05 ), #1129, 'distance_accuracy_value', 'NONE');
#4940 = LINE ( 'NONE', #93, #5141 ) ;
#4941 = CARTESIAN_POINT ( 'NONE',  ( 0.09645669291338584972, 0.05098425196850393804, 0.009842519685039369942 ) ) ;
#4942 =( NAMED_UNIT ( * ) PLANE_ANGLE_UNIT ( ) SI_UNIT ( $, .RADIAN. ) );
#4943 = EDGE_CURVE ( 'NONE', #535, #377, #3554, .T. ) ;
#4944 = STYLED_ITEM ( 'NONE', ( #84 ), #4192 ) ;
#4945 = ORIENTED_EDGE ( 'NONE', *, *, #2763, .T. ) ;
#4946 =( BOUNDED_SURFACE ( )  B_SPLINE_SURFACE ( 3, 3, ( 
 ( #2106, #5438, #2626, #4883 ),
 ( #4122, #6074, #2716, #7631 ),
 ( #8322, #8184, #1356, #724 ),
 ( #7490, #5480, #1913, #1401 ) ),
 .UNSPECIFIED., .F., .F., .F. ) 
 B_SPLINE_SURFACE_WITH_KNOTS ( ( 4, 4 ),
 ( 4, 4 ),
 ( 0.000000000000000000, 1.000000000000000000 ),
 ( 0.000000000000000000, 1.000000000000000000 ),
 .UNSPECIFIED. ) 
 GEOMETRIC_REPRESENTATION_ITEM ( )  RATIONAL_B_SPLINE_SURFACE ( (
 ( 1.000000000000000000, 0.3333333333333334259, 0.3333333333333334259, 1.000000000000000000),
 ( 0.9299384305662036221, 0.3099794768554012814, 0.3099794768554012814, 0.9299384305662036221),
 ( 0.9299384305662036221, 0.3099794768554012814, 0.3099794768554012814, 0.9299384305662036221),
 ( 1.000000000000000000, 0.3333333333333334259, 0.3333333333333334259, 1.000000000000000000) ) ) 
 REPRESENTATION_ITEM ( '' )  SURFACE ( )  );
#4947 = VERTEX_POINT ( 'NONE', #5804 ) ;
#4948 =( LENGTH_UNIT ( ) NAMED_UNIT ( * ) SI_UNIT ( $, .METRE. ) );
#4949 =( NAMED_UNIT ( * ) PLANE_ANGLE_UNIT ( ) SI_UNIT ( $, .RADIAN. ) );
#4950 = CARTESIAN_POINT ( 'NONE',  ( -0.09120840238182401083, -0.07290115526594749540, 0.04819253936474392208 ) ) ;
#4951 = AXIS2_PLACEMENT_3D ( 'NONE', #2834, #5699, #894 ) ;
#4952 =( NAMED_UNIT ( * ) PLANE_ANGLE_UNIT ( ) SI_UNIT ( $, .RADIAN. ) );
#4953 = LINE ( 'NONE', #1468, #6697 ) ;
#4954 = DIRECTION ( 'NONE',  ( 0.000000000000000000, -0.9989437399158199726, -0.04595002157773900309 ) ) ;
#4955 = DIRECTION ( 'NONE',  ( 1.000000000000000000, 0.000000000000000000, 0.000000000000000000 ) ) ;
#4956 = VECTOR ( 'NONE', #2503, 39.37007874015748143 ) ;
#4957 =( CONVERSION_BASED_UNIT ( 'INCH', #1471 ) LENGTH_UNIT ( ) NAMED_UNIT ( #8755 ) );
#4958 = ORIENTED_EDGE ( 'NONE', *, *, #6098, .T. ) ;
#4959 = VERTEX_POINT ( 'NONE', #208 ) ;
#4960 = LINE ( 'NONE', #6195, #3759 ) ;
#4961 = MECHANICAL_DESIGN_GEOMETRIC_PRESENTATION_REPRESENTATION (  '', ( #727 ), #3658 ) ;
#4962 = FILL_AREA_STYLE_COLOUR ( '', #5635 ) ;
#4963 = ORIENTED_EDGE ( 'NONE', *, *, #8073, .F. ) ;
#4964 = CARTESIAN_POINT ( 'NONE',  ( -0.08965707102276339324, -0.07213738598339330954, 0.03937687295528662090 ) ) ;
#4965 = EDGE_CURVE ( 'NONE', #6879, #7196, #7668, .T. ) ;
#4966 = DIMENSIONAL_EXPONENTS ( 1.000000000000000000, 0.000000000000000000, 0.000000000000000000, 0.000000000000000000, 0.000000000000000000, 0.000000000000000000, 0.000000000000000000 ) ;
#4967 = CARTESIAN_POINT ( 'NONE',  ( 0.04822834645669292486, 0.09311023622047233383, 0.009842519685039354330 ) ) ;
#4968 = LINE ( 'NONE', #4917, #5023 ) ;
#4969 = ORIENTED_EDGE ( 'NONE', *, *, #4155, .F. ) ;
#4970 = UNCERTAINTY_MEASURE_WITH_UNIT (LENGTH_MEASURE( 1.000000000000000082E-05 ), #2014, 'distance_accuracy_value', 'NONE');
#4971 = VERTEX_POINT ( 'NONE', #6324 ) ;
#4972 = LENGTH_MEASURE_WITH_UNIT ( LENGTH_MEASURE( 0.02539999999999999897 ), #6828 );
#4973 =( LENGTH_UNIT ( ) NAMED_UNIT ( * ) SI_UNIT ( $, .METRE. ) );
#4974 = VECTOR ( 'NONE', #7458, 39.37007874015748143 ) ;
#4975 = ADVANCED_FACE ( 'NONE', ( #7075 ), #2277, .T. ) ;
#4976 = VECTOR ( 'NONE', #949, 39.37007874015748143 ) ;
#4977 = DIRECTION ( 'NONE',  ( 0.000000000000000000, -0.3143126552996241552, 0.9493195219305771149 ) ) ;
#4978 = EDGE_CURVE ( 'NONE', #4959, #5407, #5322, .T. ) ;
#4979 = DIRECTION ( 'NONE',  ( 0.000000000000000000, 0.9989437399158201947, 0.04595002157773421525 ) ) ;
#4980 = CARTESIAN_POINT ( 'NONE',  ( -0.07499999999999999722, -0.08221824588295552350, 0.01139540940310114318 ) ) ;
#4981 = CARTESIAN_POINT ( 'NONE',  ( 0.08875394017312095152, -0.07123425513375086782, 0.04673228346456684973 ) ) ;
#4982 = SURFACE_SIDE_STYLE ('',( #5861 ) ) ;
#4983 = PRESENTATION_LAYER_ASSIGNMENT (  '', '', ( #1033 ) ) ;
#4984 = ADVANCED_FACE ( 'NONE', ( #940 ), #5843, .T. ) ;
#4985 = FACE_OUTER_BOUND ( 'NONE', #433, .T. ) ;
#4986 =( NAMED_UNIT ( * ) PLANE_ANGLE_UNIT ( ) SI_UNIT ( $, .RADIAN. ) );
#4987 =( GEOMETRIC_REPRESENTATION_CONTEXT ( 3 ) GLOBAL_UNCERTAINTY_ASSIGNED_CONTEXT ( ( #733 ) ) GLOBAL_UNIT_ASSIGNED_CONTEXT ( ( #415, #5295, #6075 ) ) REPRESENTATION_CONTEXT ( 'NONE', 'WORKASPACE' ) );
#4988 = CARTESIAN_POINT ( 'NONE',  ( -0.01496062992125984405, -0.08653382883559772309, 0.01376068786798872665 ) ) ;
#4989 = ORIENTED_EDGE ( 'NONE', *, *, #2251, .T. ) ;
#4990 = ORIENTED_EDGE ( 'NONE', *, *, #850, .T. ) ;
#4991 = LINE ( 'NONE', #4318, #4210 ) ;
#4992 =( GEOMETRIC_REPRESENTATION_CONTEXT ( 3 ) GLOBAL_UNCERTAINTY_ASSIGNED_CONTEXT ( ( #3447 ) ) GLOBAL_UNIT_ASSIGNED_CONTEXT ( ( #2883, #3551, #8354 ) ) REPRESENTATION_CONTEXT ( 'NONE', 'WORKASPACE' ) );
#4993 = DIRECTION ( 'NONE',  ( 0.000000000000000000, 0.000000000000000000, 1.000000000000000000 ) ) ;
#4994 = CARTESIAN_POINT ( 'NONE',  ( -0.09645669291338582196, 0.007027559055118144486, 0.009842519685039361269 ) ) ;
#4995 = MECHANICAL_DESIGN_GEOMETRIC_PRESENTATION_REPRESENTATION (  '', ( #331 ), #628 ) ;
#4996 = CARTESIAN_POINT ( 'NONE',  ( -0.07499999999999999722, -0.08653382883559766758, 0.01376068786798879603 ) ) ;
#4997 = CARTESIAN_POINT ( 'NONE',  ( 0.07795275590551181688, -0.0009842519685039168281, 0.000000000000000000 ) ) ;
#4998 = FACE_OUTER_BOUND ( 'NONE', #4813, .T. ) ;
#4999 = EDGE_LOOP ( 'NONE', ( #1527, #2950, #4526, #122 ) ) ;
#5000 = ORIENTED_EDGE ( 'NONE', *, *, #6814, .F. ) ;
#5001 = ORIENTED_EDGE ( 'NONE', *, *, #3985, .F. ) ;
#5002 = PLANE ( 'NONE',  #7480 ) ;
#5003 = DIRECTION ( 'NONE',  ( -0.000000000000000000, 0.3143126552996258760, -0.9493195219305765598 ) ) ;
#5004 = STYLED_ITEM ( 'NONE', ( #7095 ), #5560 ) ;
#5005 = DIRECTION ( 'NONE',  ( 0.000000000000000000, 1.000000000000000000, 0.000000000000000000 ) ) ;
#5006 = FILL_AREA_STYLE_COLOUR ( '', #883 ) ;
#5007 = DIRECTION ( 'NONE',  ( -1.000000000000000000, -0.000000000000000000, -0.000000000000000000 ) ) ;
#5008 = ORIENTED_EDGE ( 'NONE', *, *, #7780, .F. ) ;
#5009 = ORIENTED_EDGE ( 'NONE', *, *, #3056, .F. ) ;
#5010 = CARTESIAN_POINT ( 'NONE',  ( 0.06496062992125983815, -0.08520540713768977314, 0.01618446761253700822 ) ) ;
#5011 = DIRECTION ( 'NONE',  ( 0.000000000000000000, -0.6998111848437100768, -0.7143278697962460733 ) ) ;
#5012 = CARTESIAN_POINT ( 'NONE',  ( 0.1009842519685039408, 0.002027559055118133974, 0.000000000000000000 ) ) ;
#5013 = SURFACE_SIDE_STYLE ('',( #8503 ) ) ;
#5014 =( NAMED_UNIT ( * ) PLANE_ANGLE_UNIT ( ) SI_UNIT ( $, .RADIAN. ) );
#5015 = PRESENTATION_LAYER_ASSIGNMENT (  '', '', ( #2107 ) ) ;
#5016 = AXIS2_PLACEMENT_3D ( 'NONE', #4536, #7270, #1057 ) ;
#5017 = LINE ( 'NONE', #8594, #1800 ) ;
#5018 = DIMENSIONAL_EXPONENTS ( 1.000000000000000000, 0.000000000000000000, 0.000000000000000000, 0.000000000000000000, 0.000000000000000000, 0.000000000000000000, 0.000000000000000000 ) ;
#5019 = DIRECTION ( 'NONE',  ( -0.000000000000000000, 0.000000000000000000, -1.000000000000000000 ) ) ;
#5020 =( NAMED_UNIT ( * ) SI_UNIT ( $, .STERADIAN. ) SOLID_ANGLE_UNIT ( ) );
#5021 = CARTESIAN_POINT ( 'NONE',  ( -0.07795275590551181688, -0.0009842519685039142260, 0.005000000000000000104 ) ) ;
#5022 =( LENGTH_UNIT ( ) NAMED_UNIT ( * ) SI_UNIT ( $, .METRE. ) );
#5023 = VECTOR ( 'NONE', #2239, 39.37007874015748143 ) ;
#5024 = LENGTH_MEASURE_WITH_UNIT ( LENGTH_MEASURE( 0.02539999999999999897 ), #5534 );
#5025 = CARTESIAN_POINT ( 'NONE',  ( -0.09055118110236221041, -0.0009842519685039333079, 0.000000000000000000 ) ) ;
#5026 = FILL_AREA_STYLE_COLOUR ( '', #634 ) ;
#5027 = ADVANCED_FACE ( 'NONE', ( #7296 ), #1119, .T. ) ;
#5028 = EDGE_CURVE ( 'NONE', #7176, #5163, #5276, .T. ) ;
#5029 = ORIENTED_EDGE ( 'NONE', *, *, #6907, .F. ) ;
#5030 =( NAMED_UNIT ( * ) PLANE_ANGLE_UNIT ( ) SI_UNIT ( $, .RADIAN. ) );
#5031 = VECTOR ( 'NONE', #3209, 39.37007874015748143 ) ;
#5032 = LINE ( 'NONE', #7832, #4046 ) ;
#5033 =( CONVERSION_BASED_UNIT ( 'INCH', #3455 ) LENGTH_UNIT ( ) NAMED_UNIT ( #7205 ) );
#5034 =( LENGTH_UNIT ( ) NAMED_UNIT ( * ) SI_UNIT ( $, .METRE. ) );
#5035 = CARTESIAN_POINT ( 'NONE',  ( -0.07795275590551181688, -0.01909448818897637595, 0.000000000000000000 ) ) ;
#5036 = CARTESIAN_POINT ( 'NONE',  ( -0.09645669291338584972, 0.1210629921259842590, 0.000000000000000000 ) ) ;
#5037 = LINE ( 'NONE', #4996, #1441 ) ;
#5038 = VERTEX_POINT ( 'NONE', #6191 ) ;
#5039 = UNCERTAINTY_MEASURE_WITH_UNIT (LENGTH_MEASURE( 1.000000000000000082E-05 ), #8920, 'distance_accuracy_value', 'NONE');
#5040 = EDGE_CURVE ( 'NONE', #1308, #4662, #3964, .T. ) ;
#5041 = ORIENTED_EDGE ( 'NONE', *, *, #8239, .F. ) ;
#5042 = PRESENTATION_LAYER_ASSIGNMENT (  '', '', ( #6210 ) ) ;
#5043 = CARTESIAN_POINT ( 'NONE',  ( -0.07499999999999999722, -0.1210629921259842590, 0.009880116511253426298 ) ) ;
#5044 = LINE ( 'NONE', #5754, #2885 ) ;
#5045 = ADVANCED_FACE ( 'NONE', ( #3276 ), #4014, .T. ) ;
#5046 =( NAMED_UNIT ( * ) SI_UNIT ( $, .STERADIAN. ) SOLID_ANGLE_UNIT ( ) );
#5047 = ORIENTED_EDGE ( 'NONE', *, *, #3842, .F. ) ;
#5048 = EDGE_CURVE ( 'NONE', #1398, #4387, #2032, .T. ) ;
#5049 = ORIENTED_EDGE ( 'NONE', *, *, #788, .F. ) ;
#5050 = CARTESIAN_POINT ( 'NONE',  ( 0.000000000000000000, 0.01003937007874019724, 0.005000000000000000104 ) ) ;
#5051 =( CONVERSION_BASED_UNIT ( 'INCH', #1440 ) LENGTH_UNIT ( ) NAMED_UNIT ( #4034 ) );
#5052 = FILL_AREA_STYLE ('',( #4390 ) ) ;
#5053 = DIRECTION ( 'NONE',  ( -1.000000000000000000, 0.000000000000000000, 0.000000000000000000 ) ) ;
#5054 = DIMENSIONAL_EXPONENTS ( 1.000000000000000000, 0.000000000000000000, 0.000000000000000000, 0.000000000000000000, 0.000000000000000000, 0.000000000000000000, 0.000000000000000000 ) ;
#5055 = EDGE_CURVE ( 'NONE', #638, #6115, #5556, .T. ) ;
#5056 = DIRECTION ( 'NONE',  ( 0.000000000000000000, -0.6998111848437100768, -0.7143278697962460733 ) ) ;
#5057 = CARTESIAN_POINT ( 'NONE',  ( 0.07795275590551183076, 0.09311023622047244486, 0.009842519685039366473 ) ) ;
#5058 = PRESENTATION_LAYER_ASSIGNMENT (  '', '', ( #8805 ) ) ;
#5059 = STYLED_ITEM ( 'NONE', ( #1071 ), #2421 ) ;
#5060 = DIRECTION ( 'NONE',  ( -0.7071067811865480168, 0.7071067811865470176, 0.000000000000000000 ) ) ;
#5061 = ORIENTED_EDGE ( 'NONE', *, *, #6903, .T. ) ;
#5062 = DIRECTION ( 'NONE',  ( 1.000000000000000000, 0.000000000000000000, 0.000000000000000000 ) ) ;
#5063 = STYLED_ITEM ( 'NONE', ( #4937 ), #3485 ) ;
#5064 =( GEOMETRIC_REPRESENTATION_CONTEXT ( 3 ) GLOBAL_UNCERTAINTY_ASSIGNED_CONTEXT ( ( #5127 ) ) GLOBAL_UNIT_ASSIGNED_CONTEXT ( ( #7363, #6689, #5342 ) ) REPRESENTATION_CONTEXT ( 'NONE', 'WORKASPACE' ) );
#5065 = AXIS2_PLACEMENT_3D ( 'NONE', #6592, #4714, #3344 ) ;
#5066 = EDGE_CURVE ( 'NONE', #7417, #6340, #3322, .T. ) ;
#5067 = PLANE ( 'NONE',  #7996 ) ;
#5068 = DIRECTION ( 'NONE',  ( -1.000000000000000000, -0.000000000000000000, 0.000000000000000000 ) ) ;
#5069 = CARTESIAN_POINT ( 'NONE',  ( 0.000000000000000000, 0.08129921259842519399, 0.005000000000000000104 ) ) ;
#5070 = EDGE_LOOP ( 'NONE', ( #7307, #750, #6307, #4165 ) ) ;
#5071 = VERTEX_POINT ( 'NONE', #6054 ) ;
#5072 = FILL_AREA_STYLE_COLOUR ( '', #1997 ) ;
#5073 = DIMENSIONAL_EXPONENTS ( 1.000000000000000000, 0.000000000000000000, 0.000000000000000000, 0.000000000000000000, 0.000000000000000000, 0.000000000000000000, 0.000000000000000000 ) ;
#5074 = DIRECTION ( 'NONE',  ( 0.000000000000000000, -0.000000000000000000, 1.000000000000000000 ) ) ;
#5075 = PLANE ( 'NONE',  #460 ) ;
#5076 = LINE ( 'NONE', #6682, #6022 ) ;
#5077 = FILL_AREA_STYLE ('',( #5874 ) ) ;
#5078 = EDGE_CURVE ( 'NONE', #5421, #964, #6848, .T. ) ;
#5079 = SURFACE_STYLE_USAGE ( .BOTH. , #5787 ) ;
#5080 = MECHANICAL_DESIGN_GEOMETRIC_PRESENTATION_REPRESENTATION (  '', ( #3926 ), #1726 ) ;
#5081 = CARTESIAN_POINT ( 'NONE',  ( 0.07795275590551181688, 0.09311023622047245873, 0.000000000000000000 ) ) ;
#5082 = PLANE ( 'NONE',  #2423 ) ;
#5083 = VERTEX_POINT ( 'NONE', #1944 ) ;
#5084 = ADVANCED_FACE ( 'NONE', ( #1159 ), #490, .T. ) ;
#5085 = EDGE_LOOP ( 'NONE', ( #3625, #3336, #8319, #5266 ) ) ;
#5086 = PRESENTATION_LAYER_ASSIGNMENT (  '', '', ( #6959 ) ) ;
#5087 = LINE ( 'NONE', #932, #82 ) ;
#5088 = STYLED_ITEM ( 'NONE', ( #4758 ), #4063 ) ;
#5089 = CARTESIAN_POINT ( 'NONE',  ( -0.09188006978458949925, 0.08540748348020750502, 0.04711612391623658247 ) ) ;
#5090 =( NAMED_UNIT ( * ) SI_UNIT ( $, .STERADIAN. ) SOLID_ANGLE_UNIT ( ) );
#5091 = EDGE_CURVE ( 'NONE', #8306, #5759, #5642, .T. ) ;
#5092 = LINE ( 'NONE', #8621, #6249 ) ;
#5093 = UNCERTAINTY_MEASURE_WITH_UNIT (LENGTH_MEASURE( 1.000000000000000082E-05 ), #320, 'distance_accuracy_value', 'NONE');
#5094 = LINE ( 'NONE', #897, #2059 ) ;
#5095 = ORIENTED_EDGE ( 'NONE', *, *, #1068, .T. ) ;
#5096 = VERTEX_POINT ( 'NONE', #5600 ) ;
#5097 = DIRECTION ( 'NONE',  ( 1.000000000000000000, 0.000000000000000000, -0.000000000000000000 ) ) ;
#5098 = MECHANICAL_DESIGN_GEOMETRIC_PRESENTATION_REPRESENTATION (  '', ( #8982 ), #874 ) ;
#5099 =( CONVERSION_BASED_UNIT ( 'INCH', #215 ) LENGTH_UNIT ( ) NAMED_UNIT ( #2527 ) );
#5100 = MECHANICAL_DESIGN_GEOMETRIC_PRESENTATION_REPRESENTATION (  '', ( #3948 ), #1891 ) ;
#5101 =( NAMED_UNIT ( * ) PLANE_ANGLE_UNIT ( ) SI_UNIT ( $, .RADIAN. ) );
#5102 = EDGE_CURVE ( 'NONE', #7196, #7515, #4906, .T. ) ;
#5103 = DIRECTION ( 'NONE',  ( 0.000000000000000000, 0.000000000000000000, -1.000000000000000000 ) ) ;
#5104 = FILL_AREA_STYLE_COLOUR ( '', #5158 ) ;
#5105 = VERTEX_POINT ( 'NONE', #7609 ) ;
#5106 = FILL_AREA_STYLE ('',( #224 ) ) ;
#5107 = STYLED_ITEM ( 'NONE', ( #2655 ), #4864 ) ;
#5108 = FILL_AREA_STYLE_COLOUR ( '', #8777 ) ;
#5109 = DIRECTION ( 'NONE',  ( 1.000000000000000000, 0.000000000000000000, 0.000000000000000000 ) ) ;
#5110 = FILL_AREA_STYLE ('',( #1688 ) ) ;
#5111 =( NAMED_UNIT ( * ) SI_UNIT ( $, .STERADIAN. ) SOLID_ANGLE_UNIT ( ) );
#5112 = VECTOR ( 'NONE', #3300, 39.37007874015748143 ) ;
#5113 = DIRECTION ( 'NONE',  ( 0.000000000000000000, -0.9961946980917454342, -0.08715574274765831853 ) ) ;
#5114 = EDGE_LOOP ( 'NONE', ( #797, #5290, #6116, #8715 ) ) ;
#5115 =( NAMED_UNIT ( * ) SI_UNIT ( $, .STERADIAN. ) SOLID_ANGLE_UNIT ( ) );
#5116 = VECTOR ( 'NONE', #1245, 39.37007874015748143 ) ;
#5117 = EDGE_CURVE ( 'NONE', #4408, #5919, #710, .T. ) ;
#5118 = VECTOR ( 'NONE', #7903, 39.37007874015748143 ) ;
#5119 = CARTESIAN_POINT ( 'NONE',  ( 0.02500000000000000139, -0.09383657304297415847, 0.02091502454231218208 ) ) ;
#5120 = LINE ( 'NONE', #7878, #4786 ) ;
#5121 = APPLICATION_PROTOCOL_DEFINITION ( 'draft international standard', 'automotive_design', 1998, #7908 ) ;
#5122 = FILL_AREA_STYLE ('',( #3089 ) ) ;
#5123 = LENGTH_MEASURE_WITH_UNIT ( LENGTH_MEASURE( 0.02539999999999999897 ), #7837 );
#5124 =( LENGTH_UNIT ( ) NAMED_UNIT ( * ) SI_UNIT ( $, .METRE. ) );
#5125 = AXIS2_PLACEMENT_3D ( 'NONE', #8548, #2196, #5103 ) ;
#5126 = DIRECTION ( 'NONE',  ( 1.000000000000000000, 0.000000000000000000, 0.000000000000000000 ) ) ;
#5127 = UNCERTAINTY_MEASURE_WITH_UNIT (LENGTH_MEASURE( 1.000000000000000082E-05 ), #7363, 'distance_accuracy_value', 'NONE');
#5128 = PLANE ( 'NONE',  #4465 ) ;
#5129 = ORIENTED_EDGE ( 'NONE', *, *, #22, .F. ) ;
#5130 = PRESENTATION_LAYER_ASSIGNMENT (  '', '', ( #756 ) ) ;
#5131 = UNCERTAINTY_MEASURE_WITH_UNIT (LENGTH_MEASURE( 1.000000000000000082E-05 ), #7364, 'distance_accuracy_value', 'NONE');
#5132 = ORIENTED_EDGE ( 'NONE', *, *, #3479, .F. ) ;
#5133 = FACE_OUTER_BOUND ( 'NONE', #4409, .T. ) ;
#5134 = LENGTH_MEASURE_WITH_UNIT ( LENGTH_MEASURE( 0.02539999999999999897 ), #2512 );
#5135 = PRESENTATION_STYLE_ASSIGNMENT (( #4646 ) ) ;
#5136 = FACE_OUTER_BOUND ( 'NONE', #7209, .T. ) ;
#5137 = DIMENSIONAL_EXPONENTS ( 1.000000000000000000, 0.000000000000000000, 0.000000000000000000, 0.000000000000000000, 0.000000000000000000, 0.000000000000000000, 0.000000000000000000 ) ;
#5138 = EDGE_CURVE ( 'NONE', #699, #8306, #3501, .T. ) ;
#5139 = SURFACE_STYLE_USAGE ( .BOTH. , #6571 ) ;
#5140 = DIRECTION ( 'NONE',  ( 0.000000000000000000, 0.000000000000000000, -1.000000000000000000 ) ) ;
#5141 = VECTOR ( 'NONE', #2906, 39.37007874015748143 ) ;
#5142 = PLANE ( 'NONE',  #5464 ) ;
#5143 = ORIENTED_EDGE ( 'NONE', *, *, #288, .F. ) ;
#5144 = ORIENTED_EDGE ( 'NONE', *, *, #8628, .T. ) ;
#5145 = FILL_AREA_STYLE ('',( #352 ) ) ;
#5146 = SURFACE_STYLE_FILL_AREA ( #6243 ) ;
#5147 = EDGE_CURVE ( 'NONE', #3836, #843, #5584, .T. ) ;
#5148 = EDGE_CURVE ( 'NONE', #512, #3326, #6314, .T. ) ;
#5149 = CARTESIAN_POINT ( 'NONE',  ( -0.09055118110236221041, 0.002027559055118137877, 0.005000000000000000104 ) ) ;
#5150 = CIRCLE ( 'NONE', #1061, 0.009842519685039369942 ) ;
#5151 = DIRECTION ( 'NONE',  ( 0.000000000000000000, 0.7143278697962460733, -0.6998111848437100768 ) ) ;
#5152 = PRESENTATION_STYLE_ASSIGNMENT (( #6052 ) ) ;
#5153 = CARTESIAN_POINT ( 'NONE',  ( 0.07795275590551181688, -0.01909448818897637595, 0.009842519685039369942 ) ) ;
#5154 = ORIENTED_EDGE ( 'NONE', *, *, #3092, .T. ) ;
#5155 = AXIS2_PLACEMENT_3D ( 'NONE', #555, #3341, #3897 ) ;
#5156 = COLOUR_RGB ( '',0.7490196078431372584, 0.7490196078431372584, 0.7490196078431372584 ) ;
#5157 = EDGE_CURVE ( 'NONE', #2432, #1610, #5689, .T. ) ;
#5158 = COLOUR_RGB ( '',0.7490196078431372584, 0.7490196078431372584, 0.7490196078431372584 ) ;
#5159 = CARTESIAN_POINT ( 'NONE',  ( 0.02500000000000000139, -0.09383657304297415847, 0.02091502454231218208 ) ) ;
#5160 = SURFACE_SIDE_STYLE ('',( #917 ) ) ;
#5161 = ORIENTED_EDGE ( 'NONE', *, *, #8261, .T. ) ;
#5162 = CARTESIAN_POINT ( 'NONE',  ( -0.08896802089924282786, -0.07461100421013792949, 0.04861592253589121226 ) ) ;
#5163 = VERTEX_POINT ( 'NONE', #4997 ) ;
#5164 = ITEM_DEFINED_TRANSFORMATION ( 'NONE', 'NONE', #4464,  #6768 ) ;
#5165 =( NAMED_UNIT ( * ) SI_UNIT ( $, .STERADIAN. ) SOLID_ANGLE_UNIT ( ) );
#5166 = LINE ( 'NONE', #8568, #6417 ) ;
#5167 = DIRECTION ( 'NONE',  ( 0.1209742911513550095, 0.1209742911513550095, 0.9852565360152930607 ) ) ;
#5168 = AXIS2_PLACEMENT_3D ( 'NONE', #6055, #1892, #3965 ) ;
#5169 = CARTESIAN_POINT ( 'NONE',  ( -0.09645660606252870473, -0.07581079141169023983, 0.009843227028506408571 ) ) ;
#5170 = VERTEX_POINT ( 'NONE', #1470 ) ;
#5171 = CARTESIAN_POINT ( 'NONE',  ( 0.09515292158676454115, 0.09310339149696369998, 0.009953868386746066860 ) ) ;
#5172 = DIMENSIONAL_EXPONENTS ( 1.000000000000000000, 0.000000000000000000, 0.000000000000000000, 0.000000000000000000, 0.000000000000000000, 0.000000000000000000, 0.000000000000000000 ) ;
#5173 = STYLED_ITEM ( 'NONE', ( #7754 ), #1253 ) ;
#5174 = LENGTH_MEASURE_WITH_UNIT ( LENGTH_MEASURE( 0.02539999999999999897 ), #1753 );
#5175 = COLOUR_RGB ( '',0.7490196078431372584, 0.7490196078431372584, 0.7490196078431372584 ) ;
#5176 =( NAMED_UNIT ( * ) PLANE_ANGLE_UNIT ( ) SI_UNIT ( $, .RADIAN. ) );
#5177 = LINE ( 'NONE', #7943, #7238 ) ;
#5178 = PRESENTATION_STYLE_ASSIGNMENT (( #4605 ) ) ;
#5179 = VECTOR ( 'NONE', #2637, 39.37007874015748143 ) ;
#5180 = VERTEX_POINT ( 'NONE', #7751 ) ;
#5181 = EDGE_LOOP ( 'NONE', ( #4424, #6274, #1187, #5049 ) ) ;
#5182 =( NAMED_UNIT ( * ) SI_UNIT ( $, .STERADIAN. ) SOLID_ANGLE_UNIT ( ) );
#5183 = CARTESIAN_POINT ( 'NONE',  ( 0.02500000000000000139, -0.06107104945795473194, 0.02714754141097830767 ) ) ;
#5184 = COLOUR_RGB ( '',0.7490196078431372584, 0.7490196078431372584, 0.7490196078431372584 ) ;
#5185 =( NAMED_UNIT ( * ) SI_UNIT ( $, .STERADIAN. ) SOLID_ANGLE_UNIT ( ) );
#5186 =( NAMED_UNIT ( * ) SI_UNIT ( $, .STERADIAN. ) SOLID_ANGLE_UNIT ( ) );
#5187 =( GEOMETRIC_REPRESENTATION_CONTEXT ( 3 ) GLOBAL_UNCERTAINTY_ASSIGNED_CONTEXT ( ( #2508 ) ) GLOBAL_UNIT_ASSIGNED_CONTEXT ( ( #2569, #8263, #4788 ) ) REPRESENTATION_CONTEXT ( 'NONE', 'WORKASPACE' ) );
#5188 = CARTESIAN_POINT ( 'NONE',  ( -0.03307086614173228301, -0.1014396703667248545, 0.01159693470591019286 ) ) ;
#5189 = EDGE_CURVE ( 'NONE', #1994, #3264, #8346, .T. ) ;
#5190 = DIRECTION ( 'NONE',  ( 0.000000000000000000, 0.08715574274765816587, -0.9961946980917455452 ) ) ;
#5191 = ORIENTED_EDGE ( 'NONE', *, *, #2452, .T. ) ;
#5192 = DIMENSIONAL_EXPONENTS ( 1.000000000000000000, 0.000000000000000000, 0.000000000000000000, 0.000000000000000000, 0.000000000000000000, 0.000000000000000000, 0.000000000000000000 ) ;
#5193 = ORIENTED_EDGE ( 'NONE', *, *, #1172, .T. ) ;
#5194 = DIRECTION ( 'NONE',  ( 0.000000000000000000, -0.000000000000000000, 1.000000000000000000 ) ) ;
#5195 = MECHANICAL_DESIGN_GEOMETRIC_PRESENTATION_REPRESENTATION (  '', ( #8522 ), #4908 ) ;
#5196 = SURFACE_STYLE_USAGE ( .BOTH. , #2434 ) ;
#5197 = SURFACE_STYLE_FILL_AREA ( #2436 ) ;
#5198 = AXIS2_PLACEMENT_3D ( 'NONE', #8957, #5549, #705 ) ;
#5199 = SURFACE_SIDE_STYLE ('',( #2298 ) ) ;
#5200 = FILL_AREA_STYLE_COLOUR ( '', #6544 ) ;
#5201 = EDGE_CURVE ( 'NONE', #3868, #680, #8172, .T. ) ;
#5202 = CARTESIAN_POINT ( 'NONE',  ( -0.06496062992125983815, -0.08244437787890905589, 0.01631147111528528579 ) ) ;
#5203 = CARTESIAN_POINT ( 'NONE',  ( 0.06496062992125983815, -0.08814047546094172514, 0.01988863945244704820 ) ) ;
#5204 = EDGE_LOOP ( 'NONE', ( #1805, #6437, #3808, #1559, #3244 ) ) ;
#5205 = DIRECTION ( 'NONE',  ( -0.9925461516413195406, 1.734723475976810376E-13, 0.1218693434051678348 ) ) ;
#5206 = COLOUR_RGB ( '',0.2862745098039215508, 0.2862745098039215508, 0.2862745098039215508 ) ;
#5207 = CARTESIAN_POINT ( 'NONE',  ( 0.02500000000000000139, -0.09796007064640156747, 0.002021243723793037916 ) ) ;
#5208 = FILL_AREA_STYLE_COLOUR ( '', #6791 ) ;
#5209 = EDGE_LOOP ( 'NONE', ( #5889, #305, #5680, #2319, #5693, #5521, #111, #5132 ) ) ;
#5210 = DIRECTION ( 'NONE',  ( 1.000000000000000000, 0.000000000000000000, 0.000000000000000000 ) ) ;
#5211 = CARTESIAN_POINT ( 'NONE',  ( 0.000000000000000000, -0.0009842519685039172617, 0.005000000000000000104 ) ) ;
#5212 = SURFACE_STYLE_FILL_AREA ( #4455 ) ;
#5213 = CARTESIAN_POINT ( 'NONE',  ( -0.01692913385826771630, -0.06061878546604762552, 0.01731541798661000858 ) ) ;
#5214 = ADVANCED_FACE ( 'NONE', ( #3589 ), #6351, .T. ) ;
#5215 = LINE ( 'NONE', #3179, #8703 ) ;
#5216 = LINE ( 'NONE', #3180, #6176 ) ;
#5217 = LINE ( 'NONE', #3955, #6204 ) ;
#5218 = ORIENTED_EDGE ( 'NONE', *, *, #1137, .T. ) ;
#5219 = UNCERTAINTY_MEASURE_WITH_UNIT (LENGTH_MEASURE( 1.000000000000000082E-05 ), #6793, 'distance_accuracy_value', 'NONE');
#5220 = ORIENTED_EDGE ( 'NONE', *, *, #6534, .T. ) ;
#5221 = PRESENTATION_STYLE_ASSIGNMENT (( #2322 ) ) ;
#5222 =( CONVERSION_BASED_UNIT ( 'INCH', #5174 ) LENGTH_UNIT ( ) NAMED_UNIT ( #981 ) );
#5223 = MECHANICAL_DESIGN_GEOMETRIC_PRESENTATION_REPRESENTATION (  '', ( #4077 ), #6247 ) ;
#5224 = LINE ( 'NONE', #393, #3347 ) ;
#5225 = ORIENTED_EDGE ( 'NONE', *, *, #134, .T. ) ;
#5226 = ORIENTED_EDGE ( 'NONE', *, *, #5937, .F. ) ;
#5227 = SURFACE_STYLE_FILL_AREA ( #5145 ) ;
#5228 = PRESENTATION_STYLE_ASSIGNMENT (( #1031 ) ) ;
#5229 = EDGE_CURVE ( 'NONE', #5541, #2120, #3053, .T. ) ;
#5230 = COLOUR_RGB ( '',0.7490196078431372584, 0.7490196078431372584, 0.7490196078431372584 ) ;
#5231 = CARTESIAN_POINT ( 'NONE',  ( 0.01692913385826771630, -0.09117972964715866102, 0.02576258403140881809 ) ) ;
#5232 = DIMENSIONAL_EXPONENTS ( 1.000000000000000000, 0.000000000000000000, 0.000000000000000000, 0.000000000000000000, 0.000000000000000000, 0.000000000000000000, 0.000000000000000000 ) ;
#5233 = FILL_AREA_STYLE ('',( #1086 ) ) ;
#5234 = VECTOR ( 'NONE', #3933, 39.37007874015748143 ) ;
#5235 = ORIENTED_EDGE ( 'NONE', *, *, #4254, .T. ) ;
#5236 = ORIENTED_EDGE ( 'NONE', *, *, #6900, .F. ) ;
#5237 = COLOUR_RGB ( '',0.7490196078431372584, 0.7490196078431372584, 0.7490196078431372584 ) ;
#5238 = FILL_AREA_STYLE ('',( #1597 ) ) ;
#5239 = DIRECTION ( 'NONE',  ( -0.000000000000000000, -0.000000000000000000, -1.000000000000000000 ) ) ;
#5240 = FACE_OUTER_BOUND ( 'NONE', #8106, .T. ) ;
#5241 =( GEOMETRIC_REPRESENTATION_CONTEXT ( 3 ) GLOBAL_UNCERTAINTY_ASSIGNED_CONTEXT ( ( #4131 ) ) GLOBAL_UNIT_ASSIGNED_CONTEXT ( ( #1064, #7150, #879 ) ) REPRESENTATION_CONTEXT ( 'NONE', 'WORKASPACE' ) );
#5242 = ADVANCED_FACE ( 'NONE', ( #2504 ), #7235, .F. ) ;
#5243 = FILL_AREA_STYLE ('',( #2487 ) ) ;
#5244 = DIRECTION ( 'NONE',  ( 0.000000000000000000, -0.000000000000000000, -1.000000000000000000 ) ) ;
#5245 = EDGE_CURVE ( 'NONE', #8199, #211, #2405, .T. ) ;
#5246 = PRESENTATION_LAYER_ASSIGNMENT (  '', '', ( #2202 ) ) ;
#5247 = LENGTH_MEASURE_WITH_UNIT ( LENGTH_MEASURE( 0.02539999999999999897 ), #4490 );
#5248 = CARTESIAN_POINT ( 'NONE',  ( 0.01692913385826771630, -0.08653382883559765371, 0.01376068786798878042 ) ) ;
#5249 = DIRECTION ( 'NONE',  ( 0.000000000000000000, 0.000000000000000000, -1.000000000000000000 ) ) ;
#5250 = CARTESIAN_POINT ( 'NONE',  ( -0.01692913385826771630, -0.09117972964715866102, 0.02576258403140881809 ) ) ;
#5251 = LINE ( 'NONE', #4535, #5819 ) ;
#5252 = SURFACE_SIDE_STYLE ('',( #4674 ) ) ;
#5253 = LINE ( 'NONE', #4132, #5361 ) ;
#5254 = ORIENTED_EDGE ( 'NONE', *, *, #4391, .F. ) ;
#5255 = EDGE_CURVE ( 'NONE', #3581, #5180, #5216, .T. ) ;
#5256 = AXIS2_PLACEMENT_3D ( 'NONE', #7034, #805, #3602 ) ;
#5257 = SURFACE_STYLE_FILL_AREA ( #5122 ) ;
#5258 = PRESENTATION_STYLE_ASSIGNMENT (( #6557 ) ) ;
#5259 = MECHANICAL_DESIGN_GEOMETRIC_PRESENTATION_REPRESENTATION (  '', ( #601 ), #5711 ) ;
#5260 = CARTESIAN_POINT ( 'NONE',  ( 0.08904527559055119834, 0.008533464566929174766, 0.000000000000000000 ) ) ;
#5261 = FACE_OUTER_BOUND ( 'NONE', #1261, .T. ) ;
#5262 = CARTESIAN_POINT ( 'NONE',  ( -0.02500000000000000139, -0.08653382883559776473, 0.01376068786798864858 ) ) ;
#5263 =( GEOMETRIC_REPRESENTATION_CONTEXT ( 3 ) GLOBAL_UNCERTAINTY_ASSIGNED_CONTEXT ( ( #8409 ) ) GLOBAL_UNIT_ASSIGNED_CONTEXT ( ( #3863, #8020, #1063 ) ) REPRESENTATION_CONTEXT ( 'NONE', 'WORKASPACE' ) );
#5264 = DIRECTION ( 'NONE',  ( 0.000000000000000000, 0.000000000000000000, -1.000000000000000000 ) ) ;
#5265 = ORIENTED_EDGE ( 'NONE', *, *, #3940, .F. ) ;
#5266 = ORIENTED_EDGE ( 'NONE', *, *, #2136, .F. ) ;
#5267 = PLANE ( 'NONE',  #3473 ) ;
#5268 = VECTOR ( 'NONE', #182, 39.37007874015748143 ) ;
#5269 = DIRECTION ( 'NONE',  ( -1.000000000000000000, 0.000000000000000000, -0.000000000000000000 ) ) ;
#5270 = EDGE_CURVE ( 'NONE', #1134, #2267, #3094, .T. ) ;
#5271 = CARTESIAN_POINT ( 'NONE',  ( 0.06692913385826770867, -0.08653382883559770922, 0.01376068786798871797 ) ) ;
#5272 = LINE ( 'NONE', #6609, #7426 ) ;
#5273 = PRESENTATION_STYLE_ASSIGNMENT (( #2515 ) ) ;
#5274 =( NAMED_UNIT ( * ) PLANE_ANGLE_UNIT ( ) SI_UNIT ( $, .RADIAN. ) );
#5275 = CIRCLE ( 'NONE', #6426, 0.004921259842519684971 ) ;
#5276 = LINE ( 'NONE', #6662, #8146 ) ;
#5277 = EDGE_CURVE ( 'NONE', #5587, #1398, #3775, .T. ) ;
#5278 = LENGTH_MEASURE_WITH_UNIT ( LENGTH_MEASURE( 0.02539999999999999897 ), #1803 );
#5279 = ORIENTED_EDGE ( 'NONE', *, *, #126, .F. ) ;
#5280 = ORIENTED_EDGE ( 'NONE', *, *, #7861, .T. ) ;
#5281 = PRESENTATION_STYLE_ASSIGNMENT (( #2522 ) ) ;
#5282 = COLOUR_RGB ( '',0.7490196078431372584, 0.7490196078431372584, 0.7490196078431372584 ) ;
#5283 = EDGE_CURVE ( 'NONE', #5083, #680, #4859, .T. ) ;
#5284 = FILL_AREA_STYLE ('',( #2525 ) ) ;
#5285 = SURFACE_SIDE_STYLE ('',( #357 ) ) ;
#5286 = VECTOR ( 'NONE', #1277, 39.37007874015748143 ) ;
#5287 = PRESENTATION_LAYER_ASSIGNMENT (  '', '', ( #181 ) ) ;
#5288 = CARTESIAN_POINT ( 'NONE',  ( 0.01692913385826771630, -0.09755300347091183655, 0.01413418920407248473 ) ) ;
#5289 = ORIENTED_EDGE ( 'NONE', *, *, #7121, .T. ) ;
#5290 = ORIENTED_EDGE ( 'NONE', *, *, #795, .F. ) ;
#5291 = CARTESIAN_POINT ( 'NONE',  ( 0.07795275590551181688, 0.01003937007874020591, 0.000000000000000000 ) ) ;
#5292 = CARTESIAN_POINT ( 'NONE',  ( 0.07499999999999999722, -0.09383657304297442214, 0.02091502454231232433 ) ) ;
#5293 = CARTESIAN_POINT ( 'NONE',  ( 0.02500000000000000139, -0.09881790276005945894, 0.01182630964989291392 ) ) ;
#5294 = CYLINDRICAL_SURFACE ( 'NONE', #6888, 0.004921259842519684971 ) ;
#5295 =( NAMED_UNIT ( * ) PLANE_ANGLE_UNIT ( ) SI_UNIT ( $, .RADIAN. ) );
#5296 = AXIS2_PLACEMENT_3D ( 'NONE', #8903, #4078, #8187 ) ;
#5297 =( LENGTH_UNIT ( ) NAMED_UNIT ( * ) SI_UNIT ( $, .METRE. ) );
#5298 = DIMENSIONAL_EXPONENTS ( 1.000000000000000000, 0.000000000000000000, 0.000000000000000000, 0.000000000000000000, 0.000000000000000000, 0.000000000000000000, 0.000000000000000000 ) ;
#5299 =( NAMED_UNIT ( * ) PLANE_ANGLE_UNIT ( ) SI_UNIT ( $, .RADIAN. ) );
#5300 = CARTESIAN_POINT ( 'NONE',  ( 0.04822834645669292486, 0.09311023622047233383, 0.009842519685039354330 ) ) ;
#5301 = SURFACE_SIDE_STYLE ('',( #3297 ) ) ;
#5302 =( NAMED_UNIT ( * ) SI_UNIT ( $, .STERADIAN. ) SOLID_ANGLE_UNIT ( ) );
#5303 = ORIENTED_EDGE ( 'NONE', *, *, #2882, .F. ) ;
#5304 = AXIS2_PLACEMENT_3D ( 'NONE', #7521, #1307, #6901 ) ;
#5305 = FACE_OUTER_BOUND ( 'NONE', #886, .T. ) ;
#5306 = LENGTH_MEASURE_WITH_UNIT ( LENGTH_MEASURE( 0.02539999999999999897 ), #3903 );
#5307 = EDGE_CURVE ( 'NONE', #2470, #8835, #5150, .T. ) ;
#5308 = SURFACE_SIDE_STYLE ('',( #4594 ) ) ;
#5309 = FILL_AREA_STYLE ('',( #2554 ) ) ;
#5310 = ADVANCED_FACE ( 'NONE', ( #7840 ), #5877, .T. ) ;
#5311 = VECTOR ( 'NONE', #4173, 39.37007874015748854 ) ;
#5312 = VERTEX_POINT ( 'NONE', #8914 ) ;
#5313 = VERTEX_POINT ( 'NONE', #8816 ) ;
#5314 = FILL_AREA_STYLE ('',( #4727 ) ) ;
#5315 = DIRECTION ( 'NONE',  ( -1.000000000000000000, -0.000000000000000000, -0.000000000000000000 ) ) ;
#5316 =( CONVERSION_BASED_UNIT ( 'INCH', #5358 ) LENGTH_UNIT ( ) NAMED_UNIT ( #6127 ) );
#5317 = DIRECTION ( 'NONE',  ( 0.000000000000000000, -0.000000000000000000, 1.000000000000000000 ) ) ;
#5318 = SURFACE_STYLE_FILL_AREA ( #7203 ) ;
#5319 = DIMENSIONAL_EXPONENTS ( 1.000000000000000000, 0.000000000000000000, 0.000000000000000000, 0.000000000000000000, 0.000000000000000000, 0.000000000000000000, 0.000000000000000000 ) ;
#5320 = CARTESIAN_POINT ( 'NONE',  ( 0.06496062992125983815, -0.08244437787890905589, 0.01631147111528528579 ) ) ;
#5321 = LINE ( 'NONE', #6889, #4243 ) ;
#5322 = LINE ( 'NONE', #1712, #8443 ) ;
#5323 = EDGE_CURVE ( 'NONE', #188, #6082, #2683, .T. ) ;
#5324 = LINE ( 'NONE', #3919, #2415 ) ;
#5325 = ORIENTED_EDGE ( 'NONE', *, *, #1809, .F. ) ;
#5326 = ORIENTED_EDGE ( 'NONE', *, *, #7849, .T. ) ;
#5327 = FACE_OUTER_BOUND ( 'NONE', #2913, .T. ) ;
#5328 =( GEOMETRIC_REPRESENTATION_CONTEXT ( 3 ) GLOBAL_UNCERTAINTY_ASSIGNED_CONTEXT ( ( #2276 ) ) GLOBAL_UNIT_ASSIGNED_CONTEXT ( ( #4538, #7274, #1012 ) ) REPRESENTATION_CONTEXT ( 'NONE', 'WORKASPACE' ) );
#5329 = COLOUR_RGB ( '',0.2862745098039215508, 0.2862745098039215508, 0.2862745098039215508 ) ;
#5330 = SURFACE_STYLE_FILL_AREA ( #5284 ) ;
#5331 = CARTESIAN_POINT ( 'NONE',  ( -0.01692913385826771630, -0.09755300347091183655, 0.01413418920407248473 ) ) ;
#5332 =( CONVERSION_BASED_UNIT ( 'INCH', #2529 ) LENGTH_UNIT ( ) NAMED_UNIT ( #7666 ) );
#5333 =( LENGTH_UNIT ( ) NAMED_UNIT ( * ) SI_UNIT ( $, .METRE. ) );
#5334 = ORIENTED_EDGE ( 'NONE', *, *, #2011, .F. ) ;
#5335 = EDGE_LOOP ( 'NONE', ( #2305, #6797, #8975, #5938, #6701, #1415, #7349, #5912 ) ) ;
#5336 =( NAMED_UNIT ( * ) PLANE_ANGLE_UNIT ( ) SI_UNIT ( $, .RADIAN. ) );
#5337 = VECTOR ( 'NONE', #2772, 39.37007874015748143 ) ;
#5338 = FILL_AREA_STYLE_COLOUR ( '', #4548 ) ;
#5339 = EDGE_CURVE ( 'NONE', #4661, #4855, #519, .T. ) ;
#5340 = SURFACE_STYLE_FILL_AREA ( #6128 ) ;
#5341 = DIRECTION ( 'NONE',  ( 1.000000000000000000, 0.000000000000000000, 0.000000000000000000 ) ) ;
#5342 =( NAMED_UNIT ( * ) SI_UNIT ( $, .STERADIAN. ) SOLID_ANGLE_UNIT ( ) );
#5343 = SURFACE_STYLE_USAGE ( .BOTH. , #2591 ) ;
#5344 = DIRECTION ( 'NONE',  ( 1.000000000000000000, 0.000000000000000000, 0.000000000000000000 ) ) ;
#5345 = EDGE_LOOP ( 'NONE', ( #1633, #295, #2769, #1981 ) ) ;
#5346 = MECHANICAL_DESIGN_GEOMETRIC_PRESENTATION_REPRESENTATION (  '', ( #6926 ), #8256 ) ;
#5347 = AXIS2_PLACEMENT_3D ( 'NONE', #2703, #5424, #7476 ) ;
#5348 = FILL_AREA_STYLE ('',( #7501 ) ) ;
#5349 =( CONVERSION_BASED_UNIT ( 'INCH', #3260 ) LENGTH_UNIT ( ) NAMED_UNIT ( #4097 ) );
#5350 =( NAMED_UNIT ( * ) PLANE_ANGLE_UNIT ( ) SI_UNIT ( $, .RADIAN. ) );
#5351 = COLOUR_RGB ( '',0.2862745098039215508, 0.2862745098039215508, 0.2862745098039215508 ) ;
#5352 = DIRECTION ( 'NONE',  ( 0.000000000000000000, 0.000000000000000000, 1.000000000000000000 ) ) ;
#5353 =( GEOMETRIC_REPRESENTATION_CONTEXT ( 3 ) GLOBAL_UNCERTAINTY_ASSIGNED_CONTEXT ( ( #2406 ) ) GLOBAL_UNIT_ASSIGNED_CONTEXT ( ( #2269, #6483, #7888 ) ) REPRESENTATION_CONTEXT ( 'NONE', 'WORKASPACE' ) );
#5354 = ORIENTED_EDGE ( 'NONE', *, *, #5746, .F. ) ;
#5355 = EDGE_LOOP ( 'NONE', ( #2874, #8605, #7341, #3368, #4206, #1478 ) ) ;
#5356 = DIRECTION ( 'NONE',  ( 0.000000000000000000, 0.000000000000000000, 1.000000000000000000 ) ) ;
#5357 = DIMENSIONAL_EXPONENTS ( 1.000000000000000000, 0.000000000000000000, 0.000000000000000000, 0.000000000000000000, 0.000000000000000000, 0.000000000000000000, 0.000000000000000000 ) ;
#5358 = LENGTH_MEASURE_WITH_UNIT ( LENGTH_MEASURE( 0.02539999999999999897 ), #1673 );
#5359 = CARTESIAN_POINT ( 'NONE',  ( 0.08307086614173228578, -0.09084088879601615041, 0.01357377070548917292 ) ) ;
#5360 = EDGE_CURVE ( 'NONE', #8789, #3127, #4138, .T. ) ;
#5361 = VECTOR ( 'NONE', #4174, 39.37007874015748143 ) ;
#5362 = CARTESIAN_POINT ( 'NONE',  ( -0.03503937007874016046, -0.09383657304297417234, 0.02091502454231214392 ) ) ;
#5363 = COLOUR_RGB ( '',0.2862745098039215508, 0.2862745098039215508, 0.2862745098039215508 ) ;
#5364 = SURFACE_STYLE_USAGE ( .BOTH. , #7377 ) ;
#5365 = CARTESIAN_POINT ( 'NONE',  ( 0.08963327822881114737, -0.07290115526594749540, 0.04944954249008669950 ) ) ;
#5366 = CARTESIAN_POINT ( 'NONE',  ( -0.07499999999999999722, -0.08565767112959683793, 0.02601659103690530384 ) ) ;
#5367 =( NAMED_UNIT ( * ) SI_UNIT ( $, .STERADIAN. ) SOLID_ANGLE_UNIT ( ) );
#5368 = DIRECTION ( 'NONE',  ( -1.000000000000000000, -0.000000000000000000, -0.000000000000000000 ) ) ;
#5369 = ORIENTED_EDGE ( 'NONE', *, *, #1823, .F. ) ;
#5370 = ORIENTED_EDGE ( 'NONE', *, *, #7794, .T. ) ;
#5371 = CARTESIAN_POINT ( 'NONE',  ( -0.08946850393700787885, -0.01909448818897637595, 0.009842519685039369942 ) ) ;
#5372 = FILL_AREA_STYLE_COLOUR ( '', #4677 ) ;
#5373 = COLOUR_RGB ( '',0.7490196078431372584, 0.7490196078431372584, 0.7490196078431372584 ) ;
#5374 = VECTOR ( 'NONE', #2348, 39.37007874015748143 ) ;
#5375 = CARTESIAN_POINT ( 'NONE',  ( 0.06530030766429134603, 0.08129921259842519399, 0.005000000000000000104 ) ) ;
#5376 = EDGE_CURVE ( 'NONE', #5868, #5857, #8150, .T. ) ;
#5377 =( NAMED_UNIT ( * ) SI_UNIT ( $, .STERADIAN. ) SOLID_ANGLE_UNIT ( ) );
#5378 = FILL_AREA_STYLE ('',( #2706 ) ) ;
#5379 =( CONVERSION_BASED_UNIT ( 'INCH', #8933 ) LENGTH_UNIT ( ) NAMED_UNIT ( #6185 ) );
#5380 =( NAMED_UNIT ( * ) SI_UNIT ( $, .STERADIAN. ) SOLID_ANGLE_UNIT ( ) );
#5381 = DIRECTION ( 'NONE',  ( 1.000000000000000000, 0.000000000000000000, 0.000000000000000000 ) ) ;
#5382 = ORIENTED_EDGE ( 'NONE', *, *, #6903, .F. ) ;
#5383 = ORIENTED_EDGE ( 'NONE', *, *, #1096, .T. ) ;
#5384 = LINE ( 'NONE', #6019, #3077 ) ;
#5385 = LENGTH_MEASURE_WITH_UNIT ( LENGTH_MEASURE( 0.02539999999999999897 ), #5977 );
#5386 = MECHANICAL_DESIGN_GEOMETRIC_PRESENTATION_REPRESENTATION (  '', ( #6959 ), #8271 ) ;
#5387 = UNCERTAINTY_MEASURE_WITH_UNIT (LENGTH_MEASURE( 1.000000000000000082E-05 ), #4419, 'distance_accuracy_value', 'NONE');
#5388 = DIRECTION ( 'NONE',  ( 0.000000000000000000, -0.000000000000000000, -1.000000000000000000 ) ) ;
#5389 = MECHANICAL_DESIGN_GEOMETRIC_PRESENTATION_REPRESENTATION (  '', ( #5678 ), #2785 ) ;
#5390 =( LENGTH_UNIT ( ) NAMED_UNIT ( * ) SI_UNIT ( $, .METRE. ) );
#5391 = CARTESIAN_POINT ( 'NONE',  ( -0.08875394017312086825, 0.08853361309167617765, 0.04711612391623687390 ) ) ;
#5392 = CARTESIAN_POINT ( 'NONE',  ( -0.03307086614173228301, -0.09084088879601615041, 0.01357377070548917292 ) ) ;
#5393 =( NAMED_UNIT ( * ) SI_UNIT ( $, .STERADIAN. ) SOLID_ANGLE_UNIT ( ) );
#5394 = EDGE_CURVE ( 'NONE', #3847, #8789, #3349, .T. ) ;
#5395 = ORIENTED_EDGE ( 'NONE', *, *, #3323, .T. ) ;
#5396 = SURFACE_STYLE_USAGE ( .BOTH. , #5301 ) ;
#5397 = DIRECTION ( 'NONE',  ( 1.000000000000000000, 0.000000000000000000, 0.000000000000000000 ) ) ;
#5398 = DIRECTION ( 'NONE',  ( -0.000000000000000000, 1.000000000000000000, 0.000000000000000000 ) ) ;
#5399 =( GEOMETRIC_REPRESENTATION_CONTEXT ( 3 ) GLOBAL_UNCERTAINTY_ASSIGNED_CONTEXT ( ( #4847 ) ) GLOBAL_UNIT_ASSIGNED_CONTEXT ( ( #1541, #3653, #164 ) ) REPRESENTATION_CONTEXT ( 'NONE', 'WORKASPACE' ) );
#5400 = CARTESIAN_POINT ( 'NONE',  ( -0.03307086614173228301, -0.1210629921259842590, 0.009880116511253426298 ) ) ;
#5401 = SURFACE_STYLE_USAGE ( .BOTH. , #3302 ) ;
#5402 = FILL_AREA_STYLE_COLOUR ( '', #2500 ) ;
#5403 =( LENGTH_UNIT ( ) NAMED_UNIT ( * ) SI_UNIT ( $, .METRE. ) );
#5404 = CARTESIAN_POINT ( 'NONE',  ( -0.07795275590551181688, 0.007086614173228346358, 0.005000000000000000104 ) ) ;
#5405 = DIRECTION ( 'NONE',  ( 1.000000000000000000, 0.000000000000000000, 0.000000000000000000 ) ) ;
#5406 = LINE ( 'NONE', #8113, #5179 ) ;
#5407 = VERTEX_POINT ( 'NONE', #7413 ) ;
#5408 = UNCERTAINTY_MEASURE_WITH_UNIT (LENGTH_MEASURE( 1.000000000000000082E-05 ), #1345, 'distance_accuracy_value', 'NONE');
#5409 = EDGE_LOOP ( 'NONE', ( #3958, #4091, #5161, #1781 ) ) ;
#5410 = LENGTH_MEASURE_WITH_UNIT ( LENGTH_MEASURE( 0.02539999999999999897 ), #8154 );
#5411 = MECHANICAL_DESIGN_GEOMETRIC_PRESENTATION_REPRESENTATION (  '', ( #7705 ), #8142 ) ;
#5412 = CARTESIAN_POINT ( 'NONE',  ( 0.08753937007874017240, -0.0009842519685039172617, 0.009842519685039369942 ) ) ;
#5413 =( CONVERSION_BASED_UNIT ( 'INCH', #3269 ) LENGTH_UNIT ( ) NAMED_UNIT ( #7240 ) );
#5414 = SURFACE_STYLE_FILL_AREA ( #526 ) ;
#5415 = DIRECTION ( 'NONE',  ( -1.000000000000000000, -0.000000000000000000, -0.000000000000000000 ) ) ;
#5416 = PLANE ( 'NONE',  #2787 ) ;
#5417 = PRESENTATION_STYLE_ASSIGNMENT (( #530 ) ) ;
#5418 = CARTESIAN_POINT ( 'NONE',  ( 0.09330708661417323746, -0.07893700787401573826, 0.005000000000000000104 ) ) ;
#5419 = SURFACE_SIDE_STYLE ('',( #3460 ) ) ;
#5420 = FILL_AREA_STYLE_COLOUR ( '', #7185 ) ;
#5421 = VERTEX_POINT ( 'NONE', #4722 ) ;
#5422 =( GEOMETRIC_REPRESENTATION_CONTEXT ( 3 ) GLOBAL_UNCERTAINTY_ASSIGNED_CONTEXT ( ( #4273 ) ) GLOBAL_UNIT_ASSIGNED_CONTEXT ( ( #5581, #8286, #3670 ) ) REPRESENTATION_CONTEXT ( 'NONE', 'WORKASPACE' ) );
#5423 = VERTEX_POINT ( 'NONE', #7459 ) ;
#5424 = DIRECTION ( 'NONE',  ( 0.000000000000000000, 0.000000000000000000, 1.000000000000000000 ) ) ;
#5425 = EDGE_CURVE ( 'NONE', #3516, #996, #5493, .T. ) ;
#5426 = LENGTH_MEASURE_WITH_UNIT ( LENGTH_MEASURE( 0.02539999999999999897 ), #3467 );
#5427 =( GEOMETRIC_REPRESENTATION_CONTEXT ( 3 ) GLOBAL_UNCERTAINTY_ASSIGNED_CONTEXT ( ( #7640 ) ) GLOBAL_UNIT_ASSIGNED_CONTEXT ( ( #6465, #2994, #6634 ) ) REPRESENTATION_CONTEXT ( 'NONE', 'WORKASPACE' ) );
#5428 = DIMENSIONAL_EXPONENTS ( 1.000000000000000000, 0.000000000000000000, 0.000000000000000000, 0.000000000000000000, 0.000000000000000000, 0.000000000000000000, 0.000000000000000000 ) ;
#5429 =( LENGTH_UNIT ( ) NAMED_UNIT ( * ) SI_UNIT ( $, .METRE. ) );
#5430 = MECHANICAL_DESIGN_GEOMETRIC_PRESENTATION_REPRESENTATION (  '', ( #2530 ), #8600 ) ;
#5431 = CYLINDRICAL_SURFACE ( 'NONE', #793, 0.008858267716535431213 ) ;
#5432 = DIRECTION ( 'NONE',  ( 1.000000000000000000, 0.000000000000000000, 0.000000000000000000 ) ) ;
#5433 = VERTEX_POINT ( 'NONE', #4047 ) ;
#5434 = EDGE_CURVE ( 'NONE', #512, #8768, #6789, .T. ) ;
#5435 = ORIENTED_EDGE ( 'NONE', *, *, #115, .T. ) ;
#5436 = VECTOR ( 'NONE', #1242, 39.37007874015748143 ) ;
#5437 = DIRECTION ( 'NONE',  ( 0.7071067811865469066, -0.7071067811865479058, 0.000000000000000000 ) ) ;
#5438 = CARTESIAN_POINT ( 'NONE',  ( -0.09042084030531759298, -0.07290115526594752315, 0.04882104092741531426 ) ) ;
#5439 = SURFACE_STYLE_USAGE ( .BOTH. , #1178 ) ;
#5440 = FILL_AREA_STYLE_COLOUR ( '', #4767 ) ;
#5441 =( CONVERSION_BASED_UNIT ( 'INCH', #689 ) LENGTH_UNIT ( ) NAMED_UNIT ( #2271 ) );
#5442 = FACE_OUTER_BOUND ( 'NONE', #853, .T. ) ;
#5443 = VECTOR ( 'NONE', #4769, 39.37007874015748143 ) ;
#5444 = LENGTH_MEASURE_WITH_UNIT ( LENGTH_MEASURE( 0.02539999999999999897 ), #2724 );
#5445 = SURFACE_SIDE_STYLE ('',( #1106 ) ) ;
#5446 = SURFACE_STYLE_FILL_AREA ( #4721 ) ;
#5447 = DIRECTION ( 'NONE',  ( -1.000000000000000000, -0.000000000000000000, 0.000000000000000000 ) ) ;
#5448 = ORIENTED_EDGE ( 'NONE', *, *, #3197, .T. ) ;
#5449 = EDGE_LOOP ( 'NONE', ( #6043, #2147, #3351, #6182 ) ) ;
#5450 = ORIENTED_EDGE ( 'NONE', *, *, #5975, .T. ) ;
#5451 = VECTOR ( 'NONE', #4170, 39.37007874015748143 ) ;
#5452 = VECTOR ( 'NONE', #6435, 39.37007874015748143 ) ;
#5453 = PRESENTATION_STYLE_ASSIGNMENT (( #6143 ) ) ;
#5454 = FACE_OUTER_BOUND ( 'NONE', #1214, .T. ) ;
#5455 =( NAMED_UNIT ( * ) SI_UNIT ( $, .STERADIAN. ) SOLID_ANGLE_UNIT ( ) );
#5456 = AXIS2_PLACEMENT_3D ( 'NONE', #2429, #5190, #3288 ) ;
#5457 = FACE_OUTER_BOUND ( 'NONE', #3012, .T. ) ;
#5458 = CARTESIAN_POINT ( 'NONE',  ( -0.07499999999999999722, -0.08244437787890905589, 0.01631147111528527538 ) ) ;
#5459 = DIRECTION ( 'NONE',  ( 0.000000000000000000, -0.000000000000000000, 1.000000000000000000 ) ) ;
#5460 = ORIENTED_EDGE ( 'NONE', *, *, #5500, .T. ) ;
#5461 = ORIENTED_EDGE ( 'NONE', *, *, #2847, .T. ) ;
#5462 = FACE_OUTER_BOUND ( 'NONE', #6564, .T. ) ;
#5463 = PRESENTATION_LAYER_ASSIGNMENT (  '', '', ( #792 ) ) ;
#5464 = AXIS2_PLACEMENT_3D ( 'NONE', #349, #209, #1631 ) ;
#5465 = PRESENTATION_STYLE_ASSIGNMENT (( #6156 ) ) ;
#5466 =( NAMED_UNIT ( * ) SI_UNIT ( $, .STERADIAN. ) SOLID_ANGLE_UNIT ( ) );
#5467 = SURFACE_STYLE_FILL_AREA ( #5378 ) ;
#5468 =( NAMED_UNIT ( * ) PLANE_ANGLE_UNIT ( ) SI_UNIT ( $, .RADIAN. ) );
#5469 = CARTESIAN_POINT ( 'NONE',  ( 0.09055118110236221041, 0.002027559055118133540, 0.009842519685039369942 ) ) ;
#5470 = ORIENTED_EDGE ( 'NONE', *, *, #6534, .F. ) ;
#5471 = EDGE_LOOP ( 'NONE', ( #5775, #8885, #8884, #8515 ) ) ;
#5472 = DIRECTION ( 'NONE',  ( -0.000000000000000000, -1.000000000000000000, 0.000000000000000000 ) ) ;
#5473 = AXIS2_PLACEMENT_3D ( 'NONE', #42, #3569, #2849 ) ;
#5474 = SURFACE_STYLE_FILL_AREA ( #5752 ) ;
#5475 = LINE ( 'NONE', #4798, #3484 ) ;
#5476 = UNCERTAINTY_MEASURE_WITH_UNIT (LENGTH_MEASURE( 1.000000000000000082E-05 ), #3893, 'distance_accuracy_value', 'NONE');
#5477 = CARTESIAN_POINT ( 'NONE',  ( -0.08875394017312086825, 0.08540748348020747727, 0.04673228346456693300 ) ) ;
#5478 = MECHANICAL_DESIGN_GEOMETRIC_PRESENTATION_REPRESENTATION (  '', ( #8510 ), #3883 ) ;
#5479 = EDGE_CURVE ( 'NONE', #638, #3923, #2552, .T. ) ;
#5480 = CARTESIAN_POINT ( 'NONE',  ( -0.08945159696480153855, -0.06796840616323766848, 0.05163950143683278954 ) ) ;
#5481 = FILL_AREA_STYLE_COLOUR ( '', #1042 ) ;
#5482 = DIRECTION ( 'NONE',  ( 1.000000000000000000, 0.000000000000000000, 0.000000000000000000 ) ) ;
#5483 = DIMENSIONAL_EXPONENTS ( 1.000000000000000000, 0.000000000000000000, 0.000000000000000000, 0.000000000000000000, 0.000000000000000000, 0.000000000000000000, 0.000000000000000000 ) ;
#5484 =( LENGTH_UNIT ( ) NAMED_UNIT ( * ) SI_UNIT ( $, .METRE. ) );
#5485 = VECTOR ( 'NONE', #889, 39.37007874015748143 ) ;
#5486 = FILL_AREA_STYLE ('',( #8942 ) ) ;
#5487 = SURFACE_STYLE_USAGE ( .BOTH. , #5531 ) ;
#5488 = EDGE_CURVE ( 'NONE', #2888, #4661, #6137, .T. ) ;
#5489 = CARTESIAN_POINT ( 'NONE',  ( 0.09333047645106030965, -0.07893692102315862102, 0.009843227028506446735 ) ) ;
#5490 =( LENGTH_UNIT ( ) NAMED_UNIT ( * ) SI_UNIT ( $, .METRE. ) );
#5491 = FILL_AREA_STYLE ('',( #5402 ) ) ;
#5492 = PRESENTATION_STYLE_ASSIGNMENT (( #6648 ) ) ;
#5493 = LINE ( 'NONE', #1235, #6021 ) ;
#5494 =( NAMED_UNIT ( * ) PLANE_ANGLE_UNIT ( ) SI_UNIT ( $, .RADIAN. ) );
#5495 = ORIENTED_EDGE ( 'NONE', *, *, #5569, .T. ) ;
#5496 = ORIENTED_EDGE ( 'NONE', *, *, #8987, .F. ) ;
#5497 = UNCERTAINTY_MEASURE_WITH_UNIT (LENGTH_MEASURE( 1.000000000000000082E-05 ), #6079, 'distance_accuracy_value', 'NONE');
#5498 = ORIENTED_EDGE ( 'NONE', *, *, #8371, .F. ) ;
#5499 = SURFACE_STYLE_USAGE ( .BOTH. , #1288 ) ;
#5500 = EDGE_CURVE ( 'NONE', #3516, #1994, #657, .T. ) ;
#5501 = CARTESIAN_POINT ( 'NONE',  ( 0.07795275590551181688, 0.01003937007874019724, 0.005000000000000000104 ) ) ;
#5502 = DIRECTION ( 'NONE',  ( 0.000000000000000000, 0.7143278697962460733, -0.6998111848437100768 ) ) ;
#5503 = SURFACE_STYLE_FILL_AREA ( #4523 ) ;
#5504 = MECHANICAL_DESIGN_GEOMETRIC_PRESENTATION_REPRESENTATION (  '', ( #7216 ), #692 ) ;
#5505 = DIRECTION ( 'NONE',  ( 0.5292407919724574361, -0.5292407919724574361, 0.6631804944543621128 ) ) ;
#5506 = PRESENTATION_LAYER_ASSIGNMENT (  '', '', ( #2750 ) ) ;
#5507 = CARTESIAN_POINT ( 'NONE',  ( 0.08307086614173228578, -0.08244437787890905589, 0.01631147111528527538 ) ) ;
#5508 = ORIENTED_EDGE ( 'NONE', *, *, #5229, .F. ) ;
#5509 = UNCERTAINTY_MEASURE_WITH_UNIT (LENGTH_MEASURE( 1.000000000000000082E-05 ), #3248, 'distance_accuracy_value', 'NONE');
#5510 = ORIENTED_EDGE ( 'NONE', *, *, #4380, .F. ) ;
#5511 = CARTESIAN_POINT ( 'NONE',  ( -0.08307086614173228578, -0.09018673685477521240, 0.007095752720117635970 ) ) ;
#5512 = FACE_OUTER_BOUND ( 'NONE', #2329, .T. ) ;
#5513 = FILL_AREA_STYLE_COLOUR ( '', #8017 ) ;
#5514 = EDGE_CURVE ( 'NONE', #8917, #377, #8063, .T. ) ;
#5515 = ADVANCED_FACE ( 'NONE', ( #7369 ), #7504, .F. ) ;
#5516 = SURFACE_SIDE_STYLE ('',( #4023 ) ) ;
#5517 =( NAMED_UNIT ( * ) PLANE_ANGLE_UNIT ( ) SI_UNIT ( $, .RADIAN. ) );
#5518 = VECTOR ( 'NONE', #8141, 39.37007874015748143 ) ;
#5519 = SURFACE_STYLE_USAGE ( .BOTH. , #7076 ) ;
#5520 =( LENGTH_UNIT ( ) NAMED_UNIT ( * ) SI_UNIT ( $, .METRE. ) );
#5521 = ORIENTED_EDGE ( 'NONE', *, *, #2336, .T. ) ;
#5522 = EDGE_LOOP ( 'NONE', ( #6605, #2399, #7708, #5606 ) ) ;
#5523 = LENGTH_MEASURE_WITH_UNIT ( LENGTH_MEASURE( 0.02539999999999999897 ), #2623 );
#5524 = SURFACE_SIDE_STYLE ('',( #37 ) ) ;
#5525 = MECHANICAL_DESIGN_GEOMETRIC_PRESENTATION_REPRESENTATION (  '', ( #7229 ), #5963 ) ;
#5526 = LINE ( 'NONE', #1360, #5451 ) ;
#5527 = AXIS2_PLACEMENT_3D ( 'NONE', #5656, #5005, #8405 ) ;
#5528 = SURFACE_STYLE_FILL_AREA ( #4886 ) ;
#5529 = ADVANCED_FACE ( 'NONE', ( #5585 ), #5728, .T. ) ;
#5530 = PRESENTATION_STYLE_ASSIGNMENT (( #8941 ) ) ;
#5531 = SURFACE_SIDE_STYLE ('',( #8990 ) ) ;
#5532 = EDGE_CURVE ( 'NONE', #8667, #6895, #8472, .T. ) ;
#5533 = VECTOR ( 'NONE', #7656, 39.37007874015748143 ) ;
#5534 =( LENGTH_UNIT ( ) NAMED_UNIT ( * ) SI_UNIT ( $, .METRE. ) );
#5535 = FILL_AREA_STYLE_COLOUR ( '', #1939 ) ;
#5536 = CARTESIAN_POINT ( 'NONE',  ( 0.09042084030531757910, 0.08707438361240422975, 0.04882104092741532120 ) ) ;
#5537 =( NAMED_UNIT ( * ) SI_UNIT ( $, .STERADIAN. ) SOLID_ANGLE_UNIT ( ) );
#5538 = MECHANICAL_DESIGN_GEOMETRIC_PRESENTATION_REPRESENTATION (  '', ( #4384 ), #5399 ) ;
#5539 = CARTESIAN_POINT ( 'NONE',  ( -0.03503937007874016046, -0.08653382883559776473, 0.01376068786798864511 ) ) ;
#5540 = UNCERTAINTY_MEASURE_WITH_UNIT (LENGTH_MEASURE( 1.000000000000000082E-05 ), #1656, 'distance_accuracy_value', 'NONE');
#5541 = VERTEX_POINT ( 'NONE', #5539 ) ;
#5542 = ORIENTED_EDGE ( 'NONE', *, *, #4052, .F. ) ;
#5543 = EDGE_CURVE ( 'NONE', #4050, #3978, #8289, .T. ) ;
#5544 = ORIENTED_EDGE ( 'NONE', *, *, #1647, .T. ) ;
#5545 = CARTESIAN_POINT ( 'NONE',  ( 0.02500000000000000139, -0.1210629921259842590, 0.009880116511253426298 ) ) ;
#5546 = VECTOR ( 'NONE', #2085, 39.37007874015748143 ) ;
#5547 = CARTESIAN_POINT ( 'NONE',  ( 0.01692913385826771630, -0.08244437787890905589, 0.01631147111528527538 ) ) ;
#5548 = DIMENSIONAL_EXPONENTS ( 1.000000000000000000, 0.000000000000000000, 0.000000000000000000, 0.000000000000000000, 0.000000000000000000, 0.000000000000000000, 0.000000000000000000 ) ;
#5549 = DIRECTION ( 'NONE',  ( 1.139859368198320049E-15, -1.000000000000000000, 0.000000000000000000 ) ) ;
#5550 = PRODUCT ( 'SQJ459EP-T1_GE3', 'SQJ459EP-T1_GE3', '', ( #1740 ) ) ;
#5551 = VECTOR ( 'NONE', #3951, 39.37007874015748143 ) ;
#5552 = LENGTH_MEASURE_WITH_UNIT ( LENGTH_MEASURE( 0.02539999999999999897 ), #2776 );
#5553 = FILL_AREA_STYLE ('',( #7749 ) ) ;
#5554 = COLOUR_RGB ( '',0.7490196078431372584, 0.7490196078431372584, 0.7490196078431372584 ) ;
#5555 = DIRECTION ( 'NONE',  ( 1.000000000000000000, 0.000000000000000000, -0.000000000000000000 ) ) ;
#5556 = LINE ( 'NONE', #6806, #8467 ) ;
#5557 = VECTOR ( 'NONE', #7686, 39.37007874015748143 ) ;
#5558 = CARTESIAN_POINT ( 'NONE',  ( -0.09042084030531750971, 0.08707438361240420199, 0.04882104092741531426 ) ) ;
#5559 = EDGE_LOOP ( 'NONE', ( #5542, #7025, #5998, #6535 ) ) ;
#5560 = ADVANCED_FACE ( 'NONE', ( #4852 ), #779, .T. ) ;
#5561 = VERTEX_POINT ( 'NONE', #6509 ) ;
#5562 = ORIENTED_EDGE ( 'NONE', *, *, #2542, .F. ) ;
#5563 = LINE ( 'NONE', #8317, #150 ) ;
#5564 =( LENGTH_UNIT ( ) NAMED_UNIT ( * ) SI_UNIT ( $, .METRE. ) );
#5565 =( NAMED_UNIT ( * ) PLANE_ANGLE_UNIT ( ) SI_UNIT ( $, .RADIAN. ) );
#5566 = ORIENTED_EDGE ( 'NONE', *, *, #1787, .T. ) ;
#5567 = ORIENTED_EDGE ( 'NONE', *, *, #586, .F. ) ;
#5568 = LINE ( 'NONE', #2892, #7529 ) ;
#5569 = EDGE_CURVE ( 'NONE', #3533, #4408, #1002, .T. ) ;
#5570 = VECTOR ( 'NONE', #693, 39.37007874015748143 ) ;
#5571 = FACE_OUTER_BOUND ( 'NONE', #6575, .T. ) ;
#5572 =( NAMED_UNIT ( * ) SI_UNIT ( $, .STERADIAN. ) SOLID_ANGLE_UNIT ( ) );
#5573 = SURFACE_STYLE_USAGE ( .BOTH. , #3478 ) ;
#5574 = AXIS2_PLACEMENT_3D ( 'NONE', #3914, #2514, #8743 ) ;
#5575 = STYLED_ITEM ( 'NONE', ( #3844 ), #6352 ) ;
#5576 = SURFACE_STYLE_USAGE ( .BOTH. , #1228 ) ;
#5577 =( GEOMETRIC_REPRESENTATION_CONTEXT ( 3 ) GLOBAL_UNCERTAINTY_ASSIGNED_CONTEXT ( ( #8380 ) ) GLOBAL_UNIT_ASSIGNED_CONTEXT ( ( #1493, #2938, #8416 ) ) REPRESENTATION_CONTEXT ( 'NONE', 'WORKASPACE' ) );
#5578 = UNCERTAINTY_MEASURE_WITH_UNIT (LENGTH_MEASURE( 1.000000000000000082E-05 ), #2142, 'distance_accuracy_value', 'NONE');
#5579 = DIRECTION ( 'NONE',  ( -0.000000000000000000, -0.000000000000000000, -1.000000000000000000 ) ) ;
#5580 = DIRECTION ( 'NONE',  ( 1.000000000000000000, 0.000000000000000000, 0.000000000000000000 ) ) ;
#5581 =( CONVERSION_BASED_UNIT ( 'INCH', #7091 ) LENGTH_UNIT ( ) NAMED_UNIT ( #938 ) );
#5582 = SURFACE_STYLE_USAGE ( .BOTH. , #6300 ) ;
#5583 = PRESENTATION_STYLE_ASSIGNMENT (( #2810 ) ) ;
#5584 = CIRCLE ( 'NONE', #7880, 0.004921259842519684971 ) ;
#5585 = FACE_OUTER_BOUND ( 'NONE', #1596, .T. ) ;
#5586 = FACE_OUTER_BOUND ( 'NONE', #6222, .T. ) ;
#5587 = VERTEX_POINT ( 'NONE', #1607 ) ;
#5588 = EDGE_LOOP ( 'NONE', ( #5, #6942, #7757, #3024 ) ) ;
#5589 = EDGE_CURVE ( 'NONE', #2817, #5879, #6590, .T. ) ;
#5590 = ORIENTED_EDGE ( 'NONE', *, *, #5718, .F. ) ;
#5591 =( NAMED_UNIT ( * ) SI_UNIT ( $, .STERADIAN. ) SOLID_ANGLE_UNIT ( ) );
#5592 = DIRECTION ( 'NONE',  ( -0.000000000000000000, 0.000000000000000000, -1.000000000000000000 ) ) ;
#5593 =( GEOMETRIC_REPRESENTATION_CONTEXT ( 3 ) GLOBAL_UNCERTAINTY_ASSIGNED_CONTEXT ( ( #6731 ) ) GLOBAL_UNIT_ASSIGNED_CONTEXT ( ( #6967, #4942, #50 ) ) REPRESENTATION_CONTEXT ( 'NONE', 'WORKASPACE' ) );
#5594 = DIRECTION ( 'NONE',  ( 1.000000000000000000, 0.000000000000000000, -0.000000000000000000 ) ) ;
#5595 = SURFACE_SIDE_STYLE ('',( #6980 ) ) ;
#5596 = PLANE ( 'NONE',  #3954 ) ;
#5597 = CARTESIAN_POINT ( 'NONE',  ( 0.08963327822881110574, 0.08707438361240422975, 0.04944954249008669950 ) ) ;
#5598 = EDGE_CURVE ( 'NONE', #7418, #7036, #7318, .T. ) ;
#5599 = LINE ( 'NONE', #1424, #5533 ) ;
#5600 = CARTESIAN_POINT ( 'NONE',  ( 0.09331878153261677356, -0.07893696444858722128, 0.009842873356772910073 ) ) ;
#5601 = UNCERTAINTY_MEASURE_WITH_UNIT (LENGTH_MEASURE( 1.000000000000000082E-05 ), #4608, 'distance_accuracy_value', 'NONE');
#5602 =( GEOMETRIC_REPRESENTATION_CONTEXT ( 3 ) GLOBAL_UNCERTAINTY_ASSIGNED_CONTEXT ( ( #1910 ) ) GLOBAL_UNIT_ASSIGNED_CONTEXT ( ( #3718, #1050, #233 ) ) REPRESENTATION_CONTEXT ( 'NONE', 'WORKASPACE' ) );
#5603 = ORIENTED_EDGE ( 'NONE', *, *, #2660, .F. ) ;
#5604 = ORIENTED_EDGE ( 'NONE', *, *, #5681, .F. ) ;
#5605 = DIRECTION ( 'NONE',  ( 0.1209742911513594643, -0.1209742911513549402, 0.9852565360152923946 ) ) ;
#5606 = ORIENTED_EDGE ( 'NONE', *, *, #7902, .T. ) ;
#5607 = CARTESIAN_POINT ( 'NONE',  ( 0.09645669291338586360, 0.1049212598425196957, 0.000000000000000000 ) ) ;
#5608 = VECTOR ( 'NONE', #3469, 39.37007874015748143 ) ;
#5609 = DIMENSIONAL_EXPONENTS ( 1.000000000000000000, 0.000000000000000000, 0.000000000000000000, 0.000000000000000000, 0.000000000000000000, 0.000000000000000000, 0.000000000000000000 ) ;
#5610 = ADVANCED_FACE ( 'NONE', ( #8603 ), #8643, .T. ) ;
#5611 = DIRECTION ( 'NONE',  ( -0.000000000000000000, 0.9989437399158199726, 0.04595002157773900309 ) ) ;
#5612 = SURFACE_STYLE_USAGE ( .BOTH. , #2746 ) ;
#5613 = ORIENTED_EDGE ( 'NONE', *, *, #7974, .T. ) ;
#5614 = UNCERTAINTY_MEASURE_WITH_UNIT (LENGTH_MEASURE( 1.000000000000000082E-05 ), #1887, 'distance_accuracy_value', 'NONE');
#5615 = ORIENTED_EDGE ( 'NONE', *, *, #6484, .F. ) ;
#5616 = DIRECTION ( 'NONE',  ( -0.000000000000000000, 0.3143126552996258760, -0.9493195219305765598 ) ) ;
#5617 = MECHANICAL_DESIGN_GEOMETRIC_PRESENTATION_REPRESENTATION (  '', ( #1368 ), #54 ) ;
#5618 = DIRECTION ( 'NONE',  ( -1.000000000000000000, -0.000000000000000000, 0.000000000000000000 ) ) ;
#5619 = FILL_AREA_STYLE_COLOUR ( '', #4702 ) ;
#5620 = CARTESIAN_POINT ( 'NONE',  ( -0.06530030766429133215, 0.09311023622047245873, 0.000000000000000000 ) ) ;
#5621 = COLOUR_RGB ( '',0.7490196078431372584, 0.7490196078431372584, 0.7490196078431372584 ) ;
#5622 = FILL_AREA_STYLE_COLOUR ( '', #1950 ) ;
#5623 = FACE_OUTER_BOUND ( 'NONE', #5209, .T. ) ;
#5624 = FACE_OUTER_BOUND ( 'NONE', #6817, .T. ) ;
#5625 = AXIS2_PLACEMENT_3D ( 'NONE', #625, #2964, #1018 ) ;
#5626 = DIRECTION ( 'NONE',  ( 1.000000000000000000, -1.673405894323610011E-16, -0.000000000000000000 ) ) ;
#5627 = DIRECTION ( 'NONE',  ( 0.000000000000000000, 0.000000000000000000, -1.000000000000000000 ) ) ;
#5628 =( GEOMETRIC_REPRESENTATION_CONTEXT ( 3 ) GLOBAL_UNCERTAINTY_ASSIGNED_CONTEXT ( ( #2036 ) ) GLOBAL_UNIT_ASSIGNED_CONTEXT ( ( #7132, #2343, #5020 ) ) REPRESENTATION_CONTEXT ( 'NONE', 'WORKASPACE' ) );
#5629 = CARTESIAN_POINT ( 'NONE',  ( 0.01496062992125984405, -0.09383657304297417234, 0.02091502454231214392 ) ) ;
#5630 = CARTESIAN_POINT ( 'NONE',  ( -0.09645669291338584972, 0.09311023622047245873, 0.005000000000000000104 ) ) ;
#5631 = MECHANICAL_DESIGN_GEOMETRIC_PRESENTATION_REPRESENTATION (  '', ( #8366 ), #5187 ) ;
#5632 = DIRECTION ( 'NONE',  ( 0.000000000000000000, -1.000000000000000000, 0.000000000000000000 ) ) ;
#5633 = UNCERTAINTY_MEASURE_WITH_UNIT (LENGTH_MEASURE( 1.000000000000000082E-05 ), #656, 'distance_accuracy_value', 'NONE');
#5634 = EDGE_LOOP ( 'NONE', ( #1694, #6162, #3675, #6987 ) ) ;
#5635 = COLOUR_RGB ( '',0.2862745098039215508, 0.2862745098039215508, 0.2862745098039215508 ) ;
#5636 = ORIENTED_EDGE ( 'NONE', *, *, #8729, .F. ) ;
#5637 = CARTESIAN_POINT ( 'NONE',  ( -0.02500000000000000139, -0.09383657304297415847, 0.02091502454231218208 ) ) ;
#5638 = MECHANICAL_DESIGN_GEOMETRIC_PRESENTATION_REPRESENTATION (  '', ( #1986 ), #4901 ) ;
#5639 = FACE_OUTER_BOUND ( 'NONE', #3606, .T. ) ;
#5640 = CARTESIAN_POINT ( 'NONE',  ( -0.09645669291338584972, 0.09311023622047245873, 0.005000000000000000104 ) ) ;
#5641 = CARTESIAN_POINT ( 'NONE',  ( 0.08779069753053725389, 0.08641048960960873160, 0.04955826332223256525 ) ) ;
#5642 = LINE ( 'NONE', #5745, #1051 ) ;
#5643 = CARTESIAN_POINT ( 'NONE',  ( -0.09054314505225570520, 0.08878423255659451119, 0.04735891941054847648 ) ) ;
#5644 = AXIS2_PLACEMENT_3D ( 'NONE', #3343, #3296, #6129 ) ;
#5645 = ORIENTED_EDGE ( 'NONE', *, *, #2304, .F. ) ;
#5646 = VERTEX_POINT ( 'NONE', #5202 ) ;
#5647 = LINE ( 'NONE', #8400, #8939 ) ;
#5648 =( LENGTH_UNIT ( ) NAMED_UNIT ( * ) SI_UNIT ( $, .METRE. ) );
#5649 = EDGE_CURVE ( 'NONE', #2639, #6141, #7965, .T. ) ;
#5650 = VERTEX_POINT ( 'NONE', #5823 ) ;
#5651 = PRESENTATION_STYLE_ASSIGNMENT (( #3550 ) ) ;
#5652 = EDGE_CURVE ( 'NONE', #4494, #8956, #8559, .T. ) ;
#5653 = COLOUR_RGB ( '',0.7490196078431372584, 0.7490196078431372584, 0.7490196078431372584 ) ;
#5654 = DIRECTION ( 'NONE',  ( -0.5292407919724519960, 0.5292407919724628762, 0.6631804944543621128 ) ) ;
#5655 = ADVANCED_FACE ( 'NONE', ( #7400 ), #1915, .T. ) ;
#5656 = CARTESIAN_POINT ( 'NONE',  ( 0.1009842519685039408, 0.007027559055118149690, 0.000000000000000000 ) ) ;
#5657 = PRESENTATION_STYLE_ASSIGNMENT (( #7715 ) ) ;
#5658 = ORIENTED_EDGE ( 'NONE', *, *, #5833, .T. ) ;
#5659 = ORIENTED_EDGE ( 'NONE', *, *, #575, .T. ) ;
#5660 = PRESENTATION_LAYER_ASSIGNMENT (  '', '', ( #7216 ) ) ;
#5661 = PLANE ( 'NONE',  #6681 ) ;
#5662 = SURFACE_STYLE_FILL_AREA ( #8545 ) ;
#5663 = CLOSED_SHELL ( 'NONE', ( #5560, #3424, #4192, #7807, #314, #3563, #8324, #1126, #5529, #7244, #1728, #397, #3949, #6024, #1917, #2022, #4871, #513, #2872, #1902, #4810, #3833 ) ) ;
#5664 = FILL_AREA_STYLE_COLOUR ( '', #2081 ) ;
#5665 = CARTESIAN_POINT ( 'NONE',  ( 0.09645669291338584972, 0.09311023622047245873, 0.005000000000000000104 ) ) ;
#5666 = CARTESIAN_POINT ( 'NONE',  ( 0.07499999999999999722, -0.08653382883559776473, 0.01376068786798864858 ) ) ;
#5667 = AXIS2_PLACEMENT_3D ( 'NONE', #8280, #2758, #2012 ) ;
#5668 = DIMENSIONAL_EXPONENTS ( 1.000000000000000000, 0.000000000000000000, 0.000000000000000000, 0.000000000000000000, 0.000000000000000000, 0.000000000000000000, 0.000000000000000000 ) ;
#5669 = LINE ( 'NONE', #8326, #1435 ) ;
#5670 = CARTESIAN_POINT ( 'NONE',  ( 0.08858267716535433989, 0.1210629921259842590, 0.000000000000000000 ) ) ;
#5671 = ADVANCED_FACE ( 'NONE', ( #7358 ), #6027, .T. ) ;
#5672 = UNCERTAINTY_MEASURE_WITH_UNIT (LENGTH_MEASURE( 1.000000000000000082E-05 ), #2670, 'distance_accuracy_value', 'NONE');
#5673 = AXIS2_PLACEMENT_3D ( 'NONE', #7646, #5632, #4359 ) ;
#5674 = UNCERTAINTY_MEASURE_WITH_UNIT (LENGTH_MEASURE( 1.000000000000000082E-05 ), #2856, 'distance_accuracy_value', 'NONE');
#5675 = DIRECTION ( 'NONE',  ( -0.7071067811865420216, 0.7071067811865530128, 0.000000000000000000 ) ) ;
#5676 = SURFACE_STYLE_FILL_AREA ( #8331 ) ;
#5677 = CARTESIAN_POINT ( 'NONE',  ( 0.03307086614173228301, -0.1210629921259842590, -1.069830134859272772E-18 ) ) ;
#5678 = STYLED_ITEM ( 'NONE', ( #7177 ), #4229 ) ;
#5679 = ORIENTED_EDGE ( 'NONE', *, *, #5078, .T. ) ;
#5680 = ORIENTED_EDGE ( 'NONE', *, *, #5980, .F. ) ;
#5681 = EDGE_CURVE ( 'NONE', #7186, #3199, #45, .T. ) ;
#5682 = LINE ( 'NONE', #8296, #963 ) ;
#5683 =( NAMED_UNIT ( * ) PLANE_ANGLE_UNIT ( ) SI_UNIT ( $, .RADIAN. ) );
#5684 = COLOUR_RGB ( '',0.7490196078431372584, 0.7490196078431372584, 0.7490196078431372584 ) ;
#5685 = FACE_OUTER_BOUND ( 'NONE', #2291, .T. ) ;
#5686 = LENGTH_MEASURE_WITH_UNIT ( LENGTH_MEASURE( 0.02539999999999999897 ), #1381 );
#5687 = LENGTH_MEASURE_WITH_UNIT ( LENGTH_MEASURE( 0.02539999999999999897 ), #1519 );
#5688 = DIRECTION ( 'NONE',  ( 0.000000000000000000, 0.000000000000000000, 1.000000000000000000 ) ) ;
#5689 = LINE ( 'NONE', #7703, #2386 ) ;
#5690 = UNCERTAINTY_MEASURE_WITH_UNIT (LENGTH_MEASURE( 1.000000000000000082E-05 ), #1461, 'distance_accuracy_value', 'NONE');
#5691 = VECTOR ( 'NONE', #8195, 39.37007874015748143 ) ;
#5692 = VERTEX_POINT ( 'NONE', #416 ) ;
#5693 = ORIENTED_EDGE ( 'NONE', *, *, #3717, .F. ) ;
#5694 = FILL_AREA_STYLE_COLOUR ( '', #3619 ) ;
#5695 = EDGE_CURVE ( 'NONE', #1610, #2122, #6126, .T. ) ;
#5696 = ORIENTED_EDGE ( 'NONE', *, *, #5323, .T. ) ;
#5697 = CARTESIAN_POINT ( 'NONE',  ( -0.07795275590551181688, -0.0009842519685039172617, 0.005000000000000000104 ) ) ;
#5698 = STYLED_ITEM ( 'NONE', ( #2551 ), #7182 ) ;
#5699 = DIRECTION ( 'NONE',  ( 1.000000000000000000, 0.000000000000000000, 0.000000000000000000 ) ) ;
#5700 = MECHANICAL_DESIGN_GEOMETRIC_PRESENTATION_REPRESENTATION (  '', ( #595 ), #6685 ) ;
#5701 = DIRECTION ( 'NONE',  ( -0.000000000000000000, 1.000000000000000000, 0.000000000000000000 ) ) ;
#5702 = FILL_AREA_STYLE_COLOUR ( '', #5621 ) ;
#5703 = VERTEX_POINT ( 'NONE', #3206 ) ;
#5704 = ORIENTED_EDGE ( 'NONE', *, *, #4978, .T. ) ;
#5705 = SURFACE_STYLE_FILL_AREA ( #764 ) ;
#5706 =( LENGTH_UNIT ( ) NAMED_UNIT ( * ) SI_UNIT ( $, .METRE. ) );
#5707 = EDGE_CURVE ( 'NONE', #4422, #4642, #8723, .T. ) ;
#5708 = PLANE ( 'NONE',  #2896 ) ;
#5709 = AXIS2_PLACEMENT_3D ( 'NONE', #5458, #4782, #6892 ) ;
#5710 = LINE ( 'NONE', #6374, #2972 ) ;
#5711 =( GEOMETRIC_REPRESENTATION_CONTEXT ( 3 ) GLOBAL_UNCERTAINTY_ASSIGNED_CONTEXT ( ( #1414 ) ) GLOBAL_UNIT_ASSIGNED_CONTEXT ( ( #4637, #7456, #7543 ) ) REPRESENTATION_CONTEXT ( 'NONE', 'WORKASPACE' ) );
#5712 = CARTESIAN_POINT ( 'NONE',  ( -0.01496062992125984231, -0.08244437787890905589, 0.01631147111528528579 ) ) ;
#5713 =( LENGTH_UNIT ( ) NAMED_UNIT ( * ) SI_UNIT ( $, .METRE. ) );
#5714 = PRESENTATION_STYLE_ASSIGNMENT (( #3520 ) ) ;
#5715 = EDGE_CURVE ( 'NONE', #8835, #3978, #646, .T. ) ;
#5716 = EDGE_CURVE ( 'NONE', #2782, #8068, #8323, .T. ) ;
#5717 = PRESENTATION_LAYER_ASSIGNMENT (  '', '', ( #8007 ) ) ;
#5718 = EDGE_CURVE ( 'NONE', #900, #4621, #7679, .T. ) ;
#5719 = STYLED_ITEM ( 'NONE', ( #6237 ), #8480 ) ;
#5720 = DIRECTION ( 'NONE',  ( 0.000000000000000000, 0.000000000000000000, -1.000000000000000000 ) ) ;
#5721 = CARTESIAN_POINT ( 'NONE',  ( 0.1009842519685039408, 0.007027559055118149690, 0.000000000000000000 ) ) ;
#5722 = AXIS2_PLACEMENT_3D ( 'NONE', #4176, #4889, #5675 ) ;
#5723 = DIRECTION ( 'NONE',  ( 1.000000000000000000, 0.000000000000000000, 0.000000000000000000 ) ) ;
#5724 = CARTESIAN_POINT ( 'NONE',  ( 0.07795275590551181688, -0.01909448818897637595, 0.005000000000000000104 ) ) ;
#5725 = MECHANICAL_DESIGN_GEOMETRIC_PRESENTATION_REPRESENTATION (  '', ( #617 ), #167 ) ;
#5726 = CARTESIAN_POINT ( 'NONE',  ( 0.09029853555837941137, 0.08536453466821387892, 0.05028316244428218673 ) ) ;
#5727 = EDGE_CURVE ( 'NONE', #2361, #5928, #7448, .T. ) ;
#5728 = PLANE ( 'NONE',  #770 ) ;
#5729 = VECTOR ( 'NONE', #8549, 39.37007874015748854 ) ;
#5730 = SURFACE_STYLE_FILL_AREA ( #7738 ) ;
#5731 = ORIENTED_EDGE ( 'NONE', *, *, #4765, .T. ) ;
#5732 = ORIENTED_EDGE ( 'NONE', *, *, #2763, .F. ) ;
#5733 = SURFACE_SIDE_STYLE ('',( #6387 ) ) ;
#5734 = MECHANICAL_DESIGN_GEOMETRIC_PRESENTATION_REPRESENTATION (  '', ( #1339 ), #1036 ) ;
#5735 = PLANE ( 'NONE',  #3428 ) ;
#5736 = DIMENSIONAL_EXPONENTS ( 1.000000000000000000, 0.000000000000000000, 0.000000000000000000, 0.000000000000000000, 0.000000000000000000, 0.000000000000000000, 0.000000000000000000 ) ;
#5737 = PLANE ( 'NONE',  #8674 ) ;
#5738 = CARTESIAN_POINT ( 'NONE',  ( 0.03307086614173228301, -0.06061878546604763246, 0.01731541798661000164 ) ) ;
#5739 = AXIS2_PLACEMENT_3D ( 'NONE', #1657, #6600, #5994 ) ;
#5740 = SURFACE_STYLE_USAGE ( .BOTH. , #1466 ) ;
#5741 = COLOUR_RGB ( '',0.7490196078431372584, 0.7490196078431372584, 0.7490196078431372584 ) ;
#5742 =( NAMED_UNIT ( * ) PLANE_ANGLE_UNIT ( ) SI_UNIT ( $, .RADIAN. ) );
#5743 = CARTESIAN_POINT ( 'NONE',  ( 0.09172319507450696352, 0.08641048960960868996, 0.04641999533636153447 ) ) ;
#5744 = CARTESIAN_POINT ( 'NONE',  ( -0.09330708661417323746, 0.08996062992125984648, 0.000000000000000000 ) ) ;
#5745 = CARTESIAN_POINT ( 'NONE',  ( -0.02500000000000000139, -0.08565767112959683793, 0.02601659103690530384 ) ) ;
#5746 = EDGE_CURVE ( 'NONE', #8197, #5170, #8940, .T. ) ;
#5747 = FACE_OUTER_BOUND ( 'NONE', #3980, .T. ) ;
#5748 = ORIENTED_EDGE ( 'NONE', *, *, #848, .T. ) ;
#5749 = ORIENTED_EDGE ( 'NONE', *, *, #7897, .T. ) ;
#5750 = VECTOR ( 'NONE', #8734, 39.37007874015748143 ) ;
#5751 = FILL_AREA_STYLE ('',( #5694 ) ) ;
#5752 = FILL_AREA_STYLE ('',( #4962 ) ) ;
#5753 = VERTEX_POINT ( 'NONE', #2755 ) ;
#5754 = CARTESIAN_POINT ( 'NONE',  ( -0.01496062992125984405, -0.09383657304297442214, 0.02091502454231232433 ) ) ;
#5755 =( NAMED_UNIT ( * ) SI_UNIT ( $, .STERADIAN. ) SOLID_ANGLE_UNIT ( ) );
#5756 = CARTESIAN_POINT ( 'NONE',  ( 0.09645669291338584972, 0.09311023622047245873, 0.005000000000000000104 ) ) ;
#5757 = UNCERTAINTY_MEASURE_WITH_UNIT (LENGTH_MEASURE( 1.000000000000000082E-05 ), #6338, 'distance_accuracy_value', 'NONE');
#5758 =( CONVERSION_BASED_UNIT ( 'INCH', #4558 ) LENGTH_UNIT ( ) NAMED_UNIT ( #2393 ) );
#5759 = VERTEX_POINT ( 'NONE', #4124 ) ;
#5760 = ORIENTED_EDGE ( 'NONE', *, *, #6248, .F. ) ;
#5761 = SURFACE_SIDE_STYLE ('',( #5227 ) ) ;
#5762 = SURFACE_SIDE_STYLE ('',( #5662 ) ) ;
#5763 = STYLED_ITEM ( 'NONE', ( #3034 ), #3587 ) ;
#5764 = FILL_AREA_STYLE ('',( #7081 ) ) ;
#5765 = FILL_AREA_STYLE_COLOUR ( '', #8159 ) ;
#5766 =( CONVERSION_BASED_UNIT ( 'INCH', #3112 ) LENGTH_UNIT ( ) NAMED_UNIT ( #4453 ) );
#5767 =( LENGTH_UNIT ( ) NAMED_UNIT ( * ) SI_UNIT ( $, .METRE. ) );
#5768 = FILL_AREA_STYLE ('',( #1039 ) ) ;
#5769 = VERTEX_POINT ( 'NONE', #1405 ) ;
#5770 = SURFACE_STYLE_USAGE ( .BOTH. , #1598 ) ;
#5771 = EDGE_CURVE ( 'NONE', #6499, #6753, #5526, .T. ) ;
#5772 = CARTESIAN_POINT ( 'NONE',  ( 0.08753937007874017240, 0.01003937007874023714, 0.009842519685039369942 ) ) ;
#5773 = DIMENSIONAL_EXPONENTS ( 1.000000000000000000, 0.000000000000000000, 0.000000000000000000, 0.000000000000000000, 0.000000000000000000, 0.000000000000000000, 0.000000000000000000 ) ;
#5774 = DIRECTION ( 'NONE',  ( 0.000000000000000000, -1.000000000000000000, 0.000000000000000000 ) ) ;
#5775 = ORIENTED_EDGE ( 'NONE', *, *, #4534, .T. ) ;
#5776 = VECTOR ( 'NONE', #7795, 39.37007874015748143 ) ;
#5777 = VERTEX_POINT ( 'NONE', #3614 ) ;
#5778 =( GEOMETRIC_REPRESENTATION_CONTEXT ( 3 ) GLOBAL_UNCERTAINTY_ASSIGNED_CONTEXT ( ( #21 ) ) GLOBAL_UNIT_ASSIGNED_CONTEXT ( ( #8279, #8906, #6335 ) ) REPRESENTATION_CONTEXT ( 'NONE', 'WORKASPACE' ) );
#5779 = LINE ( 'NONE', #6593, #89 ) ;
#5780 = SURFACE_STYLE_FILL_AREA ( #3003 ) ;
#5781 = ADVANCED_FACE ( 'NONE', ( #4303 ), #8369, .T. ) ;
#5782 = DIRECTION ( 'NONE',  ( -1.000000000000000000, 0.000000000000000000, 0.000000000000000000 ) ) ;
#5783 = PRESENTATION_LAYER_ASSIGNMENT (  '', '', ( #8510 ) ) ;
#5784 = SURFACE_SIDE_STYLE ('',( #7790 ) ) ;
#5785 = FILL_AREA_STYLE_COLOUR ( '', #2806 ) ;
#5786 = DIRECTION ( 'NONE',  ( -1.000000000000000000, 0.000000000000000000, -0.000000000000000000 ) ) ;
#5787 = SURFACE_SIDE_STYLE ('',( #4592 ) ) ;
#5788 =( NAMED_UNIT ( * ) PLANE_ANGLE_UNIT ( ) SI_UNIT ( $, .RADIAN. ) );
#5789 = UNCERTAINTY_MEASURE_WITH_UNIT (LENGTH_MEASURE( 1.000000000000000082E-05 ), #965, 'distance_accuracy_value', 'NONE');
#5790 = CARTESIAN_POINT ( 'NONE',  ( 0.06530030766429134603, 0.08129921259842519399, 0.009842519685039369942 ) ) ;
#5791 = CARTESIAN_POINT ( 'NONE',  ( 0.08307086614173228578, -0.08244437787890905589, 0.01631147111528528579 ) ) ;
#5792 = ORIENTED_EDGE ( 'NONE', *, *, #8628, .F. ) ;
#5793 = VERTEX_POINT ( 'NONE', #83 ) ;
#5794 = DIRECTION ( 'NONE',  ( 1.000000000000000000, 0.000000000000000000, -0.000000000000000000 ) ) ;
#5795 = SURFACE_SIDE_STYLE ('',( #3014 ) ) ;
#5796 = EDGE_CURVE ( 'NONE', #1948, #7098, #6868, .T. ) ;
#5797 =( GEOMETRIC_REPRESENTATION_CONTEXT ( 3 ) GLOBAL_UNCERTAINTY_ASSIGNED_CONTEXT ( ( #1576 ) ) GLOBAL_UNIT_ASSIGNED_CONTEXT ( ( #3491, #2123, #8391 ) ) REPRESENTATION_CONTEXT ( 'NONE', 'WORKASPACE' ) );
#5798 = DIRECTION ( 'NONE',  ( -0.000000000000000000, 0.000000000000000000, -1.000000000000000000 ) ) ;
#5799 = DIRECTION ( 'NONE',  ( 0.000000000000000000, 0.9961946980917454342, 0.08715574274765815199 ) ) ;
#5800 = FILL_AREA_STYLE_COLOUR ( '', #1158 ) ;
#5801 = DIMENSIONAL_EXPONENTS ( 1.000000000000000000, 0.000000000000000000, 0.000000000000000000, 0.000000000000000000, 0.000000000000000000, 0.000000000000000000, 0.000000000000000000 ) ;
#5802 = PRESENTATION_STYLE_ASSIGNMENT (( #8450 ) ) ;
#5803 =( GEOMETRIC_REPRESENTATION_CONTEXT ( 3 ) GLOBAL_UNCERTAINTY_ASSIGNED_CONTEXT ( ( #3403 ) ) GLOBAL_UNIT_ASSIGNED_CONTEXT ( ( #6707, #3315, #8203 ) ) REPRESENTATION_CONTEXT ( 'NONE', 'WORKASPACE' ) );
#5804 = CARTESIAN_POINT ( 'NONE',  ( 0.06530030766429134603, 0.08129921259842519399, 0.000000000000000000 ) ) ;
#5805 = FILL_AREA_STYLE_COLOUR ( '', #7616 ) ;
#5806 = VERTEX_POINT ( 'NONE', #1314 ) ;
#5807 = ORIENTED_EDGE ( 'NONE', *, *, #2431, .F. ) ;
#5808 = AXIS2_PLACEMENT_3D ( 'NONE', #7488, #5809, #77 ) ;
#5809 = DIRECTION ( 'NONE',  ( 0.000000000000000000, 0.9989437399158201947, 0.04595002157773421525 ) ) ;
#5810 =( GEOMETRIC_REPRESENTATION_CONTEXT ( 3 ) GLOBAL_UNCERTAINTY_ASSIGNED_CONTEXT ( ( #7020 ) ) GLOBAL_UNIT_ASSIGNED_CONTEXT ( ( #8309, #3466, #6943 ) ) REPRESENTATION_CONTEXT ( 'NONE', 'WORKASPACE' ) );
#5811 = LINE ( 'NONE', #1495, #6853 ) ;
#5812 = COLOUR_RGB ( '',0.2862745098039215508, 0.2862745098039215508, 0.2862745098039215508 ) ;
#5813 =( GEOMETRIC_REPRESENTATION_CONTEXT ( 3 ) GLOBAL_UNCERTAINTY_ASSIGNED_CONTEXT ( ( #7106 ) ) GLOBAL_UNIT_ASSIGNED_CONTEXT ( ( #1197, #2461, #6755 ) ) REPRESENTATION_CONTEXT ( 'NONE', 'WORKASPACE' ) );
#5814 = FACE_OUTER_BOUND ( 'NONE', #99, .T. ) ;
#5815 = EDGE_LOOP ( 'NONE', ( #7948, #4143, #1979, #6016 ) ) ;
#5816 = FACE_OUTER_BOUND ( 'NONE', #7097, .T. ) ;
#5817 = LENGTH_MEASURE_WITH_UNIT ( LENGTH_MEASURE( 0.02539999999999999897 ), #8509 );
#5818 =( GEOMETRIC_REPRESENTATION_CONTEXT ( 3 ) GLOBAL_UNCERTAINTY_ASSIGNED_CONTEXT ( ( #670 ) ) GLOBAL_UNIT_ASSIGNED_CONTEXT ( ( #7639, #6873, #605 ) ) REPRESENTATION_CONTEXT ( 'NONE', 'WORKASPACE' ) );
#5819 = VECTOR ( 'NONE', #8016, 39.37007874015748854 ) ;
#5820 = CIRCLE ( 'NONE', #4175, 0.004921259842519684971 ) ;
#5821 = CARTESIAN_POINT ( 'NONE',  ( -0.08753937007874017240, -0.0009842519685039328742, 0.000000000000000000 ) ) ;
#5822 = PRESENTATION_STYLE_ASSIGNMENT (( #7224 ) ) ;
#5823 = CARTESIAN_POINT ( 'NONE',  ( 0.01496062992125984405, -0.08653382883559776473, 0.01376068786798864511 ) ) ;
#5824 = VECTOR ( 'NONE', #8802, 39.37007874015748143 ) ;
#5825 = VERTEX_POINT ( 'NONE', #132 ) ;
#5826 =( CONVERSION_BASED_UNIT ( 'INCH', #1695 ) LENGTH_UNIT ( ) NAMED_UNIT ( #7303 ) );
#5827 = DIRECTION ( 'NONE',  ( -1.000000000000000000, -0.000000000000000000, -0.000000000000000000 ) ) ;
#5828 = PRESENTATION_STYLE_ASSIGNMENT (( #4364 ) ) ;
#5829 = EDGE_CURVE ( 'NONE', #5759, #7550, #784, .T. ) ;
#5830 = DIRECTION ( 'NONE',  ( 0.000000000000000000, -0.4806245840651710566, -0.8769264559768860101 ) ) ;
#5831 = DIRECTION ( 'NONE',  ( 0.000000000000000000, 0.8769264559768860101, -0.4806245840651710566 ) ) ;
#5832 = DIRECTION ( 'NONE',  ( 0.000000000000000000, -0.1218693434051480173, -0.9925461516413219831 ) ) ;
#5833 = EDGE_CURVE ( 'NONE', #7782, #3127, #2247, .T. ) ;
#5834 = EDGE_CURVE ( 'NONE', #4317, #3836, #5017, .T. ) ;
#5835 = ORIENTED_EDGE ( 'NONE', *, *, #4943, .T. ) ;
#5836 = ORIENTED_EDGE ( 'NONE', *, *, #1987, .T. ) ;
#5837 = LINE ( 'NONE', #979, #985 ) ;
#5838 = VECTOR ( 'NONE', #4469, 39.37007874015748143 ) ;
#5839 = CARTESIAN_POINT ( 'NONE',  ( -0.09042084030531756522, 0.08707438361240418812, 0.04882104092741532120 ) ) ;
#5840 = PRESENTATION_LAYER_ASSIGNMENT (  '', '', ( #131 ) ) ;
#5841 = LINE ( 'NONE', #8581, #1637 ) ;
#5842 = FILL_AREA_STYLE ('',( #3061 ) ) ;
#5843 = PLANE ( 'NONE',  #3521 ) ;
#5844 = EDGE_CURVE ( 'NONE', #7441, #5753, #4302, .T. ) ;
#5845 = COLOUR_RGB ( '',0.7490196078431372584, 0.7490196078431372584, 0.7490196078431372584 ) ;
#5846 =( LENGTH_UNIT ( ) NAMED_UNIT ( * ) SI_UNIT ( $, .METRE. ) );
#5847 = ORIENTED_EDGE ( 'NONE', *, *, #2542, .T. ) ;
#5848 = VERTEX_POINT ( 'NONE', #5153 ) ;
#5849 = SURFACE_STYLE_FILL_AREA ( #212 ) ;
#5850 = COLOUR_RGB ( '',0.7490196078431372584, 0.7490196078431372584, 0.7490196078431372584 ) ;
#5851 = SURFACE_STYLE_USAGE ( .BOTH. , #8415 ) ;
#5852 = VECTOR ( 'NONE', #3050, 39.37007874015748854 ) ;
#5853 = ADVANCED_FACE ( 'NONE', ( #4396 ), #1595, .T. ) ;
#5854 = CARTESIAN_POINT ( 'NONE',  ( 0.01692913385826771630, -0.09084088879601615041, 0.01357377070548917292 ) ) ;
#5855 =( NAMED_UNIT ( * ) PLANE_ANGLE_UNIT ( ) SI_UNIT ( $, .RADIAN. ) );
#5856 = CARTESIAN_POINT ( 'NONE',  ( 0.09120840238182401083, -0.07290115526594750928, 0.04819253936474395678 ) ) ;
#5857 = VERTEX_POINT ( 'NONE', #3114 ) ;
#5858 = DIMENSIONAL_EXPONENTS ( 1.000000000000000000, 0.000000000000000000, 0.000000000000000000, 0.000000000000000000, 0.000000000000000000, 0.000000000000000000, 0.000000000000000000 ) ;
#5859 = VECTOR ( 'NONE', #6086, 39.37007874015748143 ) ;
#5860 = SURFACE_SIDE_STYLE ('',( #3202 ) ) ;
#5861 = SURFACE_STYLE_FILL_AREA ( #3668 ) ;
#5862 = PRESENTATION_STYLE_ASSIGNMENT (( #7964 ) ) ;
#5863 = CARTESIAN_POINT ( 'NONE',  ( 0.03503937007874016046, -0.08520540713768977314, 0.01618446761253700822 ) ) ;
#5864 = CARTESIAN_POINT ( 'NONE',  ( -0.08307086614173228578, -0.09796007064640156747, 0.002021243723793055263 ) ) ;
#5865 = MECHANICAL_DESIGN_GEOMETRIC_PRESENTATION_REPRESENTATION (  '', ( #3522 ), #5422 ) ;
#5866 =( LENGTH_UNIT ( ) NAMED_UNIT ( * ) SI_UNIT ( $, .METRE. ) );
#5867 = FACE_OUTER_BOUND ( 'NONE', #6838, .T. ) ;
#5868 = VERTEX_POINT ( 'NONE', #7175 ) ;
#5869 = FILL_AREA_STYLE_COLOUR ( '', #2614 ) ;
#5870 =( GEOMETRIC_REPRESENTATION_CONTEXT ( 3 ) GLOBAL_UNCERTAINTY_ASSIGNED_CONTEXT ( ( #3515 ) ) GLOBAL_UNIT_ASSIGNED_CONTEXT ( ( #6519, #3090, #5873 ) ) REPRESENTATION_CONTEXT ( 'NONE', 'WORKASPACE' ) );
#5871 =( LENGTH_UNIT ( ) NAMED_UNIT ( * ) SI_UNIT ( $, .METRE. ) );
#5872 = COLOUR_RGB ( '',0.2862745098039215508, 0.2862745098039215508, 0.2862745098039215508 ) ;
#5873 =( NAMED_UNIT ( * ) SI_UNIT ( $, .STERADIAN. ) SOLID_ANGLE_UNIT ( ) );
#5874 = FILL_AREA_STYLE_COLOUR ( '', #869 ) ;
#5875 =( GEOMETRIC_REPRESENTATION_CONTEXT ( 3 ) GLOBAL_UNCERTAINTY_ASSIGNED_CONTEXT ( ( #8096 ) ) GLOBAL_UNIT_ASSIGNED_CONTEXT ( ( #6998, #3519, #7173 ) ) REPRESENTATION_CONTEXT ( 'NONE', 'WORKASPACE' ) );
#5876 = DIRECTION ( 'NONE',  ( 1.000000000000000000, 0.000000000000000000, 0.000000000000000000 ) ) ;
#5877 = PLANE ( 'NONE',  #2833 ) ;
#5878 = PLANE ( 'NONE',  #8720 ) ;
#5879 = VERTEX_POINT ( 'NONE', #3031 ) ;
#5880 = PRESENTATION_LAYER_ASSIGNMENT (  '', '', ( #617 ) ) ;
#5881 = UNCERTAINTY_MEASURE_WITH_UNIT (LENGTH_MEASURE( 1.000000000000000082E-05 ), #2114, 'distance_accuracy_value', 'NONE');
#5882 = VERTEX_POINT ( 'NONE', #906 ) ;
#5883 = SURFACE_SIDE_STYLE ('',( #3013 ) ) ;
#5884 = CARTESIAN_POINT ( 'NONE',  ( -0.09120840238182405246, 0.08707438361240417424, 0.04819253936474392902 ) ) ;
#5885 = PRESENTATION_LAYER_ASSIGNMENT (  '', '', ( #2232 ) ) ;
#5886 = ADVANCED_FACE ( 'NONE', ( #5814 ), #6498, .T. ) ;
#5887 = SURFACE_STYLE_FILL_AREA ( #5842 ) ;
#5888 =( GEOMETRIC_REPRESENTATION_CONTEXT ( 3 ) GLOBAL_UNCERTAINTY_ASSIGNED_CONTEXT ( ( #762 ) ) GLOBAL_UNIT_ASSIGNED_CONTEXT ( ( #1455, #1362, #2947 ) ) REPRESENTATION_CONTEXT ( 'NONE', 'WORKASPACE' ) );
#5889 = ORIENTED_EDGE ( 'NONE', *, *, #4292, .F. ) ;
#5890 = VERTEX_POINT ( 'NONE', #4026 ) ;
#5891 =( NAMED_UNIT ( * ) PLANE_ANGLE_UNIT ( ) SI_UNIT ( $, .RADIAN. ) );
#5892 =( BOUNDED_CURVE ( )  B_SPLINE_CURVE ( 3, ( #4733, #8121, #4688, #4009 ),
 .UNSPECIFIED., .F., .F. ) 
 B_SPLINE_CURVE_WITH_KNOTS ( ( 4, 4 ),
 ( 2.359914478534722804, 3.923270828644874531 ),
 .UNSPECIFIED. ) 
 CURVE ( )  GEOMETRIC_REPRESENTATION_ITEM ( )  RATIONAL_B_SPLINE_CURVE ( ( 1.000000000000000000, 0.8064882076837740499, 0.8064882076837740499, 1.000000000000000000 ) ) 
 REPRESENTATION_ITEM ( '' )  );
#5893 = LENGTH_MEASURE_WITH_UNIT ( LENGTH_MEASURE( 0.02539999999999999897 ), #6011 );
#5894 = EDGE_CURVE ( 'NONE', #5692, #6499, #4872, .T. ) ;
#5895 = AXIS2_PLACEMENT_3D ( 'NONE', #1556, #7010, #7593 ) ;
#5896 = CARTESIAN_POINT ( 'NONE',  ( -0.09055118110236218265, 0.002027559055118138311, 0.009842519685039369942 ) ) ;
#5897 = DIMENSIONAL_EXPONENTS ( 1.000000000000000000, 0.000000000000000000, 0.000000000000000000, 0.000000000000000000, 0.000000000000000000, 0.000000000000000000, 0.000000000000000000 ) ;
#5898 = ORIENTED_EDGE ( 'NONE', *, *, #6255, .F. ) ;
#5899 = STYLED_ITEM ( 'NONE', ( #2800 ), #5781 ) ;
#5900 = PRESENTATION_LAYER_ASSIGNMENT (  '', '', ( #1077 ) ) ;
#5901 = LINE ( 'NONE', #412, #3884 ) ;
#5902 = FILL_AREA_STYLE ('',( #7002 ) ) ;
#5903 = EDGE_CURVE ( 'NONE', #1431, #6895, #6161, .T. ) ;
#5904 = CIRCLE ( 'NONE', #7762, 0.009842519685039373412 ) ;
#5905 = FILL_AREA_STYLE ('',( #2539 ) ) ;
#5906 = DIRECTION ( 'NONE',  ( 0.1218693434051480173, 0.000000000000000000, 0.9925461516413219831 ) ) ;
#5907 = ORIENTED_EDGE ( 'NONE', *, *, #6391, .F. ) ;
#5908 = PRESENTATION_STYLE_ASSIGNMENT (( #5396 ) ) ;
#5909 = STYLED_ITEM ( 'NONE', ( #2618 ), #1044 ) ;
#5910 = DIRECTION ( 'NONE',  ( -1.000000000000000000, 0.000000000000000000, 0.000000000000000000 ) ) ;
#5911 = FACE_OUTER_BOUND ( 'NONE', #2000, .T. ) ;
#5912 = ORIENTED_EDGE ( 'NONE', *, *, #3080, .T. ) ;
#5913 = ITEM_DEFINED_TRANSFORMATION ( 'NONE', 'NONE', #518,  #6768 ) ;
#5914 = EDGE_CURVE ( 'NONE', #5989, #2567, #7305, .T. ) ;
#5915 = EDGE_CURVE ( 'NONE', #5825, #3868, #2656, .T. ) ;
#5916 = MECHANICAL_DESIGN_GEOMETRIC_PRESENTATION_REPRESENTATION (  '', ( #69 ), #227 ) ;
#5917 = SURFACE_STYLE_USAGE ( .BOTH. , #7370 ) ;
#5918 = STYLED_ITEM ( 'NONE', ( #6501 ), #314 ) ;
#5919 = VERTEX_POINT ( 'NONE', #3335 ) ;
#5920 = AXIS2_PLACEMENT_3D ( 'NONE', #3560, #7040, #7814 ) ;
#5921 = CARTESIAN_POINT ( 'NONE',  ( -0.06692913385826770867, -0.08244437787890905589, 0.01631147111528527538 ) ) ;
#5922 = LENGTH_MEASURE_WITH_UNIT ( LENGTH_MEASURE( 0.02539999999999999897 ), #1665 );
#5923 =( GEOMETRIC_REPRESENTATION_CONTEXT ( 3 ) GLOBAL_UNCERTAINTY_ASSIGNED_CONTEXT ( ( #5509 ) ) GLOBAL_UNIT_ASSIGNED_CONTEXT ( ( #3248, #6728, #2578 ) ) REPRESENTATION_CONTEXT ( 'NONE', 'WORKASPACE' ) );
#5924 = DIRECTION ( 'NONE',  ( -0.000000000000000000, 0.000000000000000000, 1.000000000000000000 ) ) ;
#5925 =( NAMED_UNIT ( * ) PLANE_ANGLE_UNIT ( ) SI_UNIT ( $, .RADIAN. ) );
#5926 = MECHANICAL_DESIGN_GEOMETRIC_PRESENTATION_REPRESENTATION (  '', ( #232 ), #6613 ) ;
#5927 = EDGE_CURVE ( 'NONE', #2073, #3531, #7390, .T. ) ;
#5928 = VERTEX_POINT ( 'NONE', #5288 ) ;
#5929 = EDGE_CURVE ( 'NONE', #6356, #1205, #1811, .T. ) ;
#5930 = ORIENTED_EDGE ( 'NONE', *, *, #7112, .F. ) ;
#5931 = PLANE ( 'NONE',  #8800 ) ;
#5932 = PRESENTATION_LAYER_ASSIGNMENT (  '', '', ( #6341 ) ) ;
#5933 = PRESENTATION_STYLE_ASSIGNMENT (( #3282 ) ) ;
#5934 = LENGTH_MEASURE_WITH_UNIT ( LENGTH_MEASURE( 0.02539999999999999897 ), #4613 );
#5935 = AXIS2_PLACEMENT_3D ( 'NONE', #3583, #6883, #2915 ) ;
#5936 = ORIENTED_EDGE ( 'NONE', *, *, #7821, .F. ) ;
#5937 = EDGE_CURVE ( 'NONE', #445, #7298, #6114, .T. ) ;
#5938 = ORIENTED_EDGE ( 'NONE', *, *, #2660, .T. ) ;
#5939 = AXIS2_PLACEMENT_3D ( 'NONE', #7431, #3327, #6103 ) ;
#5940 = MECHANICAL_DESIGN_GEOMETRIC_PRESENTATION_REPRESENTATION (  '', ( #1853 ), #3612 ) ;
#5941 = DIRECTION ( 'NONE',  ( 1.000000000000000000, 0.000000000000000000, 0.000000000000000000 ) ) ;
#5942 = LINE ( 'NONE', #5159, #1322 ) ;
#5943 = CARTESIAN_POINT ( 'NONE',  ( 0.07494307814895394271, 0.1049212598425196957, 0.000000000000000000 ) ) ;
#5944 =( NAMED_UNIT ( * ) SI_UNIT ( $, .STERADIAN. ) SOLID_ANGLE_UNIT ( ) );
#5945 = DIMENSIONAL_EXPONENTS ( 1.000000000000000000, 0.000000000000000000, 0.000000000000000000, 0.000000000000000000, 0.000000000000000000, 0.000000000000000000, 0.000000000000000000 ) ;
#5946 = LINE ( 'NONE', #6638, #2332 ) ;
#5947 = SURFACE_SIDE_STYLE ('',( #4582 ) ) ;
#5948 = LENGTH_MEASURE_WITH_UNIT ( LENGTH_MEASURE( 0.02539999999999999897 ), #2544 );
#5949 = AXIS2_PLACEMENT_3D ( 'NONE', #7330, #4643, #1837 ) ;
#5950 = SURFACE_STYLE_FILL_AREA ( #4363 ) ;
#5951 = EDGE_LOOP ( 'NONE', ( #7054, #6968, #2507, #6046 ) ) ;
#5952 = FILL_AREA_STYLE_COLOUR ( '', #6414 ) ;
#5953 = EDGE_CURVE ( 'NONE', #7186, #5421, #3885, .T. ) ;
#5954 = FILL_AREA_STYLE_COLOUR ( '', #4121 ) ;
#5955 = CARTESIAN_POINT ( 'NONE',  ( 0.07494307814895392883, 0.09311023622047245873, 0.000000000000000000 ) ) ;
#5956 = CARTESIAN_POINT ( 'NONE',  ( 0.09645669291338584972, 0.1210629921259842590, 0.000000000000000000 ) ) ;
#5957 = STYLED_ITEM ( 'NONE', ( #3124 ), #2662 ) ;
#5958 = FILL_AREA_STYLE_COLOUR ( '', #915 ) ;
#5959 = CARTESIAN_POINT ( 'NONE',  ( 0.08753937007874014464, 0.01003937007874022326, 0.005000000000000000104 ) ) ;
#5960 = EDGE_CURVE ( 'NONE', #8026, #6242, #6752, .T. ) ;
#5961 = ORIENTED_EDGE ( 'NONE', *, *, #1397, .F. ) ;
#5962 = FACE_OUTER_BOUND ( 'NONE', #8916, .T. ) ;
#5963 =( GEOMETRIC_REPRESENTATION_CONTEXT ( 3 ) GLOBAL_UNCERTAINTY_ASSIGNED_CONTEXT ( ( #3571 ) ) GLOBAL_UNIT_ASSIGNED_CONTEXT ( ( #6551, #3807, #7829 ) ) REPRESENTATION_CONTEXT ( 'NONE', 'WORKASPACE' ) );
#5964 =( CONVERSION_BASED_UNIT ( 'INCH', #893 ) LENGTH_UNIT ( ) NAMED_UNIT ( #8553 ) );
#5965 = DIMENSIONAL_EXPONENTS ( 1.000000000000000000, 0.000000000000000000, 0.000000000000000000, 0.000000000000000000, 0.000000000000000000, 0.000000000000000000, 0.000000000000000000 ) ;
#5966 = DIRECTION ( 'NONE',  ( 0.000000000000000000, -0.6998111848437100768, -0.7143278697962460733 ) ) ;
#5967 =( NAMED_UNIT ( * ) PLANE_ANGLE_UNIT ( ) SI_UNIT ( $, .RADIAN. ) );
#5968 = ORIENTED_EDGE ( 'NONE', *, *, #5245, .T. ) ;
#5969 = ORIENTED_EDGE ( 'NONE', *, *, #5339, .F. ) ;
#5970 = AXIS2_PLACEMENT_3D ( 'NONE', #7087, #1500, #8985 ) ;
#5971 = AXIS2_PLACEMENT_3D ( 'NONE', #6446, #2238, #4916 ) ;
#5972 =( GEOMETRIC_REPRESENTATION_CONTEXT ( 3 ) GLOBAL_UNCERTAINTY_ASSIGNED_CONTEXT ( ( #4305 ) ) GLOBAL_UNIT_ASSIGNED_CONTEXT ( ( #7578, #6369, #3472 ) ) REPRESENTATION_CONTEXT ( 'NONE', 'WORKASPACE' ) );
#5973 = DIRECTION ( 'NONE',  ( 0.000000000000000000, 0.000000000000000000, -1.000000000000000000 ) ) ;
#5974 = VERTEX_POINT ( 'NONE', #4704 ) ;
#5975 = EDGE_CURVE ( 'NONE', #6326, #6450, #7460, .T. ) ;
#5976 = ORIENTED_EDGE ( 'NONE', *, *, #409, .T. ) ;
#5977 =( LENGTH_UNIT ( ) NAMED_UNIT ( * ) SI_UNIT ( $, .METRE. ) );
#5978 = AXIS2_PLACEMENT_3D ( 'NONE', #4609, #6717, #8792 ) ;
#5979 = SURFACE_STYLE_FILL_AREA ( #7313 ) ;
#5980 = EDGE_CURVE ( 'NONE', #5170, #2019, #3243, .T. ) ;
#5981 = CARTESIAN_POINT ( 'NONE',  ( -0.06496062992125983815, -0.09383657304297417234, 0.02091502454231215086 ) ) ;
#5982 = VECTOR ( 'NONE', #6467, 39.37007874015748854 ) ;
#5983 = DIRECTION ( 'NONE',  ( 1.000000000000000000, 0.000000000000000000, 0.000000000000000000 ) ) ;
#5984 =( CONVERSION_BASED_UNIT ( 'INCH', #1732 ) LENGTH_UNIT ( ) NAMED_UNIT ( #1916 ) );
#5985 = DIRECTION ( 'NONE',  ( 0.000000000000000000, 3.469446951953614189E-15, -1.000000000000000000 ) ) ;
#5986 =( CONVERSION_BASED_UNIT ( 'INCH', #5948 ) LENGTH_UNIT ( ) NAMED_UNIT ( #5172 ) );
#5987 = PRESENTATION_STYLE_ASSIGNMENT (( #4715 ) ) ;
#5988 = SURFACE_STYLE_FILL_AREA ( #3899 ) ;
#5989 = VERTEX_POINT ( 'NONE', #7439 ) ;
#5990 = EDGE_CURVE ( 'NONE', #6219, #8956, #2532, .T. ) ;
#5991 = SURFACE_SIDE_STYLE ('',( #4134 ) ) ;
#5992 = STYLED_ITEM ( 'NONE', ( #3681 ), #7732 ) ;
#5993 = SURFACE_STYLE_FILL_AREA ( #5491 ) ;
#5994 = DIRECTION ( 'NONE',  ( 0.000000000000000000, -0.4806245840651710566, -0.8769264559768860101 ) ) ;
#5995 = AXIS2_PLACEMENT_3D ( 'NONE', #8829, #623, #1202 ) ;
#5996 = CARTESIAN_POINT ( 'NONE',  ( -0.08307086614173228578, -0.09084088879601615041, 0.01357377070548917292 ) ) ;
#5997 = VECTOR ( 'NONE', #4522, 39.37007874015748143 ) ;
#5998 = ORIENTED_EDGE ( 'NONE', *, *, #7250, .T. ) ;
#5999 = VERTEX_POINT ( 'NONE', #3929 ) ;
#6000 = SURFACE_STYLE_USAGE ( .BOTH. , #7374 ) ;
#6001 = COLOUR_RGB ( '',0.2862745098039215508, 0.2862745098039215508, 0.2862745098039215508 ) ;
#6002 = DIMENSIONAL_EXPONENTS ( 1.000000000000000000, 0.000000000000000000, 0.000000000000000000, 0.000000000000000000, 0.000000000000000000, 0.000000000000000000, 0.000000000000000000 ) ;
#6003 = CARTESIAN_POINT ( 'NONE',  ( 0.02500000000000000139, -0.09755300347091180879, 0.01413418920407248820 ) ) ;
#6004 = FACE_OUTER_BOUND ( 'NONE', #2228, .T. ) ;
#6005 = LINE ( 'NONE', #3739, #5838 ) ;
#6006 = VECTOR ( 'NONE', #1797, 39.37007874015748143 ) ;
#6007 = SURFACE_SIDE_STYLE ('',( #1848 ) ) ;
#6008 = ORIENTED_EDGE ( 'NONE', *, *, #5434, .F. ) ;
#6009 = ORIENTED_EDGE ( 'NONE', *, *, #695, .T. ) ;
#6010 = AXIS2_PLACEMENT_3D ( 'NONE', #5854, #2337, #7172 ) ;
#6011 =( LENGTH_UNIT ( ) NAMED_UNIT ( * ) SI_UNIT ( $, .METRE. ) );
#6012 = VECTOR ( 'NONE', #6713, 39.37007874015748143 ) ;
#6013 = CYLINDRICAL_SURFACE ( 'NONE', #8169, 0.003149606299212598381 ) ;
#6014 = SURFACE_STYLE_USAGE ( .BOTH. , #8796 ) ;
#6015 = FILL_AREA_STYLE ('',( #6816 ) ) ;
#6016 = ORIENTED_EDGE ( 'NONE', *, *, #6865, .T. ) ;
#6017 = DIMENSIONAL_EXPONENTS ( 1.000000000000000000, 0.000000000000000000, 0.000000000000000000, 0.000000000000000000, 0.000000000000000000, 0.000000000000000000, 0.000000000000000000 ) ;
#6018 = ORIENTED_EDGE ( 'NONE', *, *, #3985, .T. ) ;
#6019 = CARTESIAN_POINT ( 'NONE',  ( -0.1009842519685039408, 0.007027559055118149690, 0.000000000000000000 ) ) ;
#6020 = ADVANCED_FACE ( 'NONE', ( #545 ), #5294, .F. ) ;
#6021 = VECTOR ( 'NONE', #1194, 39.37007874015748143 ) ;
#6022 = VECTOR ( 'NONE', #195, 39.37007874015748143 ) ;
#6023 = UNCERTAINTY_MEASURE_WITH_UNIT (LENGTH_MEASURE( 1.000000000000000082E-05 ), #7492, 'distance_accuracy_value', 'NONE');
#6024 = ADVANCED_FACE ( 'NONE', ( #1092 ), #3851, .F. ) ;
#6025 =( NAMED_UNIT ( * ) SI_UNIT ( $, .STERADIAN. ) SOLID_ANGLE_UNIT ( ) );
#6026 =( GEOMETRIC_REPRESENTATION_CONTEXT ( 3 ) GLOBAL_UNCERTAINTY_ASSIGNED_CONTEXT ( ( #5093 ) ) GLOBAL_UNIT_ASSIGNED_CONTEXT ( ( #320, #3760, #6589 ) ) REPRESENTATION_CONTEXT ( 'NONE', 'WORKASPACE' ) );
#6027 = PLANE ( 'NONE',  #2704 ) ;
#6028 = DIRECTION ( 'NONE',  ( 1.000000000000000000, 0.000000000000000000, 0.000000000000000000 ) ) ;
#6029 = DIRECTION ( 'NONE',  ( -0.9925461516413219831, 0.000000000000000000, 0.1218693434051480173 ) ) ;
#6030 = LINE ( 'NONE', #1101, #4650 ) ;
#6031 = CARTESIAN_POINT ( 'NONE',  ( -0.02500000000000000139, -0.09271653543307085965, 0.002479993611758476990 ) ) ;
#6032 = SHAPE_REPRESENTATION ( 'SQJ459EP-T1_GE3', ( #4015, #4464, #518 ), #5328 ) ;
#6033 =( NAMED_UNIT ( * ) PLANE_ANGLE_UNIT ( ) SI_UNIT ( $, .RADIAN. ) );
#6034 = EDGE_LOOP ( 'NONE', ( #2840, #2137, #112, #5613, #8586, #6513, #7052, #761 ) ) ;
#6035 = MECHANICAL_DESIGN_GEOMETRIC_PRESENTATION_REPRESENTATION (  '', ( #504 ), #8902 ) ;
#6036 = EDGE_CURVE ( 'NONE', #637, #1262, #3166, .T. ) ;
#6037 = DIRECTION ( 'NONE',  ( 0.000000000000000000, 0.000000000000000000, -1.000000000000000000 ) ) ;
#6038 = LENGTH_MEASURE_WITH_UNIT ( LENGTH_MEASURE( 0.02539999999999999897 ), #5403 );
#6039 = CARTESIAN_POINT ( 'NONE',  ( -0.07795275590551181688, -0.0009842519685039172617, 0.009842519685039369942 ) ) ;
#6040 = MECHANICAL_DESIGN_GEOMETRIC_PRESENTATION_REPRESENTATION (  '', ( #1807 ), #7907 ) ;
#6041 = CARTESIAN_POINT ( 'NONE',  ( -0.07795275590551181688, -0.01909448818897637595, 0.009842519685039369942 ) ) ;
#6042 = AXIS2_PLACEMENT_3D ( 'NONE', #43, #8943, #8282 ) ;
#6043 = ORIENTED_EDGE ( 'NONE', *, *, #1568, .F. ) ;
#6044 = UNCERTAINTY_MEASURE_WITH_UNIT (LENGTH_MEASURE( 1.000000000000000082E-05 ), #5984, 'distance_accuracy_value', 'NONE');
#6045 = EDGE_CURVE ( 'NONE', #211, #7430, #5076, .T. ) ;
#6046 = ORIENTED_EDGE ( 'NONE', *, *, #6637, .F. ) ;
#6047 = LENGTH_MEASURE_WITH_UNIT ( LENGTH_MEASURE( 0.02539999999999999897 ), #483 );
#6048 =( LENGTH_UNIT ( ) NAMED_UNIT ( * ) SI_UNIT ( $, .METRE. ) );
#6049 = PRESENTATION_STYLE_ASSIGNMENT (( #1937 ) ) ;
#6050 = SURFACE_SIDE_STYLE ('',( #2562 ) ) ;
#6051 = SURFACE_SIDE_STYLE ('',( #4060 ) ) ;
#6052 = SURFACE_STYLE_USAGE ( .BOTH. , #7818 ) ;
#6053 = DIRECTION ( 'NONE',  ( 0.000000000000000000, -0.000000000000000000, -1.000000000000000000 ) ) ;
#6054 = CARTESIAN_POINT ( 'NONE',  ( -0.07795275590551181688, -0.01909448818897637595, 0.009842519685039369942 ) ) ;
#6055 = CARTESIAN_POINT ( 'NONE',  ( -0.02500000000000000139, -0.08221824588295552350, 0.01139540940310114318 ) ) ;
#6056 = EDGE_LOOP ( 'NONE', ( #4092, #4675, #533, #2621 ) ) ;
#6057 = ORIENTED_EDGE ( 'NONE', *, *, #8520, .T. ) ;
#6058 = LINE ( 'NONE', #494, #8390 ) ;
#6059 =( NAMED_UNIT ( * ) SI_UNIT ( $, .STERADIAN. ) SOLID_ANGLE_UNIT ( ) );
#6060 = PRESENTATION_STYLE_ASSIGNMENT (( #3238 ) ) ;
#6061 = DIMENSIONAL_EXPONENTS ( 1.000000000000000000, 0.000000000000000000, 0.000000000000000000, 0.000000000000000000, 0.000000000000000000, 0.000000000000000000, 0.000000000000000000 ) ;
#6062 = DIRECTION ( 'NONE',  ( 0.000000000000000000, -0.000000000000000000, -1.000000000000000000 ) ) ;
#6063 = STYLED_ITEM ( 'NONE', ( #2055 ), #1411 ) ;
#6064 = VECTOR ( 'NONE', #5269, 39.37007874015748143 ) ;
#6065 = PRESENTATION_STYLE_ASSIGNMENT (( #7482 ) ) ;
#6066 = DIRECTION ( 'NONE',  ( -1.000000000000000000, 0.000000000000000000, -0.000000000000000000 ) ) ;
#6067 = ORIENTED_EDGE ( 'NONE', *, *, #6907, .T. ) ;
#6068 = ORIENTED_EDGE ( 'NONE', *, *, #3541, .T. ) ;
#6069 = SURFACE_STYLE_USAGE ( .BOTH. , #7351 ) ;
#6070 = SURFACE_STYLE_USAGE ( .BOTH. , #8049 ) ;
#6071 = DIRECTION ( 'NONE',  ( 0.000000000000000000, -0.04595002157773420831, 0.9989437399158200837 ) ) ;
#6072 =( GEOMETRIC_REPRESENTATION_CONTEXT ( 3 ) GLOBAL_UNCERTAINTY_ASSIGNED_CONTEXT ( ( #2599 ) ) GLOBAL_UNIT_ASSIGNED_CONTEXT ( ( #933, #6988, #2926 ) ) REPRESENTATION_CONTEXT ( 'NONE', 'WORKASPACE' ) );
#6073 =( GEOMETRIC_REPRESENTATION_CONTEXT ( 3 ) GLOBAL_UNCERTAINTY_ASSIGNED_CONTEXT ( ( #5039 ) ) GLOBAL_UNIT_ASSIGNED_CONTEXT ( ( #8920, #4600, #618 ) ) REPRESENTATION_CONTEXT ( 'NONE', 'WORKASPACE' ) );
#6074 = CARTESIAN_POINT ( 'NONE',  ( -0.09029853555837939749, -0.07119130632175722784, 0.05028316244428213816 ) ) ;
#6075 =( NAMED_UNIT ( * ) SI_UNIT ( $, .STERADIAN. ) SOLID_ANGLE_UNIT ( ) );
#6076 = MECHANICAL_DESIGN_GEOMETRIC_PRESENTATION_REPRESENTATION (  '', ( #3896 ), #1256 ) ;
#6077 =( NAMED_UNIT ( * ) PLANE_ANGLE_UNIT ( ) SI_UNIT ( $, .RADIAN. ) );
#6078 = CARTESIAN_POINT ( 'NONE',  ( 0.02411417322834646243, 0.08540748348020747727, 0.04673228346456693300 ) ) ;
#6079 =( CONVERSION_BASED_UNIT ( 'INCH', #4972 ) LENGTH_UNIT ( ) NAMED_UNIT ( #404 ) );
#6080 = CARTESIAN_POINT ( 'NONE',  ( 0.03307086614173228301, -0.09117972964715866102, 0.02576258403140881809 ) ) ;
#6081 = DIRECTION ( 'NONE',  ( 0.000000000000000000, 0.000000000000000000, 1.000000000000000000 ) ) ;
#6082 = VERTEX_POINT ( 'NONE', #6733 ) ;
#6083 = COLOUR_RGB ( '',0.2862745098039215508, 0.2862745098039215508, 0.2862745098039215508 ) ;
#6084 = MECHANICAL_DESIGN_GEOMETRIC_PRESENTATION_REPRESENTATION (  '', ( #8670 ), #4781 ) ;
#6085 = DIRECTION ( 'NONE',  ( 0.000000000000000000, 0.000000000000000000, -1.000000000000000000 ) ) ;
#6086 = DIRECTION ( 'NONE',  ( 0.000000000000000000, -0.4806245840651710566, -0.8769264559768860101 ) ) ;
#6087 = DIRECTION ( 'NONE',  ( 1.000000000000000000, -0.000000000000000000, -0.000000000000000000 ) ) ;
#6088 = SURFACE_STYLE_USAGE ( .BOTH. , #2766 ) ;
#6089 = CARTESIAN_POINT ( 'NONE',  ( -0.09055118110236221041, 0.002027559055118133974, 0.009842519685039369942 ) ) ;
#6090 = ORIENTED_EDGE ( 'NONE', *, *, #2208, .F. ) ;
#6091 = ORIENTED_EDGE ( 'NONE', *, *, #8318, .F. ) ;
#6092 = DIRECTION ( 'NONE',  ( 0.000000000000000000, 0.4806245840651710566, 0.8769264559768860101 ) ) ;
#6093 =( NAMED_UNIT ( * ) PLANE_ANGLE_UNIT ( ) SI_UNIT ( $, .RADIAN. ) );
#6094 = FILL_AREA_STYLE_COLOUR ( '', #8372 ) ;
#6095 = LINE ( 'NONE', #6845, #3688 ) ;
#6096 = ADVANCED_FACE ( 'NONE', ( #8683 ), #4946, .T. ) ;
#6097 = LENGTH_MEASURE_WITH_UNIT ( LENGTH_MEASURE( 0.02539999999999999897 ), #8923 );
#6098 = EDGE_CURVE ( 'NONE', #5423, #3673, #8806, .T. ) ;
#6099 = DIRECTION ( 'NONE',  ( 0.000000000000000000, 0.9989437399158199726, 0.04595002157773846879 ) ) ;
#6100 = CARTESIAN_POINT ( 'NONE',  ( 0.07795275590551181688, 0.01003937007874021632, 0.009842519685039369942 ) ) ;
#6101 = ORIENTED_EDGE ( 'NONE', *, *, #8179, .F. ) ;
#6102 = ORIENTED_EDGE ( 'NONE', *, *, #4155, .T. ) ;
#6103 = DIRECTION ( 'NONE',  ( 0.000000000000000000, 0.000000000000000000, -1.000000000000000000 ) ) ;
#6104 = LINE ( 'NONE', #8837, #1447 ) ;
#6105 = VECTOR ( 'NONE', #4881, 39.37007874015748854 ) ;
#6106 = AXIS2_PLACEMENT_3D ( 'NONE', #2636, #5405, #6792 ) ;
#6107 = DIRECTION ( 'NONE',  ( 0.000000000000000000, 0.9493195219305766708, 0.3143126552996259315 ) ) ;
#6108 = DIRECTION ( 'NONE',  ( -1.000000000000000000, -0.000000000000000000, 0.000000000000000000 ) ) ;
#6109 = ADVANCED_FACE ( 'NONE', ( #5571 ), #1220, .T. ) ;
#6110 = SURFACE_STYLE_USAGE ( .BOTH. , #5516 ) ;
#6111 = LINE ( 'NONE', #4792, #8994 ) ;
#6112 = VECTOR ( 'NONE', #5019, 39.37007874015748143 ) ;
#6113 = CARTESIAN_POINT ( 'NONE',  ( 0.02500000000000000139, -0.1018685864235539529, 0.01649946766896011677 ) ) ;
#6114 = LINE ( 'NONE', #3977, #7314 ) ;
#6115 = VERTEX_POINT ( 'NONE', #552 ) ;
#6116 = ORIENTED_EDGE ( 'NONE', *, *, #6505, .T. ) ;
#6117 = SURFACE_STYLE_FILL_AREA ( #7486 ) ;
#6118 = DIRECTION ( 'NONE',  ( -0.000000000000000000, 1.000000000000000000, 0.000000000000000000 ) ) ;
#6119 = PRESENTATION_STYLE_ASSIGNMENT (( #6202 ) ) ;
#6120 = PRESENTATION_LAYER_ASSIGNMENT (  '', '', ( #8971 ) ) ;
#6121 = UNCERTAINTY_MEASURE_WITH_UNIT (LENGTH_MEASURE( 1.000000000000000082E-05 ), #1348, 'distance_accuracy_value', 'NONE');
#6122 =( NAMED_UNIT ( * ) PLANE_ANGLE_UNIT ( ) SI_UNIT ( $, .RADIAN. ) );
#6123 = PRESENTATION_LAYER_ASSIGNMENT (  '', '', ( #2643 ) ) ;
#6124 = CARTESIAN_POINT ( 'NONE',  ( 0.000000000000000000, 0.007086614173228346358, 0.005000000000000000104 ) ) ;
#6125 = STYLED_ITEM ( 'NONE', ( #7839 ), #7122 ) ;
#6126 = LINE ( 'NONE', #8853, #2400 ) ;
#6127 = DIMENSIONAL_EXPONENTS ( 1.000000000000000000, 0.000000000000000000, 0.000000000000000000, 0.000000000000000000, 0.000000000000000000, 0.000000000000000000, 0.000000000000000000 ) ;
#6128 = FILL_AREA_STYLE ('',( #3988 ) ) ;
#6129 = DIRECTION ( 'NONE',  ( 0.000000000000000000, 0.000000000000000000, 1.000000000000000000 ) ) ;
#6130 = CARTESIAN_POINT ( 'NONE',  ( -0.07795275590551181688, -0.0009842519685039172617, 0.000000000000000000 ) ) ;
#6131 = FILL_AREA_STYLE ('',( #1870 ) ) ;
#6132 = LENGTH_MEASURE_WITH_UNIT ( LENGTH_MEASURE( 0.02539999999999999897 ), #8944 );
#6133 = COLOUR_RGB ( '',0.7490196078431372584, 0.7490196078431372584, 0.7490196078431372584 ) ;
#6134 = PLANE ( 'NONE',  #8299 ) ;
#6135 = FILL_AREA_STYLE ('',( #6835 ) ) ;
#6136 = PLANE ( 'NONE',  #144 ) ;
#6137 = LINE ( 'NONE', #8867, #1203 ) ;
#6138 =( CONVERSION_BASED_UNIT ( 'INCH', #8151 ) LENGTH_UNIT ( ) NAMED_UNIT ( #2237 ) );
#6139 = DIRECTION ( 'NONE',  ( -1.000000000000000000, 0.000000000000000000, 0.000000000000000000 ) ) ;
#6140 = ORIENTED_EDGE ( 'NONE', *, *, #8490, .F. ) ;
#6141 = VERTEX_POINT ( 'NONE', #8851 ) ;
#6142 = STYLED_ITEM ( 'NONE', ( #5657 ), #4871 ) ;
#6143 = SURFACE_STYLE_USAGE ( .BOTH. , #570 ) ;
#6144 = CARTESIAN_POINT ( 'NONE',  ( 0.09645669291338584972, 0.1049212598425196957, 0.000000000000000000 ) ) ;
#6145 = FILL_AREA_STYLE ('',( #6094 ) ) ;
#6146 = CARTESIAN_POINT ( 'NONE',  ( 0.07499999999999999722, -0.08244437787890905589, 0.01631147111528527538 ) ) ;
#6147 = AXIS2_PLACEMENT_3D ( 'NONE', #5036, #1567, #196 ) ;
#6148 = STYLED_ITEM ( 'NONE', ( #5178 ), #5027 ) ;
#6149 = LENGTH_MEASURE_WITH_UNIT ( LENGTH_MEASURE( 0.02539999999999999897 ), #6231 );
#6150 = FILL_AREA_STYLE ('',( #3278 ) ) ;
#6151 = ORIENTED_EDGE ( 'NONE', *, *, #4603, .F. ) ;
#6152 = UNCERTAINTY_MEASURE_WITH_UNIT (LENGTH_MEASURE( 1.000000000000000082E-05 ), #8087, 'distance_accuracy_value', 'NONE');
#6153 = VERTEX_POINT ( 'NONE', #2797 ) ;
#6154 = ADVANCED_FACE ( 'NONE', ( #2666 ), #644, .T. ) ;
#6155 = EDGE_CURVE ( 'NONE', #7925, #6566, #5811, .T. ) ;
#6156 = SURFACE_STYLE_USAGE ( .BOTH. , #4200 ) ;
#6157 =( GEOMETRIC_REPRESENTATION_CONTEXT ( 3 ) GLOBAL_UNCERTAINTY_ASSIGNED_CONTEXT ( ( #5674 ) ) GLOBAL_UNIT_ASSIGNED_CONTEXT ( ( #2856, #3420, #7048 ) ) REPRESENTATION_CONTEXT ( 'NONE', 'WORKASPACE' ) );
#6158 = DIRECTION ( 'NONE',  ( -1.000000000000000000, -0.000000000000000000, -0.000000000000000000 ) ) ;
#6159 = FILL_AREA_STYLE ('',( #4831 ) ) ;
#6160 = VECTOR ( 'NONE', #8368, 39.37007874015748143 ) ;
#6161 = LINE ( 'NONE', #2619, #3135 ) ;
#6162 = ORIENTED_EDGE ( 'NONE', *, *, #7974, .F. ) ;
#6163 = EDGE_LOOP ( 'NONE', ( #4910, #4572, #3719, #8067 ) ) ;
#6164 = AXIS2_PLACEMENT_3D ( 'NONE', #3599, #1481, #5654 ) ;
#6165 = SURFACE_SIDE_STYLE ('',( #3381 ) ) ;
#6166 = VECTOR ( 'NONE', #3881, 39.37007874015748143 ) ;
#6167 = AXIS2_PLACEMENT_3D ( 'NONE', #6965, #3621, #48 ) ;
#6168 = SURFACE_STYLE_FILL_AREA ( #1268 ) ;
#6169 = DIRECTION ( 'NONE',  ( 1.000000000000000000, 0.000000000000000000, -0.000000000000000000 ) ) ;
#6170 = LENGTH_MEASURE_WITH_UNIT ( LENGTH_MEASURE( 0.02539999999999999897 ), #5297 );
#6171 = DIRECTION ( 'NONE',  ( 0.7071067811865480168, -0.7071067811865470176, 0.000000000000000000 ) ) ;
#6172 = SURFACE_SIDE_STYLE ('',( #4080 ) ) ;
#6173 = EDGE_CURVE ( 'NONE', #3923, #4724, #3610, .T. ) ;
#6174 = CARTESIAN_POINT ( 'NONE',  ( -0.08946850393700787885, 0.007027559055118149690, 0.009842519685039369942 ) ) ;
#6175 = CARTESIAN_POINT ( 'NONE',  ( -0.03307086614173228301, -0.09796007064640156747, 0.002021243723793055263 ) ) ;
#6176 = VECTOR ( 'NONE', #6651, 39.37007874015748143 ) ;
#6177 = SURFACE_STYLE_USAGE ( .BOTH. , #4766 ) ;
#6178 = LENGTH_MEASURE_WITH_UNIT ( LENGTH_MEASURE( 0.02539999999999999897 ), #3395 );
#6179 = DIRECTION ( 'NONE',  ( 0.000000000000000000, -1.000000000000000000, -0.000000000000000000 ) ) ;
#6180 = FILL_AREA_STYLE ('',( #8243 ) ) ;
#6181 = ORIENTED_EDGE ( 'NONE', *, *, #5833, .F. ) ;
#6182 = ORIENTED_EDGE ( 'NONE', *, *, #663, .F. ) ;
#6183 = ORIENTED_EDGE ( 'NONE', *, *, #4508, .T. ) ;
#6184 = CARTESIAN_POINT ( 'NONE',  ( -0.07795275590551181688, -0.01909448818897637595, 0.005000000000000000104 ) ) ;
#6185 = DIMENSIONAL_EXPONENTS ( 1.000000000000000000, 0.000000000000000000, 0.000000000000000000, 0.000000000000000000, 0.000000000000000000, 0.000000000000000000, 0.000000000000000000 ) ;
#6186 = FACE_OUTER_BOUND ( 'NONE', #1111, .T. ) ;
#6187 = PRODUCT_DEFINITION_FORMATION_WITH_SPECIFIED_SOURCE ( 'ANY', '', #71, .NOT_KNOWN. ) ;
#6188 = PRESENTATION_STYLE_ASSIGNMENT (( #8827 ) ) ;
#6189 = FILL_AREA_STYLE ('',( #624 ) ) ;
#6190 = PRESENTATION_LAYER_ASSIGNMENT (  '', '', ( #7900 ) ) ;
#6191 = CARTESIAN_POINT ( 'NONE',  ( -0.09645669291338584972, 0.1049212598425196957, 0.009842519685039369942 ) ) ;
#6192 = SURFACE_STYLE_USAGE ( .BOTH. , #2873 ) ;
#6193 = ORIENTED_EDGE ( 'NONE', *, *, #4111, .F. ) ;
#6194 = ORIENTED_EDGE ( 'NONE', *, *, #367, .T. ) ;
#6195 = CARTESIAN_POINT ( 'NONE',  ( -0.03307086614173228301, -0.1210629921259842590, 0.01357377070548917292 ) ) ;
#6196 = PRESENTATION_LAYER_ASSIGNMENT (  '', '', ( #2573 ) ) ;
#6197 =( NAMED_UNIT ( * ) PLANE_ANGLE_UNIT ( ) SI_UNIT ( $, .RADIAN. ) );
#6198 = CARTESIAN_POINT ( 'NONE',  ( 0.07795275590551181688, 0.007086614173228346358, 0.005000000000000000104 ) ) ;
#6199 = EDGE_LOOP ( 'NONE', ( #1376, #8935, #8552, #6401 ) ) ;
#6200 = ORIENTED_EDGE ( 'NONE', *, *, #8075, .F. ) ;
#6201 = EDGE_CURVE ( 'NONE', #1205, #1947, #2843, .T. ) ;
#6202 = SURFACE_STYLE_USAGE ( .BOTH. , #8227 ) ;
#6203 = LINE ( 'NONE', #3657, #4617 ) ;
#6204 = VECTOR ( 'NONE', #1110, 39.37007874015748854 ) ;
#6205 = CARTESIAN_POINT ( 'NONE',  ( 0.09645669291338582196, 0.002027559055118143515, 0.009842519685039361269 ) ) ;
#6206 = MECHANICAL_DESIGN_GEOMETRIC_PRESENTATION_REPRESENTATION (  '', ( #8930 ), #5923 ) ;
#6207 = EDGE_CURVE ( 'NONE', #8311, #4662, #2152, .T. ) ;
#6208 = DIRECTION ( 'NONE',  ( 0.000000000000000000, 0.000000000000000000, 1.000000000000000000 ) ) ;
#6209 = LENGTH_MEASURE_WITH_UNIT ( LENGTH_MEASURE( 0.02539999999999999897 ), #373 );
#6210 = STYLED_ITEM ( 'NONE', ( #5651 ), #1738 ) ;
#6211 = VECTOR ( 'NONE', #7466, 39.37007874015748143 ) ;
#6212 = CARTESIAN_POINT ( 'NONE',  ( 0.08307086614173228578, -0.1210629921259842590, 0.009880116511253426298 ) ) ;
#6213 = MECHANICAL_DESIGN_GEOMETRIC_PRESENTATION_REPRESENTATION (  '', ( #2602 ), #1993 ) ;
#6214 =( NAMED_UNIT ( * ) SI_UNIT ( $, .STERADIAN. ) SOLID_ANGLE_UNIT ( ) );
#6215 =( LENGTH_UNIT ( ) NAMED_UNIT ( * ) SI_UNIT ( $, .METRE. ) );
#6216 = EDGE_CURVE ( 'NONE', #6242, #5646, #7083, .T. ) ;
#6217 = LENGTH_MEASURE_WITH_UNIT ( LENGTH_MEASURE( 0.02539999999999999897 ), #2164 );
#6218 = CARTESIAN_POINT ( 'NONE',  ( 0.06692913385826770867, -0.09018673685477521240, 0.007095752720117635970 ) ) ;
#6219 = VERTEX_POINT ( 'NONE', #39 ) ;
#6220 = ORIENTED_EDGE ( 'NONE', *, *, #4036, .F. ) ;
#6221 = UNCERTAINTY_MEASURE_WITH_UNIT (LENGTH_MEASURE( 1.000000000000000082E-05 ), #3150, 'distance_accuracy_value', 'NONE');
#6222 = EDGE_LOOP ( 'NONE', ( #3579, #2321, #8138, #6490 ) ) ;
#6223 = LENGTH_MEASURE_WITH_UNIT ( LENGTH_MEASURE( 0.02539999999999999897 ), #4095 );
#6224 = VECTOR ( 'NONE', #4696, 39.37007874015748143 ) ;
#6225 = LINE ( 'NONE', #7056, #6917 ) ;
#6226 = LENGTH_MEASURE_WITH_UNIT ( LENGTH_MEASURE( 0.02539999999999999897 ), #4860 );
#6227 = DIRECTION ( 'NONE',  ( 1.000000000000000000, 0.000000000000000000, 0.000000000000000000 ) ) ;
#6228 = COLOUR_RGB ( '',0.2862745098039215508, 0.2862745098039215508, 0.2862745098039215508 ) ;
#6229 = CARTESIAN_POINT ( 'NONE',  ( 0.06692913385826770867, -0.1210629921259842590, 0.01357377070548917292 ) ) ;
#6230 = AXIS2_PLACEMENT_3D ( 'NONE', #6567, #341, #8531 ) ;
#6231 =( LENGTH_UNIT ( ) NAMED_UNIT ( * ) SI_UNIT ( $, .METRE. ) );
#6232 = UNCERTAINTY_MEASURE_WITH_UNIT (LENGTH_MEASURE( 1.000000000000000082E-05 ), #6950, 'distance_accuracy_value', 'NONE');
#6233 = ADVANCED_FACE ( 'NONE', ( #7127 ), #2288, .T. ) ;
#6234 = ORIENTED_EDGE ( 'NONE', *, *, #3434, .F. ) ;
#6235 = ORIENTED_EDGE ( 'NONE', *, *, #8967, .T. ) ;
#6236 = FILL_AREA_STYLE_COLOUR ( '', #1998 ) ;
#6237 = PRESENTATION_STYLE_ASSIGNMENT (( #540 ) ) ;
#6238 = DIMENSIONAL_EXPONENTS ( 1.000000000000000000, 0.000000000000000000, 0.000000000000000000, 0.000000000000000000, 0.000000000000000000, 0.000000000000000000, 0.000000000000000000 ) ;
#6239 = DIRECTION ( 'NONE',  ( 1.000000000000000000, 0.000000000000000000, 0.000000000000000000 ) ) ;
#6240 = VECTOR ( 'NONE', #866, 39.37007874015748143 ) ;
#6241 = ORIENTED_EDGE ( 'NONE', *, *, #848, .F. ) ;
#6242 = VERTEX_POINT ( 'NONE', #6454 ) ;
#6243 = FILL_AREA_STYLE ('',( #7037 ) ) ;
#6244 =( REPRESENTATION_RELATIONSHIP ('NONE','NONE', #6032, #1128 ) REPRESENTATION_RELATIONSHIP_WITH_TRANSFORMATION ( #5913 )SHAPE_REPRESENTATION_RELATIONSHIP( ) );
#6245 = DIRECTION ( 'NONE',  ( 0.000000000000000000, 0.000000000000000000, 1.000000000000000000 ) ) ;
#6246 = LENGTH_MEASURE_WITH_UNIT ( LENGTH_MEASURE( 0.02539999999999999897 ), #6291 );
#6247 =( GEOMETRIC_REPRESENTATION_CONTEXT ( 3 ) GLOBAL_UNCERTAINTY_ASSIGNED_CONTEXT ( ( #6938 ) ) GLOBAL_UNIT_ASSIGNED_CONTEXT ( ( #8915, #5494, #7545 ) ) REPRESENTATION_CONTEXT ( 'NONE', 'WORKASPACE' ) );
#6248 = EDGE_CURVE ( 'NONE', #8046, #6421, #3561, .T. ) ;
#6249 = VECTOR ( 'NONE', #5924, 39.37007874015748143 ) ;
#6250 = LENGTH_MEASURE_WITH_UNIT ( LENGTH_MEASURE( 0.02539999999999999897 ), #3480 );
#6251 = CYLINDRICAL_SURFACE ( 'NONE', #1821, 0.003149606299212598381 ) ;
#6252 =( GEOMETRIC_REPRESENTATION_CONTEXT ( 3 ) GLOBAL_UNCERTAINTY_ASSIGNED_CONTEXT ( ( #8375 ) ) GLOBAL_UNIT_ASSIGNED_CONTEXT ( ( #1645, #2342, #8596 ) ) REPRESENTATION_CONTEXT ( 'NONE', 'WORKASPACE' ) );
#6253 = FILL_AREA_STYLE_COLOUR ( '', #3722 ) ;
#6254 = DIRECTION ( 'NONE',  ( 0.000000000000000000, -0.9961946980917454342, -0.08715574274765831853 ) ) ;
#6255 = EDGE_CURVE ( 'NONE', #8019, #6725, #8310, .T. ) ;
#6256 = MECHANICAL_DESIGN_GEOMETRIC_PRESENTATION_REPRESENTATION (  '', ( #2781 ), #6671 ) ;
#6257 = CARTESIAN_POINT ( 'NONE',  ( 0.08753937007874014464, -0.0009842519685039198638, 0.000000000000000000 ) ) ;
#6258 =( LENGTH_UNIT ( ) NAMED_UNIT ( * ) SI_UNIT ( $, .METRE. ) );
#6259 = SURFACE_STYLE_FILL_AREA ( #3487 ) ;
#6260 = UNCERTAINTY_MEASURE_WITH_UNIT (LENGTH_MEASURE( 1.000000000000000082E-05 ), #7789, 'distance_accuracy_value', 'NONE');
#6261 = ORIENTED_EDGE ( 'NONE', *, *, #7635, .F. ) ;
#6262 = ORIENTED_EDGE ( 'NONE', *, *, #6558, .T. ) ;
#6263 = ORIENTED_EDGE ( 'NONE', *, *, #542, .F. ) ;
#6264 = COLOUR_RGB ( '',0.7490196078431372584, 0.7490196078431372584, 0.7490196078431372584 ) ;
#6265 = CARTESIAN_POINT ( 'NONE',  ( -0.07795275590551181688, -0.01909448818897637595, 0.000000000000000000 ) ) ;
#6266 =( NAMED_UNIT ( * ) SI_UNIT ( $, .STERADIAN. ) SOLID_ANGLE_UNIT ( ) );
#6267 = CARTESIAN_POINT ( 'NONE',  ( 0.000000000000000000, 0.000000000000000000, 0.000000000000000000 ) ) ;
#6268 = LINE ( 'NONE', #7654, #2975 ) ;
#6269 = DIRECTION ( 'NONE',  ( 0.9925461516413219831, 0.000000000000000000, 0.1218693434051480173 ) ) ;
#6270 =( GEOMETRIC_REPRESENTATION_CONTEXT ( 3 ) GLOBAL_UNCERTAINTY_ASSIGNED_CONTEXT ( ( #7595 ) ) GLOBAL_UNIT_ASSIGNED_CONTEXT ( ( #7060, #2867, #6981 ) ) REPRESENTATION_CONTEXT ( 'NONE', 'WORKASPACE' ) );
#6271 = LINE ( 'NONE', #4905, #2496 ) ;
#6272 = CARTESIAN_POINT ( 'NONE',  ( -0.09645669291338572482, 0.05009842519685039214, 0.009842519685039354330 ) ) ;
#6273 = PRESENTATION_LAYER_ASSIGNMENT (  '', '', ( #7705 ) ) ;
#6274 = ORIENTED_EDGE ( 'NONE', *, *, #1370, .F. ) ;
#6275 = ORIENTED_EDGE ( 'NONE', *, *, #5339, .T. ) ;
#6276 = SURFACE_SIDE_STYLE ('',( #1343 ) ) ;
#6277 = ORIENTED_EDGE ( 'NONE', *, *, #94, .F. ) ;
#6278 =( NAMED_UNIT ( * ) PLANE_ANGLE_UNIT ( ) SI_UNIT ( $, .RADIAN. ) );
#6279 = STYLED_ITEM ( 'NONE', ( #4557 ), #4984 ) ;
#6280 =( LENGTH_UNIT ( ) NAMED_UNIT ( * ) SI_UNIT ( $, .METRE. ) );
#6281 = EDGE_CURVE ( 'NONE', #2430, #1204, #4437, .T. ) ;
#6282 = MECHANICAL_DESIGN_GEOMETRIC_PRESENTATION_REPRESENTATION (  '', ( #310 ), #2062 ) ;
#6283 = DIRECTION ( 'NONE',  ( 1.000000000000000000, 0.000000000000000000, -0.000000000000000000 ) ) ;
#6284 = DIRECTION ( 'NONE',  ( 0.000000000000000000, -0.04595002157773420831, 0.9989437399158200837 ) ) ;
#6285 = CARTESIAN_POINT ( 'NONE',  ( 0.07795275590551181688, -0.0009842519685039135754, 0.000000000000000000 ) ) ;
#6286 = ORIENTED_EDGE ( 'NONE', *, *, #7284, .F. ) ;
#6287 = ORIENTED_EDGE ( 'NONE', *, *, #6523, .F. ) ;
#6288 =( NAMED_UNIT ( * ) SI_UNIT ( $, .STERADIAN. ) SOLID_ANGLE_UNIT ( ) );
#6289 = STYLED_ITEM ( 'NONE', ( #957 ), #7936 ) ;
#6290 = STYLED_ITEM ( 'NONE', ( #334 ), #8753 ) ;
#6291 =( LENGTH_UNIT ( ) NAMED_UNIT ( * ) SI_UNIT ( $, .METRE. ) );
#6292 = DIMENSIONAL_EXPONENTS ( 1.000000000000000000, 0.000000000000000000, 0.000000000000000000, 0.000000000000000000, 0.000000000000000000, 0.000000000000000000, 0.000000000000000000 ) ;
#6293 =( NAMED_UNIT ( * ) SI_UNIT ( $, .STERADIAN. ) SOLID_ANGLE_UNIT ( ) );
#6294 = PLANE ( 'NONE',  #5473 ) ;
#6295 =( LENGTH_UNIT ( ) NAMED_UNIT ( * ) SI_UNIT ( $, .METRE. ) );
#6296 = VECTOR ( 'NONE', #2844, 39.37007874015748143 ) ;
#6297 = UNCERTAINTY_MEASURE_WITH_UNIT (LENGTH_MEASURE( 1.000000000000000082E-05 ), #1558, 'distance_accuracy_value', 'NONE');
#6298 = UNCERTAINTY_MEASURE_WITH_UNIT (LENGTH_MEASURE( 1.000000000000000082E-05 ), #4838, 'distance_accuracy_value', 'NONE');
#6299 = SURFACE_SIDE_STYLE ('',( #2117 ) ) ;
#6300 = SURFACE_SIDE_STYLE ('',( #5676 ) ) ;
#6301 = VECTOR ( 'NONE', #2179, 39.37007874015748143 ) ;
#6302 =( GEOMETRIC_REPRESENTATION_CONTEXT ( 3 ) GLOBAL_UNCERTAINTY_ASSIGNED_CONTEXT ( ( #4970 ) ) GLOBAL_UNIT_ASSIGNED_CONTEXT ( ( #2014, #560, #1321 ) ) REPRESENTATION_CONTEXT ( 'NONE', 'WORKASPACE' ) );
#6303 = EDGE_CURVE ( 'NONE', #6450, #8447, #311, .T. ) ;
#6304 = EDGE_CURVE ( 'NONE', #7550, #5541, #6581, .T. ) ;
#6305 = CARTESIAN_POINT ( 'NONE',  ( -0.08946850393700787885, 0.09311023622047245873, 0.009842519685039369942 ) ) ;
#6306 = ORIENTED_EDGE ( 'NONE', *, *, #4, .F. ) ;
#6307 = ORIENTED_EDGE ( 'NONE', *, *, #5532, .F. ) ;
#6308 = LINE ( 'NONE', #7142, #2307 ) ;
#6309 =( NAMED_UNIT ( * ) SI_UNIT ( $, .STERADIAN. ) SOLID_ANGLE_UNIT ( ) );
#6310 = LINE ( 'NONE', #2125, #4887 ) ;
#6311 = FILL_AREA_STYLE_COLOUR ( '', #3824 ) ;
#6312 = FACE_OUTER_BOUND ( 'NONE', #8060, .T. ) ;
#6313 = CARTESIAN_POINT ( 'NONE',  ( 0.000000000000000000, 0.007027559055118147088, 0.009842519685039369942 ) ) ;
#6314 = LINE ( 'NONE', #6272, #6301 ) ;
#6315 = EDGE_CURVE ( 'NONE', #7371, #1748, #1763, .T. ) ;
#6316 = VERTEX_POINT ( 'NONE', #7905 ) ;
#6317 = ORIENTED_EDGE ( 'NONE', *, *, #8729, .T. ) ;
#6318 = FACE_BOUND ( 'NONE', #1069, .T. ) ;
#6319 = FACE_OUTER_BOUND ( 'NONE', #5181, .T. ) ;
#6320 = ORIENTED_EDGE ( 'NONE', *, *, #4764, .F. ) ;
#6321 = AXIS2_PLACEMENT_3D ( 'NONE', #2383, #7865, #862 ) ;
#6322 = CARTESIAN_POINT ( 'NONE',  ( -0.01496062992125983884, -0.08244437787890905589, 0.01631147111528527538 ) ) ;
#6323 = AXIS2_PLACEMENT_3D ( 'NONE', #6113, #1306, #2709 ) ;
#6324 = CARTESIAN_POINT ( 'NONE',  ( 0.07795275590551181688, 0.01003937007874020591, 0.009842519685039369942 ) ) ;
#6325 = ADVANCED_FACE ( 'NONE', ( #358 ), #6541, .F. ) ;
#6326 = VERTEX_POINT ( 'NONE', #5188 ) ;
#6327 = ORIENTED_EDGE ( 'NONE', *, *, #682, .T. ) ;
#6328 = PRESENTATION_STYLE_ASSIGNMENT (( #2891 ) ) ;
#6329 = MECHANICAL_DESIGN_GEOMETRIC_PRESENTATION_REPRESENTATION (  '', ( #4169 ), #4020 ) ;
#6330 = CARTESIAN_POINT ( 'NONE',  ( -0.02500000000000000139, -0.09383657304297442214, 0.02091502454231232433 ) ) ;
#6331 = CARTESIAN_POINT ( 'NONE',  ( -0.02500000000000000139, -0.08565767112959683793, 0.02601659103690530384 ) ) ;
#6332 = DIMENSIONAL_EXPONENTS ( 1.000000000000000000, 0.000000000000000000, 0.000000000000000000, 0.000000000000000000, 0.000000000000000000, 0.000000000000000000, 0.000000000000000000 ) ;
#6333 = MECHANICAL_DESIGN_GEOMETRIC_PRESENTATION_REPRESENTATION (  '', ( #220 ), #4172 ) ;
#6334 = LINE ( 'NONE', #8465, #426 ) ;
#6335 =( NAMED_UNIT ( * ) SI_UNIT ( $, .STERADIAN. ) SOLID_ANGLE_UNIT ( ) );
#6336 = SURFACE_SIDE_STYLE ('',( #135 ) ) ;
#6337 = COLOUR_RGB ( '',0.2862745098039215508, 0.2862745098039215508, 0.2862745098039215508 ) ;
#6338 =( CONVERSION_BASED_UNIT ( 'INCH', #694 ) LENGTH_UNIT ( ) NAMED_UNIT ( #3173 ) );
#6339 =( CONVERSION_BASED_UNIT ( 'INCH', #4890 ) LENGTH_UNIT ( ) NAMED_UNIT ( #8315 ) );
#6340 = VERTEX_POINT ( 'NONE', #452 ) ;
#6341 = STYLED_ITEM ( 'NONE', ( #6656 ), #513 ) ;
#6342 = ORIENTED_EDGE ( 'NONE', *, *, #1808, .F. ) ;
#6343 = SURFACE_SIDE_STYLE ('',( #785 ) ) ;
#6344 = ADVANCED_BREP_SHAPE_REPRESENTATION ( '', ( #1231, #6768 ), #2126 ) ;
#6345 = LINE ( 'NONE', #3631, #7940 ) ;
#6346 = DIMENSIONAL_EXPONENTS ( 1.000000000000000000, 0.000000000000000000, 0.000000000000000000, 0.000000000000000000, 0.000000000000000000, 0.000000000000000000, 0.000000000000000000 ) ;
#6347 = FILL_AREA_STYLE ('',( #4858 ) ) ;
#6348 = COLOUR_RGB ( '',0.7490196078431372584, 0.7490196078431372584, 0.7490196078431372584 ) ;
#6349 = STYLED_ITEM ( 'NONE', ( #282 ), #811 ) ;
#6350 = FACE_OUTER_BOUND ( 'NONE', #33, .T. ) ;
#6351 = PLANE ( 'NONE',  #5739 ) ;
#6352 = ADVANCED_FACE ( 'NONE', ( #7952 ), #6013, .T. ) ;
#6353 = CARTESIAN_POINT ( 'NONE',  ( -0.08612979809627308025, 0.09067934470952318526, 0.04747702520763242423 ) ) ;
#6354 = PRESENTATION_LAYER_ASSIGNMENT (  '', '', ( #3313 ) ) ;
#6355 = ORIENTED_EDGE ( 'NONE', *, *, #8888, .F. ) ;
#6356 = VERTEX_POINT ( 'NONE', #1211 ) ;
#6357 = CARTESIAN_POINT ( 'NONE',  ( -0.01692913385826771630, -0.09383657304297442214, 0.02091502454231232433 ) ) ;
#6358 = ORIENTED_EDGE ( 'NONE', *, *, #5903, .F. ) ;
#6359 = EDGE_CURVE ( 'NONE', #7066, #5759, #2095, .T. ) ;
#6360 = VECTOR ( 'NONE', #7423, 39.37007874015748143 ) ;
#6361 = CARTESIAN_POINT ( 'NONE',  ( -0.07499999999999999722, -0.1210629921259842590, 0.000000000000000000 ) ) ;
#6362 =( GEOMETRIC_REPRESENTATION_CONTEXT ( 3 ) GLOBAL_UNCERTAINTY_ASSIGNED_CONTEXT ( ( #5601 ) ) GLOBAL_UNIT_ASSIGNED_CONTEXT ( ( #4608, #1162, #3369 ) ) REPRESENTATION_CONTEXT ( 'NONE', 'WORKASPACE' ) );
#6363 = FACE_OUTER_BOUND ( 'NONE', #4233, .T. ) ;
#6364 = CARTESIAN_POINT ( 'NONE',  ( 0.09645669291338572482, -0.03592519685039369942, 0.009842519685039354330 ) ) ;
#6365 = PLANE ( 'NONE',  #3144 ) ;
#6366 = EDGE_LOOP ( 'NONE', ( #64, #7741, #410, #8028, #6774, #2258, #8779, #2965 ) ) ;
#6367 = VERTEX_POINT ( 'NONE', #4700 ) ;
#6368 = DIRECTION ( 'NONE',  ( 0.000000000000000000, 0.000000000000000000, 1.000000000000000000 ) ) ;
#6369 =( NAMED_UNIT ( * ) PLANE_ANGLE_UNIT ( ) SI_UNIT ( $, .RADIAN. ) );
#6370 = COLOUR_RGB ( '',0.7490196078431372584, 0.7490196078431372584, 0.7490196078431372584 ) ;
#6371 =( NAMED_UNIT ( * ) SI_UNIT ( $, .STERADIAN. ) SOLID_ANGLE_UNIT ( ) );
#6372 = SURFACE_STYLE_FILL_AREA ( #5052 ) ;
#6373 = ADVANCED_FACE ( 'NONE', ( #2654 ), #3973, .T. ) ;
#6374 = CARTESIAN_POINT ( 'NONE',  ( 0.07499999999999999722, -0.09018673685477524016, 0.007095752720117627296 ) ) ;
#6375 = DIRECTION ( 'NONE',  ( 0.000000000000000000, -1.000000000000000000, -0.000000000000000000 ) ) ;
#6376 = DIRECTION ( 'NONE',  ( 1.000000000000000000, 1.216192002179390098E-16, 0.000000000000000000 ) ) ;
#6377 = FILL_AREA_STYLE ('',( #5622 ) ) ;
#6378 = EDGE_CURVE ( 'NONE', #1716, #2122, #8316, .T. ) ;
#6379 = SURFACE_STYLE_USAGE ( .BOTH. , #6336 ) ;
#6380 = AXIS2_PLACEMENT_3D ( 'NONE', #7461, #3262, #1328 ) ;
#6381 = CARTESIAN_POINT ( 'NONE',  ( -0.07494307814895394271, 0.1049212598425196957, 0.000000000000000000 ) ) ;
#6382 = CARTESIAN_POINT ( 'NONE',  ( 0.07795275590551181688, 0.09311023622047245873, 0.009842519685039369942 ) ) ;
#6383 = SURFACE_STYLE_USAGE ( .BOTH. , #1507 ) ;
#6384 = PRESENTATION_LAYER_ASSIGNMENT (  '', '', ( #5088 ) ) ;
#6385 = ORIENTED_EDGE ( 'NONE', *, *, #8433, .F. ) ;
#6386 = EDGE_LOOP ( 'NONE', ( #3463, #2793, #613, #2396 ) ) ;
#6387 = SURFACE_STYLE_FILL_AREA ( #4362 ) ;
#6388 = DIRECTION ( 'NONE',  ( -0.000000000000000000, -1.000000000000000000, -0.000000000000000000 ) ) ;
#6389 = CARTESIAN_POINT ( 'NONE',  ( -0.09006229564024269274, -0.07650611636306660357, 0.04433875722176123385 ) ) ;
#6390 = VECTOR ( 'NONE', #8831, 39.37007874015748143 ) ;
#6391 = EDGE_CURVE ( 'NONE', #1893, #4317, #8890, .T. ) ;
#6392 = DIRECTION ( 'NONE',  ( -1.000000000000000000, 0.000000000000000000, -0.000000000000000000 ) ) ;
#6393 = SURFACE_STYLE_FILL_AREA ( #3537 ) ;
#6394 = FACE_OUTER_BOUND ( 'NONE', #8224, .T. ) ;
#6395 = DIRECTION ( 'NONE',  ( 0.000000000000000000, 0.000000000000000000, 1.000000000000000000 ) ) ;
#6396 = UNCERTAINTY_MEASURE_WITH_UNIT (LENGTH_MEASURE( 1.000000000000000082E-05 ), #6645, 'distance_accuracy_value', 'NONE');
#6397 = VECTOR ( 'NONE', #1382, 39.37007874015748143 ) ;
#6398 = DIRECTION ( 'NONE',  ( -1.000000000000000000, -0.000000000000000000, 0.000000000000000000 ) ) ;
#6399 = ORIENTED_EDGE ( 'NONE', *, *, #8470, .T. ) ;
#6400 = UNCERTAINTY_MEASURE_WITH_UNIT (LENGTH_MEASURE( 1.000000000000000082E-05 ), #5441, 'distance_accuracy_value', 'NONE');
#6401 = ORIENTED_EDGE ( 'NONE', *, *, #5975, .F. ) ;
#6402 =( NAMED_UNIT ( * ) SI_UNIT ( $, .STERADIAN. ) SOLID_ANGLE_UNIT ( ) );
#6403 = CARTESIAN_POINT ( 'NONE',  ( -0.09645669291338584972, 0.1131889763779527630, 0.000000000000000000 ) ) ;
#6404 = AXIS2_PLACEMENT_3D ( 'NONE', #6803, #576, #3360 ) ;
#6405 = DIMENSIONAL_EXPONENTS ( 1.000000000000000000, 0.000000000000000000, 0.000000000000000000, 0.000000000000000000, 0.000000000000000000, 0.000000000000000000, 0.000000000000000000 ) ;
#6406 = SURFACE_STYLE_FILL_AREA ( #3645 ) ;
#6407 = LENGTH_MEASURE_WITH_UNIT ( LENGTH_MEASURE( 0.02539999999999999897 ), #3647 );
#6408 = CARTESIAN_POINT ( 'NONE',  ( 0.03307086614173228301, -0.09018673685477521240, 0.007095752720117635970 ) ) ;
#6409 = ORIENTED_EDGE ( 'NONE', *, *, #258, .T. ) ;
#6410 = ADVANCED_FACE ( 'NONE', ( #8220 ), #8972, .F. ) ;
#6411 = ORIENTED_EDGE ( 'NONE', *, *, #8186, .T. ) ;
#6412 = VECTOR ( 'NONE', #6283, 39.37007874015748143 ) ;
#6413 = LENGTH_MEASURE_WITH_UNIT ( LENGTH_MEASURE( 0.02539999999999999897 ), #6494 );
#6414 = COLOUR_RGB ( '',0.7490196078431372584, 0.7490196078431372584, 0.7490196078431372584 ) ;
#6415 = LINE ( 'NONE', #1494, #2066 ) ;
#6416 = DIRECTION ( 'NONE',  ( 1.000000000000000000, 0.000000000000000000, 0.000000000000000000 ) ) ;
#6417 = VECTOR ( 'NONE', #7191, 39.37007874015748143 ) ;
#6418 = PRESENTATION_LAYER_ASSIGNMENT (  '', '', ( #8449 ) ) ;
#6419 =( GEOMETRIC_REPRESENTATION_CONTEXT ( 3 ) GLOBAL_UNCERTAINTY_ASSIGNED_CONTEXT ( ( #4939 ) ) GLOBAL_UNIT_ASSIGNED_CONTEXT ( ( #1129, #8671, #5186 ) ) REPRESENTATION_CONTEXT ( 'NONE', 'WORKASPACE' ) );
#6420 =( NAMED_UNIT ( * ) SI_UNIT ( $, .STERADIAN. ) SOLID_ANGLE_UNIT ( ) );
#6421 = VERTEX_POINT ( 'NONE', #7619 ) ;
#6422 = LINE ( 'NONE', #2757, #7677 ) ;
#6423 = MECHANICAL_DESIGN_GEOMETRIC_PRESENTATION_REPRESENTATION (  '', ( #468 ), #2070 ) ;
#6424 = DIRECTION ( 'NONE',  ( 0.000000000000000000, -0.08715574274765816587, 0.9961946980917455452 ) ) ;
#6425 = LENGTH_MEASURE_WITH_UNIT ( LENGTH_MEASURE( 0.02539999999999999897 ), #2438 );
#6426 = AXIS2_PLACEMENT_3D ( 'NONE', #1336, #8878, #3271 ) ;
#6427 = SURFACE_SIDE_STYLE ('',( #4448 ) ) ;
#6428 = SURFACE_STYLE_USAGE ( .BOTH. , #5160 ) ;
#6429 = FILL_AREA_STYLE ('',( #4893 ) ) ;
#6430 = ORIENTED_EDGE ( 'NONE', *, *, #6315, .F. ) ;
#6431 = ORIENTED_EDGE ( 'NONE', *, *, #6844, .F. ) ;
#6432 = EDGE_CURVE ( 'NONE', #2122, #4028, #7667, .T. ) ;
#6433 =( GEOMETRIC_REPRESENTATION_CONTEXT ( 3 ) GLOBAL_UNCERTAINTY_ASSIGNED_CONTEXT ( ( #1396 ) ) GLOBAL_UNIT_ASSIGNED_CONTEXT ( ( #5766, #5014, #217 ) ) REPRESENTATION_CONTEXT ( 'NONE', 'WORKASPACE' ) );
#6434 =( NAMED_UNIT ( * ) SI_UNIT ( $, .STERADIAN. ) SOLID_ANGLE_UNIT ( ) );
#6435 = DIRECTION ( 'NONE',  ( 0.000000000000000000, -1.000000000000000000, -0.000000000000000000 ) ) ;
#6436 = DIRECTION ( 'NONE',  ( 0.7071067811865469066, -0.7071067811865479058, 0.000000000000000000 ) ) ;
#6437 = ORIENTED_EDGE ( 'NONE', *, *, #3371, .T. ) ;
#6438 = EDGE_CURVE ( 'NONE', #3199, #6986, #1391, .T. ) ;
#6439 = ORIENTED_EDGE ( 'NONE', *, *, #4615, .T. ) ;
#6440 = PRESENTATION_LAYER_ASSIGNMENT (  '', '', ( #4576 ) ) ;
#6441 = STYLED_ITEM ( 'NONE', ( #5862 ), #8904 ) ;
#6442 = FILL_AREA_STYLE_COLOUR ( '', #1542 ) ;
#6443 = DIMENSIONAL_EXPONENTS ( 1.000000000000000000, 0.000000000000000000, 0.000000000000000000, 0.000000000000000000, 0.000000000000000000, 0.000000000000000000, 0.000000000000000000 ) ;
#6444 = SURFACE_SIDE_STYLE ('',( #849 ) ) ;
#6445 = MECHANICAL_DESIGN_GEOMETRIC_PRESENTATION_REPRESENTATION (  '', ( #4726 ), #6736 ) ;
#6446 = CARTESIAN_POINT ( 'NONE',  ( 0.01496062992125984405, -0.08221824588295552350, 0.01139540940310114318 ) ) ;
#6447 = PRODUCT_DEFINITION_CONTEXT ( 'detailed design', #8818, 'design' ) ;
#6448 = DIRECTION ( 'NONE',  ( 0.000000000000000000, -3.469446951953614189E-15, -1.000000000000000000 ) ) ;
#6449 = ORIENTED_EDGE ( 'NONE', *, *, #7687, .T. ) ;
#6450 = VERTEX_POINT ( 'NONE', #2188 ) ;
#6451 = DIRECTION ( 'NONE',  ( 0.000000000000000000, 0.7143278697962460733, -0.6998111848437100768 ) ) ;
#6452 = AXIS2_PLACEMENT_3D ( 'NONE', #2250, #90, #2903 ) ;
#6453 = LENGTH_MEASURE_WITH_UNIT ( LENGTH_MEASURE( 0.02539999999999999897 ), #4392 );
#6454 = CARTESIAN_POINT ( 'NONE',  ( -0.06496062992125983815, -0.08565767112959683793, 0.02601659103690530384 ) ) ;
#6455 = CARTESIAN_POINT ( 'NONE',  ( -0.01692913385826771630, -0.09018673685477519852, 0.007095752720117598673 ) ) ;
#6456 = VECTOR ( 'NONE', #4580, 39.37007874015748143 ) ;
#6457 = CARTESIAN_POINT ( 'NONE',  ( -0.08904527559055119834, 0.008533464566929134867, 0.000000000000000000 ) ) ;
#6458 = ORIENTED_EDGE ( 'NONE', *, *, #7366, .T. ) ;
#6459 = DIMENSIONAL_EXPONENTS ( 1.000000000000000000, 0.000000000000000000, 0.000000000000000000, 0.000000000000000000, 0.000000000000000000, 0.000000000000000000, 0.000000000000000000 ) ;
#6460 = FACE_OUTER_BOUND ( 'NONE', #4684, .T. ) ;
#6461 = SURFACE_STYLE_USAGE ( .BOTH. , #3711 ) ;
#6462 = PRESENTATION_LAYER_ASSIGNMENT (  '', '', ( #1521 ) ) ;
#6463 = EDGE_CURVE ( 'NONE', #5650, #3642, #7680, .T. ) ;
#6464 = ADVANCED_FACE ( 'NONE', ( #2141 ), #3512, .T. ) ;
#6465 =( CONVERSION_BASED_UNIT ( 'INCH', #7918 ) LENGTH_UNIT ( ) NAMED_UNIT ( #6017 ) );
#6466 =( NAMED_UNIT ( * ) SI_UNIT ( $, .STERADIAN. ) SOLID_ANGLE_UNIT ( ) );
#6467 = DIRECTION ( 'NONE',  ( 0.000000000000000000, 0.9961946980917456562, 0.08715574274765708340 ) ) ;
#6468 = DIRECTION ( 'NONE',  ( 0.000000000000000000, -0.04595002157773900309, 0.9989437399158199726 ) ) ;
#6469 = ORIENTED_EDGE ( 'NONE', *, *, #7499, .T. ) ;
#6470 = CARTESIAN_POINT ( 'NONE',  ( -0.07795275590551181688, 0.01003937007874019550, 0.009842519685039369942 ) ) ;
#6471 = VECTOR ( 'NONE', #8555, 39.37007874015748143 ) ;
#6472 = CARTESIAN_POINT ( 'NONE',  ( -0.03307086614173228301, -0.08244437787890905589, 0.01631147111528527885 ) ) ;
#6473 = DIRECTION ( 'NONE',  ( 0.9925461516413218721, 0.000000000000000000, 0.1218693434051484753 ) ) ;
#6474 = EDGE_CURVE ( 'NONE', #7035, #6421, #7763, .T. ) ;
#6475 = VECTOR ( 'NONE', #8979, 39.37007874015748143 ) ;
#6476 = CARTESIAN_POINT ( 'NONE',  ( 0.08307086614173228578, -0.1014396703667248545, 0.01159693470591019286 ) ) ;
#6477 = DIRECTION ( 'NONE',  ( 0.5292407919724581022, -0.5292407919724554377, 0.6631804944543630009 ) ) ;
#6478 = UNCERTAINTY_MEASURE_WITH_UNIT (LENGTH_MEASURE( 1.000000000000000082E-05 ), #2992, 'distance_accuracy_value', 'NONE');
#6479 = CARTESIAN_POINT ( 'NONE',  ( -0.07494307814895394271, 0.09311023622047245873, 0.000000000000000000 ) ) ;
#6480 =( CONVERSION_BASED_UNIT ( 'INCH', #1703 ) LENGTH_UNIT ( ) NAMED_UNIT ( #466 ) );
#6481 = ORIENTED_EDGE ( 'NONE', *, *, #2847, .F. ) ;
#6482 = ORIENTED_EDGE ( 'NONE', *, *, #4093, .T. ) ;
#6483 =( NAMED_UNIT ( * ) PLANE_ANGLE_UNIT ( ) SI_UNIT ( $, .RADIAN. ) );
#6484 = EDGE_CURVE ( 'NONE', #6566, #8689, #4805, .T. ) ;
#6485 = VECTOR ( 'NONE', #8887, 39.37007874015748143 ) ;
#6486 = FILL_AREA_STYLE_COLOUR ( '', #2138 ) ;
#6487 = PRESENTATION_LAYER_ASSIGNMENT (  '', '', ( #8661 ) ) ;
#6488 =( NAMED_UNIT ( * ) SI_UNIT ( $, .STERADIAN. ) SOLID_ANGLE_UNIT ( ) );
#6489 = ORIENTED_EDGE ( 'NONE', *, *, #5360, .T. ) ;
#6490 = ORIENTED_EDGE ( 'NONE', *, *, #7389, .F. ) ;
#6491 =( BOUNDED_SURFACE ( )  B_SPLINE_SURFACE ( 3, 3, ( 
 ( #3406, #2174, #2026, #4816 ),
 ( #4950, #7697, #5162, #4321 ),
 ( #2398, #7928, #2955, #4497 ),
 ( #1564, #6389, #239, #7230 ) ),
 .UNSPECIFIED., .F., .F., .T. ) 
 B_SPLINE_SURFACE_WITH_KNOTS ( ( 4, 4 ),
 ( 4, 4 ),
 ( 0.000000000000000000, 1.000000000000000000 ),
 ( 0.000000000000000000, 1.000000000000000000 ),
 .UNSPECIFIED. ) 
 GEOMETRIC_REPRESENTATION_ITEM ( )  RATIONAL_B_SPLINE_SURFACE ( (
 ( 1.000000000000000000, 0.3333333333333313164, 0.3333333333333313164, 1.000000000000000000),
 ( 0.9299384305661970718, 0.3099794768553971736, 0.3099794768553971736, 0.9299384305661970718),
 ( 0.9299384305661970718, 0.3099794768553971736, 0.3099794768553971736, 0.9299384305661970718),
 ( 1.000000000000000000, 0.3333333333333313164, 0.3333333333333313164, 1.000000000000000000) ) ) 
 REPRESENTATION_ITEM ( '' )  SURFACE ( )  );
#6492 = STYLED_ITEM ( 'NONE', ( #1895 ), #2118 ) ;
#6493 =( NAMED_UNIT ( * ) SI_UNIT ( $, .STERADIAN. ) SOLID_ANGLE_UNIT ( ) );
#6494 =( LENGTH_UNIT ( ) NAMED_UNIT ( * ) SI_UNIT ( $, .METRE. ) );
#6495 = CARTESIAN_POINT ( 'NONE',  ( 0.09054314505225577459, -0.07461100421013781847, 0.04735891941054848342 ) ) ;
#6496 = MECHANICAL_DESIGN_GEOMETRIC_PRESENTATION_REPRESENTATION (  '', ( #6788 ), #1130 ) ;
#6497 = MECHANICAL_DESIGN_GEOMETRIC_PRESENTATION_REPRESENTATION (  '', ( #2008 ), #7073 ) ;
#6498 = PLANE ( 'NONE',  #5456 ) ;
#6499 = VERTEX_POINT ( 'NONE', #4291 ) ;
#6500 = LENGTH_MEASURE_WITH_UNIT ( LENGTH_MEASURE( 0.02539999999999999897 ), #2385 );
#6501 = PRESENTATION_STYLE_ASSIGNMENT (( #5770 ) ) ;
#6502 = CARTESIAN_POINT ( 'NONE',  ( -0.09055118110236221041, 0.002027559055118138311, 0.005000000000000000104 ) ) ;
#6503 = VECTOR ( 'NONE', #3440, 39.37007874015748143 ) ;
#6504 = COLOUR_RGB ( '',0.7490196078431372584, 0.7490196078431372584, 0.7490196078431372584 ) ;
#6505 = EDGE_CURVE ( 'NONE', #6753, #8068, #2033, .T. ) ;
#6506 = CARTESIAN_POINT ( 'NONE',  ( 0.09042084030531759298, -0.07290115526594750928, 0.04882104092741532814 ) ) ;
#6507 = DIRECTION ( 'NONE',  ( 0.000000000000000000, -1.000000000000000000, 0.000000000000000000 ) ) ;
#6508 = CARTESIAN_POINT ( 'NONE',  ( 0.07499999999999999722, -0.1210629921259842590, 0.009880116511253426298 ) ) ;
#6509 = CARTESIAN_POINT ( 'NONE',  ( 0.09055118110236222428, 0.007027559055118149690, 0.009842519685039369942 ) ) ;
#6510 = CARTESIAN_POINT ( 'NONE',  ( 0.08875394017312086825, 0.08540748348020747727, 0.04673228346456693300 ) ) ;
#6511 =( GEOMETRIC_REPRESENTATION_CONTEXT ( 3 ) GLOBAL_UNCERTAINTY_ASSIGNED_CONTEXT ( ( #2871 ) ) GLOBAL_UNIT_ASSIGNED_CONTEXT ( ( #2294, #7870, #7682 ) ) REPRESENTATION_CONTEXT ( 'NONE', 'WORKASPACE' ) );
#6512 = ADVANCED_FACE ( 'NONE', ( #6363 ), #7074, .T. ) ;
#6513 = ORIENTED_EDGE ( 'NONE', *, *, #3956, .T. ) ;
#6514 = DIRECTION ( 'NONE',  ( 0.000000000000000000, 1.000000000000000000, 0.000000000000000000 ) ) ;
#6515 = DIRECTION ( 'NONE',  ( -0.000000000000000000, 0.000000000000000000, 1.000000000000000000 ) ) ;
#6516 = DIMENSIONAL_EXPONENTS ( 1.000000000000000000, 0.000000000000000000, 0.000000000000000000, 0.000000000000000000, 0.000000000000000000, 0.000000000000000000, 0.000000000000000000 ) ;
#6517 = FACE_OUTER_BOUND ( 'NONE', #6366, .T. ) ;
#6518 = DIRECTION ( 'NONE',  ( -1.000000000000000000, -0.000000000000000000, 0.000000000000000000 ) ) ;
#6519 =( CONVERSION_BASED_UNIT ( 'INCH', #2355 ) LENGTH_UNIT ( ) NAMED_UNIT ( #6516 ) );
#6520 = SURFACE_STYLE_FILL_AREA ( #5077 ) ;
#6521 = CARTESIAN_POINT ( 'NONE',  ( -0.09331878153261678743, 0.09311019279504392787, 0.009842873356772890991 ) ) ;
#6522 = SURFACE_SIDE_STYLE ('',( #7195 ) ) ;
#6523 = EDGE_CURVE ( 'NONE', #2133, #5882, #5092, .T. ) ;
#6524 = ORIENTED_EDGE ( 'NONE', *, *, #7143, .F. ) ;
#6525 = CARTESIAN_POINT ( 'NONE',  ( 0.09330708661417323746, 0.08996062992125984648, 0.000000000000000000 ) ) ;
#6526 = MECHANICAL_DESIGN_GEOMETRIC_PRESENTATION_REPRESENTATION (  '', ( #8971 ), #8421 ) ;
#6527 =( NAMED_UNIT ( * ) PLANE_ANGLE_UNIT ( ) SI_UNIT ( $, .RADIAN. ) );
#6528 = SURFACE_SIDE_STYLE ('',( #3693 ) ) ;
#6529 = VECTOR ( 'NONE', #336, 39.37007874015748143 ) ;
#6530 = DIRECTION ( 'NONE',  ( 1.000000000000000000, 0.000000000000000000, 0.000000000000000000 ) ) ;
#6531 = PRESENTATION_LAYER_ASSIGNMENT (  '', '', ( #4247 ) ) ;
#6532 = SURFACE_SIDE_STYLE ('',( #3787 ) ) ;
#6533 = VERTEX_POINT ( 'NONE', #2417 ) ;
#6534 = EDGE_CURVE ( 'NONE', #8360, #8019, #5177, .T. ) ;
#6535 = ORIENTED_EDGE ( 'NONE', *, *, #8892, .F. ) ;
#6536 =( NAMED_UNIT ( * ) SI_UNIT ( $, .STERADIAN. ) SOLID_ANGLE_UNIT ( ) );
#6537 = DIRECTION ( 'NONE',  ( 0.000000000000000000, 0.000000000000000000, 1.000000000000000000 ) ) ;
#6538 = DIRECTION ( 'NONE',  ( 0.000000000000000000, 0.000000000000000000, -1.000000000000000000 ) ) ;
#6539 = PRESENTATION_LAYER_ASSIGNMENT (  '', '', ( #3355 ) ) ;
#6540 = DIRECTION ( 'NONE',  ( -1.000000000000000000, -0.000000000000000000, 0.000000000000000000 ) ) ;
#6541 = PLANE ( 'NONE',  #2380 ) ;
#6542 = ORIENTED_EDGE ( 'NONE', *, *, #5514, .T. ) ;
#6543 = SURFACE_STYLE_USAGE ( .BOTH. , #8554 ) ;
#6544 = COLOUR_RGB ( '',0.7490196078431372584, 0.7490196078431372584, 0.7490196078431372584 ) ;
#6545 =( LENGTH_UNIT ( ) NAMED_UNIT ( * ) SI_UNIT ( $, .METRE. ) );
#6546 = MECHANICAL_DESIGN_GEOMETRIC_PRESENTATION_REPRESENTATION (  '', ( #6142 ), #7409 ) ;
#6547 =( LENGTH_UNIT ( ) NAMED_UNIT ( * ) SI_UNIT ( $, .METRE. ) );
#6548 =( NAMED_UNIT ( * ) PLANE_ANGLE_UNIT ( ) SI_UNIT ( $, .RADIAN. ) );
#6549 =( NAMED_UNIT ( * ) SI_UNIT ( $, .STERADIAN. ) SOLID_ANGLE_UNIT ( ) );
#6550 = DIMENSIONAL_EXPONENTS ( 1.000000000000000000, 0.000000000000000000, 0.000000000000000000, 0.000000000000000000, 0.000000000000000000, 0.000000000000000000, 0.000000000000000000 ) ;
#6551 =( CONVERSION_BASED_UNIT ( 'INCH', #417 ) LENGTH_UNIT ( ) NAMED_UNIT ( #4843 ) );
#6552 = ORIENTED_EDGE ( 'NONE', *, *, #4111, .T. ) ;
#6553 = SURFACE_SIDE_STYLE ('',( #8767 ) ) ;
#6554 = FILL_AREA_STYLE_COLOUR ( '', #5351 ) ;
#6555 = ORIENTED_EDGE ( 'NONE', *, *, #4104, .F. ) ;
#6556 = PRODUCT_CONTEXT ( 'NONE', #7908, 'mechanical' ) ;
#6557 = SURFACE_STYLE_USAGE ( .BOTH. , #3006 ) ;
#6558 = EDGE_CURVE ( 'NONE', #2567, #5423, #2467, .T. ) ;
#6559 = STYLED_ITEM ( 'NONE', ( #1819 ), #6096 ) ;
#6560 = LINE ( 'NONE', #5956, #1881 ) ;
#6561 = COLOUR_RGB ( '',0.2862745098039215508, 0.2862745098039215508, 0.2862745098039215508 ) ;
#6562 = CARTESIAN_POINT ( 'NONE',  ( 0.01496062992125984405, -0.08520540713768977314, 0.01618446761253700822 ) ) ;
#6563 = UNCERTAINTY_MEASURE_WITH_UNIT (LENGTH_MEASURE( 1.000000000000000082E-05 ), #6594, 'distance_accuracy_value', 'NONE');
#6564 = EDGE_LOOP ( 'NONE', ( #3860, #2460, #8000, #2911 ) ) ;
#6565 = MECHANICAL_DESIGN_GEOMETRIC_PRESENTATION_REPRESENTATION (  '', ( #4707 ), #8463 ) ;
#6566 = VERTEX_POINT ( 'NONE', #4555 ) ;
#6567 = CARTESIAN_POINT ( 'NONE',  ( -0.08503937007874015630, -0.08221824588295552350, 0.01139540940310114318 ) ) ;
#6568 =( NAMED_UNIT ( * ) SI_UNIT ( $, .STERADIAN. ) SOLID_ANGLE_UNIT ( ) );
#6569 = DIMENSIONAL_EXPONENTS ( 1.000000000000000000, 0.000000000000000000, 0.000000000000000000, 0.000000000000000000, 0.000000000000000000, 0.000000000000000000, 0.000000000000000000 ) ;
#6570 = EDGE_CURVE ( 'NONE', #7035, #3687, #2326, .T. ) ;
#6571 = SURFACE_SIDE_STYLE ('',( #3830 ) ) ;
#6572 = AXIS2_PLACEMENT_3D ( 'NONE', #5025, #4269, #6921 ) ;
#6573 = CARTESIAN_POINT ( 'NONE',  ( 0.07499999999999999722, -0.08244437787890905589, 0.01631147111528527538 ) ) ;
#6574 = EDGE_LOOP ( 'NONE', ( #4463, #4361, #4071, #1894 ) ) ;
#6575 = EDGE_LOOP ( 'NONE', ( #1353, #738, #8562, #8499 ) ) ;
#6576 = SURFACE_STYLE_FILL_AREA ( #8626 ) ;
#6577 = CARTESIAN_POINT ( 'NONE',  ( -0.08875394017312086825, 0.08540748348020747727, 0.04673228346456693300 ) ) ;
#6578 = VECTOR ( 'NONE', #3730, 39.37007874015748854 ) ;
#6579 = DIRECTION ( 'NONE',  ( -1.000000000000000000, -0.000000000000000000, -0.000000000000000000 ) ) ;
#6580 = EDGE_CURVE ( 'NONE', #718, #7611, #6661, .T. ) ;
#6581 = LINE ( 'NONE', #3240, #2080 ) ;
#6582 = ORIENTED_EDGE ( 'NONE', *, *, #754, .F. ) ;
#6583 = EDGE_LOOP ( 'NONE', ( #4989, #272, #6894, #1814 ) ) ;
#6584 =( GEOMETRIC_REPRESENTATION_CONTEXT ( 3 ) GLOBAL_UNCERTAINTY_ASSIGNED_CONTEXT ( ( #4119 ) ) GLOBAL_UNIT_ASSIGNED_CONTEXT ( ( #4757, #6077, #2583 ) ) REPRESENTATION_CONTEXT ( 'NONE', 'WORKASPACE' ) );
#6585 = COLOUR_RGB ( '',0.7490196078431372584, 0.7490196078431372584, 0.7490196078431372584 ) ;
#6586 =( NAMED_UNIT ( * ) PLANE_ANGLE_UNIT ( ) SI_UNIT ( $, .RADIAN. ) );
#6587 = PRODUCT_DEFINITION_FORMATION_WITH_SPECIFIED_SOURCE ( 'ANY', '', #5550, .NOT_KNOWN. ) ;
#6588 = CARTESIAN_POINT ( 'NONE',  ( 0.07499999999999999722, -0.08221824588295552350, 0.01139540940310114318 ) ) ;
#6589 =( NAMED_UNIT ( * ) SI_UNIT ( $, .STERADIAN. ) SOLID_ANGLE_UNIT ( ) );
#6590 = LINE ( 'NONE', #5864, #2103 ) ;
#6591 = CARTESIAN_POINT ( 'NONE',  ( -0.09399858467641220017, 0.05009842519685039214, 0.02986220472440944892 ) ) ;
#6592 = CARTESIAN_POINT ( 'NONE',  ( -0.08875394017312095152, 0.08540748348020758829, 0.04673228346456685667 ) ) ;
#6593 = CARTESIAN_POINT ( 'NONE',  ( 0.09330708661417323746, -0.07893700787401573826, 0.000000000000000000 ) ) ;
#6594 =( CONVERSION_BASED_UNIT ( 'INCH', #1736 ) LENGTH_UNIT ( ) NAMED_UNIT ( #1730 ) );
#6595 = ORIENTED_EDGE ( 'NONE', *, *, #7794, .F. ) ;
#6596 = DIRECTION ( 'NONE',  ( -0.000000000000000000, 0.000000000000000000, -1.000000000000000000 ) ) ;
#6597 = LENGTH_MEASURE_WITH_UNIT ( LENGTH_MEASURE( 0.02539999999999999897 ), #5124 );
#6598 = CARTESIAN_POINT ( 'NONE',  ( -0.02500000000000000139, -0.09383657304297415847, 0.02091502454231218208 ) ) ;
#6599 = COLOUR_RGB ( '',0.7490196078431372584, 0.7490196078431372584, 0.7490196078431372584 ) ;
#6600 = DIRECTION ( 'NONE',  ( 0.000000000000000000, -0.8769264559768860101, 0.4806245840651710566 ) ) ;
#6601 =( NAMED_UNIT ( * ) SI_UNIT ( $, .STERADIAN. ) SOLID_ANGLE_UNIT ( ) );
#6602 = DIRECTION ( 'NONE',  ( 0.000000000000000000, 0.9989437399158199726, 0.04595002157773880186 ) ) ;
#6603 =( GEOMETRIC_REPRESENTATION_CONTEXT ( 3 ) GLOBAL_UNCERTAINTY_ASSIGNED_CONTEXT ( ( #2875 ) ) GLOBAL_UNIT_ASSIGNED_CONTEXT ( ( #1868, #8686, #2493 ) ) REPRESENTATION_CONTEXT ( 'NONE', 'WORKASPACE' ) );
#6604 = ORIENTED_EDGE ( 'NONE', *, *, #6745, .F. ) ;
#6605 = ORIENTED_EDGE ( 'NONE', *, *, #7572, .T. ) ;
#6606 = PLANE ( 'NONE',  #5949 ) ;
#6607 = DIMENSIONAL_EXPONENTS ( 1.000000000000000000, 0.000000000000000000, 0.000000000000000000, 0.000000000000000000, 0.000000000000000000, 0.000000000000000000, 0.000000000000000000 ) ;
#6608 = SURFACE_STYLE_FILL_AREA ( #3782 ) ;
#6609 = CARTESIAN_POINT ( 'NONE',  ( 0.07795275590551183076, 0.09311023622047245873, 0.005000000000000000104 ) ) ;
#6610 = SURFACE_STYLE_FILL_AREA ( #2466 ) ;
#6611 =( NAMED_UNIT ( * ) SI_UNIT ( $, .STERADIAN. ) SOLID_ANGLE_UNIT ( ) );
#6612 = PRESENTATION_STYLE_ASSIGNMENT (( #8747 ) ) ;
#6613 =( GEOMETRIC_REPRESENTATION_CONTEXT ( 3 ) GLOBAL_UNCERTAINTY_ASSIGNED_CONTEXT ( ( #4051 ) ) GLOBAL_UNIT_ASSIGNED_CONTEXT ( ( #5222, #6527, #6488 ) ) REPRESENTATION_CONTEXT ( 'NONE', 'WORKASPACE' ) );
#6614 = ORIENTED_EDGE ( 'NONE', *, *, #7572, .F. ) ;
#6615 = ORIENTED_EDGE ( 'NONE', *, *, #6378, .T. ) ;
#6616 =( NAMED_UNIT ( * ) PLANE_ANGLE_UNIT ( ) SI_UNIT ( $, .RADIAN. ) );
#6617 = PLANE ( 'NONE',  #5978 ) ;
#6618 = VECTOR ( 'NONE', #1882, 39.37007874015748143 ) ;
#6619 = EDGE_CURVE ( 'NONE', #7227, #719, #6005, .T. ) ;
#6620 = EDGE_CURVE ( 'NONE', #2073, #8199, #5224, .T. ) ;
#6621 = FILL_AREA_STYLE ('',( #1674 ) ) ;
#6622 = DIRECTION ( 'NONE',  ( 0.000000000000000000, -0.4806245840651710566, -0.8769264559768860101 ) ) ;
#6623 = VECTOR ( 'NONE', #4493, 39.37007874015748143 ) ;
#6624 = DIRECTION ( 'NONE',  ( 0.000000000000000000, 0.000000000000000000, 1.000000000000000000 ) ) ;
#6625 =( CONVERSION_BASED_UNIT ( 'INCH', #1087 ) LENGTH_UNIT ( ) NAMED_UNIT ( #2756 ) );
#6626 = EDGE_LOOP ( 'NONE', ( #523, #7797 ) ) ;
#6627 = VERTEX_POINT ( 'NONE', #7294 ) ;
#6628 = DIRECTION ( 'NONE',  ( -1.000000000000000000, -0.000000000000000000, 0.000000000000000000 ) ) ;
#6629 = AXIS2_PLACEMENT_3D ( 'NONE', #1475, #4911, #7568 ) ;
#6630 = EDGE_CURVE ( 'NONE', #7647, #8667, #3785, .T. ) ;
#6631 = SURFACE_STYLE_USAGE ( .BOTH. , #7961 ) ;
#6632 = AXIS2_PLACEMENT_3D ( 'NONE', #3584, #2124, #2078 ) ;
#6633 = DIRECTION ( 'NONE',  ( 0.000000000000000000, 0.000000000000000000, -1.000000000000000000 ) ) ;
#6634 =( NAMED_UNIT ( * ) SI_UNIT ( $, .STERADIAN. ) SOLID_ANGLE_UNIT ( ) );
#6635 = PRESENTATION_LAYER_ASSIGNMENT (  '', '', ( #2008 ) ) ;
#6636 = LINE ( 'NONE', #1774, #6456 ) ;
#6637 = EDGE_CURVE ( 'NONE', #7418, #8200, #256, .T. ) ;
#6638 = CARTESIAN_POINT ( 'NONE',  ( -0.07795275590551181688, 0.09311023622047245873, 0.005000000000000000104 ) ) ;
#6639 = LINE ( 'NONE', #280, #1115 ) ;
#6640 = ORIENTED_EDGE ( 'NONE', *, *, #6857, .T. ) ;
#6641 = ADVANCED_FACE ( 'NONE', ( #8584 ), #7337, .T. ) ;
#6642 = VECTOR ( 'NONE', #5398, 39.37007874015748143 ) ;
#6643 = DIRECTION ( 'NONE',  ( 0.000000000000000000, 0.4806245840651710566, 0.8769264559768860101 ) ) ;
#6644 = STYLED_ITEM ( 'NONE', ( #3629 ), #2577 ) ;
#6645 =( CONVERSION_BASED_UNIT ( 'INCH', #7454 ) LENGTH_UNIT ( ) NAMED_UNIT ( #1037 ) );
#6646 = ORIENTED_EDGE ( 'NONE', *, *, #3476, .T. ) ;
#6647 = CARTESIAN_POINT ( 'NONE',  ( -0.07795275590551181688, -0.01909448818897637595, 0.005000000000000000104 ) ) ;
#6648 = SURFACE_STYLE_USAGE ( .BOTH. , #610 ) ;
#6649 = VECTOR ( 'NONE', #4835, 39.37007874015748854 ) ;
#6650 = EDGE_CURVE ( 'NONE', #3752, #783, #4012, .T. ) ;
#6651 = DIRECTION ( 'NONE',  ( -0.000000000000000000, 1.000000000000000000, 0.000000000000000000 ) ) ;
#6652 = DIRECTION ( 'NONE',  ( -1.000000000000000000, -0.000000000000000000, -0.000000000000000000 ) ) ;
#6653 = ORIENTED_EDGE ( 'NONE', *, *, #1443, .F. ) ;
#6654 = UNCERTAINTY_MEASURE_WITH_UNIT (LENGTH_MEASURE( 1.000000000000000082E-05 ), #2424, 'distance_accuracy_value', 'NONE');
#6655 = ORIENTED_EDGE ( 'NONE', *, *, #1713, .F. ) ;
#6656 = PRESENTATION_STYLE_ASSIGNMENT (( #8532 ) ) ;
#6657 = DIRECTION ( 'NONE',  ( 0.000000000000000000, 1.000000000000000000, 0.000000000000000000 ) ) ;
#6658 = CIRCLE ( 'NONE', #7090, 0.003149606299212598381 ) ;
#6659 = FILL_AREA_STYLE ('',( #1841 ) ) ;
#6660 = CARTESIAN_POINT ( 'NONE',  ( -0.09055118110236221041, 0.002027559055118137877, 0.005000000000000000104 ) ) ;
#6661 = LINE ( 'NONE', #8704, #7101 ) ;
#6662 = CARTESIAN_POINT ( 'NONE',  ( 0.07795275590551181688, -0.0009842519685039135754, 0.000000000000000000 ) ) ;
#6663 = VECTOR ( 'NONE', #6158, 39.37007874015748143 ) ;
#6664 = LINE ( 'NONE', #443, #7462 ) ;
#6665 = ORIENTED_EDGE ( 'NONE', *, *, #3221, .F. ) ;
#6666 = VERTEX_POINT ( 'NONE', #3274 ) ;
#6667 =( LENGTH_UNIT ( ) NAMED_UNIT ( * ) SI_UNIT ( $, .METRE. ) );
#6668 = PLANE ( 'NONE',  #6978 ) ;
#6669 = MECHANICAL_DESIGN_GEOMETRIC_PRESENTATION_REPRESENTATION (  '', ( #3071 ), #6252 ) ;
#6670 = CARTESIAN_POINT ( 'NONE',  ( 0.01692913385826771283, -0.08565767112959683793, 0.02601659103690530384 ) ) ;
#6671 =( GEOMETRIC_REPRESENTATION_CONTEXT ( 3 ) GLOBAL_UNCERTAINTY_ASSIGNED_CONTEXT ( ( #5540 ) ) GLOBAL_UNIT_ASSIGNED_CONTEXT ( ( #1656, #7151, #6434 ) ) REPRESENTATION_CONTEXT ( 'NONE', 'WORKASPACE' ) );
#6672 = LINE ( 'NONE', #5231, #4279 ) ;
#6673 = DIMENSIONAL_EXPONENTS ( 1.000000000000000000, 0.000000000000000000, 0.000000000000000000, 0.000000000000000000, 0.000000000000000000, 0.000000000000000000, 0.000000000000000000 ) ;
#6674 = DIRECTION ( 'NONE',  ( -0.000000000000000000, -0.000000000000000000, -1.000000000000000000 ) ) ;
#6675 = EDGE_CURVE ( 'NONE', #5038, #8895, #8077, .T. ) ;
#6676 = CARTESIAN_POINT ( 'NONE',  ( -0.09330708661417323746, -0.07578740157480315376, 0.005000000000000000104 ) ) ;
#6677 = ORIENTED_EDGE ( 'NONE', *, *, #8569, .T. ) ;
#6678 = EDGE_LOOP ( 'NONE', ( #7596, #1623, #5235, #8177 ) ) ;
#6679 = DIRECTION ( 'NONE',  ( 0.000000000000000000, 0.000000000000000000, 1.000000000000000000 ) ) ;
#6680 =( LENGTH_UNIT ( ) NAMED_UNIT ( * ) SI_UNIT ( $, .METRE. ) );
#6681 = AXIS2_PLACEMENT_3D ( 'NONE', #5183, #3839, #7899 ) ;
#6682 = CARTESIAN_POINT ( 'NONE',  ( 0.07499999999999999722, -0.09383657304297415847, 0.02091502454231218208 ) ) ;
#6683 = DIRECTION ( 'NONE',  ( -1.000000000000000000, 0.000000000000000000, 0.000000000000000000 ) ) ;
#6684 = EDGE_CURVE ( 'NONE', #7098, #3530, #3320, .T. ) ;
#6685 =( GEOMETRIC_REPRESENTATION_CONTEXT ( 3 ) GLOBAL_UNCERTAINTY_ASSIGNED_CONTEXT ( ( #1449 ) ) GLOBAL_UNIT_ASSIGNED_CONTEXT ( ( #2047, #5468, #588 ) ) REPRESENTATION_CONTEXT ( 'NONE', 'WORKASPACE' ) );
#6686 = SURFACE_STYLE_USAGE ( .BOTH. , #1180 ) ;
#6687 =( NAMED_UNIT ( * ) SI_UNIT ( $, .STERADIAN. ) SOLID_ANGLE_UNIT ( ) );
#6688 = LINE ( 'NONE', #8856, #1711 ) ;
#6689 =( NAMED_UNIT ( * ) PLANE_ANGLE_UNIT ( ) SI_UNIT ( $, .RADIAN. ) );
#6690 = DIMENSIONAL_EXPONENTS ( 1.000000000000000000, 0.000000000000000000, 0.000000000000000000, 0.000000000000000000, 0.000000000000000000, 0.000000000000000000, 0.000000000000000000 ) ;
#6691 = SURFACE_STYLE_USAGE ( .BOTH. , #8688 ) ;
#6692 = ORIENTED_EDGE ( 'NONE', *, *, #4943, .F. ) ;
#6693 = FACE_OUTER_BOUND ( 'NONE', #3930, .T. ) ;
#6694 = MECHANICAL_DESIGN_GEOMETRIC_PRESENTATION_REPRESENTATION (  '', ( #5992 ), #8864 ) ;
#6695 = EDGE_CURVE ( 'NONE', #445, #3887, #1845, .T. ) ;
#6696 = FILL_AREA_STYLE_COLOUR ( '', #2391 ) ;
#6697 = VECTOR ( 'NONE', #790, 39.37007874015748143 ) ;
#6698 = DIRECTION ( 'NONE',  ( 0.000000000000000000, 0.9493195219305766708, 0.3143126552996259315 ) ) ;
#6699 = CARTESIAN_POINT ( 'NONE',  ( -0.09331878153261673192, -0.07893696444858717964, 0.009842873356772908339 ) ) ;
#6700 = COLOUR_RGB ( '',0.7490196078431372584, 0.7490196078431372584, 0.7490196078431372584 ) ;
#6701 = ORIENTED_EDGE ( 'NONE', *, *, #7215, .T. ) ;
#6702 = VERTEX_POINT ( 'NONE', #2606 ) ;
#6703 = DIRECTION ( 'NONE',  ( 1.000000000000000000, 0.000000000000000000, 0.000000000000000000 ) ) ;
#6704 = MECHANICAL_DESIGN_GEOMETRIC_PRESENTATION_REPRESENTATION (  '', ( #465 ), #4987 ) ;
#6705 = CARTESIAN_POINT ( 'NONE',  ( 0.09330708661417323746, 0.09311023622047245873, 0.005000000000000000104 ) ) ;
#6706 = EDGE_CURVE ( 'NONE', #7196, #5857, #6711, .T. ) ;
#6707 =( CONVERSION_BASED_UNIT ( 'INCH', #486 ) LENGTH_UNIT ( ) NAMED_UNIT ( #8808 ) );
#6708 = VECTOR ( 'NONE', #4300, 39.37007874015748143 ) ;
#6709 = CARTESIAN_POINT ( 'NONE',  ( 0.09645669291338584972, -0.07893700787401573826, 0.000000000000000000 ) ) ;
#6710 = DIRECTION ( 'NONE',  ( -0.000000000000000000, 0.000000000000000000, 1.000000000000000000 ) ) ;
#6711 = LINE ( 'NONE', #5366, #1293 ) ;
#6712 = STYLED_ITEM ( 'NONE', ( #4333 ), #7392 ) ;
#6713 = DIRECTION ( 'NONE',  ( -0.1209742911513549402, -0.1209742911513594643, 0.9852565360152923946 ) ) ;
#6714 = ORIENTED_EDGE ( 'NONE', *, *, #7600, .F. ) ;
#6715 = EDGE_LOOP ( 'NONE', ( #5566, #4505, #4196, #5615 ) ) ;
#6716 = CARTESIAN_POINT ( 'NONE',  ( 0.08753937007874017240, -0.0009842519685039172617, 0.005000000000000000104 ) ) ;
#6717 = DIRECTION ( 'NONE',  ( 0.000000000000000000, 0.9493195219305766708, 0.3143126552996259315 ) ) ;
#6718 = VECTOR ( 'NONE', #7676, 39.37007874015748143 ) ;
#6719 = LINE ( 'NONE', #496, #5118 ) ;
#6720 = MECHANICAL_DESIGN_GEOMETRIC_PRESENTATION_REPRESENTATION (  '', ( #3848 ), #3697 ) ;
#6721 = DIRECTION ( 'NONE',  ( 0.000000000000000000, -1.000000000000000000, 0.000000000000000000 ) ) ;
#6722 = MECHANICAL_DESIGN_GEOMETRIC_PRESENTATION_REPRESENTATION (  '', ( #7736 ), #6302 ) ;
#6723 = FACE_OUTER_BOUND ( 'NONE', #6574, .T. ) ;
#6724 =( NAMED_UNIT ( * ) SI_UNIT ( $, .STERADIAN. ) SOLID_ANGLE_UNIT ( ) );
#6725 = VERTEX_POINT ( 'NONE', #7558 ) ;
#6726 = ORIENTED_EDGE ( 'NONE', *, *, #5138, .F. ) ;
#6727 = CARTESIAN_POINT ( 'NONE',  ( -0.07499999999999999722, -0.08244437787890905589, 0.01631147111528527538 ) ) ;
#6728 =( NAMED_UNIT ( * ) PLANE_ANGLE_UNIT ( ) SI_UNIT ( $, .RADIAN. ) );
#6729 = VECTOR ( 'NONE', #5126, 39.37007874015748143 ) ;
#6730 = DIRECTION ( 'NONE',  ( 0.000000000000000000, -0.9961946980917454342, -0.08715574274765815199 ) ) ;
#6731 = UNCERTAINTY_MEASURE_WITH_UNIT (LENGTH_MEASURE( 1.000000000000000082E-05 ), #6967, 'distance_accuracy_value', 'NONE');
#6732 = FILL_AREA_STYLE_COLOUR ( '', #3275 ) ;
#6733 = CARTESIAN_POINT ( 'NONE',  ( 0.07494307814895392883, 0.1049212598425196957, 0.000000000000000000 ) ) ;
#6734 =( LENGTH_UNIT ( ) NAMED_UNIT ( * ) SI_UNIT ( $, .METRE. ) );
#6735 = EDGE_CURVE ( 'NONE', #8046, #480, #6805, .T. ) ;
#6736 =( GEOMETRIC_REPRESENTATION_CONTEXT ( 3 ) GLOBAL_UNCERTAINTY_ASSIGNED_CONTEXT ( ( #6023 ) ) GLOBAL_UNIT_ASSIGNED_CONTEXT ( ( #7492, #8055, #599 ) ) REPRESENTATION_CONTEXT ( 'NONE', 'WORKASPACE' ) );
#6737 = MECHANICAL_DESIGN_GEOMETRIC_PRESENTATION_REPRESENTATION (  '', ( #1504 ), #4006 ) ;
#6738 = DIMENSIONAL_EXPONENTS ( 1.000000000000000000, 0.000000000000000000, 0.000000000000000000, 0.000000000000000000, 0.000000000000000000, 0.000000000000000000, 0.000000000000000000 ) ;
#6739 = LINE ( 'NONE', #8764, #4082 ) ;
#6740 =( LENGTH_UNIT ( ) NAMED_UNIT ( * ) SI_UNIT ( $, .METRE. ) );
#6741 = LINE ( 'NONE', #5300, #2009 ) ;
#6742 = DIRECTION ( 'NONE',  ( -1.000000000000000000, -0.000000000000000000, -0.000000000000000000 ) ) ;
#6743 = CARTESIAN_POINT ( 'NONE',  ( -0.08875394017312086825, -0.07123425513375078455, 0.04673228346456693300 ) ) ;
#6744 = VERTEX_POINT ( 'NONE', #8881 ) ;
#6745 = EDGE_CURVE ( 'NONE', #5083, #8361, #435, .T. ) ;
#6746 = COLOUR_RGB ( '',0.2862745098039215508, 0.2862745098039215508, 0.2862745098039215508 ) ;
#6747 = CARTESIAN_POINT ( 'NONE',  ( 0.07795275590551181688, 0.007086614173228346358, 0.005000000000000000104 ) ) ;
#6748 = LINE ( 'NONE', #4086, #3989 ) ;
#6749 = CARTESIAN_POINT ( 'NONE',  ( 0.03307086614173228301, -0.09383657304297442214, 0.02091502454231232433 ) ) ;
#6750 = DIRECTION ( 'NONE',  ( 0.000000000000000000, 0.000000000000000000, -1.000000000000000000 ) ) ;
#6751 = DIRECTION ( 'NONE',  ( 0.000000000000000000, -0.000000000000000000, -1.000000000000000000 ) ) ;
#6752 = CIRCLE ( 'NONE', #4878, 0.009842519685039369942 ) ;
#6753 = VERTEX_POINT ( 'NONE', #5418 ) ;
#6754 = VERTEX_POINT ( 'NONE', #3459 ) ;
#6755 =( NAMED_UNIT ( * ) SI_UNIT ( $, .STERADIAN. ) SOLID_ANGLE_UNIT ( ) );
#6756 = CARTESIAN_POINT ( 'NONE',  ( -0.02500000000000000139, -0.08653382883559776473, 0.01376068786798864858 ) ) ;
#6757 = CARTESIAN_POINT ( 'NONE',  ( 0.09645669291338584972, 0.1049212598425196957, 0.000000000000000000 ) ) ;
#6758 = EDGE_CURVE ( 'NONE', #2432, #2555, #4146, .T. ) ;
#6759 = CARTESIAN_POINT ( 'NONE',  ( 0.09645669291338586360, 0.1131889763779527630, 0.009842519685039369942 ) ) ;
#6760 =( CONVERSION_BASED_UNIT ( 'INCH', #5552 ) LENGTH_UNIT ( ) NAMED_UNIT ( #6459 ) );
#6761 = VECTOR ( 'NONE', #7575, 39.37007874015748143 ) ;
#6762 =( CONVERSION_BASED_UNIT ( 'INCH', #8206 ) LENGTH_UNIT ( ) NAMED_UNIT ( #4513 ) );
#6763 = FACE_OUTER_BOUND ( 'NONE', #3628, .T. ) ;
#6764 = CARTESIAN_POINT ( 'NONE',  ( 0.03307086614173228301, -0.08244437787890905589, 0.01631147111528527538 ) ) ;
#6765 = ORIENTED_EDGE ( 'NONE', *, *, #7401, .T. ) ;
#6766 = ORIENTED_EDGE ( 'NONE', *, *, #2690, .T. ) ;
#6767 = SURFACE_SIDE_STYLE ('',( #1896 ) ) ;
#6768 = AXIS2_PLACEMENT_3D ( 'NONE', #6267, #6931, #104 ) ;
#6769 = MECHANICAL_DESIGN_GEOMETRIC_PRESENTATION_REPRESENTATION (  '', ( #4748 ), #3151 ) ;
#6770 = AXIS2_PLACEMENT_3D ( 'NONE', #8423, #1908, #7311 ) ;
#6771 =( LENGTH_UNIT ( ) NAMED_UNIT ( * ) SI_UNIT ( $, .METRE. ) );
#6772 =( LENGTH_UNIT ( ) NAMED_UNIT ( * ) SI_UNIT ( $, .METRE. ) );
#6773 = DIRECTION ( 'NONE',  ( 0.000000000000000000, 0.04595002157776068019, -0.9989437399158188624 ) ) ;
#6774 = ORIENTED_EDGE ( 'NONE', *, *, #5829, .T. ) ;
#6775 = ORIENTED_EDGE ( 'NONE', *, *, #5695, .F. ) ;
#6776 = SURFACE_SIDE_STYLE ('',( #6117 ) ) ;
#6777 = LINE ( 'NONE', #3338, #8783 ) ;
#6778 =( CONVERSION_BASED_UNIT ( 'INCH', #8321 ) LENGTH_UNIT ( ) NAMED_UNIT ( #8134 ) );
#6779 = AXIS2_PLACEMENT_3D ( 'NONE', #4509, #3826, #8579 ) ;
#6780 = VECTOR ( 'NONE', #5827, 39.37007874015748143 ) ;
#6781 = DIRECTION ( 'NONE',  ( 0.000000000000000000, -0.000000000000000000, 1.000000000000000000 ) ) ;
#6782 = PRESENTATION_LAYER_ASSIGNMENT (  '', '', ( #2602 ) ) ;
#6783 = DIRECTION ( 'NONE',  ( 0.000000000000000000, 0.000000000000000000, 1.000000000000000000 ) ) ;
#6784 = SURFACE_SIDE_STYLE ('',( #1918 ) ) ;
#6785 = EDGE_LOOP ( 'NONE', ( #7022, #2268, #590, #4635 ) ) ;
#6786 = PLANE ( 'NONE',  #7953 ) ;
#6787 =( BOUNDED_SURFACE ( )  B_SPLINE_SURFACE ( 3, 3, ( 
 ( #1773, #6506, #7872, #1650 ),
 ( #7316, #1727, #3036, #4487 ),
 ( #8008, #3852, #2390, #8511 ),
 ( #998, #7223, #7135, #912 ) ),
 .UNSPECIFIED., .F., .F., .F. ) 
 B_SPLINE_SURFACE_WITH_KNOTS ( ( 4, 4 ),
 ( 4, 4 ),
 ( 0.000000000000000000, 1.000000000000000000 ),
 ( 0.000000000000000000, 1.000000000000000000 ),
 .UNSPECIFIED. ) 
 GEOMETRIC_REPRESENTATION_ITEM ( )  RATIONAL_B_SPLINE_SURFACE ( (
 ( 1.000000000000000000, 0.3333333333333324822, 0.3333333333333324822, 1.000000000000000000),
 ( 0.9299384305661950734, 0.3099794768553975621, 0.3099794768553975621, 0.9299384305661950734),
 ( 0.9299384305661950734, 0.3099794768553975621, 0.3099794768553975621, 0.9299384305661950734),
 ( 1.000000000000000000, 0.3333333333333324822, 0.3333333333333324822, 1.000000000000000000) ) ) 
 REPRESENTATION_ITEM ( '' )  SURFACE ( )  );
#6788 = STYLED_ITEM ( 'NONE', ( #5828 ), #3277 ) ;
#6789 = LINE ( 'NONE', #8773, #8181 ) ;
#6790 = EDGE_CURVE ( 'NONE', #8835, #5650, #5321, .T. ) ;
#6791 = COLOUR_RGB ( '',0.7490196078431372584, 0.7490196078431372584, 0.7490196078431372584 ) ;
#6792 = DIRECTION ( 'NONE',  ( 0.000000000000000000, 0.000000000000000000, -1.000000000000000000 ) ) ;
#6793 =( CONVERSION_BASED_UNIT ( 'INCH', #2506 ) LENGTH_UNIT ( ) NAMED_UNIT ( #1210 ) );
#6794 = AXIS2_PLACEMENT_3D ( 'NONE', #2024, #3352, #2689 ) ;
#6795 = EDGE_CURVE ( 'NONE', #4561, #4151, #489, .T. ) ;
#6796 = ORIENTED_EDGE ( 'NONE', *, *, #6620, .F. ) ;
#6797 = ORIENTED_EDGE ( 'NONE', *, *, #8410, .F. ) ;
#6798 = PLANE ( 'NONE',  #8084 ) ;
#6799 = DIMENSIONAL_EXPONENTS ( 1.000000000000000000, 0.000000000000000000, 0.000000000000000000, 0.000000000000000000, 0.000000000000000000, 0.000000000000000000, 0.000000000000000000 ) ;
#6800 =( NAMED_UNIT ( * ) SI_UNIT ( $, .STERADIAN. ) SOLID_ANGLE_UNIT ( ) );
#6801 = FACE_OUTER_BOUND ( 'NONE', #6163, .T. ) ;
#6802 = STYLED_ITEM ( 'NONE', ( #8328 ), #2812 ) ;
#6803 = CARTESIAN_POINT ( 'NONE',  ( -0.08875394017312086825, -0.07123425513375078455, 0.04673228346456693300 ) ) ;
#6804 = CARTESIAN_POINT ( 'NONE',  ( -0.07960036946185393425, -0.05322241670594842627, 0.04870078740157480351 ) ) ;
#6805 = LINE ( 'NONE', #1338, #6390 ) ;
#6806 = CARTESIAN_POINT ( 'NONE',  ( 0.02500000000000000139, -0.1210629921259842590, 0.009880116511253426298 ) ) ;
#6807 = ADVANCED_FACE ( 'NONE', ( #5457 ), #8163, .T. ) ;
#6808 = CARTESIAN_POINT ( 'NONE',  ( -0.08753937007874017240, 0.01003937007874019550, 0.005000000000000000104 ) ) ;
#6809 = ORIENTED_EDGE ( 'NONE', *, *, #3891, .T. ) ;
#6810 = EDGE_LOOP ( 'NONE', ( #2620, #2088, #3312, #4185 ) ) ;
#6811 = SURFACE_SIDE_STYLE ('',( #5849 ) ) ;
#6812 = DIRECTION ( 'NONE',  ( 1.000000000000000000, 0.000000000000000000, 0.000000000000000000 ) ) ;
#6813 = EDGE_CURVE ( 'NONE', #4795, #7196, #6271, .T. ) ;
#6814 = EDGE_CURVE ( 'NONE', #7176, #5974, #7702, .T. ) ;
#6815 = DIRECTION ( 'NONE',  ( -1.000000000000000000, 0.000000000000000000, 0.000000000000000000 ) ) ;
#6816 = FILL_AREA_STYLE_COLOUR ( '', #1367 ) ;
#6817 = EDGE_LOOP ( 'NONE', ( #2598, #8870, #4824, #3699 ) ) ;
#6818 = VERTEX_POINT ( 'NONE', #2130 ) ;
#6819 = DIRECTION ( 'NONE',  ( -0.000000000000000000, 1.000000000000000000, 0.000000000000000000 ) ) ;
#6820 = VECTOR ( 'NONE', #1533, 39.37007874015748143 ) ;
#6821 = UNCERTAINTY_MEASURE_WITH_UNIT (LENGTH_MEASURE( 1.000000000000000082E-05 ), #1963, 'distance_accuracy_value', 'NONE');
#6822 = SURFACE_STYLE_USAGE ( .BOTH. , #5524 ) ;
#6823 = VECTOR ( 'NONE', #6819, 39.37007874015748143 ) ;
#6824 = DIRECTION ( 'NONE',  ( -0.7071067811865469066, -0.7071067811865479058, 0.000000000000000000 ) ) ;
#6825 = FACE_OUTER_BOUND ( 'NONE', #2996, .T. ) ;
#6826 = AXIS2_PLACEMENT_3D ( 'NONE', #3216, #3397, #6750 ) ;
#6827 = MECHANICAL_DESIGN_GEOMETRIC_PRESENTATION_REPRESENTATION (  '', ( #7396 ), #5241 ) ;
#6828 =( LENGTH_UNIT ( ) NAMED_UNIT ( * ) SI_UNIT ( $, .METRE. ) );
#6829 =( NAMED_UNIT ( * ) PLANE_ANGLE_UNIT ( ) SI_UNIT ( $, .RADIAN. ) );
#6830 = CARTESIAN_POINT ( 'NONE',  ( -0.06692913385826770867, -0.09881790276005945894, 0.01182630964989291392 ) ) ;
#6831 = LINE ( 'NONE', #6175, #8103 ) ;
#6832 = STYLED_ITEM ( 'NONE', ( #5822 ), #4756 ) ;
#6833 = PRESENTATION_STYLE_ASSIGNMENT (( #4042 ) ) ;
#6834 = FILL_AREA_STYLE ('',( #2634 ) ) ;
#6835 = FILL_AREA_STYLE_COLOUR ( '', #450 ) ;
#6836 = PLANE ( 'NONE',  #4102 ) ;
#6837 = LENGTH_MEASURE_WITH_UNIT ( LENGTH_MEASURE( 0.02539999999999999897 ), #8244 );
#6838 = EDGE_LOOP ( 'NONE', ( #2471, #3, #6090, #7463, #7165, #4868, #4866, #5191 ) ) ;
#6839 = ORIENTED_EDGE ( 'NONE', *, *, #850, .F. ) ;
#6840 = ORIENTED_EDGE ( 'NONE', *, *, #6914, .T. ) ;
#6841 = SURFACE_STYLE_FILL_AREA ( #7551 ) ;
#6842 = CIRCLE ( 'NONE', #1313, 0.004921259842519684971 ) ;
#6843 = LENGTH_MEASURE_WITH_UNIT ( LENGTH_MEASURE( 0.02539999999999999897 ), #6048 );
#6844 = EDGE_CURVE ( 'NONE', #1995, #8088, #108, .T. ) ;
#6845 = CARTESIAN_POINT ( 'NONE',  ( -0.07499999999999999722, -0.06107104945795473194, 0.02714754141097830767 ) ) ;
#6846 = FILL_AREA_STYLE_COLOUR ( '', #5741 ) ;
#6847 =( GEOMETRIC_REPRESENTATION_CONTEXT ( 3 ) GLOBAL_UNCERTAINTY_ASSIGNED_CONTEXT ( ( #7672 ) ) GLOBAL_UNIT_ASSIGNED_CONTEXT ( ( #8924, #4010, #5455 ) ) REPRESENTATION_CONTEXT ( 'NONE', 'WORKASPACE' ) );
#6848 = LINE ( 'NONE', #8165, #6012 ) ;
#6849 = DIRECTION ( 'NONE',  ( 0.000000000000000000, 0.000000000000000000, 1.000000000000000000 ) ) ;
#6850 = ORIENTED_EDGE ( 'NONE', *, *, #7012, .F. ) ;
#6851 = ORIENTED_EDGE ( 'NONE', *, *, #1287, .T. ) ;
#6852 = CARTESIAN_POINT ( 'NONE',  ( 0.1009842519685039408, 0.007027559055118149690, 0.000000000000000000 ) ) ;
#6853 = VECTOR ( 'NONE', #6416, 39.37007874015748143 ) ;
#6854 = LINE ( 'NONE', #8171, #7198 ) ;
#6855 = EDGE_CURVE ( 'NONE', #7508, #2782, #5599, .T. ) ;
#6856 = DIMENSIONAL_EXPONENTS ( 1.000000000000000000, 0.000000000000000000, 0.000000000000000000, 0.000000000000000000, 0.000000000000000000, 0.000000000000000000, 0.000000000000000000 ) ;
#6857 = EDGE_CURVE ( 'NONE', #7515, #5105, #8302, .T. ) ;
#6858 = STYLED_ITEM ( 'NONE', ( #5417 ), #8273 ) ;
#6859 = FILL_AREA_STYLE_COLOUR ( '', #7455 ) ;
#6860 = ORIENTED_EDGE ( 'NONE', *, *, #6865, .F. ) ;
#6861 = ORIENTED_EDGE ( 'NONE', *, *, #8264, .F. ) ;
#6862 = PRESENTATION_LAYER_ASSIGNMENT (  '', '', ( #1339 ) ) ;
#6863 = CARTESIAN_POINT ( 'NONE',  ( 0.07795275590551181688, 0.01003937007874019724, 0.009842519685039369942 ) ) ;
#6864 = CARTESIAN_POINT ( 'NONE',  ( -0.03307086614173228301, -0.09383657304297442214, 0.02091502454231232433 ) ) ;
#6865 = EDGE_CURVE ( 'NONE', #1748, #8895, #791, .T. ) ;
#6866 = VECTOR ( 'NONE', #6579, 39.37007874015748143 ) ;
#6867 = SURFACE_STYLE_FILL_AREA ( #1402 ) ;
#6868 = LINE ( 'NONE', #2200, #3564 ) ;
#6869 = MECHANICAL_DESIGN_GEOMETRIC_PRESENTATION_REPRESENTATION (  '', ( #8746 ), #4290 ) ;
#6870 = EDGE_CURVE ( 'NONE', #8917, #5561, #746, .T. ) ;
#6871 = PLANE ( 'NONE',  #3334 ) ;
#6872 =( NAMED_UNIT ( * ) SI_UNIT ( $, .STERADIAN. ) SOLID_ANGLE_UNIT ( ) );
#6873 =( NAMED_UNIT ( * ) PLANE_ANGLE_UNIT ( ) SI_UNIT ( $, .RADIAN. ) );
#6874 = PRESENTATION_LAYER_ASSIGNMENT (  '', '', ( #7891 ) ) ;
#6875 = DIRECTION ( 'NONE',  ( 0.000000000000000000, 0.000000000000000000, -1.000000000000000000 ) ) ;
#6876 = SURFACE_STYLE_USAGE ( .BOTH. , #3307 ) ;
#6877 = ORIENTED_EDGE ( 'NONE', *, *, #1752, .T. ) ;
#6878 = ORIENTED_EDGE ( 'NONE', *, *, #819, .T. ) ;
#6879 = VERTEX_POINT ( 'NONE', #1469 ) ;
#6880 = STYLED_ITEM ( 'NONE', ( #1681 ), #5853 ) ;
#6881 = DIRECTION ( 'NONE',  ( 1.000000000000000000, 0.000000000000000000, 0.000000000000000000 ) ) ;
#6882 = AXIS2_PLACEMENT_3D ( 'NONE', #2723, #2852, #7540 ) ;
#6883 = DIRECTION ( 'NONE',  ( 1.000000000000000000, 0.000000000000000000, 0.000000000000000000 ) ) ;
#6884 =( NAMED_UNIT ( * ) PLANE_ANGLE_UNIT ( ) SI_UNIT ( $, .RADIAN. ) );
#6885 = DIRECTION ( 'NONE',  ( 0.000000000000000000, -1.084202172485504434E-14, -1.000000000000000000 ) ) ;
#6886 = CARTESIAN_POINT ( 'NONE',  ( 0.06530030766429134603, 0.08129921259842519399, 0.000000000000000000 ) ) ;
#6887 = FACE_OUTER_BOUND ( 'NONE', #7391, .T. ) ;
#6888 = AXIS2_PLACEMENT_3D ( 'NONE', #1616, #3682, #6633 ) ;
#6889 = CARTESIAN_POINT ( 'NONE',  ( 0.01496062992125984405, -0.09383657304297442214, 0.02091502454231232433 ) ) ;
#6890 = AXIS2_PLACEMENT_3D ( 'NONE', #230, #3038, #7826 ) ;
#6891 =( GEOMETRIC_REPRESENTATION_CONTEXT ( 3 ) GLOBAL_UNCERTAINTY_ASSIGNED_CONTEXT ( ( #3778 ) ) GLOBAL_UNIT_ASSIGNED_CONTEXT ( ( #1779, #2545, #5302 ) ) REPRESENTATION_CONTEXT ( 'NONE', 'WORKASPACE' ) );
#6892 = DIRECTION ( 'NONE',  ( 0.000000000000000000, -0.3143126552996258760, 0.9493195219305765598 ) ) ;
#6893 =( LENGTH_UNIT ( ) NAMED_UNIT ( * ) SI_UNIT ( $, .METRE. ) );
#6894 = ORIENTED_EDGE ( 'NONE', *, *, #6523, .T. ) ;
#6895 = VERTEX_POINT ( 'NONE', #7062 ) ;
#6896 = PRESENTATION_STYLE_ASSIGNMENT (( #7026 ) ) ;
#6897 = PRODUCT_DEFINITION_SHAPE ( 'NONE', 'NONE',  #2489 ) ;
#6898 = SURFACE_SIDE_STYLE ('',( #4024 ) ) ;
#6899 = MECHANICAL_DESIGN_GEOMETRIC_PRESENTATION_REPRESENTATION (  '', ( #8632 ), #7044 ) ;
#6900 = EDGE_CURVE ( 'NONE', #5313, #1994, #7018, .T. ) ;
#6901 = DIRECTION ( 'NONE',  ( 0.000000000000000000, 0.000000000000000000, 1.000000000000000000 ) ) ;
#6902 = ORIENTED_EDGE ( 'NONE', *, *, #7628, .F. ) ;
#6903 = EDGE_CURVE ( 'NONE', #188, #1283, #2869, .T. ) ;
#6904 = ORIENTED_EDGE ( 'NONE', *, *, #780, .F. ) ;
#6905 = FILL_AREA_STYLE ('',( #6994 ) ) ;
#6907 = EDGE_CURVE ( 'NONE', #3581, #2534, #8394, .T. ) ;
#6906 = STYLED_ITEM ( 'NONE', ( #5530 ), #185 ) ;
#6908 = DIRECTION ( 'NONE',  ( -1.000000000000000000, -0.000000000000000000, 0.000000000000000000 ) ) ;
#6909 = PRESENTATION_LAYER_ASSIGNMENT (  '', '', ( #7477 ) ) ;
#6910 = SURFACE_STYLE_USAGE ( .BOTH. , #3340 ) ;
#6911 = CARTESIAN_POINT ( 'NONE',  ( -0.08858267716535433989, 0.1210629921259842590, 0.000000000000000000 ) ) ;
#6912 = CARTESIAN_POINT ( 'NONE',  ( 0.09645669291338584972, -0.07578740157480315376, 0.000000000000000000 ) ) ;
#6913 = DIMENSIONAL_EXPONENTS ( 1.000000000000000000, 0.000000000000000000, 0.000000000000000000, 0.000000000000000000, 0.000000000000000000, 0.000000000000000000, 0.000000000000000000 ) ;
#6914 = EDGE_CURVE ( 'NONE', #6421, #5703, #4282, .T. ) ;
#6915 = VECTOR ( 'NONE', #8618, 39.37007874015748143 ) ;
#6916 = UNCERTAINTY_MEASURE_WITH_UNIT (LENGTH_MEASURE( 1.000000000000000082E-05 ), #6339, 'distance_accuracy_value', 'NONE');
#6917 = VECTOR ( 'NONE', #2864, 39.37007874015748143 ) ;
#6918 = PRESENTATION_STYLE_ASSIGNMENT (( #5487 ) ) ;
#6919 = PLANE ( 'NONE',  #2904 ) ;
#6920 = COLOUR_RGB ( '',0.7490196078431372584, 0.7490196078431372584, 0.7490196078431372584 ) ;
#6921 = DIRECTION ( 'NONE',  ( 1.000000000000000000, 1.216192002179390098E-16, 0.000000000000000000 ) ) ;
#6922 = SURFACE_STYLE_USAGE ( .BOTH. , #870 ) ;
#6923 = VERTEX_POINT ( 'NONE', #3588 ) ;
#6924 = ORIENTED_EDGE ( 'NONE', *, *, #7401, .F. ) ;
#6925 = ORIENTED_EDGE ( 'NONE', *, *, #6706, .F. ) ;
#6926 = STYLED_ITEM ( 'NONE', ( #1046 ), #3004 ) ;
#6927 = SURFACE_STYLE_FILL_AREA ( #2732 ) ;
#6928 = VECTOR ( 'NONE', #4785, 39.37007874015748143 ) ;
#6929 = FACE_OUTER_BOUND ( 'NONE', #3449, .T. ) ;
#6930 =( LENGTH_UNIT ( ) NAMED_UNIT ( * ) SI_UNIT ( $, .METRE. ) );
#6931 = DIRECTION ( 'NONE',  ( 0.000000000000000000, 0.000000000000000000, 1.000000000000000000 ) ) ;
#6932 = DIRECTION ( 'NONE',  ( -0.7071067811865469066, 0.7071067811865479058, 0.000000000000000000 ) ) ;
#6933 = PRESENTATION_LAYER_ASSIGNMENT (  '', '', ( #8669 ) ) ;
#6934 = SURFACE_SIDE_STYLE ('',( #7607 ) ) ;
#6935 = EDGE_CURVE ( 'NONE', #2230, #4472, #2919, .T. ) ;
#6936 =( NAMED_UNIT ( * ) SI_UNIT ( $, .STERADIAN. ) SOLID_ANGLE_UNIT ( ) );
#6937 = EDGE_CURVE ( 'NONE', #2639, #5170, #5037, .T. ) ;
#6938 = UNCERTAINTY_MEASURE_WITH_UNIT (LENGTH_MEASURE( 1.000000000000000082E-05 ), #8915, 'distance_accuracy_value', 'NONE');
#6939 = VECTOR ( 'NONE', #3898, 39.37007874015748143 ) ;
#6940 = CARTESIAN_POINT ( 'NONE',  ( -0.09167522711142690739, 0.08683641301816062696, 0.04733189256916636722 ) ) ;
#6941 = VERTEX_POINT ( 'NONE', #1520 ) ;
#6942 = ORIENTED_EDGE ( 'NONE', *, *, #1690, .F. ) ;
#6943 =( NAMED_UNIT ( * ) SI_UNIT ( $, .STERADIAN. ) SOLID_ANGLE_UNIT ( ) );
#6944 = AXIS2_PLACEMENT_3D ( 'NONE', #8238, #8859, #4226 ) ;
#6945 =( GEOMETRIC_REPRESENTATION_CONTEXT ( 3 ) GLOBAL_UNCERTAINTY_ASSIGNED_CONTEXT ( ( #7562 ) ) GLOBAL_UNIT_ASSIGNED_CONTEXT ( ( #5826, #5030, #7055 ) ) REPRESENTATION_CONTEXT ( 'NONE', 'WORKASPACE' ) );
#6946 = SURFACE_SIDE_STYLE ('',( #4110 ) ) ;
#6947 = LENGTH_MEASURE_WITH_UNIT ( LENGTH_MEASURE( 0.02539999999999999897 ), #7116 );
#6948 = AXIS2_PLACEMENT_3D ( 'NONE', #7960, #7260, #2387 ) ;
#6949 =( NAMED_UNIT ( * ) SI_UNIT ( $, .STERADIAN. ) SOLID_ANGLE_UNIT ( ) );
#6950 =( CONVERSION_BASED_UNIT ( 'INCH', #3422 ) LENGTH_UNIT ( ) NAMED_UNIT ( #7601 ) );
#6951 = ORIENTED_EDGE ( 'NONE', *, *, #8705, .T. ) ;
#6952 = UNCERTAINTY_MEASURE_WITH_UNIT (LENGTH_MEASURE( 1.000000000000000082E-05 ), #7017, 'distance_accuracy_value', 'NONE');
#6953 = ORIENTED_EDGE ( 'NONE', *, *, #3358, .T. ) ;
#6954 = CARTESIAN_POINT ( 'NONE',  ( 0.09055118110236221041, 0.002027559055118133974, 0.000000000000000000 ) ) ;
#6955 = EDGE_CURVE ( 'NONE', #8956, #699, #709, .T. ) ;
#6956 = CARTESIAN_POINT ( 'NONE',  ( 0.08875394017312086825, -0.01441929133858267827, 0.04673228346456693300 ) ) ;
#6957 = MECHANICAL_DESIGN_GEOMETRIC_PRESENTATION_REPRESENTATION (  '', ( #125 ), #4938 ) ;
#6958 = DIRECTION ( 'NONE',  ( -0.000000000000000000, -0.000000000000000000, -1.000000000000000000 ) ) ;
#6959 = STYLED_ITEM ( 'NONE', ( #2516 ), #6641 ) ;
#6960 = SURFACE_STYLE_FILL_AREA ( #2720 ) ;
#6961 =( GEOMETRIC_REPRESENTATION_CONTEXT ( 3 ) GLOBAL_UNCERTAINTY_ASSIGNED_CONTEXT ( ( #88 ) ) GLOBAL_UNIT_ASSIGNED_CONTEXT ( ( #1139, #7493, #5393 ) ) REPRESENTATION_CONTEXT ( 'NONE', 'WORKASPACE' ) );
#6962 = FILL_AREA_STYLE ('',( #1275 ) ) ;
#6963 = ADVANCED_FACE ( 'NONE', ( #6394 ), #149, .T. ) ;
#6964 = AXIS2_PLACEMENT_3D ( 'NONE', #5744, #3500, #7105 ) ;
#6965 = CARTESIAN_POINT ( 'NONE',  ( 0.08753937007874017240, -0.0009842519685039172617, 0.005000000000000000104 ) ) ;
#6966 = CARTESIAN_POINT ( 'NONE',  ( 0.08945159696480149691, 0.08214163450969420854, 0.05163950143683284505 ) ) ;
#6967 =( CONVERSION_BASED_UNIT ( 'INCH', #6217 ) LENGTH_UNIT ( ) NAMED_UNIT ( #3567 ) );
#6968 = ORIENTED_EDGE ( 'NONE', *, *, #2251, .F. ) ;
#6969 = LINE ( 'NONE', #1458, #8120 ) ;
#6970 = UNCERTAINTY_MEASURE_WITH_UNIT (LENGTH_MEASURE( 1.000000000000000082E-05 ), #4780, 'distance_accuracy_value', 'NONE');
#6971 = ORIENTED_EDGE ( 'NONE', *, *, #6216, .T. ) ;
#6972 = ORIENTED_EDGE ( 'NONE', *, *, #6758, .T. ) ;
#6973 = VERTEX_POINT ( 'NONE', #6476 ) ;
#6974 = DIRECTION ( 'NONE',  ( 0.000000000000000000, -0.000000000000000000, -1.000000000000000000 ) ) ;
#6975 = DIRECTION ( 'NONE',  ( 1.000000000000000000, 0.000000000000000000, -0.000000000000000000 ) ) ;
#6976 = DIMENSIONAL_EXPONENTS ( 1.000000000000000000, 0.000000000000000000, 0.000000000000000000, 0.000000000000000000, 0.000000000000000000, 0.000000000000000000, 0.000000000000000000 ) ;
#6977 = LENGTH_MEASURE_WITH_UNIT ( LENGTH_MEASURE( 0.02539999999999999897 ), #6930 );
#6978 = AXIS2_PLACEMENT_3D ( 'NONE', #3178, #1617, #3773 ) ;
#6979 = EDGE_CURVE ( 'NONE', #8445, #3234, #8655, .T. ) ;
#6980 = SURFACE_STYLE_FILL_AREA ( #3585 ) ;
#6981 =( NAMED_UNIT ( * ) SI_UNIT ( $, .STERADIAN. ) SOLID_ANGLE_UNIT ( ) );
#6982 = DIRECTION ( 'NONE',  ( 0.000000000000000000, 0.3143126552996241552, -0.9493195219305771149 ) ) ;
#6983 =( NAMED_UNIT ( * ) PLANE_ANGLE_UNIT ( ) SI_UNIT ( $, .RADIAN. ) );
#6984 = MECHANICAL_DESIGN_GEOMETRIC_PRESENTATION_REPRESENTATION (  '', ( #5107 ), #2799 ) ;
#6985 = PRESENTATION_STYLE_ASSIGNMENT (( #8397 ) ) ;
#6986 = VERTEX_POINT ( 'NONE', #2356 ) ;
#6987 = ORIENTED_EDGE ( 'NONE', *, *, #3236, .F. ) ;
#6988 =( NAMED_UNIT ( * ) PLANE_ANGLE_UNIT ( ) SI_UNIT ( $, .RADIAN. ) );
#6989 =( GEOMETRIC_REPRESENTATION_CONTEXT ( 3 ) GLOBAL_UNCERTAINTY_ASSIGNED_CONTEXT ( ( #729 ) ) GLOBAL_UNIT_ASSIGNED_CONTEXT ( ( #4515, #5967, #6611 ) ) REPRESENTATION_CONTEXT ( 'NONE', 'WORKASPACE' ) );
#6990 = SURFACE_STYLE_FILL_AREA ( #7481 ) ;
#6991 = CARTESIAN_POINT ( 'NONE',  ( -0.06530030766429134603, 0.08129921259842519399, 0.000000000000000000 ) ) ;
#6992 = ORIENTED_EDGE ( 'NONE', *, *, #4720, .F. ) ;
#6993 = ORIENTED_EDGE ( 'NONE', *, *, #2328, .T. ) ;
#6994 = FILL_AREA_STYLE_COLOUR ( '', #5845 ) ;
#6995 = MECHANICAL_DESIGN_GEOMETRIC_PRESENTATION_REPRESENTATION (  '', ( #8010 ), #7275 ) ;
#6996 = DIRECTION ( 'NONE',  ( -0.7071067811865444641, 0.7071067811865504593, 0.000000000000000000 ) ) ;
#6997 = CARTESIAN_POINT ( 'NONE',  ( 0.08307086614173228578, -0.06107104945795466255, 0.02714754141097831461 ) ) ;
#6998 =( CONVERSION_BASED_UNIT ( 'INCH', #2056 ) LENGTH_UNIT ( ) NAMED_UNIT ( #5736 ) );
#6999 = LINE ( 'NONE', #5666, #6718 ) ;
#7000 = SURFACE_STYLE_USAGE ( .BOTH. , #8422 ) ;
#7001 = MECHANICAL_DESIGN_GEOMETRIC_PRESENTATION_REPRESENTATION (  '', ( #5575 ), #29 ) ;
#7002 = FILL_AREA_STYLE_COLOUR ( '', #6083 ) ;
#7003 =( GEOMETRIC_REPRESENTATION_CONTEXT ( 3 ) GLOBAL_UNCERTAINTY_ASSIGNED_CONTEXT ( ( #2855 ) ) GLOBAL_UNIT_ASSIGNED_CONTEXT ( ( #3030, #950, #7864 ) ) REPRESENTATION_CONTEXT ( 'NONE', 'WORKASPACE' ) );
#7004 = UNCERTAINTY_MEASURE_WITH_UNIT (LENGTH_MEASURE( 1.000000000000000082E-05 ), #4313, 'distance_accuracy_value', 'NONE');
#7005 = DIRECTION ( 'NONE',  ( -0.000000000000000000, -1.000000000000000000, 0.000000000000000000 ) ) ;
#7006 = UNCERTAINTY_MEASURE_WITH_UNIT (LENGTH_MEASURE( 1.000000000000000082E-05 ), #216, 'distance_accuracy_value', 'NONE');
#7007 = PLANE ( 'NONE',  #4118 ) ;
#7008 = CARTESIAN_POINT ( 'NONE',  ( 0.09293582831168317737, 0.08359640718056696174, 0.04891152539410395517 ) ) ;
#7009 = COLOUR_RGB ( '',0.7490196078431372584, 0.7490196078431372584, 0.7490196078431372584 ) ;
#7010 = DIRECTION ( 'NONE',  ( -0.000000000000000000, -0.000000000000000000, 1.000000000000000000 ) ) ;
#7011 = ORIENTED_EDGE ( 'NONE', *, *, #7215, .F. ) ;
#7012 = EDGE_CURVE ( 'NONE', #6367, #5769, #6560, .T. ) ;
#7013 = ORIENTED_EDGE ( 'NONE', *, *, #2157, .F. ) ;
#7014 = CARTESIAN_POINT ( 'NONE',  ( -0.09330708661417323746, -0.07578740157480315376, 0.000000000000000000 ) ) ;
#7015 = CARTESIAN_POINT ( 'NONE',  ( 0.08307086614173228578, -0.09018673685477519852, 0.007095752720117598673 ) ) ;
#7016 = COLOUR_RGB ( '',0.7490196078431372584, 0.7490196078431372584, 0.7490196078431372584 ) ;
#7017 =( CONVERSION_BASED_UNIT ( 'INCH', #5687 ) LENGTH_UNIT ( ) NAMED_UNIT ( #5137 ) );
#7018 = LINE ( 'NONE', #6229, #7242 ) ;
#7019 = CARTESIAN_POINT ( 'NONE',  ( 0.06692913385826770867, -0.1210629921259842590, 0.009880116511253426298 ) ) ;
#7020 = UNCERTAINTY_MEASURE_WITH_UNIT (LENGTH_MEASURE( 1.000000000000000082E-05 ), #8309, 'distance_accuracy_value', 'NONE');
#7021 = MECHANICAL_DESIGN_GEOMETRIC_PRESENTATION_REPRESENTATION (  '', ( #5899 ), #2990 ) ;
#7022 = ORIENTED_EDGE ( 'NONE', *, *, #2603, .F. ) ;
#7023 = UNCERTAINTY_MEASURE_WITH_UNIT (LENGTH_MEASURE( 1.000000000000000082E-05 ), #8597, 'distance_accuracy_value', 'NONE');
#7024 = EDGE_CURVE ( 'NONE', #6533, #7925, #4457, .T. ) ;
#7025 = ORIENTED_EDGE ( 'NONE', *, *, #3654, .T. ) ;
#7026 = SURFACE_STYLE_USAGE ( .BOTH. , #6276 ) ;
#7027 = ORIENTED_EDGE ( 'NONE', *, *, #6281, .T. ) ;
#7028 = LENGTH_MEASURE_WITH_UNIT ( LENGTH_MEASURE( 0.02539999999999999897 ), #4109 );
#7029 = CARTESIAN_POINT ( 'NONE',  ( 0.06496062992125983815, -0.08244437787890905589, 0.01631147111528527538 ) ) ;
#7030 =( GEOMETRIC_REPRESENTATION_CONTEXT ( 3 ) GLOBAL_UNCERTAINTY_ASSIGNED_CONTEXT ( ( #5131 ) ) GLOBAL_UNIT_ASSIGNED_CONTEXT ( ( #7364, #6033, #3298 ) ) REPRESENTATION_CONTEXT ( 'NONE', 'WORKASPACE' ) );
#7031 = DIMENSIONAL_EXPONENTS ( 1.000000000000000000, 0.000000000000000000, 0.000000000000000000, 0.000000000000000000, 0.000000000000000000, 0.000000000000000000, 0.000000000000000000 ) ;
#7032 = CARTESIAN_POINT ( 'NONE',  ( 0.09330708661417323746, -0.07578740157480315376, 0.005000000000000000104 ) ) ;
#7033 = EDGE_CURVE ( 'NONE', #3289, #1765, #3728, .T. ) ;
#7034 = CARTESIAN_POINT ( 'NONE',  ( 0.07499999999999999722, -0.1018685864235539529, 0.01649946766896011677 ) ) ;
#7035 = VERTEX_POINT ( 'NONE', #382 ) ;
#7036 = VERTEX_POINT ( 'NONE', #4542 ) ;
#7037 = FILL_AREA_STYLE_COLOUR ( '', #2040 ) ;
#7038 = MECHANICAL_DESIGN_GEOMETRIC_PRESENTATION_REPRESENTATION (  '', ( #792 ), #1528 ) ;
#7039 = PRESENTATION_LAYER_ASSIGNMENT (  '', '', ( #8629 ) ) ;
#7040 = DIRECTION ( 'NONE',  ( -1.000000000000000000, -0.000000000000000000, -0.000000000000000000 ) ) ;
#7041 = SURFACE_STYLE_USAGE ( .BOTH. , #2286 ) ;
#7042 = DIRECTION ( 'NONE',  ( 0.000000000000000000, -1.000000000000000000, -0.000000000000000000 ) ) ;
#7043 = SURFACE_STYLE_FILL_AREA ( #1640 ) ;
#7044 =( GEOMETRIC_REPRESENTATION_CONTEXT ( 3 ) GLOBAL_UNCERTAINTY_ASSIGNED_CONTEXT ( ( #1112 ) ) GLOBAL_UNIT_ASSIGNED_CONTEXT ( ( #8079, #491, #1247 ) ) REPRESENTATION_CONTEXT ( 'NONE', 'WORKASPACE' ) );
#7045 = LINE ( 'NONE', #5721, #6112 ) ;
#7046 = CARTESIAN_POINT ( 'NONE',  ( -0.08307086614173228578, -0.09796007064640148421, 0.002021243723793055263 ) ) ;
#7047 = FACE_OUTER_BOUND ( 'NONE', #6678, .T. ) ;
#7048 =( NAMED_UNIT ( * ) SI_UNIT ( $, .STERADIAN. ) SOLID_ANGLE_UNIT ( ) );
#7049 = DIRECTION ( 'NONE',  ( 0.000000000000000000, -1.000000000000000000, 0.000000000000000000 ) ) ;
#7050 = PRESENTATION_LAYER_ASSIGNMENT (  '', '', ( #1986 ) ) ;
#7051 =( NAMED_UNIT ( * ) PLANE_ANGLE_UNIT ( ) SI_UNIT ( $, .RADIAN. ) );
#7052 = ORIENTED_EDGE ( 'NONE', *, *, #6900, .T. ) ;
#7053 = CIRCLE ( 'NONE', #3892, 0.004921259842519684971 ) ;
#7054 = ORIENTED_EDGE ( 'NONE', *, *, #5598, .T. ) ;
#7055 =( NAMED_UNIT ( * ) SI_UNIT ( $, .STERADIAN. ) SOLID_ANGLE_UNIT ( ) );
#7056 = CARTESIAN_POINT ( 'NONE',  ( 0.02500000000000000139, -0.08653382883559776473, 0.01376068786798864858 ) ) ;
#7057 = SURFACE_SIDE_STYLE ('',( #5780 ) ) ;
#7058 = PRESENTATION_LAYER_ASSIGNMENT (  '', '', ( #2449 ) ) ;
#7059 =( NAMED_UNIT ( * ) PLANE_ANGLE_UNIT ( ) SI_UNIT ( $, .RADIAN. ) );
#7060 =( CONVERSION_BASED_UNIT ( 'INCH', #6226 ) LENGTH_UNIT ( ) NAMED_UNIT ( #6569 ) );
#7061 = EDGE_CURVE ( 'NONE', #4796, #512, #4712, .T. ) ;
#7062 = CARTESIAN_POINT ( 'NONE',  ( -0.06188383402878307876, -0.05322241670594842627, 0.04870078740157480351 ) ) ;
#7063 = SURFACE_STYLE_USAGE ( .BOTH. , #1522 ) ;
#7064 = STYLED_ITEM ( 'NONE', ( #2472 ), #2084 ) ;
#7065 = EDGE_LOOP ( 'NONE', ( #8633, #5836, #2923, #4330 ) ) ;
#7066 = VERTEX_POINT ( 'NONE', #8022 ) ;
#7067 =( LENGTH_UNIT ( ) NAMED_UNIT ( * ) SI_UNIT ( $, .METRE. ) );
#7068 = DIRECTION ( 'NONE',  ( 0.000000000000000000, -0.000000000000000000, -1.000000000000000000 ) ) ;
#7069 = DIMENSIONAL_EXPONENTS ( 1.000000000000000000, 0.000000000000000000, 0.000000000000000000, 0.000000000000000000, 0.000000000000000000, 0.000000000000000000, 0.000000000000000000 ) ;
#7070 = ORIENTED_EDGE ( 'NONE', *, *, #3323, .F. ) ;
#7071 = COLOUR_RGB ( '',0.2862745098039215508, 0.2862745098039215508, 0.2862745098039215508 ) ;
#7072 = CARTESIAN_POINT ( 'NONE',  ( -0.09645669291338584972, 0.1131889763779527630, 0.009842519685039369942 ) ) ;
#7073 =( GEOMETRIC_REPRESENTATION_CONTEXT ( 3 ) GLOBAL_UNCERTAINTY_ASSIGNED_CONTEXT ( ( #2226 ) ) GLOBAL_UNIT_ASSIGNED_CONTEXT ( ( #4775, #4276, #8250 ) ) REPRESENTATION_CONTEXT ( 'NONE', 'WORKASPACE' ) );
#7074 = PLANE ( 'NONE',  #2335 ) ;
#7075 = FACE_OUTER_BOUND ( 'NONE', #4360, .T. ) ;
#7076 = SURFACE_SIDE_STYLE ('',( #7765 ) ) ;
#7077 = ORIENTED_EDGE ( 'NONE', *, *, #6304, .T. ) ;
#7078 = ORIENTED_EDGE ( 'NONE', *, *, #5927, .T. ) ;
#7079 = VECTOR ( 'NONE', #967, 39.37007874015748143 ) ;
#7080 = FACE_OUTER_BOUND ( 'NONE', #8650, .T. ) ;
#7081 = FILL_AREA_STYLE_COLOUR ( '', #6337 ) ;
#7082 = FACE_OUTER_BOUND ( 'NONE', #1436, .T. ) ;
#7083 = LINE ( 'NONE', #1593, #4120 ) ;
#7084 = DIRECTION ( 'NONE',  ( -0.000000000000000000, 1.000000000000000000, -0.000000000000000000 ) ) ;
#7085 = COLOUR_RGB ( '',0.2862745098039215508, 0.2862745098039215508, 0.2862745098039215508 ) ;
#7086 = DIMENSIONAL_EXPONENTS ( 1.000000000000000000, 0.000000000000000000, 0.000000000000000000, 0.000000000000000000, 0.000000000000000000, 0.000000000000000000, 0.000000000000000000 ) ;
#7087 = CARTESIAN_POINT ( 'NONE',  ( -0.07795275590551181688, -0.01909448818897637595, 0.000000000000000000 ) ) ;
#7088 =( LENGTH_UNIT ( ) NAMED_UNIT ( * ) SI_UNIT ( $, .METRE. ) );
#7089 =( NAMED_UNIT ( * ) SI_UNIT ( $, .STERADIAN. ) SOLID_ANGLE_UNIT ( ) );
#7090 = AXIS2_PLACEMENT_3D ( 'NONE', #6510, #8724, #324 ) ;
#7091 = LENGTH_MEASURE_WITH_UNIT ( LENGTH_MEASURE( 0.02539999999999999897 ), #2807 );
#7092 = FACE_OUTER_BOUND ( 'NONE', #2134, .T. ) ;
#7093 = DIRECTION ( 'NONE',  ( 0.000000000000000000, -0.000000000000000000, -1.000000000000000000 ) ) ;
#7094 = EDGE_CURVE ( 'NONE', #8125, #1486, #8839, .T. ) ;
#7095 = PRESENTATION_STYLE_ASSIGNMENT (( #6383 ) ) ;
#7096 = PRESENTATION_LAYER_ASSIGNMENT (  '', '', ( #4944 ) ) ;
#7097 = EDGE_LOOP ( 'NONE', ( #701, #5144, #2167, #3377, #1586, #2445, #5968, #8821 ) ) ;
#7098 = VERTEX_POINT ( 'NONE', #3133 ) ;
#7099 = CARTESIAN_POINT ( 'NONE',  ( -0.07499999999999999722, -0.08244437787890905589, 0.01631147111528527538 ) ) ;
#7100 = SURFACE_SIDE_STYLE ('',( #283 ) ) ;
#7101 = VECTOR ( 'NONE', #1710, 39.37007874015748143 ) ;
#7102 = LENGTH_MEASURE_WITH_UNIT ( LENGTH_MEASURE( 0.02539999999999999897 ), #5034 );
#7103 = SURFACE_STYLE_USAGE ( .BOTH. , #5784 ) ;
#7104 = CARTESIAN_POINT ( 'NONE',  ( 0.01692913385826771630, -0.1210629921259842590, -4.446367177187928415E-20 ) ) ;
#7105 = DIRECTION ( 'NONE',  ( 1.000000000000000000, 0.000000000000000000, 0.000000000000000000 ) ) ;
#7106 = UNCERTAINTY_MEASURE_WITH_UNIT (LENGTH_MEASURE( 1.000000000000000082E-05 ), #1197, 'distance_accuracy_value', 'NONE');
#7107 = DIRECTION ( 'NONE',  ( 0.000000000000000000, -0.000000000000000000, 1.000000000000000000 ) ) ;
#7108 =( LENGTH_UNIT ( ) NAMED_UNIT ( * ) SI_UNIT ( $, .METRE. ) );
#7109 = ORIENTED_EDGE ( 'NONE', *, *, #6438, .F. ) ;
#7110 = ORIENTED_EDGE ( 'NONE', *, *, #85, .T. ) ;
#7111 = CARTESIAN_POINT ( 'NONE',  ( -0.02500000000000000139, -0.09881790276005945894, 0.01182630964989291392 ) ) ;
#7112 = EDGE_CURVE ( 'NONE', #7036, #2133, #5215, .T. ) ;
#7113 = DIRECTION ( 'NONE',  ( 0.000000000000000000, 0.000000000000000000, 1.000000000000000000 ) ) ;
#7114 = DIRECTION ( 'NONE',  ( 0.9925461516413218721, 0.000000000000000000, -0.1218693434051484753 ) ) ;
#7115 = EDGE_CURVE ( 'NONE', #1283, #5890, #1743, .T. ) ;
#7116 =( LENGTH_UNIT ( ) NAMED_UNIT ( * ) SI_UNIT ( $, .METRE. ) );
#7117 =( NAMED_UNIT ( * ) PLANE_ANGLE_UNIT ( ) SI_UNIT ( $, .RADIAN. ) );
#7118 = ORIENTED_EDGE ( 'NONE', *, *, #2989, .F. ) ;
#7119 = ORIENTED_EDGE ( 'NONE', *, *, #3365, .F. ) ;
#7120 = FACE_OUTER_BOUND ( 'NONE', #4288, .T. ) ;
#7121 = EDGE_CURVE ( 'NONE', #1143, #6141, #7327, .T. ) ;
#7122 = ADVANCED_FACE ( 'NONE', ( #5261 ), #1785, .T. ) ;
#7123 =( NAMED_UNIT ( * ) SI_UNIT ( $, .STERADIAN. ) SOLID_ANGLE_UNIT ( ) );
#7124 = VECTOR ( 'NONE', #1630, 39.37007874015748854 ) ;
#7125 =( LENGTH_UNIT ( ) NAMED_UNIT ( * ) SI_UNIT ( $, .METRE. ) );
#7126 = COLOUR_RGB ( '',0.7490196078431372584, 0.7490196078431372584, 0.7490196078431372584 ) ;
#7127 = FACE_OUTER_BOUND ( 'NONE', #6386, .T. ) ;
#7128 = MECHANICAL_DESIGN_GEOMETRIC_PRESENTATION_REPRESENTATION (  '', ( #7414 ), #6433 ) ;
#7129 = DIRECTION ( 'NONE',  ( -0.7071067811865469066, -0.7071067811865479058, 0.000000000000000000 ) ) ;
#7130 = ORIENTED_EDGE ( 'NONE', *, *, #4499, .F. ) ;
#7131 = AXIS2_PLACEMENT_3D ( 'NONE', #2488, #4579, #8807 ) ;
#7132 =( CONVERSION_BASED_UNIT ( 'INCH', #1501 ) LENGTH_UNIT ( ) NAMED_UNIT ( #1430 ) );
#7133 = DIRECTION ( 'NONE',  ( -0.1209742911513550095, 0.1209742911513550095, 0.9852565360152930607 ) ) ;
#7134 = VECTOR ( 'NONE', #218, 39.37007874015748143 ) ;
#7135 = CARTESIAN_POINT ( 'NONE',  ( 0.08945159696480146916, -0.06796840616323737705, 0.05163950143683281035 ) ) ;
#7136 = CARTESIAN_POINT ( 'NONE',  ( 0.07795275590551181688, -0.01909448818897637595, 0.009842519685039369942 ) ) ;
#7137 = DIRECTION ( 'NONE',  ( 1.000000000000000000, 3.419578104594909462E-15, -0.000000000000000000 ) ) ;
#7138 = DIRECTION ( 'NONE',  ( 0.000000000000000000, 0.9493195219305766708, 0.3143126552996259315 ) ) ;
#7139 = PRESENTATION_LAYER_ASSIGNMENT (  '', '', ( #759 ) ) ;
#7140 = PLANE ( 'NONE',  #2186 ) ;
#7141 = EDGE_LOOP ( 'NONE', ( #2741, #6925, #4234, #2001 ) ) ;
#7142 = CARTESIAN_POINT ( 'NONE',  ( -0.07795275590551181688, -0.01909448818897637595, 0.000000000000000000 ) ) ;
#7143 = EDGE_CURVE ( 'NONE', #6973, #3264, #4808, .T. ) ;
#7144 = CARTESIAN_POINT ( 'NONE',  ( 0.08753937007874017240, 0.01003937007874023540, 0.009842519685039369942 ) ) ;
#7145 = DIMENSIONAL_EXPONENTS ( 1.000000000000000000, 0.000000000000000000, 0.000000000000000000, 0.000000000000000000, 0.000000000000000000, 0.000000000000000000, 0.000000000000000000 ) ;
#7146 = DIRECTION ( 'NONE',  ( 0.000000000000000000, 0.000000000000000000, 1.000000000000000000 ) ) ;
#7147 = VECTOR ( 'NONE', #2224, 39.37007874015748143 ) ;
#7148 = MECHANICAL_DESIGN_GEOMETRIC_PRESENTATION_REPRESENTATION (  '', ( #1648 ), #38 ) ;
#7149 = CARTESIAN_POINT ( 'NONE',  ( -0.08503937007874015630, -0.08653382883559776473, 0.01376068786798864511 ) ) ;
#7150 =( NAMED_UNIT ( * ) PLANE_ANGLE_UNIT ( ) SI_UNIT ( $, .RADIAN. ) );
#7151 =( NAMED_UNIT ( * ) PLANE_ANGLE_UNIT ( ) SI_UNIT ( $, .RADIAN. ) );
#7152 = FILL_AREA_STYLE ('',( #2315 ) ) ;
#7153 = CARTESIAN_POINT ( 'NONE',  ( -0.08904527559055119834, 0.0005216535433070905751, 0.000000000000000000 ) ) ;
#7154 = ORIENTED_EDGE ( 'NONE', *, *, #2603, .T. ) ;
#7155 = EDGE_LOOP ( 'NONE', ( #6358, #6101, #4833, #444 ) ) ;
#7156 = STYLED_ITEM ( 'NONE', ( #7882 ), #5310 ) ;
#7157 = PRESENTATION_LAYER_ASSIGNMENT (  '', '', ( #6559 ) ) ;
#7158 = CARTESIAN_POINT ( 'NONE',  ( -0.08869051231072085095, 0.08683641301816055758, 0.04971379740223479810 ) ) ;
#7159 =( NAMED_UNIT ( * ) SI_UNIT ( $, .STERADIAN. ) SOLID_ANGLE_UNIT ( ) );
#7160 = LINE ( 'NONE', #936, #4841 ) ;
#7161 = FACE_OUTER_BOUND ( 'NONE', #546, .T. ) ;
#7162 = PRESENTATION_LAYER_ASSIGNMENT (  '', '', ( #4442 ) ) ;
#7163 = DIRECTION ( 'NONE',  ( -1.000000000000000000, -2.488951074227589851E-16, 0.000000000000000000 ) ) ;
#7164 = ORIENTED_EDGE ( 'NONE', *, *, #4104, .T. ) ;
#7165 = ORIENTED_EDGE ( 'NONE', *, *, #7524, .T. ) ;
#7166 =( LENGTH_UNIT ( ) NAMED_UNIT ( * ) SI_UNIT ( $, .METRE. ) );
#7167 = CARTESIAN_POINT ( 'NONE',  ( -0.09055118110236221041, -0.0009842519685039333079, 0.000000000000000000 ) ) ;
#7168 = EDGE_CURVE ( 'NONE', #3533, #6153, #2935, .T. ) ;
#7169 = FILL_AREA_STYLE_COLOUR ( '', #6228 ) ;
#7170 = VECTOR ( 'NONE', #4163, 39.37007874015748143 ) ;
#7171 = CARTESIAN_POINT ( 'NONE',  ( 0.06530030766429134603, 0.004527559055118110173, 0.009842519685039369942 ) ) ;
#7172 = DIRECTION ( 'NONE',  ( 0.000000000000000000, 0.000000000000000000, 1.000000000000000000 ) ) ;
#7173 =( NAMED_UNIT ( * ) SI_UNIT ( $, .STERADIAN. ) SOLID_ANGLE_UNIT ( ) );
#7174 = ADVANCED_FACE ( 'NONE', ( #2726 ), #6136, .T. ) ;
#7175 = CARTESIAN_POINT ( 'NONE',  ( -0.08503937007874015630, -0.08244437787890905589, 0.01631147111528528579 ) ) ;
#7176 = VERTEX_POINT ( 'NONE', #7503 ) ;
#7177 = PRESENTATION_STYLE_ASSIGNMENT (( #7958 ) ) ;
#7178 = PRESENTATION_STYLE_ASSIGNMENT (( #6379 ) ) ;
#7179 =( LENGTH_UNIT ( ) NAMED_UNIT ( * ) SI_UNIT ( $, .METRE. ) );
#7180 = FILL_AREA_STYLE ('',( #2296 ) ) ;
#7181 = SURFACE_STYLE_USAGE ( .BOTH. , #4447 ) ;
#7182 = ADVANCED_FACE ( 'NONE', ( #1279 ), #6836, .T. ) ;
#7183 = CARTESIAN_POINT ( 'NONE',  ( 0.07499999999999999722, -0.08565767112959683793, 0.02601659103690530384 ) ) ;
#7184 =( GEOMETRIC_REPRESENTATION_CONTEXT ( 3 ) GLOBAL_UNCERTAINTY_ASSIGNED_CONTEXT ( ( #158 ) ) GLOBAL_UNIT_ASSIGNED_CONTEXT ( ( #921, #3680, #2450 ) ) REPRESENTATION_CONTEXT ( 'NONE', 'WORKASPACE' ) );
#7185 = COLOUR_RGB ( '',0.2862745098039215508, 0.2862745098039215508, 0.2862745098039215508 ) ;
#7186 = VERTEX_POINT ( 'NONE', #1755 ) ;
#7187 = COLOUR_RGB ( '',0.2862745098039215508, 0.2862745098039215508, 0.2862745098039215508 ) ;
#7188 = CARTESIAN_POINT ( 'NONE',  ( 0.08875394017312079886, 0.08540748348020742176, 0.04673228346456682197 ) ) ;
#7189 = DIRECTION ( 'NONE',  ( 0.000000000000000000, 0.000000000000000000, 1.000000000000000000 ) ) ;
#7190 = LENGTH_MEASURE_WITH_UNIT ( LENGTH_MEASURE( 0.02539999999999999897 ), #2220 );
#7191 = DIRECTION ( 'NONE',  ( 0.000000000000000000, -0.9989437399158199726, -0.04595002157773846879 ) ) ;
#7192 = SURFACE_STYLE_USAGE ( .BOTH. , #6934 ) ;
#7193 = SURFACE_STYLE_USAGE ( .BOTH. , #4459 ) ;
#7194 = UNCERTAINTY_MEASURE_WITH_UNIT (LENGTH_MEASURE( 1.000000000000000082E-05 ), #5316, 'distance_accuracy_value', 'NONE');
#7195 = SURFACE_STYLE_FILL_AREA ( #3821 ) ;
#7196 = VERTEX_POINT ( 'NONE', #8582 ) ;
#7197 = ORIENTED_EDGE ( 'NONE', *, *, #8464, .T. ) ;
#7198 = VECTOR ( 'NONE', #8312, 39.37007874015748854 ) ;
#7199 = EDGE_CURVE ( 'NONE', #2120, #3367, #3872, .T. ) ;
#7200 = CARTESIAN_POINT ( 'NONE',  ( -0.09029853555837935586, 0.08536453466821375402, 0.05028316244428224918 ) ) ;
#7201 =( GEOMETRIC_REPRESENTATION_CONTEXT ( 3 ) GLOBAL_UNCERTAINTY_ASSIGNED_CONTEXT ( ( #2320 ) ) GLOBAL_UNIT_ASSIGNED_CONTEXT ( ( #4815, #4949, #786 ) ) REPRESENTATION_CONTEXT ( 'NONE', 'WORKASPACE' ) );
#7202 = FILL_AREA_STYLE ('',( #253 ) ) ;
#7203 = FILL_AREA_STYLE ('',( #2561 ) ) ;
#7204 = PLANE ( 'NONE',  #2051 ) ;
#7205 = DIMENSIONAL_EXPONENTS ( 1.000000000000000000, 0.000000000000000000, 0.000000000000000000, 0.000000000000000000, 0.000000000000000000, 0.000000000000000000, 0.000000000000000000 ) ;
#7206 = AXIS2_PLACEMENT_3D ( 'NONE', #6591, #6029, #5906 ) ;
#7207 =( NAMED_UNIT ( * ) SI_UNIT ( $, .STERADIAN. ) SOLID_ANGLE_UNIT ( ) );
#7208 = SURFACE_STYLE_FILL_AREA ( #941 ) ;
#7209 = EDGE_LOOP ( 'NONE', ( #7011, #8335, #6241, #8614 ) ) ;
#7210 = VERTEX_POINT ( 'NONE', #8702 ) ;
#7211 = FILL_AREA_STYLE ('',( #7169 ) ) ;
#7212 = CARTESIAN_POINT ( 'NONE',  ( -0.1009842519685039408, 0.002027559055118133974, 0.000000000000000000 ) ) ;
#7213 = MANIFOLD_SOLID_BREP ( 'Imported2', #8538 ) ;
#7214 = PRESENTATION_STYLE_ASSIGNMENT (( #3157 ) ) ;
#7215 = EDGE_CURVE ( 'NONE', #2191, #2817, #1016, .T. ) ;
#7216 = STYLED_ITEM ( 'NONE', ( #2642 ), #3225 ) ;
#7217 = PRESENTATION_LAYER_ASSIGNMENT (  '', '', ( #3767 ) ) ;
#7218 =( CONVERSION_BASED_UNIT ( 'INCH', #3159 ) LENGTH_UNIT ( ) NAMED_UNIT ( #7728 ) );
#7219 = EDGE_LOOP ( 'NONE', ( #2686, #204, #7967, #6220 ) ) ;
#7220 = FACE_OUTER_BOUND ( 'NONE', #5114, .T. ) ;
#7221 = LENGTH_MEASURE_WITH_UNIT ( LENGTH_MEASURE( 0.02539999999999999897 ), #5022 );
#7222 =( GEOMETRIC_REPRESENTATION_CONTEXT ( 3 ) GLOBAL_UNCERTAINTY_ASSIGNED_CONTEXT ( ( #4148 ) ) GLOBAL_UNIT_ASSIGNED_CONTEXT ( ( #8857, #4081, #557 ) ) REPRESENTATION_CONTEXT ( 'NONE', 'WORKASPACE' ) );
#7223 = CARTESIAN_POINT ( 'NONE',  ( 0.09338409450877116491, -0.06796840616323737705, 0.04850123345096173794 ) ) ;
#7224 = SURFACE_STYLE_USAGE ( .BOTH. , #7919 ) ;
#7225 = MANIFOLD_SOLID_BREP ( 'Imported3', #2609 ) ;
#7226 = SURFACE_STYLE_USAGE ( .BOTH. , #5947 ) ;
#7227 = VERTEX_POINT ( 'NONE', #8664 ) ;
#7228 =( NAMED_UNIT ( * ) SI_UNIT ( $, .STERADIAN. ) SOLID_ANGLE_UNIT ( ) );
#7229 = STYLED_ITEM ( 'NONE', ( #4492 ), #4008 ) ;
#7230 = CARTESIAN_POINT ( 'NONE',  ( -0.08779069753053726777, -0.07223726126315199725, 0.04955826332223255831 ) ) ;
#7231 = ADVANCED_FACE ( 'NONE', ( #7161 ), #7204, .T. ) ;
#7232 = CONTEXT_DEPENDENT_SHAPE_REPRESENTATION ( #1109, #4817 ) ;
#7233 =( CONVERSION_BASED_UNIT ( 'INCH', #4588 ) LENGTH_UNIT ( ) NAMED_UNIT ( #5073 ) );
#7234 = VECTOR ( 'NONE', #2899, 39.37007874015748143 ) ;
#7235 = CYLINDRICAL_SURFACE ( 'NONE', #7745, 0.004921259842519684971 ) ;
#7236 = ORIENTED_EDGE ( 'NONE', *, *, #3358, .F. ) ;
#7237 = PRESENTATION_STYLE_ASSIGNMENT (( #7845 ) ) ;
#7238 = VECTOR ( 'NONE', #4514, 39.37007874015748143 ) ;
#7239 = FACE_OUTER_BOUND ( 'NONE', #5634, .T. ) ;
#7240 = DIMENSIONAL_EXPONENTS ( 1.000000000000000000, 0.000000000000000000, 0.000000000000000000, 0.000000000000000000, 0.000000000000000000, 0.000000000000000000, 0.000000000000000000 ) ;
#7241 = LINE ( 'NONE', #7292, #6006 ) ;
#7242 = VECTOR ( 'NONE', #61, 39.37007874015748143 ) ;
#7243 = DIRECTION ( 'NONE',  ( 1.000000000000000000, 0.000000000000000000, 0.000000000000000000 ) ) ;
#7244 = ADVANCED_FACE ( 'NONE', ( #8744 ), #5416, .T. ) ;
#7245 = FILL_AREA_STYLE_COLOUR ( '', #459 ) ;
#7246 = VECTOR ( 'NONE', #2376, 39.37007874015748143 ) ;
#7247 = ORIENTED_EDGE ( 'NONE', *, *, #2480, .F. ) ;
#7248 = ORIENTED_EDGE ( 'NONE', *, *, #3142, .T. ) ;
#7249 = CARTESIAN_POINT ( 'NONE',  ( 0.06496062992125983815, -0.09383657304297417234, 0.02091502454231214392 ) ) ;
#7250 = EDGE_CURVE ( 'NONE', #2888, #5848, #8257, .T. ) ;
#7251 = DIRECTION ( 'NONE',  ( 0.000000000000000000, -0.6998111848437100768, -0.7143278697962460733 ) ) ;
#7252 = DIRECTION ( 'NONE',  ( 1.000000000000000000, 0.000000000000000000, 0.000000000000000000 ) ) ;
#7253 = CARTESIAN_POINT ( 'NONE',  ( -0.08946850393700787885, 0.01003937007874019724, 0.009842519685039369942 ) ) ;
#7254 = SURFACE_SIDE_STYLE ('',( #8506 ) ) ;
#7255 = ORIENTED_EDGE ( 'NONE', *, *, #3270, .F. ) ;
#7256 = DIMENSIONAL_EXPONENTS ( 1.000000000000000000, 0.000000000000000000, 0.000000000000000000, 0.000000000000000000, 0.000000000000000000, 0.000000000000000000, 0.000000000000000000 ) ;
#7257 = ORIENTED_EDGE ( 'NONE', *, *, #2486, .F. ) ;
#7258 = VECTOR ( 'NONE', #2086, 39.37007874015748143 ) ;
#7259 =( CONVERSION_BASED_UNIT ( 'INCH', #5385 ) LENGTH_UNIT ( ) NAMED_UNIT ( #6332 ) );
#7260 = DIRECTION ( 'NONE',  ( -0.1209742911513550095, -0.1209742911513550095, 0.9852565360152930607 ) ) ;
#7261 = AXIS2_PLACEMENT_3D ( 'NONE', #1062, #7881, #3862 ) ;
#7262 = CARTESIAN_POINT ( 'NONE',  ( 0.07795275590551181688, -0.0009842519685039172617, 0.005000000000000000104 ) ) ;
#7263 = VECTOR ( 'NONE', #1788, 39.37007874015748143 ) ;
#7264 = LINE ( 'NONE', #5821, #1221 ) ;
#7265 = DIRECTION ( 'NONE',  ( -1.000000000000000000, -0.000000000000000000, 0.000000000000000000 ) ) ;
#7266 = VECTOR ( 'NONE', #2310, 39.37007874015748854 ) ;
#7267 = SURFACE_STYLE_FILL_AREA ( #5905 ) ;
#7268 = FILL_AREA_STYLE ('',( #8685 ) ) ;
#7269 =( NAMED_UNIT ( * ) PLANE_ANGLE_UNIT ( ) SI_UNIT ( $, .RADIAN. ) );
#7270 = DIRECTION ( 'NONE',  ( -1.000000000000000000, -0.000000000000000000, -0.000000000000000000 ) ) ;
#7271 = CARTESIAN_POINT ( 'NONE',  ( 0.03307086614173228301, -0.09383657304297421398, 0.02091502454231218902 ) ) ;
#7272 = VERTEX_POINT ( 'NONE', #4734 ) ;
#7273 = EDGE_CURVE ( 'NONE', #8360, #3107, #7469, .T. ) ;
#7274 =( NAMED_UNIT ( * ) PLANE_ANGLE_UNIT ( ) SI_UNIT ( $, .RADIAN. ) );
#7275 =( GEOMETRIC_REPRESENTATION_CONTEXT ( 3 ) GLOBAL_UNCERTAINTY_ASSIGNED_CONTEXT ( ( #91 ) ) GLOBAL_UNIT_ASSIGNED_CONTEXT ( ( #81, #8981, #5572 ) ) REPRESENTATION_CONTEXT ( 'NONE', 'WORKASPACE' ) );
#7276 = CARTESIAN_POINT ( 'NONE',  ( 0.02500000000000000139, -0.09117972964715866102, 0.02576258403140881809 ) ) ;
#7277 = FACE_OUTER_BOUND ( 'NONE', #2520, .T. ) ;
#7278 =( LENGTH_UNIT ( ) NAMED_UNIT ( * ) SI_UNIT ( $, .METRE. ) );
#7279 = CARTESIAN_POINT ( 'NONE',  ( -0.08875394017312079886, -0.07123425513375072904, 0.04673228346456681503 ) ) ;
#7280 =( GEOMETRIC_REPRESENTATION_CONTEXT ( 3 ) GLOBAL_UNCERTAINTY_ASSIGNED_CONTEXT ( ( #6298 ) ) GLOBAL_UNIT_ASSIGNED_CONTEXT ( ( #4838, #7632, #2057 ) ) REPRESENTATION_CONTEXT ( 'NONE', 'WORKASPACE' ) );
#7281 = EDGE_CURVE ( 'NONE', #8125, #3533, #2505, .T. ) ;
#7282 = FACE_OUTER_BOUND ( 'NONE', #5335, .T. ) ;
#7283 = SURFACE_SIDE_STYLE ('',( #2457 ) ) ;
#7284 = EDGE_CURVE ( 'NONE', #1948, #8212, #4099, .T. ) ;
#7285 = ORIENTED_EDGE ( 'NONE', *, *, #8529, .F. ) ;
#7286 = UNCERTAINTY_MEASURE_WITH_UNIT (LENGTH_MEASURE( 1.000000000000000082E-05 ), #5099, 'distance_accuracy_value', 'NONE');
#7287 = ORIENTED_EDGE ( 'NONE', *, *, #4292, .T. ) ;
#7288 =( NAMED_UNIT ( * ) PLANE_ANGLE_UNIT ( ) SI_UNIT ( $, .RADIAN. ) );
#7289 = CARTESIAN_POINT ( 'NONE',  ( -0.06530030766429134603, 0.08129921259842519399, 0.000000000000000000 ) ) ;
#7290 = VECTOR ( 'NONE', #6622, 39.37007874015748143 ) ;
#7291 = DIRECTION ( 'NONE',  ( 0.000000000000000000, -0.9961946980917454342, -0.08715574274765831853 ) ) ;
#7292 = CARTESIAN_POINT ( 'NONE',  ( 0.000000000000000000, 0.09311023622047245873, 0.009842519685039369942 ) ) ;
#7293 = DIRECTION ( 'NONE',  ( -1.000000000000000000, -0.000000000000000000, -0.000000000000000000 ) ) ;
#7294 = CARTESIAN_POINT ( 'NONE',  ( -0.07494307814895394271, 0.1049212598425196957, 0.009842519685039369942 ) ) ;
#7295 = ADVANCED_FACE ( 'NONE', ( #5454 ), #1990, .T. ) ;
#7296 = FACE_OUTER_BOUND ( 'NONE', #6715, .T. ) ;
#7297 = MECHANICAL_DESIGN_GEOMETRIC_PRESENTATION_REPRESENTATION (  '', ( #5004 ), #2248 ) ;
#7298 = VERTEX_POINT ( 'NONE', #2825 ) ;
#7299 = ORIENTED_EDGE ( 'NONE', *, *, #7687, .F. ) ;
#7300 = LENGTH_MEASURE_WITH_UNIT ( LENGTH_MEASURE( 0.02539999999999999897 ), #4563 );
#7301 = LINE ( 'NONE', #1034, #1240 ) ;
#7302 = CARTESIAN_POINT ( 'NONE',  ( 0.08875394017312095152, 0.08853361309167612214, 0.04711612391623665880 ) ) ;
#7303 = DIMENSIONAL_EXPONENTS ( 1.000000000000000000, 0.000000000000000000, 0.000000000000000000, 0.000000000000000000, 0.000000000000000000, 0.000000000000000000, 0.000000000000000000 ) ;
#7304 = SURFACE_STYLE_FILL_AREA ( #5233 ) ;
#7305 = LINE ( 'NONE', #1903, #3426 ) ;
#7306 = EDGE_LOOP ( 'NONE', ( #6604, #581, #482, #4294 ) ) ;
#7307 = ORIENTED_EDGE ( 'NONE', *, *, #7963, .F. ) ;
#7308 = VECTOR ( 'NONE', #6958, 39.37007874015748143 ) ;
#7309 = LINE ( 'NONE', #411, #5234 ) ;
#7310 = STYLED_ITEM ( 'NONE', ( #3525 ), #3543 ) ;
#7311 = DIRECTION ( 'NONE',  ( 0.000000000000000000, 0.000000000000000000, -1.000000000000000000 ) ) ;
#7312 =( NAMED_UNIT ( * ) PLANE_ANGLE_UNIT ( ) SI_UNIT ( $, .RADIAN. ) );
#7313 = FILL_AREA_STYLE ('',( #6732 ) ) ;
#7314 = VECTOR ( 'NONE', #6066, 39.37007874015748143 ) ;
#7315 = LENGTH_MEASURE_WITH_UNIT ( LENGTH_MEASURE( 0.02539999999999999897 ), #1772 );
#7316 = CARTESIAN_POINT ( 'NONE',  ( 0.09120840238182408022, -0.07290115526594750928, 0.04819253936474391514 ) ) ;
#7317 = CARTESIAN_POINT ( 'NONE',  ( -0.06692913385826770867, -0.06061878546604762552, 0.01731541798661000858 ) ) ;
#7318 = LINE ( 'NONE', #3083, #640 ) ;
#7319 = CARTESIAN_POINT ( 'NONE',  ( 0.09645669291338584972, -0.07893700787401573826, 0.000000000000000000 ) ) ;
#7320 = ORIENTED_EDGE ( 'NONE', *, *, #8583, .F. ) ;
#7321 = VERTEX_POINT ( 'NONE', #2128 ) ;
#7322 = PRESENTATION_LAYER_ASSIGNMENT (  '', '', ( #7768 ) ) ;
#7323 = CARTESIAN_POINT ( 'NONE',  ( 0.08503937007874015630, -0.08244437787890905589, 0.01631147111528528579 ) ) ;
#7324 = ORIENTED_EDGE ( 'NONE', *, *, #7168, .T. ) ;
#7325 = SURFACE_STYLE_USAGE ( .BOTH. , #8732 ) ;
#7326 =( NAMED_UNIT ( * ) SI_UNIT ( $, .STERADIAN. ) SOLID_ANGLE_UNIT ( ) );
#7327 = LINE ( 'NONE', #8525, #4956 ) ;
#7328 = ORIENTED_EDGE ( 'NONE', *, *, #5138, .T. ) ;
#7329 = VERTEX_POINT ( 'NONE', #4903 ) ;
#7330 = CARTESIAN_POINT ( 'NONE',  ( -0.1009842519685039408, 0.002027559055118133974, 0.000000000000000000 ) ) ;
#7331 = LINE ( 'NONE', #6756, #4902 ) ;
#7332 = COLOUR_RGB ( '',0.7490196078431372584, 0.7490196078431372584, 0.7490196078431372584 ) ;
#7333 =( NAMED_UNIT ( * ) SI_UNIT ( $, .STERADIAN. ) SOLID_ANGLE_UNIT ( ) );
#7334 = ADVANCED_FACE ( 'NONE', ( #6312 ), #5596, .T. ) ;
#7335 =( GEOMETRIC_REPRESENTATION_CONTEXT ( 3 ) GLOBAL_UNCERTAINTY_ASSIGNED_CONTEXT ( ( #3592 ) ) GLOBAL_UNIT_ASSIGNED_CONTEXT ( ( #7259, #6586, #4029 ) ) REPRESENTATION_CONTEXT ( 'NONE', 'WORKASPACE' ) );
#7336 = DIRECTION ( 'NONE',  ( 0.000000000000000000, 0.000000000000000000, -1.000000000000000000 ) ) ;
#7337 = PLANE ( 'NONE',  #1591 ) ;
#7338 =( NAMED_UNIT ( * ) PLANE_ANGLE_UNIT ( ) SI_UNIT ( $, .RADIAN. ) );
#7339 = VECTOR ( 'NONE', #4870, 39.37007874015748854 ) ;
#7340 = EDGE_LOOP ( 'NONE', ( #5325, #6194, #2145, #4672 ) ) ;
#7341 = ORIENTED_EDGE ( 'NONE', *, *, #1281, .T. ) ;
#7342 = SURFACE_STYLE_FILL_AREA ( #399 ) ;
#7343 = CARTESIAN_POINT ( 'NONE',  ( -0.07494307814895394271, 0.09311023622047245873, 0.000000000000000000 ) ) ;
#7344 = PRESENTATION_STYLE_ASSIGNMENT (( #4612 ) ) ;
#7345 = ADVANCED_FACE ( 'NONE', ( #6887 ), #7665, .T. ) ;
#7346 = PRESENTATION_LAYER_ASSIGNMENT (  '', '', ( #3896 ) ) ;
#7347 = FACE_OUTER_BOUND ( 'NONE', #5070, .T. ) ;
#7348 = CARTESIAN_POINT ( 'NONE',  ( 0.06530030766429134603, 0.007086614173228346358, 0.005000000000000000104 ) ) ;
#7349 = ORIENTED_EDGE ( 'NONE', *, *, #1370, .T. ) ;
#7350 = ORIENTED_EDGE ( 'NONE', *, *, #1592, .F. ) ;
#7351 = SURFACE_SIDE_STYLE ('',( #3291 ) ) ;
#7352 = PRESENTATION_LAYER_ASSIGNMENT (  '', '', ( #7064 ) ) ;
#7353 = EDGE_CURVE ( 'NONE', #8689, #8575, #1582, .T. ) ;
#7354 = LENGTH_MEASURE_WITH_UNIT ( LENGTH_MEASURE( 0.02539999999999999897 ), #4415 );
#7355 = PRESENTATION_STYLE_ASSIGNMENT (( #8053 ) ) ;
#7356 = AXIS2_PLACEMENT_3D ( 'NONE', #6525, #297, #6703 ) ;
#7357 = CLOSED_SHELL ( 'NONE', ( #1411, #8458, #3017, #8598, #8480, #4839, #5045, #3152, #1044, #2812, #356, #6512, #2084, #198, #8620, #3770, #5242, #8731, #7494, #7392, #432, #826 ) ) ;
#7358 = FACE_OUTER_BOUND ( 'NONE', #582, .T. ) ;
#7359 = DIMENSIONAL_EXPONENTS ( 1.000000000000000000, 0.000000000000000000, 0.000000000000000000, 0.000000000000000000, 0.000000000000000000, 0.000000000000000000, 0.000000000000000000 ) ;
#7360 =( CONVERSION_BASED_UNIT ( 'INCH', #6209 ) LENGTH_UNIT ( ) NAMED_UNIT ( #1984 ) );
#7361 = LINE ( 'NONE', #5250, #257 ) ;
#7362 = STYLED_ITEM ( 'NONE', ( #3679 ), #3342 ) ;
#7363 =( CONVERSION_BASED_UNIT ( 'INCH', #4631 ) LENGTH_UNIT ( ) NAMED_UNIT ( #3332 ) );
#7364 =( CONVERSION_BASED_UNIT ( 'INCH', #2631 ) LENGTH_UNIT ( ) NAMED_UNIT ( #6443 ) );
#7365 = ORIENTED_EDGE ( 'NONE', *, *, #6580, .T. ) ;
#7366 = EDGE_CURVE ( 'NONE', #6818, #6725, #3982, .T. ) ;
#7367 = CARTESIAN_POINT ( 'NONE',  ( 0.02500000000000000139, -0.06107104945795473194, 0.02714754141097830767 ) ) ;
#7368 = VECTOR ( 'NONE', #4445, 39.37007874015748143 ) ;
#7369 = FACE_OUTER_BOUND ( 'NONE', #1196, .T. ) ;
#7370 = SURFACE_SIDE_STYLE ('',( #1746 ) ) ;
#7371 = VERTEX_POINT ( 'NONE', #7072 ) ;
#7372 = UNCERTAINTY_MEASURE_WITH_UNIT (LENGTH_MEASURE( 1.000000000000000082E-05 ), #201, 'distance_accuracy_value', 'NONE');
#7373 = ORIENTED_EDGE ( 'NONE', *, *, #3928, .F. ) ;
#7374 = SURFACE_SIDE_STYLE ('',( #1114 ) ) ;
#7375 = SURFACE_STYLE_FILL_AREA ( #8201 ) ;
#7376 = CIRCLE ( 'NONE', #6106, 0.003149606299212598381 ) ;
#7377 = SURFACE_SIDE_STYLE ('',( #5887 ) ) ;
#7378 = CARTESIAN_POINT ( 'NONE',  ( 0.08875394017312086825, -0.07123425513375078455, 0.04673228346456693300 ) ) ;
#7379 = SURFACE_STYLE_USAGE ( .BOTH. , #7471 ) ;
#7380 = DIRECTION ( 'NONE',  ( 0.000000000000000000, 0.04595002157776068019, -0.9989437399158188624 ) ) ;
#7381 = MECHANICAL_DESIGN_GEOMETRIC_PRESENTATION_REPRESENTATION (  '', ( #2928 ), #715 ) ;
#7382 = ORIENTED_EDGE ( 'NONE', *, *, #3080, .F. ) ;
#7383 = CARTESIAN_POINT ( 'NONE',  ( 0.03307086614173228994, -0.08565767112959683793, 0.02601659103690531424 ) ) ;
#7384 = COLOUR_RGB ( '',0.7490196078431372584, 0.7490196078431372584, 0.7490196078431372584 ) ;
#7385 = LENGTH_MEASURE_WITH_UNIT ( LENGTH_MEASURE( 0.02539999999999999897 ), #2474 );
#7386 = PRESENTATION_LAYER_ASSIGNMENT (  '', '', ( #8132 ) ) ;
#7387 = LINE ( 'NONE', #451, #7290 ) ;
#7388 = CARTESIAN_POINT ( 'NONE',  ( -0.07074210174531850304, -0.05322241670594842627, 0.04988188976377952444 ) ) ;
#7389 = EDGE_CURVE ( 'NONE', #8212, #1804, #4289, .T. ) ;
#7390 = LINE ( 'NONE', #1260, #1514 ) ;
#7391 = EDGE_LOOP ( 'NONE', ( #3638, #3662, #5562, #6234, #2576 ) ) ;
#7392 = ADVANCED_FACE ( 'NONE', ( #802 ), #892, .T. ) ;
#7393 = ORIENTED_EDGE ( 'NONE', *, *, #6378, .F. ) ;
#7394 =( GEOMETRIC_REPRESENTATION_CONTEXT ( 3 ) GLOBAL_UNCERTAINTY_ASSIGNED_CONTEXT ( ( #2910 ) ) GLOBAL_UNIT_ASSIGNED_CONTEXT ( ( #1234, #4045, #1976 ) ) REPRESENTATION_CONTEXT ( 'NONE', 'WORKASPACE' ) );
#7395 = PLANE ( 'NONE',  #1980 ) ;
#7396 = STYLED_ITEM ( 'NONE', ( #335 ), #4520 ) ;
#7397 = PRESENTATION_LAYER_ASSIGNMENT (  '', '', ( #3517 ) ) ;
#7398 = CARTESIAN_POINT ( 'NONE',  ( -0.09645669291338584972, 0.004527559055118110173, 0.009842519685039369942 ) ) ;
#7399 = MECHANICAL_DESIGN_GEOMETRIC_PRESENTATION_REPRESENTATION (  '', ( #2202 ), #4821 ) ;
#7400 = FACE_OUTER_BOUND ( 'NONE', #4434, .T. ) ;
#7401 = EDGE_CURVE ( 'NONE', #1204, #8847, #7160, .T. ) ;
#7402 = CYLINDRICAL_SURFACE ( 'NONE', #1432, 0.003149606299212598381 ) ;
#7403 = DIRECTION ( 'NONE',  ( -0.000000000000000000, 0.4806245840651710566, 0.8769264559768860101 ) ) ;
#7404 = DIRECTION ( 'NONE',  ( 0.000000000000000000, -0.000000000000000000, 1.000000000000000000 ) ) ;
#7405 = DIRECTION ( 'NONE',  ( 1.000000000000000000, 0.000000000000000000, 0.000000000000000000 ) ) ;
#7406 = CARTESIAN_POINT ( 'NONE',  ( -0.01692913385826771630, -0.08653382883559772309, 0.01376068786798871797 ) ) ;
#7407 =( BOUNDED_SURFACE ( )  B_SPLINE_SURFACE ( 3, 3, ( 
 ( #8288, #5536, #2765, #4228 ),
 ( #95, #5726, #4270, #137 ),
 ( #4177, #2948, #7008, #8995 ),
 ( #4807, #6966, #2015, #2068 ) ),
 .UNSPECIFIED., .F., .F., .F. ) 
 B_SPLINE_SURFACE_WITH_KNOTS ( ( 4, 4 ),
 ( 4, 4 ),
 ( 0.000000000000000000, 1.000000000000000000 ),
 ( 0.000000000000000000, 1.000000000000000000 ),
 .UNSPECIFIED. ) 
 GEOMETRIC_REPRESENTATION_ITEM ( )  RATIONAL_B_SPLINE_SURFACE ( (
 ( 1.000000000000000000, 0.3333333333333282078, 0.3333333333333282078, 1.000000000000000000),
 ( 0.9299384305662000694, 0.3099794768553952307, 0.3099794768553952307, 0.9299384305662000694),
 ( 0.9299384305662000694, 0.3099794768553952307, 0.3099794768553952307, 0.9299384305662000694),
 ( 1.000000000000000000, 0.3333333333333282078, 0.3333333333333282078, 1.000000000000000000) ) ) 
 REPRESENTATION_ITEM ( '' )  SURFACE ( )  );
#7408 = VERTEX_POINT ( 'NONE', #5607 ) ;
#7409 =( GEOMETRIC_REPRESENTATION_CONTEXT ( 3 ) GLOBAL_UNCERTAINTY_ASSIGNED_CONTEXT ( ( #8989 ) ) GLOBAL_UNIT_ASSIGNED_CONTEXT ( ( #2835, #7117, #4253 ) ) REPRESENTATION_CONTEXT ( 'NONE', 'WORKASPACE' ) );
#7410 = VECTOR ( 'NONE', #8147, 39.37007874015748854 ) ;
#7411 = DIRECTION ( 'NONE',  ( 0.000000000000000000, 0.000000000000000000, -1.000000000000000000 ) ) ;
#7412 = LENGTH_MEASURE_WITH_UNIT ( LENGTH_MEASURE( 0.02539999999999999897 ), #3952 );
#7413 = CARTESIAN_POINT ( 'NONE',  ( -0.09055118110236221041, 0.002027559055118130071, 0.000000000000000000 ) ) ;
#7414 = STYLED_ITEM ( 'NONE', ( #4478 ), #8598 ) ;
#7415 = DIRECTION ( 'NONE',  ( 0.000000000000000000, 0.000000000000000000, -1.000000000000000000 ) ) ;
#7416 = DIRECTION ( 'NONE',  ( 0.000000000000000000, 0.000000000000000000, 1.000000000000000000 ) ) ;
#7417 = VERTEX_POINT ( 'NONE', #2140 ) ;
#7418 = VERTEX_POINT ( 'NONE', #4250 ) ;
#7419 = DIRECTION ( 'NONE',  ( 1.000000000000000000, -1.315430123963460077E-16, 0.000000000000000000 ) ) ;
#7420 = MECHANICAL_DESIGN_GEOMETRIC_PRESENTATION_REPRESENTATION (  '', ( #2669 ), #6157 ) ;
#7421 = LINE ( 'NONE', #5412, #2143 ) ;
#7422 = DIMENSIONAL_EXPONENTS ( 1.000000000000000000, 0.000000000000000000, 0.000000000000000000, 0.000000000000000000, 0.000000000000000000, 0.000000000000000000, 0.000000000000000000 ) ;
#7423 = DIRECTION ( 'NONE',  ( 1.000000000000000000, 0.000000000000000000, 0.000000000000000000 ) ) ;
#7424 = SURFACE_SIDE_STYLE ('',( #4011 ) ) ;
#7425 =( NAMED_UNIT ( * ) SI_UNIT ( $, .STERADIAN. ) SOLID_ANGLE_UNIT ( ) );
#7426 = VECTOR ( 'NONE', #391, 39.37007874015748143 ) ;
#7427 = PRESENTATION_STYLE_ASSIGNMENT (( #1992 ) ) ;
#7428 = CARTESIAN_POINT ( 'NONE',  ( 0.09645669291338584972, 0.09311023622047245873, 0.000000000000000000 ) ) ;
#7429 = EDGE_LOOP ( 'NONE', ( #6439, #4919, #1236, #4834 ) ) ;
#7430 = VERTEX_POINT ( 'NONE', #2414 ) ;
#7431 = CARTESIAN_POINT ( 'NONE',  ( 0.08503937007874015630, -0.08520540713768977314, 0.01618446761253700822 ) ) ;
#7432 = CARTESIAN_POINT ( 'NONE',  ( 0.08875394017312086825, 0.08678773980257460663, 0.04956334551344634964 ) ) ;
#7433 = APPLICATION_CONTEXT ( 'automotive_design' ) ;
#7434 = SURFACE_STYLE_FILL_AREA ( #4826 ) ;
#7435 =( NAMED_UNIT ( * ) PLANE_ANGLE_UNIT ( ) SI_UNIT ( $, .RADIAN. ) );
#7436 = EDGE_CURVE ( 'NONE', #6986, #8214, #5272, .T. ) ;
#7437 = VECTOR ( 'NONE', #1383, 39.37007874015748854 ) ;
#7438 = FACE_OUTER_BOUND ( 'NONE', #1906, .T. ) ;
#7439 = CARTESIAN_POINT ( 'NONE',  ( -0.07795275590551181688, 0.01003937007874018336, 0.009842519685039369942 ) ) ;
#7440 = ORIENTED_EDGE ( 'NONE', *, *, #4449, .T. ) ;
#7441 = VERTEX_POINT ( 'NONE', #7941 ) ;
#7442 = DIRECTION ( 'NONE',  ( 0.000000000000000000, 0.000000000000000000, 1.000000000000000000 ) ) ;
#7443 = UNCERTAINTY_MEASURE_WITH_UNIT (LENGTH_MEASURE( 1.000000000000000082E-05 ), #2617, 'distance_accuracy_value', 'NONE');
#7444 =( NAMED_UNIT ( * ) SI_UNIT ( $, .STERADIAN. ) SOLID_ANGLE_UNIT ( ) );
#7445 = ADVANCED_FACE ( 'NONE', ( #984 ), #4511, .T. ) ;
#7446 =( NAMED_UNIT ( * ) PLANE_ANGLE_UNIT ( ) SI_UNIT ( $, .RADIAN. ) );
#7447 = FILL_AREA_STYLE ('',( #5338 ) ) ;
#7448 = CIRCLE ( 'NONE', #3557, 0.004921259842519684971 ) ;
#7449 = AXIS2_PLACEMENT_3D ( 'NONE', #5081, #3009, #7107 ) ;
#7450 = LENGTH_MEASURE_WITH_UNIT ( LENGTH_MEASURE( 0.02539999999999999897 ), #3249 );
#7451 = DIRECTION ( 'NONE',  ( 1.000000000000000000, 0.000000000000000000, -0.000000000000000000 ) ) ;
#7452 = LINE ( 'NONE', #650, #8403 ) ;
#7453 = LENGTH_MEASURE_WITH_UNIT ( LENGTH_MEASURE( 0.02539999999999999897 ), #8858 );
#7454 = LENGTH_MEASURE_WITH_UNIT ( LENGTH_MEASURE( 0.02539999999999999897 ), #8607 );
#7455 = COLOUR_RGB ( '',0.2862745098039215508, 0.2862745098039215508, 0.2862745098039215508 ) ;
#7456 =( NAMED_UNIT ( * ) PLANE_ANGLE_UNIT ( ) SI_UNIT ( $, .RADIAN. ) );
#7457 = CARTESIAN_POINT ( 'NONE',  ( 0.04822834645669292486, 0.09065212798349882306, 0.02986220472440944892 ) ) ;
#7458 = DIRECTION ( 'NONE',  ( -1.000000000000000000, -0.000000000000000000, -0.000000000000000000 ) ) ;
#7459 = CARTESIAN_POINT ( 'NONE',  ( -0.08753937007874014464, 0.01003937007874016775, 0.000000000000000000 ) ) ;
#7460 = CIRCLE ( 'NONE', #207, 0.004921259842519684971 ) ;
#7461 = CARTESIAN_POINT ( 'NONE',  ( 0.07499999999999999722, -0.09881790276005945894, 0.01182630964989291392 ) ) ;
#7462 = VECTOR ( 'NONE', #5368, 39.37007874015748143 ) ;
#7463 = ORIENTED_EDGE ( 'NONE', *, *, #60, .F. ) ;
#7464 = ORIENTED_EDGE ( 'NONE', *, *, #4, .T. ) ;
#7465 = PRESENTATION_STYLE_ASSIGNMENT (( #8117 ) ) ;
#7466 = DIRECTION ( 'NONE',  ( 1.000000000000000000, 0.000000000000000000, 0.000000000000000000 ) ) ;
#7467 = DIRECTION ( 'NONE',  ( -1.000000000000000000, 0.000000000000000000, 0.000000000000000000 ) ) ;
#7468 = FILL_AREA_STYLE_COLOUR ( '', #1333 ) ;
#7469 = LINE ( 'NONE', #1244, #1310 ) ;
#7470 = DIRECTION ( 'NONE',  ( 1.000000000000000000, 0.000000000000000000, 0.000000000000000000 ) ) ;
#7471 = SURFACE_SIDE_STYLE ('',( #4737 ) ) ;
#7472 = SURFACE_SIDE_STYLE ('',( #8832 ) ) ;
#7473 = CYLINDRICAL_SURFACE ( 'NONE', #5168, 0.004921259842519684971 ) ;
#7474 = ORIENTED_EDGE ( 'NONE', *, *, #6359, .T. ) ;
#7475 = ORIENTED_EDGE ( 'NONE', *, *, #6207, .F. ) ;
#7476 = DIRECTION ( 'NONE',  ( 1.000000000000000000, 0.000000000000000000, -0.000000000000000000 ) ) ;
#7477 = STYLED_ITEM ( 'NONE', ( #127 ), #1502 ) ;
#7478 = EDGE_CURVE ( 'NONE', #8214, #7035, #7241, .T. ) ;
#7479 = DIMENSIONAL_EXPONENTS ( 1.000000000000000000, 0.000000000000000000, 0.000000000000000000, 0.000000000000000000, 0.000000000000000000, 0.000000000000000000, 0.000000000000000000 ) ;
#7480 = AXIS2_PLACEMENT_3D ( 'NONE', #5697, #7760, #7113 ) ;
#7481 = FILL_AREA_STYLE ('',( #4746 ) ) ;
#7482 = SURFACE_STYLE_USAGE ( .BOTH. , #1450 ) ;
#7483 = DIRECTION ( 'NONE',  ( -0.000000000000000000, 1.000000000000000000, 0.000000000000000000 ) ) ;
#7484 = ORIENTED_EDGE ( 'NONE', *, *, #6979, .F. ) ;
#7485 = ORIENTED_EDGE ( 'NONE', *, *, #3532, .F. ) ;
#7486 = FILL_AREA_STYLE ('',( #1862 ) ) ;
#7487 = CARTESIAN_POINT ( 'NONE',  ( 0.000000000000000000, 0.007086614173228346358, 0.04988188976377952444 ) ) ;
#7488 = CARTESIAN_POINT ( 'NONE',  ( -0.02500000000000000139, -0.06061878546604763246, 0.01731541798661000164 ) ) ;
#7489 = PRESENTATION_LAYER_ASSIGNMENT (  '', '', ( #6349 ) ) ;
#7490 = CARTESIAN_POINT ( 'NONE',  ( -0.08779069753053739267, -0.07223726126315209439, 0.04955826332223258607 ) ) ;
#7491 = LINE ( 'NONE', #1865, #159 ) ;
#7492 =( CONVERSION_BASED_UNIT ( 'INCH', #6170 ) LENGTH_UNIT ( ) NAMED_UNIT ( #1445 ) );
#7493 =( NAMED_UNIT ( * ) PLANE_ANGLE_UNIT ( ) SI_UNIT ( $, .RADIAN. ) );
#7494 = ADVANCED_FACE ( 'NONE', ( #5136 ), #7890, .T. ) ;
#7495 = FILL_AREA_STYLE_COLOUR ( '', #7187 ) ;
#7496 = CARTESIAN_POINT ( 'NONE',  ( -0.07499999999999999722, -0.09881790276005945894, 0.01182630964989291392 ) ) ;
#7497 = DIRECTION ( 'NONE',  ( -0.000000000000000000, 0.9989437399158199726, 0.04595002157773900309 ) ) ;
#7498 = VECTOR ( 'NONE', #4198, 39.37007874015748143 ) ;
#7499 = EDGE_CURVE ( 'NONE', #4898, #7371, #5841, .T. ) ;
#7500 = SURFACE_STYLE_FILL_AREA ( #1974 ) ;
#7501 = FILL_AREA_STYLE_COLOUR ( '', #332 ) ;
#7502 = LINE ( 'NONE', #6749, #5551 ) ;
#7503 = CARTESIAN_POINT ( 'NONE',  ( 0.07795275590551181688, -0.0009842519685039168281, 0.009842519685039369942 ) ) ;
#7504 = PLANE ( 'NONE',  #8325 ) ;
#7505 = VECTOR ( 'NONE', #4716, 39.37007874015748143 ) ;
#7506 = FILL_AREA_STYLE_COLOUR ( '', #7969 ) ;
#7507 = ORIENTED_EDGE ( 'NONE', *, *, #6814, .T. ) ;
#7508 = VERTEX_POINT ( 'NONE', #7512 ) ;
#7509 = ADVANCED_FACE ( 'NONE', ( #6801 ), #4777, .T. ) ;
#7510 = ORIENTED_EDGE ( 'NONE', *, *, #4764, .T. ) ;
#7511 =( LENGTH_UNIT ( ) NAMED_UNIT ( * ) SI_UNIT ( $, .METRE. ) );
#7512 = CARTESIAN_POINT ( 'NONE',  ( 0.09188006978458958252, -0.07123425513375082618, 0.04711612391623665880 ) ) ;
#7513 = AXIS2_PLACEMENT_3D ( 'NONE', #6031, #3809, #6643 ) ;
#7514 = CARTESIAN_POINT ( 'NONE',  ( 0.000000000000000000, 0.007086614173228346358, 0.005000000000000000104 ) ) ;
#7515 = VERTEX_POINT ( 'NONE', #1290 ) ;
#7516 = EDGE_CURVE ( 'NONE', #3734, #8768, #8164, .T. ) ;
#7517 = EDGE_LOOP ( 'NONE', ( #5029, #1295, #5001, #8260 ) ) ;
#7518 = FACE_OUTER_BOUND ( 'NONE', #4326, .T. ) ;
#7519 = FILL_AREA_STYLE ('',( #3417 ) ) ;
#7520 = PRESENTATION_STYLE_ASSIGNMENT (( #678 ) ) ;
#7521 = CARTESIAN_POINT ( 'NONE',  ( -0.09645669291338584972, 0.09311023622047245873, 0.000000000000000000 ) ) ;
#7522 = ORIENTED_EDGE ( 'NONE', *, *, #7983, .T. ) ;
#7523 = ORIENTED_EDGE ( 'NONE', *, *, #8642, .T. ) ;
#7524 = EDGE_CURVE ( 'NONE', #8447, #1721, #5275, .T. ) ;
#7525 = CARTESIAN_POINT ( 'NONE',  ( 0.07795275590551181688, -0.0009842519685039172617, 0.009842519685039369942 ) ) ;
#7526 = VECTOR ( 'NONE', #6239, 39.37007874015748143 ) ;
#7527 = UNCERTAINTY_MEASURE_WITH_UNIT (LENGTH_MEASURE( 1.000000000000000082E-05 ), #2608, 'distance_accuracy_value', 'NONE');
#7528 = CARTESIAN_POINT ( 'NONE',  ( -0.07499999999999999722, -0.06107104945795473194, 0.02714754141097830767 ) ) ;
#7529 = VECTOR ( 'NONE', #3608, 39.37007874015748143 ) ;
#7530 = PRESENTATION_STYLE_ASSIGNMENT (( #4799 ) ) ;
#7531 = SURFACE_STYLE_FILL_AREA ( #597 ) ;
#7532 = VECTOR ( 'NONE', #5876, 39.37007874015748143 ) ;
#7533 = CARTESIAN_POINT ( 'NONE',  ( -0.08753937007874017240, -0.0009842519685039220322, 0.005000000000000000104 ) ) ;
#7534 = DIMENSIONAL_EXPONENTS ( 1.000000000000000000, 0.000000000000000000, 0.000000000000000000, 0.000000000000000000, 0.000000000000000000, 0.000000000000000000, 0.000000000000000000 ) ;
#7535 =( NAMED_UNIT ( * ) PLANE_ANGLE_UNIT ( ) SI_UNIT ( $, .RADIAN. ) );
#7536 = FACE_OUTER_BOUND ( 'NONE', #4537, .T. ) ;
#7537 = SURFACE_STYLE_USAGE ( .BOTH. , #4038 ) ;
#7538 = UNCERTAINTY_MEASURE_WITH_UNIT (LENGTH_MEASURE( 1.000000000000000082E-05 ), #3879, 'distance_accuracy_value', 'NONE');
#7539 = CARTESIAN_POINT ( 'NONE',  ( 0.08307086614173228578, -0.09755300347091183655, 0.01413418920407248473 ) ) ;
#7540 = DIRECTION ( 'NONE',  ( 0.000000000000000000, 3.469446951953614189E-15, -1.000000000000000000 ) ) ;
#7541 = VECTOR ( 'NONE', #8879, 39.37007874015748143 ) ;
#7542 = MECHANICAL_DESIGN_GEOMETRIC_PRESENTATION_REPRESENTATION (  '', ( #6832 ), #1614 ) ;
#7543 =( NAMED_UNIT ( * ) SI_UNIT ( $, .STERADIAN. ) SOLID_ANGLE_UNIT ( ) );
#7544 = DIRECTION ( 'NONE',  ( -0.000000000000000000, -1.000000000000000000, 0.000000000000000000 ) ) ;
#7545 =( NAMED_UNIT ( * ) SI_UNIT ( $, .STERADIAN. ) SOLID_ANGLE_UNIT ( ) );
#7546 = ORIENTED_EDGE ( 'NONE', *, *, #8946, .T. ) ;
#7547 = ORIENTED_EDGE ( 'NONE', *, *, #1305, .T. ) ;
#7548 = EDGE_CURVE ( 'NONE', #5096, #2782, #5892, .T. ) ;
#7549 = UNCERTAINTY_MEASURE_WITH_UNIT (LENGTH_MEASURE( 1.000000000000000082E-05 ), #384, 'distance_accuracy_value', 'NONE');
#7550 = VERTEX_POINT ( 'NONE', #5362 ) ;
#7551 = FILL_AREA_STYLE ('',( #4814 ) ) ;
#7552 = PRESENTATION_LAYER_ASSIGNMENT (  '', '', ( #2517 ) ) ;
#7553 = PRESENTATION_STYLE_ASSIGNMENT (( #2734 ) ) ;
#7554 = MECHANICAL_DESIGN_GEOMETRIC_PRESENTATION_REPRESENTATION (  '', ( #2949 ), #4830 ) ;
#7555 = DIRECTION ( 'NONE',  ( 0.000000000000000000, 0.000000000000000000, 1.000000000000000000 ) ) ;
#7556 = PRESENTATION_STYLE_ASSIGNMENT (( #2030 ) ) ;
#7557 = EDGE_CURVE ( 'NONE', #3264, #4853, #7571, .T. ) ;
#7558 = CARTESIAN_POINT ( 'NONE',  ( -0.08875394017312086825, 0.08678773980257459275, 0.04956334551344636352 ) ) ;
#7559 = MECHANICAL_DESIGN_GEOMETRIC_PRESENTATION_REPRESENTATION (  '', ( #8449 ), #714 ) ;
#7560 = EDGE_CURVE ( 'NONE', #4853, #929, #3316, .T. ) ;
#7561 = DIRECTION ( 'NONE',  ( -1.000000000000000000, -0.000000000000000000, -0.000000000000000000 ) ) ;
#7562 = UNCERTAINTY_MEASURE_WITH_UNIT (LENGTH_MEASURE( 1.000000000000000082E-05 ), #5826, 'distance_accuracy_value', 'NONE');
#7563 = SURFACE_STYLE_FILL_AREA ( #3504 ) ;
#7564 = ORIENTED_EDGE ( 'NONE', *, *, #7780, .T. ) ;
#7565 =( GEOMETRIC_REPRESENTATION_CONTEXT ( 3 ) GLOBAL_UNCERTAINTY_ASSIGNED_CONTEXT ( ( #3575 ) ) GLOBAL_UNIT_ASSIGNED_CONTEXT ( ( #319, #8640, #1604 ) ) REPRESENTATION_CONTEXT ( 'NONE', 'WORKASPACE' ) );
#7566 = UNCERTAINTY_MEASURE_WITH_UNIT (LENGTH_MEASURE( 1.000000000000000082E-05 ), #3596, 'distance_accuracy_value', 'NONE');
#7567 = ORIENTED_EDGE ( 'NONE', *, *, #345, .T. ) ;
#7568 = DIRECTION ( 'NONE',  ( 1.000000000000000000, 0.000000000000000000, -0.000000000000000000 ) ) ;
#7569 = CARTESIAN_POINT ( 'NONE',  ( 0.02500000000000000139, -0.08244437787890905589, 0.01631147111528527538 ) ) ;
#7570 = DIRECTION ( 'NONE',  ( -0.7071067811865469066, 0.7071067811865479058, 0.000000000000000000 ) ) ;
#7571 = CIRCLE ( 'NONE', #321, 0.004921259842519684971 ) ;
#7572 = EDGE_CURVE ( 'NONE', #6941, #4795, #6095, .T. ) ;
#7573 = CARTESIAN_POINT ( 'NONE',  ( 0.07499999999999999722, -0.08653382883559766758, 0.01376068786798879603 ) ) ;
#7574 = AXIS2_PLACEMENT_3D ( 'NONE', #7771, #8419, #2153 ) ;
#7575 = DIRECTION ( 'NONE',  ( -1.000000000000000000, 0.000000000000000000, -0.000000000000000000 ) ) ;
#7576 = VERTEX_POINT ( 'NONE', #5501 ) ;
#7577 = VERTEX_POINT ( 'NONE', #4058 ) ;
#7578 =( CONVERSION_BASED_UNIT ( 'INCH', #3518 ) LENGTH_UNIT ( ) NAMED_UNIT ( #3511 ) );
#7579 = EDGE_CURVE ( 'NONE', #2967, #5433, #8160, .T. ) ;
#7580 = VECTOR ( 'NONE', #7561, 39.37007874015748143 ) ;
#7581 = MECHANICAL_DESIGN_GEOMETRIC_PRESENTATION_REPRESENTATION (  '', ( #1492 ), #5888 ) ;
#7582 = STYLED_ITEM ( 'NONE', ( #4191 ), #8718 ) ;
#7583 = DIRECTION ( 'NONE',  ( 0.000000000000000000, 0.000000000000000000, -1.000000000000000000 ) ) ;
#7584 =( GEOMETRIC_REPRESENTATION_CONTEXT ( 3 ) GLOBAL_UNCERTAINTY_ASSIGNED_CONTEXT ( ( #2664 ) ) GLOBAL_UNIT_ASSIGNED_CONTEXT ( ( #2596, #5350, #4809 ) ) REPRESENTATION_CONTEXT ( 'NONE', 'WORKASPACE' ) );
#7585 = CARTESIAN_POINT ( 'NONE',  ( -0.02500000000000000139, -0.06107104945795473194, 0.02714754141097830767 ) ) ;
#7586 = STYLED_ITEM ( 'NONE', ( #7530 ), #6154 ) ;
#7587 = CARTESIAN_POINT ( 'NONE',  ( 0.09055118110236221041, 0.007027559055118149690, 0.005000000000000000104 ) ) ;
#7588 = CYLINDRICAL_SURFACE ( 'NONE', #6323, 0.004921259842519684971 ) ;
#7589 = PLANE ( 'NONE',  #6452 ) ;
#7590 = CARTESIAN_POINT ( 'NONE',  ( -0.09515292158676451340, -0.07893016315050702114, 0.009953868386746065125 ) ) ;
#7591 = EDGE_CURVE ( 'NONE', #2120, #8431, #2695, .T. ) ;
#7592 =( NAMED_UNIT ( * ) SI_UNIT ( $, .STERADIAN. ) SOLID_ANGLE_UNIT ( ) );
#7593 = DIRECTION ( 'NONE',  ( -1.000000000000000000, 0.000000000000000000, 0.000000000000000000 ) ) ;
#7594 = PLANE ( 'NONE',  #4368 ) ;
#7595 = UNCERTAINTY_MEASURE_WITH_UNIT (LENGTH_MEASURE( 1.000000000000000082E-05 ), #7060, 'distance_accuracy_value', 'NONE');
#7596 = ORIENTED_EDGE ( 'NONE', *, *, #270, .F. ) ;
#7597 = EDGE_LOOP ( 'NONE', ( #5498, #4037, #2657, #8488 ) ) ;
#7598 = ORIENTED_EDGE ( 'NONE', *, *, #5771, .F. ) ;
#7599 = SURFACE_SIDE_STYLE ('',( #6841 ) ) ;
#7600 = EDGE_CURVE ( 'NONE', #4947, #3637, #4818, .T. ) ;
#7601 = DIMENSIONAL_EXPONENTS ( 1.000000000000000000, 0.000000000000000000, 0.000000000000000000, 0.000000000000000000, 0.000000000000000000, 0.000000000000000000, 0.000000000000000000 ) ;
#7602 = SURFACE_SIDE_STYLE ('',( #9 ) ) ;
#7603 = PRESENTATION_STYLE_ASSIGNMENT (( #706 ) ) ;
#7604 =( NAMED_UNIT ( * ) SI_UNIT ( $, .STERADIAN. ) SOLID_ANGLE_UNIT ( ) );
#7605 = SURFACE_STYLE_USAGE ( .BOTH. , #2958 ) ;
#7606 = SURFACE_STYLE_USAGE ( .BOTH. , #4366 ) ;
#7607 = SURFACE_STYLE_FILL_AREA ( #2779 ) ;
#7608 = VECTOR ( 'NONE', #7638, 39.37007874015748143 ) ;
#7609 = CARTESIAN_POINT ( 'NONE',  ( -0.06692913385826770867, -0.08244437787890905589, 0.01631147111528528579 ) ) ;
#7610 = CARTESIAN_POINT ( 'NONE',  ( -0.08896802089924288337, 0.08878423255659449731, 0.04861592253589122614 ) ) ;
#7611 = VERTEX_POINT ( 'NONE', #2175 ) ;
#7612 = ORIENTED_EDGE ( 'NONE', *, *, #1926, .F. ) ;
#7613 = CARTESIAN_POINT ( 'NONE',  ( -0.09330708661417323746, 0.09311023622047245873, 0.000000000000000000 ) ) ;
#7614 = EDGE_CURVE ( 'NONE', #7321, #4494, #12, .T. ) ;
#7615 = ORIENTED_EDGE ( 'NONE', *, *, #8410, .T. ) ;
#7616 = COLOUR_RGB ( '',0.2862745098039215508, 0.2862745098039215508, 0.2862745098039215508 ) ;
#7617 = CARTESIAN_POINT ( 'NONE',  ( 0.03307086614173228301, -0.08565767112959683793, 0.02601659103690531771 ) ) ;
#7618 = FACE_OUTER_BOUND ( 'NONE', #398, .T. ) ;
#7619 = CARTESIAN_POINT ( 'NONE',  ( -0.06530030766429134603, 0.09311023622047244486, 0.009842519685039366473 ) ) ;
#7620 = DIRECTION ( 'NONE',  ( 0.000000000000000000, 0.9989437399158199726, 0.04595002157773880186 ) ) ;
#7621 = AXIS2_PLACEMENT_3D ( 'NONE', #2497, #3088, #7835 ) ;
#7622 = LENGTH_MEASURE_WITH_UNIT ( LENGTH_MEASURE( 0.02539999999999999897 ), #6772 );
#7623 = PRESENTATION_LAYER_ASSIGNMENT (  '', '', ( #5173 ) ) ;
#7624 = PRESENTATION_STYLE_ASSIGNMENT (( #5612 ) ) ;
#7625 = ORIENTED_EDGE ( 'NONE', *, *, #5091, .F. ) ;
#7626 = ORIENTED_EDGE ( 'NONE', *, *, #5727, .F. ) ;
#7627 = VECTOR ( 'NONE', #3665, 39.37007874015748143 ) ;
#7628 = EDGE_CURVE ( 'NONE', #8768, #842, #2824, .T. ) ;
#7629 = LENGTH_MEASURE_WITH_UNIT ( LENGTH_MEASURE( 0.02539999999999999897 ), #8272 );
#7630 = VECTOR ( 'NONE', #3430, 39.37007874015748143 ) ;
#7631 = CARTESIAN_POINT ( 'NONE',  ( -0.09120840238182399695, -0.07290115526594750928, 0.04819253936474397759 ) ) ;
#7632 =( NAMED_UNIT ( * ) PLANE_ANGLE_UNIT ( ) SI_UNIT ( $, .RADIAN. ) );
#7633 =( GEOMETRIC_REPRESENTATION_CONTEXT ( 3 ) GLOBAL_UNCERTAINTY_ASSIGNED_CONTEXT ( ( #7566 ) ) GLOBAL_UNIT_ASSIGNED_CONTEXT ( ( #3596, #2270, #6402 ) ) REPRESENTATION_CONTEXT ( 'NONE', 'WORKASPACE' ) );
#7634 = LINE ( 'NONE', #7585, #8129 ) ;
#7635 = EDGE_CURVE ( 'NONE', #1195, #681, #6268, .T. ) ;
#7636 =( NAMED_UNIT ( * ) PLANE_ANGLE_UNIT ( ) SI_UNIT ( $, .RADIAN. ) );
#7637 = UNCERTAINTY_MEASURE_WITH_UNIT (LENGTH_MEASURE( 1.000000000000000082E-05 ), #3091, 'distance_accuracy_value', 'NONE');
#7638 = DIRECTION ( 'NONE',  ( 1.000000000000000000, 0.000000000000000000, 0.000000000000000000 ) ) ;
#7639 =( CONVERSION_BASED_UNIT ( 'INCH', #6132 ) LENGTH_UNIT ( ) NAMED_UNIT ( #2462 ) );
#7640 = UNCERTAINTY_MEASURE_WITH_UNIT (LENGTH_MEASURE( 1.000000000000000082E-05 ), #6465, 'distance_accuracy_value', 'NONE');
#7641 = FILL_AREA_STYLE ('',( #4356 ) ) ;
#7642 = AXIS2_PLACEMENT_3D ( 'NONE', #1154, #2644, #3408 ) ;
#7643 = FACE_OUTER_BOUND ( 'NONE', #6583, .T. ) ;
#7644 = DIRECTION ( 'NONE',  ( 0.000000000000000000, 0.000000000000000000, -1.000000000000000000 ) ) ;
#7645 = ORIENTED_EDGE ( 'NONE', *, *, #5055, .F. ) ;
#7646 = CARTESIAN_POINT ( 'NONE',  ( -0.06530030766429134603, 0.1049212598425196957, 0.000000000000000000 ) ) ;
#7647 = VERTEX_POINT ( 'NONE', #8342 ) ;
#7648 = ORIENTED_EDGE ( 'NONE', *, *, #788, .T. ) ;
#7649 = ORIENTED_EDGE ( 'NONE', *, *, #4101, .T. ) ;
#7650 = AXIS2_PLACEMENT_3D ( 'NONE', #4981, #7133, #3076 ) ;
#7651 = PRESENTATION_LAYER_ASSIGNMENT (  '', '', ( #8670 ) ) ;
#7652 = CARTESIAN_POINT ( 'NONE',  ( 0.08875394017312086825, -0.07261451145611788616, 0.04956334551344636352 ) ) ;
#7653 = FACE_OUTER_BOUND ( 'NONE', #7673, .T. ) ;
#7654 = CARTESIAN_POINT ( 'NONE',  ( -0.06530030766429134603, 0.1049212598425196957, 0.000000000000000000 ) ) ;
#7655 = FILL_AREA_STYLE_COLOUR ( '', #8710 ) ;
#7656 = DIRECTION ( 'NONE',  ( 0.1209742911513550789, -0.1209742911513595892, -0.9852565360152923946 ) ) ;
#7657 = DIRECTION ( 'NONE',  ( -1.000000000000000000, -0.000000000000000000, -0.000000000000000000 ) ) ;
#7658 = CARTESIAN_POINT ( 'NONE',  ( -0.09042084030531757910, 0.08707438361240418812, 0.04882104092741532120 ) ) ;
#7659 = ORIENTED_EDGE ( 'NONE', *, *, #4217, .T. ) ;
#7660 = ORIENTED_EDGE ( 'NONE', *, *, #3018, .T. ) ;
#7661 = LENGTH_MEASURE_WITH_UNIT ( LENGTH_MEASURE( 0.02539999999999999897 ), #753 );
#7662 = PRESENTATION_LAYER_ASSIGNMENT (  '', '', ( #3913 ) ) ;
#7663 = ORIENTED_EDGE ( 'NONE', *, *, #1397, .T. ) ;
#7664 = AXIS2_PLACEMENT_3D ( 'NONE', #3857, #6742, #2589 ) ;
#7665 = CYLINDRICAL_SURFACE ( 'NONE', #1768, 0.003149606299212602718 ) ;
#7666 = DIMENSIONAL_EXPONENTS ( 1.000000000000000000, 0.000000000000000000, 0.000000000000000000, 0.000000000000000000, 0.000000000000000000, 0.000000000000000000, 0.000000000000000000 ) ;
#7667 = LINE ( 'NONE', #2976, #3935 ) ;
#7668 = LINE ( 'NONE', #7855, #7124 ) ;
#7669 = MECHANICAL_DESIGN_GEOMETRIC_PRESENTATION_REPRESENTATION (  '', ( #4224 ), #1138 ) ;
#7670 =( CONVERSION_BASED_UNIT ( 'INCH', #7622 ) LENGTH_UNIT ( ) NAMED_UNIT ( #4491 ) );
#7671 = ORIENTED_EDGE ( 'NONE', *, *, #2652, .T. ) ;
#7672 = UNCERTAINTY_MEASURE_WITH_UNIT (LENGTH_MEASURE( 1.000000000000000082E-05 ), #8924, 'distance_accuracy_value', 'NONE');
#7673 = EDGE_LOOP ( 'NONE', ( #4140, #942, #4285, #4963 ) ) ;
#7674 = PRESENTATION_STYLE_ASSIGNMENT (( #1590 ) ) ;
#7675 = PLANE ( 'NONE',  #8929 ) ;
#7676 = DIRECTION ( 'NONE',  ( 1.000000000000000000, 0.000000000000000000, 0.000000000000000000 ) ) ;
#7677 = VECTOR ( 'NONE', #864, 39.37007874015748143 ) ;
#7678 = ADVANCED_FACE ( 'NONE', ( #5685 ), #8440, .T. ) ;
#7679 = LINE ( 'NONE', #2846, #7308 ) ;
#7680 = CIRCLE ( 'NONE', #5971, 0.004921259842519684971 ) ;
#7681 = CARTESIAN_POINT ( 'NONE',  ( -0.02411417322834646243, -0.07123425513375078455, 0.04673228346456693300 ) ) ;
#7682 =( NAMED_UNIT ( * ) SI_UNIT ( $, .STERADIAN. ) SOLID_ANGLE_UNIT ( ) );
#7683 = MECHANICAL_DESIGN_GEOMETRIC_PRESENTATION_REPRESENTATION (  '', ( #723 ), #1298 ) ;
#7684 = FILL_AREA_STYLE ('',( #2159 ) ) ;
#7685 = PRESENTATION_LAYER_ASSIGNMENT (  '', '', ( #2781 ) ) ;
#7686 = DIRECTION ( 'NONE',  ( -0.000000000000000000, 1.000000000000000000, 0.000000000000000000 ) ) ;
#7687 = EDGE_CURVE ( 'NONE', #6744, #763, #7747, .T. ) ;
#7688 = COLOUR_RGB ( '',0.7490196078431372584, 0.7490196078431372584, 0.7490196078431372584 ) ;
#7689 =( NAMED_UNIT ( * ) PLANE_ANGLE_UNIT ( ) SI_UNIT ( $, .RADIAN. ) );
#7690 = LINE ( 'NONE', #5069, #3067 ) ;
#7691 = UNCERTAINTY_MEASURE_WITH_UNIT (LENGTH_MEASURE( 1.000000000000000082E-05 ), #156, 'distance_accuracy_value', 'NONE');
#7692 = ORIENTED_EDGE ( 'NONE', *, *, #8993, .F. ) ;
#7693 = ORIENTED_EDGE ( 'NONE', *, *, #1568, .T. ) ;
#7694 = LENGTH_MEASURE_WITH_UNIT ( LENGTH_MEASURE( 0.02539999999999999897 ), #4948 );
#7695 = VECTOR ( 'NONE', #2367, 39.37007874015748143 ) ;
#7696 = LENGTH_MEASURE_WITH_UNIT ( LENGTH_MEASURE( 0.02539999999999999897 ), #7511 );
#7697 = CARTESIAN_POINT ( 'NONE',  ( -0.09054314505225576071, -0.07461100421013790174, 0.04735891941054842791 ) ) ;
#7698 = SHAPE_REPRESENTATION_RELATIONSHIP ( 'NONE' , 'NONE' ,  #4183, #6344 ) ;
#7699 = CARTESIAN_POINT ( 'NONE',  ( 0.07499999999999999722, -0.08244437787890905589, 0.01631147111528529273 ) ) ;
#7700 =( CONVERSION_BASED_UNIT ( 'INCH', #5686 ) LENGTH_UNIT ( ) NAMED_UNIT ( #3062 ) );
#7701 = LINE ( 'NONE', #8393, #8448 ) ;
#7702 = LINE ( 'NONE', #7792, #6397 ) ;
#7703 = CARTESIAN_POINT ( 'NONE',  ( 0.01692913385826771630, -0.06107104945795473194, 0.02714754141097830767 ) ) ;
#7704 = EDGE_CURVE ( 'NONE', #1308, #1948, #877, .T. ) ;
#7705 = STYLED_ITEM ( 'NONE', ( #8602 ), #4810 ) ;
#7706 = FILL_AREA_STYLE_COLOUR ( '', #5329 ) ;
#7707 = ORIENTED_EDGE ( 'NONE', *, *, #4337, .F. ) ;
#7708 = ORIENTED_EDGE ( 'NONE', *, *, #5102, .T. ) ;
#7709 = DIRECTION ( 'NONE',  ( 0.000000000000000000, 0.000000000000000000, 1.000000000000000000 ) ) ;
#7710 = PRESENTATION_STYLE_ASSIGNMENT (( #2969 ) ) ;
#7711 = DIMENSIONAL_EXPONENTS ( 1.000000000000000000, 0.000000000000000000, 0.000000000000000000, 0.000000000000000000, 0.000000000000000000, 0.000000000000000000, 0.000000000000000000 ) ;
#7712 = ORIENTED_EDGE ( 'NONE', *, *, #3356, .F. ) ;
#7713 =( BOUNDED_SURFACE ( )  B_SPLINE_SURFACE ( 3, 3, ( 
 ( #2604, #4394, #3749, #2289 ),
 ( #5365, #4438, #6495, #5856 ),
 ( #2382, #440, #7906, #1157 ),
 ( #1799, #4346, #4648, #905 ) ),
 .UNSPECIFIED., .F., .F., .F. ) 
 B_SPLINE_SURFACE_WITH_KNOTS ( ( 4, 4 ),
 ( 4, 4 ),
 ( 0.000000000000000000, 1.000000000000000000 ),
 ( 0.000000000000000000, 1.000000000000000000 ),
 .UNSPECIFIED. ) 
 GEOMETRIC_REPRESENTATION_ITEM ( )  RATIONAL_B_SPLINE_SURFACE ( (
 ( 1.000000000000000000, 0.3333333333333324822, 0.3333333333333324822, 1.000000000000000000),
 ( 0.9299384305662004024, 0.3099794768553993385, 0.3099794768553993385, 0.9299384305662004024),
 ( 0.9299384305662004024, 0.3099794768553993385, 0.3099794768553993385, 0.9299384305662004024),
 ( 1.000000000000000000, 0.3333333333333324822, 0.3333333333333324822, 1.000000000000000000) ) ) 
 REPRESENTATION_ITEM ( '' )  SURFACE ( )  );
#7714 = PRESENTATION_LAYER_ASSIGNMENT (  '', '', ( #5992 ) ) ;
#7715 = SURFACE_STYLE_USAGE ( .BOTH. , #2886 ) ;
#7716 = LINE ( 'NONE', #6991, #7909 ) ;
#7717 = EDGE_LOOP ( 'NONE', ( #8116, #1834, #1296, #8836 ) ) ;
#7718 = EDGE_LOOP ( 'NONE', ( #7663, #7831, #3544, #854 ) ) ;
#7719 = FILL_AREA_STYLE ('',( #1919 ) ) ;
#7720 = FACE_OUTER_BOUND ( 'NONE', #7429, .T. ) ;
#7721 = PRESENTATION_STYLE_ASSIGNMENT (( #166 ) ) ;
#7722 = LINE ( 'NONE', #7171, #8781 ) ;
#7723 = AXIS2_PLACEMENT_3D ( 'NONE', #7378, #7084, #7336 ) ;
#7724 = CARTESIAN_POINT ( 'NONE',  ( 0.03307086614173228301, -0.1210629921259842590, 0.000000000000000000 ) ) ;
#7725 = CARTESIAN_POINT ( 'NONE',  ( 0.06530030766429134603, 0.1049212598425196957, 0.000000000000000000 ) ) ;
#7726 = DIRECTION ( 'NONE',  ( 1.000000000000000000, 0.000000000000000000, 0.000000000000000000 ) ) ;
#7727 = MECHANICAL_DESIGN_GEOMETRIC_PRESENTATION_REPRESENTATION (  '', ( #756 ), #2236 ) ;
#7728 = DIMENSIONAL_EXPONENTS ( 1.000000000000000000, 0.000000000000000000, 0.000000000000000000, 0.000000000000000000, 0.000000000000000000, 0.000000000000000000, 0.000000000000000000 ) ;
#7729 = DIRECTION ( 'NONE',  ( -1.000000000000000000, -0.000000000000000000, 0.000000000000000000 ) ) ;
#7730 = SURFACE_STYLE_USAGE ( .BOTH. , #6172 ) ;
#7731 = UNCERTAINTY_MEASURE_WITH_UNIT (LENGTH_MEASURE( 1.000000000000000082E-05 ), #8178, 'distance_accuracy_value', 'NONE');
#7732 = ADVANCED_FACE ( 'NONE', ( #3535 ), #5075, .T. ) ;
#7733 = FILL_AREA_STYLE_COLOUR ( '', #5872 ) ;
#7734 = CARTESIAN_POINT ( 'NONE',  ( -0.09331878153261673192, -0.07893696444858717964, 0.009842873356772908339 ) ) ;
#7735 = FACE_OUTER_BOUND ( 'NONE', #8624, .T. ) ;
#7736 = STYLED_ITEM ( 'NONE', ( #2550 ), #8774 ) ;
#7737 = SURFACE_STYLE_FILL_AREA ( #2209 ) ;
#7738 = FILL_AREA_STYLE ('',( #51 ) ) ;
#7739 = EDGE_LOOP ( 'NONE', ( #8677, #7659, #1352, #7740 ) ) ;
#7740 = ORIENTED_EDGE ( 'NONE', *, *, #1068, .F. ) ;
#7741 = ORIENTED_EDGE ( 'NONE', *, *, #1476, .T. ) ;
#7742 = CARTESIAN_POINT ( 'NONE',  ( 0.01692913385826771630, -0.06061878546604763246, 0.01731541798661000858 ) ) ;
#7743 = CARTESIAN_POINT ( 'NONE',  ( 0.06530030766429134603, 0.1049212598425196957, 0.000000000000000000 ) ) ;
#7744 = FILL_AREA_STYLE ('',( #2218 ) ) ;
#7745 = AXIS2_PLACEMENT_3D ( 'NONE', #3904, #2455, #2357 ) ;
#7746 =( LENGTH_UNIT ( ) NAMED_UNIT ( * ) SI_UNIT ( $, .METRE. ) );
#7747 = LINE ( 'NONE', #8481, #7266 ) ;
#7748 = CARTESIAN_POINT ( 'NONE',  ( 0.08904527559055119834, 0.008533464566929174766, 0.000000000000000000 ) ) ;
#7749 = FILL_AREA_STYLE_COLOUR ( '', #8860 ) ;
#7750 = DIRECTION ( 'NONE',  ( 1.000000000000000000, 0.000000000000000000, 0.000000000000000000 ) ) ;
#7751 = CARTESIAN_POINT ( 'NONE',  ( -0.07795275590551178913, 0.09311023622047245873, 0.005000000000000000104 ) ) ;
#7752 = UNCERTAINTY_MEASURE_WITH_UNIT (LENGTH_MEASURE( 1.000000000000000082E-05 ), #4236, 'distance_accuracy_value', 'NONE');
#7753 = VECTOR ( 'NONE', #2300, 39.37007874015748143 ) ;
#7754 = PRESENTATION_STYLE_ASSIGNMENT (( #884 ) ) ;
#7755 = PRESENTATION_LAYER_ASSIGNMENT (  '', '', ( #7310 ) ) ;
#7756 = ORIENTED_EDGE ( 'NONE', *, *, #2499, .F. ) ;
#7757 = ORIENTED_EDGE ( 'NONE', *, *, #4485, .T. ) ;
#7758 =( LENGTH_UNIT ( ) NAMED_UNIT ( * ) SI_UNIT ( $, .METRE. ) );
#7759 = VERTEX_POINT ( 'NONE', #7149 ) ;
#7760 = DIRECTION ( 'NONE',  ( -1.000000000000000000, 0.000000000000000000, 0.000000000000000000 ) ) ;
#7761 = SURFACE_STYLE_FILL_AREA ( #2927 ) ;
#7762 = AXIS2_PLACEMENT_3D ( 'NONE', #6830, #7405, #8687 ) ;
#7763 = LINE ( 'NONE', #4967, #6820 ) ;
#7764 = SURFACE_STYLE_USAGE ( .BOTH. , #119 ) ;
#7765 = SURFACE_STYLE_FILL_AREA ( #120 ) ;
#7766 = ORIENTED_EDGE ( 'NONE', *, *, #5488, .F. ) ;
#7767 = ORIENTED_EDGE ( 'NONE', *, *, #4776, .F. ) ;
#7768 = STYLED_ITEM ( 'NONE', ( #2048 ), #1126 ) ;
#7769 = FILL_AREA_STYLE_COLOUR ( '', #4201 ) ;
#7770 = FACE_OUTER_BOUND ( 'NONE', #3073, .T. ) ;
#7771 = CARTESIAN_POINT ( 'NONE',  ( -0.07074210174531850304, -0.05322241670594842627, 0.04988188976377952444 ) ) ;
#7772 = PRESENTATION_LAYER_ASSIGNMENT (  '', '', ( #69 ) ) ;
#7773 = DIRECTION ( 'NONE',  ( 0.000000000000000000, 0.7143278697962460733, -0.6998111848437100768 ) ) ;
#7774 = CARTESIAN_POINT ( 'NONE',  ( -0.02500000000000000139, -0.08244437787890905589, 0.01631147111528527538 ) ) ;
#7775 = MECHANICAL_DESIGN_GEOMETRIC_PRESENTATION_REPRESENTATION (  '', ( #525 ), #1537 ) ;
#7776 = FACE_OUTER_BOUND ( 'NONE', #7597, .T. ) ;
#7777 = PRESENTATION_LAYER_ASSIGNMENT (  '', '', ( #8217 ) ) ;
#7778 = AXIS2_PLACEMENT_3D ( 'NONE', #5375, #2041, #3416 ) ;
#7779 = CARTESIAN_POINT ( 'NONE',  ( 0.08503937007874015630, -0.08814047546094172514, 0.01988863945244704820 ) ) ;
#7780 = EDGE_CURVE ( 'NONE', #2133, #2213, #3771, .T. ) ;
#7781 =( NAMED_UNIT ( * ) SI_UNIT ( $, .STERADIAN. ) SOLID_ANGLE_UNIT ( ) );
#7782 = VERTEX_POINT ( 'NONE', #3131 ) ;
#7783 = ORIENTED_EDGE ( 'NONE', *, *, #1452, .T. ) ;
#7784 = LINE ( 'NONE', #8434, #255 ) ;
#7785 = DIMENSIONAL_EXPONENTS ( 1.000000000000000000, 0.000000000000000000, 0.000000000000000000, 0.000000000000000000, 0.000000000000000000, 0.000000000000000000, 0.000000000000000000 ) ;
#7786 = SURFACE_STYLE_USAGE ( .BOTH. , #7100 ) ;
#7787 = EDGE_CURVE ( 'NONE', #3642, #2470, #1013, .T. ) ;
#7788 = CARTESIAN_POINT ( 'NONE',  ( -0.07203936501762205069, -0.05192515343364489250, 0.04870078740157480351 ) ) ;
#7789 =( CONVERSION_BASED_UNIT ( 'INCH', #7102 ) LENGTH_UNIT ( ) NAMED_UNIT ( #7256 ) );
#7790 = SURFACE_STYLE_FILL_AREA ( #5243 ) ;
#7791 =( NAMED_UNIT ( * ) SI_UNIT ( $, .STERADIAN. ) SOLID_ANGLE_UNIT ( ) );
#7792 = CARTESIAN_POINT ( 'NONE',  ( -0.08946850393700787885, -0.0009842519685039172617, 0.009842519685039369942 ) ) ;
#7793 = LENGTH_MEASURE_WITH_UNIT ( LENGTH_MEASURE( 0.02539999999999999897 ), #200 );
#7794 = EDGE_CURVE ( 'NONE', #7035, #1205, #285, .T. ) ;
#7795 = DIRECTION ( 'NONE',  ( 0.1209742911513549402, 0.1209742911513594643, 0.9852565360152923946 ) ) ;
#7796 = ORIENTED_EDGE ( 'NONE', *, *, #8100, .F. ) ;
#7797 = ORIENTED_EDGE ( 'NONE', *, *, #7963, .T. ) ;
#7798 =( CONVERSION_BASED_UNIT ( 'INCH', #152 ) LENGTH_UNIT ( ) NAMED_UNIT ( #3797 ) );
#7799 =( CONVERSION_BASED_UNIT ( 'INCH', #7661 ) LENGTH_UNIT ( ) NAMED_UNIT ( #4376 ) );
#7800 = DIRECTION ( 'NONE',  ( 0.000000000000000000, 0.7143278697962581747, -0.6998111848436976423 ) ) ;
#7801 = COLOUR_RGB ( '',0.2862745098039215508, 0.2862745098039215508, 0.2862745098039215508 ) ;
#7802 = ADVANCED_FACE ( 'NONE', ( #1698 ), #4539, .T. ) ;
#7803 = DIRECTION ( 'NONE',  ( 0.1209742911513550095, 0.1209742911513550095, 0.9852565360152930607 ) ) ;
#7804 = MECHANICAL_DESIGN_GEOMETRIC_PRESENTATION_REPRESENTATION (  '', ( #2750 ), #1127 ) ;
#7805 = SURFACE_SIDE_STYLE ('',( #6406 ) ) ;
#7806 = CLOSED_SHELL ( 'NONE', ( #2192, #3922, #7231, #4229, #7445, #185, #8904, #6641, #3630, #685, #7182, #7334, #6464, #1502, #6373, #4041, #6154, #3485, #4068, #7678, #8813, #1253, #2421, #3587, #4756, #5853, #1885, #969, #3740, #1340, #1151, #8673, #5781, #6109, #8495, #2094 ) ) ;
#7807 = ADVANCED_FACE ( 'NONE', ( #3902 ), #4414, .T. ) ;
#7808 = ORIENTED_EDGE ( 'NONE', *, *, #6813, .F. ) ;
#7809 = ORIENTED_EDGE ( 'NONE', *, *, #1899, .F. ) ;
#7810 = CIRCLE ( 'NONE', #835, 0.003149606299212610091 ) ;
#7811 = PLANE ( 'NONE',  #5347 ) ;
#7812 =( GEOMETRIC_REPRESENTATION_CONTEXT ( 3 ) GLOBAL_UNCERTAINTY_ASSIGNED_CONTEXT ( ( #5789 ) ) GLOBAL_UNIT_ASSIGNED_CONTEXT ( ( #965, #3044, #5115 ) ) REPRESENTATION_CONTEXT ( 'NONE', 'WORKASPACE' ) );
#7813 =( NAMED_UNIT ( * ) PLANE_ANGLE_UNIT ( ) SI_UNIT ( $, .RADIAN. ) );
#7814 = DIRECTION ( 'NONE',  ( 0.000000000000000000, -5.204170427930419706E-15, -1.000000000000000000 ) ) ;
#7815 = PRESENTATION_STYLE_ASSIGNMENT (( #7041 ) ) ;
#7816 = SURFACE_SIDE_STYLE ('',( #1676 ) ) ;
#7817 = CARTESIAN_POINT ( 'NONE',  ( 0.07795275590551181688, -0.0009842519685039135754, 0.000000000000000000 ) ) ;
#7818 = SURFACE_SIDE_STYLE ('',( #860 ) ) ;
#7819 = ORIENTED_EDGE ( 'NONE', *, *, #8433, .T. ) ;
#7820 = ADVANCED_FACE ( 'NONE', ( #6693 ), #6134, .F. ) ;
#7821 = EDGE_CURVE ( 'NONE', #4151, #4494, #8769, .T. ) ;
#7822 = LENGTH_MEASURE_WITH_UNIT ( LENGTH_MEASURE( 0.02539999999999999897 ), #2901 );
#7823 = FILL_AREA_STYLE ('',( #3617 ) ) ;
#7824 = PLANE ( 'NONE',  #4159 ) ;
#7825 = COLOUR_RGB ( '',0.7490196078431372584, 0.7490196078431372584, 0.7490196078431372584 ) ;
#7826 = DIRECTION ( 'NONE',  ( 0.000000000000000000, 0.000000000000000000, -1.000000000000000000 ) ) ;
#7827 = CARTESIAN_POINT ( 'NONE',  ( -0.08307086614173228578, -0.09383657304297442214, 0.02091502454231232433 ) ) ;
#7828 = EDGE_CURVE ( 'NONE', #5096, #3868, #607, .T. ) ;
#7829 =( NAMED_UNIT ( * ) SI_UNIT ( $, .STERADIAN. ) SOLID_ANGLE_UNIT ( ) );
#7830 = ORIENTED_EDGE ( 'NONE', *, *, #2148, .T. ) ;
#7831 = ORIENTED_EDGE ( 'NONE', *, *, #1137, .F. ) ;
#7832 = CARTESIAN_POINT ( 'NONE',  ( -0.06692913385826770867, -0.1210629921259842590, 0.01357377070548917292 ) ) ;
#7833 = CARTESIAN_POINT ( 'NONE',  ( -0.1009842519685039408, 0.002027559055118133974, 0.009842519685039369942 ) ) ;
#7834 = VECTOR ( 'NONE', #5555, 39.37007874015748143 ) ;
#7835 = DIRECTION ( 'NONE',  ( 1.000000000000000000, 0.000000000000000000, 0.000000000000000000 ) ) ;
#7836 = SURFACE_STYLE_FILL_AREA ( #2221 ) ;
#7837 =( LENGTH_UNIT ( ) NAMED_UNIT ( * ) SI_UNIT ( $, .METRE. ) );
#7838 = DIRECTION ( 'NONE',  ( 0.3301180510536010360, -0.8484716754920951232, -0.4136639798873100737 ) ) ;
#7839 = PRESENTATION_STYLE_ASSIGNMENT (( #5079 ) ) ;
#7840 = FACE_OUTER_BOUND ( 'NONE', #3140, .T. ) ;
#7841 = UNCERTAINTY_MEASURE_WITH_UNIT (LENGTH_MEASURE( 1.000000000000000082E-05 ), #6778, 'distance_accuracy_value', 'NONE');
#7842 = LINE ( 'NONE', #6285, #7170 ) ;
#7843 = VERTEX_POINT ( 'NONE', #1874 ) ;
#7844 = ORIENTED_EDGE ( 'NONE', *, *, #6745, .T. ) ;
#7845 = SURFACE_STYLE_USAGE ( .BOTH. , #5883 ) ;
#7846 = CIRCLE ( 'NONE', #1303, 0.004921259842519684971 ) ;
#7847 = CARTESIAN_POINT ( 'NONE',  ( 0.07499999999999999722, -0.1210629921259842590, 0.000000000000000000 ) ) ;
#7848 = LINE ( 'NONE', #3015, #3454 ) ;
#7849 = EDGE_CURVE ( 'NONE', #6986, #7576, #514, .T. ) ;
#7850 =( GEOMETRIC_REPRESENTATION_CONTEXT ( 3 ) GLOBAL_UNCERTAINTY_ASSIGNED_CONTEXT ( ( #4180 ) ) GLOBAL_UNIT_ASSIGNED_CONTEXT ( ( #7700, #5742, #1337 ) ) REPRESENTATION_CONTEXT ( 'NONE', 'WORKASPACE' ) );
#7851 = LENGTH_MEASURE_WITH_UNIT ( LENGTH_MEASURE( 0.02539999999999999897 ), #3643 );
#7852 = EDGE_CURVE ( 'NONE', #699, #7066, #8814, .T. ) ;
#7853 = DIMENSIONAL_EXPONENTS ( 1.000000000000000000, 0.000000000000000000, 0.000000000000000000, 0.000000000000000000, 0.000000000000000000, 0.000000000000000000, 0.000000000000000000 ) ;
#7854 = FILL_AREA_STYLE_COLOUR ( '', #1873 ) ;
#7855 = CARTESIAN_POINT ( 'NONE',  ( -0.08307086614173228578, -0.08244437787890905589, 0.01631147111528527538 ) ) ;
#7856 =( NAMED_UNIT ( * ) PLANE_ANGLE_UNIT ( ) SI_UNIT ( $, .RADIAN. ) );
#7857 = VERTEX_POINT ( 'NONE', #2677 ) ;
#7858 = ORIENTED_EDGE ( 'NONE', *, *, #3717, .T. ) ;
#7859 = PRESENTATION_STYLE_ASSIGNMENT (( #2375 ) ) ;
#7860 = CARTESIAN_POINT ( 'NONE',  ( -0.08307086614173228578, -0.1210629921259842590, 0.009880116511253422829 ) ) ;
#7861 = EDGE_CURVE ( 'NONE', #7210, #6326, #2633, .T. ) ;
#7862 = LINE ( 'NONE', #8593, #4976 ) ;
#7863 = DIRECTION ( 'NONE',  ( -0.000000000000000000, 0.3143126552996258760, -0.9493195219305765598 ) ) ;
#7864 =( NAMED_UNIT ( * ) SI_UNIT ( $, .STERADIAN. ) SOLID_ANGLE_UNIT ( ) );
#7865 = DIRECTION ( 'NONE',  ( -0.3301180510536009249, 0.8484716754920951232, -0.4136639798873102403 ) ) ;
#7866 = ORIENTED_EDGE ( 'NONE', *, *, #639, .F. ) ;
#7867 = SURFACE_STYLE_FILL_AREA ( #5106 ) ;
#7868 = AXIS2_PLACEMENT_3D ( 'NONE', #6124, #8762, #4626 ) ;
#7869 = DIRECTION ( 'NONE',  ( 0.000000000000000000, -1.000000000000000000, -0.000000000000000000 ) ) ;
#7870 =( NAMED_UNIT ( * ) PLANE_ANGLE_UNIT ( ) SI_UNIT ( $, .RADIAN. ) );
#7871 = PRESENTATION_LAYER_ASSIGNMENT (  '', '', ( #1912 ) ) ;
#7872 = CARTESIAN_POINT ( 'NONE',  ( 0.09042084030531760686, -0.07290115526594748152, 0.04882104092741532814 ) ) ;
#7873 =( GEOMETRIC_REPRESENTATION_CONTEXT ( 3 ) GLOBAL_UNCERTAINTY_ASSIGNED_CONTEXT ( ( #7691 ) ) GLOBAL_UNIT_ASSIGNED_CONTEXT ( ( #156, #4381, #5755 ) ) REPRESENTATION_CONTEXT ( 'NONE', 'WORKASPACE' ) );
#7874 = DIRECTION ( 'NONE',  ( 0.000000000000000000, -0.9989437399158199726, -0.04595002157773900309 ) ) ;
#7875 = CARTESIAN_POINT ( 'NONE',  ( 0.01692913385826771630, -0.09383657304297426949, 0.02091502454231223759 ) ) ;
#7876 = ORIENTED_EDGE ( 'NONE', *, *, #3870, .F. ) ;
#7877 = SURFACE_SIDE_STYLE ('',( #8563 ) ) ;
#7878 = CARTESIAN_POINT ( 'NONE',  ( 0.01692913385826771630, -0.1210629921259842590, 0.01357377070548917292 ) ) ;
#7879 = ADVANCED_FACE ( 'NONE', ( #3394 ), #8863, .F. ) ;
#7880 = AXIS2_PLACEMENT_3D ( 'NONE', #4369, #4241, #8395 ) ;
#7881 = DIRECTION ( 'NONE',  ( 0.000000000000000000, 0.8769264559768860101, -0.4806245840651710566 ) ) ;
#7882 = PRESENTATION_STYLE_ASSIGNMENT (( #3217 ) ) ;
#7883 =( LENGTH_UNIT ( ) NAMED_UNIT ( * ) SI_UNIT ( $, .METRE. ) );
#7884 = CARTESIAN_POINT ( 'NONE',  ( 0.000000000000000000, -0.0009842519685039172617, 0.005000000000000000104 ) ) ;
#7885 = VERTEX_POINT ( 'NONE', #6381 ) ;
#7886 = VERTEX_POINT ( 'NONE', #6257 ) ;
#7887 = VECTOR ( 'NONE', #1108, 39.37007874015748143 ) ;
#7888 =( NAMED_UNIT ( * ) SI_UNIT ( $, .STERADIAN. ) SOLID_ANGLE_UNIT ( ) );
#7889 = CARTESIAN_POINT ( 'NONE',  ( -0.09042084030531756522, 0.08707438361240420199, 0.04882104092741532120 ) ) ;
#7890 = CYLINDRICAL_SURFACE ( 'NONE', #5574, 0.009842519685039373412 ) ;
#7891 = STYLED_ITEM ( 'NONE', ( #1966 ), #5671 ) ;
#7892 = CARTESIAN_POINT ( 'NONE',  ( -0.07795275590551181688, 0.01003937007874015908, 0.000000000000000000 ) ) ;
#7893 = SURFACE_SIDE_STYLE ('',( #1847 ) ) ;
#7894 = PLANE ( 'NONE',  #8351 ) ;
#7895 = ADVANCED_FACE ( 'NONE', ( #1454 ), #7007, .T. ) ;
#7896 = ORIENTED_EDGE ( 'NONE', *, *, #3870, .T. ) ;
#7897 = EDGE_CURVE ( 'NONE', #1893, #8199, #8471, .T. ) ;
#7898 = ORIENTED_EDGE ( 'NONE', *, *, #5245, .F. ) ;
#7899 = DIRECTION ( 'NONE',  ( 0.000000000000000000, -0.9989437399158199726, -0.04595002157773900309 ) ) ;
#7900 = STYLED_ITEM ( 'NONE', ( #5987 ), #857 ) ;
#7901 = CARTESIAN_POINT ( 'NONE',  ( -0.09155878743359124883, 0.08674685902361739531, 0.04724113004182507042 ) ) ;
#7902 = EDGE_CURVE ( 'NONE', #7515, #6941, #3576, .T. ) ;
#7903 = DIRECTION ( 'NONE',  ( 0.7071067811865464625, 0.7071067811865486830, 0.000000000000000000 ) ) ;
#7904 = FACE_OUTER_BOUND ( 'NONE', #2072, .T. ) ;
#7905 = CARTESIAN_POINT ( 'NONE',  ( 0.09055118110236218265, 0.007027559055118157497, 0.009842519685039369942 ) ) ;
#7906 = CARTESIAN_POINT ( 'NONE',  ( 0.09041462591117080394, -0.07590319050929747458, 0.04575225974422884867 ) ) ;
#7907 =( GEOMETRIC_REPRESENTATION_CONTEXT ( 3 ) GLOBAL_UNCERTAINTY_ASSIGNED_CONTEXT ( ( #461 ) ) GLOBAL_UNIT_ASSIGNED_CONTEXT ( ( #6625, #2574, #6724 ) ) REPRESENTATION_CONTEXT ( 'NONE', 'WORKASPACE' ) );
#7908 = APPLICATION_CONTEXT ( 'automotive_design' ) ;
#7909 = VECTOR ( 'NONE', #760, 39.37007874015748143 ) ;
#7910 = ORIENTED_EDGE ( 'NONE', *, *, #3891, .F. ) ;
#7911 = DIMENSIONAL_EXPONENTS ( 1.000000000000000000, 0.000000000000000000, 0.000000000000000000, 0.000000000000000000, 0.000000000000000000, 0.000000000000000000, 0.000000000000000000 ) ;
#7912 = EDGE_CURVE ( 'NONE', #3326, #4742, #3486, .T. ) ;
#7913 = PLANE ( 'NONE',  #3508 ) ;
#7914 = CYLINDRICAL_SURFACE ( 'NONE', #6770, 0.009842519685039369942 ) ;
#7915 = FACE_OUTER_BOUND ( 'NONE', #3414, .T. ) ;
#7916 = LENGTH_MEASURE_WITH_UNIT ( LENGTH_MEASURE( 0.02539999999999999897 ), #955 );
#7917 = PRESENTATION_LAYER_ASSIGNMENT (  '', '', ( #5909 ) ) ;
#7918 = LENGTH_MEASURE_WITH_UNIT ( LENGTH_MEASURE( 0.02539999999999999897 ), #3758 );
#7919 = SURFACE_SIDE_STYLE ('',( #3974 ) ) ;
#7920 = PRESENTATION_STYLE_ASSIGNMENT (( #6428 ) ) ;
#7921 = ADVANCED_FACE ( 'NONE', ( #4985 ), #6787, .T. ) ;
#7922 = DIRECTION ( 'NONE',  ( 0.000000000000000000, 0.000000000000000000, -1.000000000000000000 ) ) ;
#7923 = PRESENTATION_LAYER_ASSIGNMENT (  '', '', ( #1818 ) ) ;
#7924 = PRESENTATION_STYLE_ASSIGNMENT (( #2395 ) ) ;
#7925 = VERTEX_POINT ( 'NONE', #3713 ) ;
#7926 = DIRECTION ( 'NONE',  ( 0.000000000000000000, -0.000000000000000000, -1.000000000000000000 ) ) ;
#7927 = MECHANICAL_DESIGN_GEOMETRIC_PRESENTATION_REPRESENTATION (  '', ( #5918 ), #76 ) ;
#7928 = CARTESIAN_POINT ( 'NONE',  ( -0.09041462591117076231, -0.07590319050929757172, 0.04575225974422869601 ) ) ;
#7929 = SHAPE_DEFINITION_REPRESENTATION ( #2944, #1128 ) ;
#7930 = CIRCLE ( 'NONE', #5920, 0.009842519685039373412 ) ;
#7931 = UNCERTAINTY_MEASURE_WITH_UNIT (LENGTH_MEASURE( 1.000000000000000082E-05 ), #8094, 'distance_accuracy_value', 'NONE');
#7932 = DIRECTION ( 'NONE',  ( -1.000000000000000000, 0.000000000000000000, 0.000000000000000000 ) ) ;
#7933 = PRESENTATION_STYLE_ASSIGNMENT (( #294 ) ) ;
#7934 = ORIENTED_EDGE ( 'NONE', *, *, #3221, .T. ) ;
#7935 = EDGE_CURVE ( 'NONE', #3470, #3506, #5942, .T. ) ;
#7936 = ADVANCED_FACE ( 'NONE', ( #8684 ), #3167, .T. ) ;
#7937 = ORIENTED_EDGE ( 'NONE', *, *, #1987, .F. ) ;
#7938 = MECHANICAL_DESIGN_GEOMETRIC_PRESENTATION_REPRESENTATION (  '', ( #8652 ), #2439 ) ;
#7939 = CARTESIAN_POINT ( 'NONE',  ( -0.07795275590551181688, -0.0009842519685039283206, 0.009842519685039369942 ) ) ;
#7940 = VECTOR ( 'NONE', #6388, 39.37007874015748143 ) ;
#7941 = CARTESIAN_POINT ( 'NONE',  ( 0.09042084030531759298, 0.08707438361240421587, 0.04882104092741531426 ) ) ;
#7942 = FILL_AREA_STYLE ('',( #5800 ) ) ;
#7943 = CARTESIAN_POINT ( 'NONE',  ( 0.02411417322834646243, 0.08853361309167621929, 0.04711612391623658941 ) ) ;
#7944 = MECHANICAL_DESIGN_GEOMETRIC_PRESENTATION_REPRESENTATION (  '', ( #822 ), #832 ) ;
#7945 =( LENGTH_UNIT ( ) NAMED_UNIT ( * ) SI_UNIT ( $, .METRE. ) );
#7946 = PRESENTATION_STYLE_ASSIGNMENT (( #989 ) ) ;
#7947 = ORIENTED_EDGE ( 'NONE', *, *, #2304, .T. ) ;
#7948 = ORIENTED_EDGE ( 'NONE', *, *, #6675, .F. ) ;
#7949 = MECHANICAL_DESIGN_GEOMETRIC_PRESENTATION_REPRESENTATION (  '', ( #3321 ), #5810 ) ;
#7950 = CARTESIAN_POINT ( 'NONE',  ( 0.08753937007874017240, -0.0009842519685039137923, 0.000000000000000000 ) ) ;
#7951 = DIMENSIONAL_EXPONENTS ( 1.000000000000000000, 0.000000000000000000, 0.000000000000000000, 0.000000000000000000, 0.000000000000000000, 0.000000000000000000, 0.000000000000000000 ) ;
#7952 = FACE_OUTER_BOUND ( 'NONE', #3966, .T. ) ;
#7953 = AXIS2_PLACEMENT_3D ( 'NONE', #511, #3346, #6081 ) ;
#7954 = PRESENTATION_LAYER_ASSIGNMENT (  '', '', ( #4787 ) ) ;
#7955 = VERTEX_POINT ( 'NONE', #8098 ) ;
#7956 = EDGE_CURVE ( 'NONE', #4795, #2330, #7491, .T. ) ;
#7957 = ORIENTED_EDGE ( 'NONE', *, *, #471, .T. ) ;
#7958 = SURFACE_STYLE_USAGE ( .BOTH. , #4443 ) ;
#7959 =( LENGTH_UNIT ( ) NAMED_UNIT ( * ) SI_UNIT ( $, .METRE. ) );
#7960 = CARTESIAN_POINT ( 'NONE',  ( 0.08965707102276339324, 0.08631061432985000226, 0.03937687295528662090 ) ) ;
#7961 = SURFACE_SIDE_STYLE ('',( #5979 ) ) ;
#7962 = PRESENTATION_LAYER_ASSIGNMENT (  '', '', ( #6802 ) ) ;
#7963 = EDGE_CURVE ( 'NONE', #1431, #7647, #1629, .T. ) ;
#7964 = SURFACE_STYLE_USAGE ( .BOTH. , #5199 ) ;
#7965 = LINE ( 'NONE', #7827, #7753 ) ;
#7966 = FILL_AREA_STYLE_COLOUR ( '', #8556 ) ;
#7967 = ORIENTED_EDGE ( 'NONE', *, *, #754, .T. ) ;
#7968 = FILL_AREA_STYLE ('',( #1006 ) ) ;
#7969 = COLOUR_RGB ( '',0.7490196078431372584, 0.7490196078431372584, 0.7490196078431372584 ) ;
#7970 = FACE_OUTER_BOUND ( 'NONE', #8452, .T. ) ;
#7971 =( LENGTH_UNIT ( ) NAMED_UNIT ( * ) SI_UNIT ( $, .METRE. ) );
#7972 = ORIENTED_EDGE ( 'NONE', *, *, #7849, .F. ) ;
#7973 = DIRECTION ( 'NONE',  ( 0.000000000000000000, 0.000000000000000000, 1.000000000000000000 ) ) ;
#7974 = EDGE_CURVE ( 'NONE', #1893, #3813, #3204, .T. ) ;
#7975 = SURFACE_SIDE_STYLE ('',( #3772 ) ) ;
#7976 = LINE ( 'NONE', #5260, #5852 ) ;
#7977 =( LENGTH_UNIT ( ) NAMED_UNIT ( * ) SI_UNIT ( $, .METRE. ) );
#7978 = CARTESIAN_POINT ( 'NONE',  ( -0.06692913385826770867, -0.1014396703667248129, 0.01159693470591019807 ) ) ;
#7979 = FILL_AREA_STYLE_COLOUR ( '', #2953 ) ;
#7980 = LINE ( 'NONE', #4002, #2278 ) ;
#7981 = ORIENTED_EDGE ( 'NONE', *, *, #6463, .T. ) ;
#7982 = ORIENTED_EDGE ( 'NONE', *, *, #8937, .F. ) ;
#7983 = EDGE_CURVE ( 'NONE', #7371, #5038, #463, .T. ) ;
#7984 = CARTESIAN_POINT ( 'NONE',  ( -0.08779069753053718450, 0.08641048960960866221, 0.04955826332223254443 ) ) ;
#7985 = VECTOR ( 'NONE', #3201, 39.37007874015748143 ) ;
#7986 = CARTESIAN_POINT ( 'NONE',  ( 0.01692913385826771630, -0.09796007064640156747, 0.002021243723793055263 ) ) ;
#7987 = LENGTH_MEASURE_WITH_UNIT ( LENGTH_MEASURE( 0.02539999999999999897 ), #1155 );
#7988 = AXIS2_PLACEMENT_3D ( 'NONE', #1193, #6087, #2681 ) ;
#7989 =( LENGTH_UNIT ( ) NAMED_UNIT ( * ) SI_UNIT ( $, .METRE. ) );
#7990 = VECTOR ( 'NONE', #1699, 39.37007874015748143 ) ;
#7991 =( NAMED_UNIT ( * ) SI_UNIT ( $, .STERADIAN. ) SOLID_ANGLE_UNIT ( ) );
#7992 = ORIENTED_EDGE ( 'NONE', *, *, #1701, .F. ) ;
#7993 = ORIENTED_EDGE ( 'NONE', *, *, #22, .T. ) ;
#7994 = SURFACE_SIDE_STYLE ('',( #6576 ) ) ;
#7995 = MECHANICAL_DESIGN_GEOMETRIC_PRESENTATION_REPRESENTATION (  '', ( #1444 ), #8140 ) ;
#7996 = AXIS2_PLACEMENT_3D ( 'NONE', #3375, #8221, #7620 ) ;
#7997 = DIRECTION ( 'NONE',  ( 1.000000000000000000, 0.000000000000000000, 0.000000000000000000 ) ) ;
#7998 = SURFACE_STYLE_USAGE ( .BOTH. , #1133 ) ;
#7999 = ORIENTED_EDGE ( 'NONE', *, *, #5117, .T. ) ;
#8000 = ORIENTED_EDGE ( 'NONE', *, *, #6248, .T. ) ;
#8001 =( NAMED_UNIT ( * ) SI_UNIT ( $, .STERADIAN. ) SOLID_ANGLE_UNIT ( ) );
#8002 = FILL_AREA_STYLE_COLOUR ( '', #370 ) ;
#8003 = FILL_AREA_STYLE_COLOUR ( '', #2625 ) ;
#8004 = PRESENTATION_LAYER_ASSIGNMENT (  '', '', ( #601 ) ) ;
#8005 = DIRECTION ( 'NONE',  ( -1.000000000000000000, 0.000000000000000000, 0.000000000000000000 ) ) ;
#8006 = COLOUR_RGB ( '',0.7490196078431372584, 0.7490196078431372584, 0.7490196078431372584 ) ;
#8007 = STYLED_ITEM ( 'NONE', ( #8658 ), #3770 ) ;
#8008 = CARTESIAN_POINT ( 'NONE',  ( 0.09167522711142700453, -0.07266318467170386486, 0.04733189256916629090 ) ) ;
#8009 = CARTESIAN_POINT ( 'NONE',  ( -0.01692913385826771630, -0.09018673685477521240, 0.007095752720117635970 ) ) ;
#8010 = STYLED_ITEM ( 'NONE', ( #7355 ), #8086 ) ;
#8011 = DIMENSIONAL_EXPONENTS ( 1.000000000000000000, 0.000000000000000000, 0.000000000000000000, 0.000000000000000000, 0.000000000000000000, 0.000000000000000000, 0.000000000000000000 ) ;
#8012 = LINE ( 'NONE', #8101, #6623 ) ;
#8013 = ADVANCED_FACE ( 'NONE', ( #2581 ), #2717, .F. ) ;
#8014 = CARTESIAN_POINT ( 'NONE',  ( 0.09645669291338586360, 0.1131889763779527630, 0.000000000000000000 ) ) ;
#8015 = VECTOR ( 'NONE', #2338, 39.37007874015748143 ) ;
#8016 = DIRECTION ( 'NONE',  ( 0.000000000000000000, -0.4806245840651692247, -0.8769264559768868983 ) ) ;
#8017 = COLOUR_RGB ( '',0.7490196078431372584, 0.7490196078431372584, 0.7490196078431372584 ) ;
#8018 = DIRECTION ( 'NONE',  ( 0.000000000000000000, 0.000000000000000000, -1.000000000000000000 ) ) ;
#8019 = VERTEX_POINT ( 'NONE', #5391 ) ;
#8020 =( NAMED_UNIT ( * ) PLANE_ANGLE_UNIT ( ) SI_UNIT ( $, .RADIAN. ) );
#8021 = LINE ( 'NONE', #972, #8706 ) ;
#8022 = CARTESIAN_POINT ( 'NONE',  ( -0.03503937007874016740, -0.08244437787890905589, 0.01631147111528528579 ) ) ;
#8023 =( LENGTH_UNIT ( ) NAMED_UNIT ( * ) SI_UNIT ( $, .METRE. ) );
#8024 = CARTESIAN_POINT ( 'NONE',  ( 0.07795275590551181688, 0.01003937007874019724, 0.000000000000000000 ) ) ;
#8025 = LINE ( 'NONE', #6089, #3580 ) ;
#8026 = VERTEX_POINT ( 'NONE', #5981 ) ;
#8027 = VECTOR ( 'NONE', #2029, 39.37007874015748854 ) ;
#8028 = ORIENTED_EDGE ( 'NONE', *, *, #5091, .T. ) ;
#8029 = CARTESIAN_POINT ( 'NONE',  ( -0.09293582831168320513, 0.08359640718056685071, 0.04891152539410392047 ) ) ;
#8030 = LINE ( 'NONE', #4466, #3301 ) ;
#8031 =( NAMED_UNIT ( * ) SI_UNIT ( $, .STERADIAN. ) SOLID_ANGLE_UNIT ( ) );
#8032 = CARTESIAN_POINT ( 'NONE',  ( -0.08307086614173228578, -0.09881790276005945894, 0.01182630964989291392 ) ) ;
#8033 = DIMENSIONAL_EXPONENTS ( 1.000000000000000000, 0.000000000000000000, 0.000000000000000000, 0.000000000000000000, 0.000000000000000000, 0.000000000000000000, 0.000000000000000000 ) ;
#8034 = DIRECTION ( 'NONE',  ( 0.000000000000000000, 0.7143278697962460733, -0.6998111848437100768 ) ) ;
#8035 = AXIS2_PLACEMENT_3D ( 'NONE', #3134, #1014, #6477 ) ;
#8036 =( CONVERSION_BASED_UNIT ( 'INCH', #5278 ) LENGTH_UNIT ( ) NAMED_UNIT ( #6550 ) );
#8037 = ORIENTED_EDGE ( 'NONE', *, *, #6758, .F. ) ;
#8038 = ORIENTED_EDGE ( 'NONE', *, *, #5960, .T. ) ;
#8039 =( NAMED_UNIT ( * ) PLANE_ANGLE_UNIT ( ) SI_UNIT ( $, .RADIAN. ) );
#8040 = SURFACE_SIDE_STYLE ('',( #5330 ) ) ;
#8041 = VECTOR ( 'NONE', #2060, 39.37007874015748143 ) ;
#8042 = CARTESIAN_POINT ( 'NONE',  ( -0.03307086614173228301, -0.09018673685477521240, 0.007095752720117635970 ) ) ;
#8043 =( CONVERSION_BASED_UNIT ( 'INCH', #3798 ) LENGTH_UNIT ( ) NAMED_UNIT ( #6292 ) );
#8044 =( NAMED_UNIT ( * ) SI_UNIT ( $, .STERADIAN. ) SOLID_ANGLE_UNIT ( ) );
#8045 = PRESENTATION_STYLE_ASSIGNMENT (( #7998 ) ) ;
#8046 = VERTEX_POINT ( 'NONE', #8721 ) ;
#8047 = ORIENTED_EDGE ( 'NONE', *, *, #6619, .F. ) ;
#8048 =( LENGTH_UNIT ( ) NAMED_UNIT ( * ) SI_UNIT ( $, .METRE. ) );
#8049 = SURFACE_SIDE_STYLE ('',( #3983 ) ) ;
#8050 = PLANE ( 'NONE',  #413 ) ;
#8051 = PLANE ( 'NONE',  #645 ) ;
#8052 = DIRECTION ( 'NONE',  ( 0.000000000000000000, 0.000000000000000000, -1.000000000000000000 ) ) ;
#8053 = SURFACE_STYLE_USAGE ( .BOTH. , #2537 ) ;
#8054 = VECTOR ( 'NONE', #5626, 39.37007874015748143 ) ;
#8055 =( NAMED_UNIT ( * ) PLANE_ANGLE_UNIT ( ) SI_UNIT ( $, .RADIAN. ) );
#8056 = CARTESIAN_POINT ( 'NONE',  ( 0.01692913385826771630, -0.08653382883559770922, 0.01376068786798871797 ) ) ;
#8057 = FILL_AREA_STYLE ('',( #3253 ) ) ;
#8058 = FILL_AREA_STYLE ('',( #1102 ) ) ;
#8059 = LINE ( 'NONE', #4632, #3000 ) ;
#8060 = EDGE_LOOP ( 'NONE', ( #1309, #5265, #5807, #5095 ) ) ;
#8061 = EDGE_CURVE ( 'NONE', #1262, #5163, #4711, .T. ) ;
#8062 =( NAMED_UNIT ( * ) PLANE_ANGLE_UNIT ( ) SI_UNIT ( $, .RADIAN. ) );
#8063 = LINE ( 'NONE', #4640, #5443 ) ;
#8064 = LENGTH_MEASURE_WITH_UNIT ( LENGTH_MEASURE( 0.02539999999999999897 ), #428 );
#8065 = CARTESIAN_POINT ( 'NONE',  ( 0.02500000000000000139, -0.08520540713768977314, 0.01618446761253704638 ) ) ;
#8066 =( GEOMETRIC_REPRESENTATION_CONTEXT ( 3 ) GLOBAL_UNCERTAINTY_ASSIGNED_CONTEXT ( ( #6400 ) ) GLOBAL_UNIT_ASSIGNED_CONTEXT ( ( #5441, #6829, #602 ) ) REPRESENTATION_CONTEXT ( 'NONE', 'WORKASPACE' ) );
#8067 = ORIENTED_EDGE ( 'NONE', *, *, #4930, .F. ) ;
#8068 = VERTEX_POINT ( 'NONE', #1222 ) ;
#8069 = DIMENSIONAL_EXPONENTS ( 1.000000000000000000, 0.000000000000000000, 0.000000000000000000, 0.000000000000000000, 0.000000000000000000, 0.000000000000000000, 0.000000000000000000 ) ;
#8070 =( NAMED_UNIT ( * ) SI_UNIT ( $, .STERADIAN. ) SOLID_ANGLE_UNIT ( ) );
#8071 = AXIS2_PLACEMENT_3D ( 'NONE', #7528, #3475, #2796 ) ;
#8072 = SURFACE_SIDE_STYLE ('',( #2465 ) ) ;
#8073 = EDGE_CURVE ( 'NONE', #6153, #5825, #2957, .T. ) ;
#8074 =( NAMED_UNIT ( * ) SI_UNIT ( $, .STERADIAN. ) SOLID_ANGLE_UNIT ( ) );
#8075 = EDGE_CURVE ( 'NONE', #5793, #492, #1820, .T. ) ;
#8076 = DIRECTION ( 'NONE',  ( -0.000000000000000000, -0.000000000000000000, 1.000000000000000000 ) ) ;
#8077 = LINE ( 'NONE', #2739, #1729 ) ;
#8078 =( CONVERSION_BASED_UNIT ( 'INCH', #988 ) LENGTH_UNIT ( ) NAMED_UNIT ( #118 ) );
#8079 =( CONVERSION_BASED_UNIT ( 'INCH', #580 ) LENGTH_UNIT ( ) NAMED_UNIT ( #8069 ) );
#8080 = ORIENTED_EDGE ( 'NONE', *, *, #3842, .T. ) ;
#8081 = ORIENTED_EDGE ( 'NONE', *, *, #5990, .F. ) ;
#8082 = CARTESIAN_POINT ( 'NONE',  ( -0.06530030766429134603, 0.08129921259842519399, 0.005000000000000000104 ) ) ;
#8083 = FILL_AREA_STYLE ('',( #1082 ) ) ;
#8084 = AXIS2_PLACEMENT_3D ( 'NONE', #4320, #4993, #6975 ) ;
#8085 = CARTESIAN_POINT ( 'NONE',  ( 0.03307086614173228301, -0.09084088879601615041, 0.01357377070548917292 ) ) ;
#8086 = ADVANCED_FACE ( 'NONE', ( #6825 ), #2007, .F. ) ;
#8087 =( CONVERSION_BASED_UNIT ( 'INCH', #453 ) LENGTH_UNIT ( ) NAMED_UNIT ( #5298 ) );
#8088 = VERTEX_POINT ( 'NONE', #4215 ) ;
#8089 = DIMENSIONAL_EXPONENTS ( 1.000000000000000000, 0.000000000000000000, 0.000000000000000000, 0.000000000000000000, 0.000000000000000000, 0.000000000000000000, 0.000000000000000000 ) ;
#8090 = ORIENTED_EDGE ( 'NONE', *, *, #5937, .T. ) ;
#8091 = VECTOR ( 'NONE', #3756, 39.37007874015748854 ) ;
#8092 = LINE ( 'NONE', #6727, #8135 ) ;
#8093 = COLOUR_RGB ( '',0.7490196078431372584, 0.7490196078431372584, 0.7490196078431372584 ) ;
#8094 =( CONVERSION_BASED_UNIT ( 'INCH', #2579 ) LENGTH_UNIT ( ) NAMED_UNIT ( #5357 ) );
#8095 = ADVANCED_FACE ( 'NONE', ( #1548 ), #3611, .T. ) ;
#8096 = UNCERTAINTY_MEASURE_WITH_UNIT (LENGTH_MEASURE( 1.000000000000000082E-05 ), #6998, 'distance_accuracy_value', 'NONE');
#8097 = VECTOR ( 'NONE', #145, 39.37007874015748854 ) ;
#8098 = CARTESIAN_POINT ( 'NONE',  ( -0.01692913385826771630, -0.09796007064640148421, 0.002021243723793056130 ) ) ;
#8099 = AXIS2_PLACEMENT_3D ( 'NONE', #5545, #4235, #6974 ) ;
#8100 = EDGE_CURVE ( 'NONE', #3531, #1893, #6999, .T. ) ;
#8101 = CARTESIAN_POINT ( 'NONE',  ( 0.000000000000000000, 0.01003937007874019724, 0.005000000000000000104 ) ) ;
#8102 = FACE_OUTER_BOUND ( 'NONE', #977, .T. ) ;
#8103 = VECTOR ( 'NONE', #6254, 39.37007874015748854 ) ;
#8104 = AXIS2_PLACEMENT_3D ( 'NONE', #603, #2673, #4762 ) ;
#8105 =( NAMED_UNIT ( * ) SI_UNIT ( $, .STERADIAN. ) SOLID_ANGLE_UNIT ( ) );
#8106 = EDGE_LOOP ( 'NONE', ( #8936, #1103, #6614, #8225 ) ) ;
#8107 = CARTESIAN_POINT ( 'NONE',  ( -0.01692913385826771630, -0.08244437787890905589, 0.01631147111528527538 ) ) ;
#8108 = PRESENTATION_STYLE_ASSIGNMENT (( #475 ) ) ;
#8109 = SURFACE_STYLE_USAGE ( .BOTH. , #2635 ) ;
#8110 = STYLED_ITEM ( 'NONE', ( #7178 ), #2872 ) ;
#8111 = CARTESIAN_POINT ( 'NONE',  ( -0.02500000000000000139, -0.1210629921259842590, 0.009880116511253426298 ) ) ;
#8112 = PRESENTATION_STYLE_ASSIGNMENT (( #6876 ) ) ;
#8113 = CARTESIAN_POINT ( 'NONE',  ( 0.000000000000000000, 0.007027559055118149690, 0.005000000000000000104 ) ) ;
#8114 = ORIENTED_EDGE ( 'NONE', *, *, #1905, .T. ) ;
#8115 = UNCERTAINTY_MEASURE_WITH_UNIT (LENGTH_MEASURE( 1.000000000000000082E-05 ), #1540, 'distance_accuracy_value', 'NONE');
#8116 = ORIENTED_EDGE ( 'NONE', *, *, #6650, .F. ) ;
#8117 = SURFACE_STYLE_USAGE ( .BOTH. , #2601 ) ;
#8118 = CARTESIAN_POINT ( 'NONE',  ( 0.08307086614173228578, -0.09117972964715866102, 0.02576258403140881809 ) ) ;
#8119 = DIRECTION ( 'NONE',  ( -0.7071067811865469066, 0.7071067811865479058, 0.000000000000000000 ) ) ;
#8120 = VECTOR ( 'NONE', #1373, 39.37007874015748143 ) ;
#8121 = CARTESIAN_POINT ( 'NONE',  ( 0.09515292158676454115, -0.07893016315050703502, 0.009953868386747440761 ) ) ;
#8122 = DIRECTION ( 'NONE',  ( 0.000000000000000000, 0.000000000000000000, -1.000000000000000000 ) ) ;
#8123 = LENGTH_MEASURE_WITH_UNIT ( LENGTH_MEASURE( 0.02539999999999999897 ), #1156 );
#8124 = DIRECTION ( 'NONE',  ( -1.000000000000000000, -0.000000000000000000, -0.000000000000000000 ) ) ;
#8125 = VERTEX_POINT ( 'NONE', #725 ) ;
#8126 = ORIENTED_EDGE ( 'NONE', *, *, #5157, .F. ) ;
#8127 = DIRECTION ( 'NONE',  ( 0.000000000000000000, 0.000000000000000000, -1.000000000000000000 ) ) ;
#8128 = FILL_AREA_STYLE ('',( #5372 ) ) ;
#8129 = VECTOR ( 'NONE', #2156, 39.37007874015748143 ) ;
#8130 = EDGE_CURVE ( 'NONE', #4898, #5769, #3562, .T. ) ;
#8131 = PLANE ( 'NONE',  #1546 ) ;
#8132 = STYLED_ITEM ( 'NONE', ( #1246 ), #6807 ) ;
#8133 = CARTESIAN_POINT ( 'NONE',  ( -0.07499999999999999722, -0.06061878546604763246, 0.01731541798661000164 ) ) ;
#8134 = DIMENSIONAL_EXPONENTS ( 1.000000000000000000, 0.000000000000000000, 0.000000000000000000, 0.000000000000000000, 0.000000000000000000, 0.000000000000000000, 0.000000000000000000 ) ;
#8135 = VECTOR ( 'NONE', #6628, 39.37007874015748143 ) ;
#8136 = LENGTH_MEASURE_WITH_UNIT ( LENGTH_MEASURE( 0.02539999999999999897 ), #4162 );
#8137 = DIRECTION ( 'NONE',  ( 0.000000000000000000, 0.000000000000000000, -1.000000000000000000 ) ) ;
#8138 = ORIENTED_EDGE ( 'NONE', *, *, #2037, .F. ) ;
#8139 = ORIENTED_EDGE ( 'NONE', *, *, #1636, .F. ) ;
#8140 =( GEOMETRIC_REPRESENTATION_CONTEXT ( 3 ) GLOBAL_UNCERTAINTY_ASSIGNED_CONTEXT ( ( #8952 ) ) GLOBAL_UNIT_ASSIGNED_CONTEXT ( ( #6762, #3272, #8074 ) ) REPRESENTATION_CONTEXT ( 'NONE', 'WORKASPACE' ) );
#8141 = DIRECTION ( 'NONE',  ( 0.000000000000000000, -0.000000000000000000, -1.000000000000000000 ) ) ;
#8142 =( GEOMETRIC_REPRESENTATION_CONTEXT ( 3 ) GLOBAL_UNCERTAINTY_ASSIGNED_CONTEXT ( ( #651 ) ) GLOBAL_UNIT_ASSIGNED_CONTEXT ( ( #3120, #1000, #6549 ) ) REPRESENTATION_CONTEXT ( 'NONE', 'WORKASPACE' ) );
#8143 = DIRECTION ( 'NONE',  ( -1.000000000000000000, 0.000000000000000000, 0.000000000000000000 ) ) ;
#8144 = ORIENTED_EDGE ( 'NONE', *, *, #4312, .T. ) ;
#8145 =( NAMED_UNIT ( * ) PLANE_ANGLE_UNIT ( ) SI_UNIT ( $, .RADIAN. ) );
#8146 = VECTOR ( 'NONE', #2648, 39.37007874015748143 ) ;
#8147 = DIRECTION ( 'NONE',  ( 0.000000000000000000, 0.9961946980917456562, 0.08715574274765708340 ) ) ;
#8148 = DIRECTION ( 'NONE',  ( -1.000000000000000000, -0.000000000000000000, 0.000000000000000000 ) ) ;
#8149 = DIRECTION ( 'NONE',  ( 0.000000000000000000, -0.000000000000000000, -1.000000000000000000 ) ) ;
#8150 = LINE ( 'NONE', #2728, #8616 ) ;
#8151 = LENGTH_MEASURE_WITH_UNIT ( LENGTH_MEASURE( 0.02539999999999999897 ), #8291 );
#8152 = ORIENTED_EDGE ( 'NONE', *, *, #4560, .F. ) ;
#8153 = ORIENTED_EDGE ( 'NONE', *, *, #70, .T. ) ;
#8154 =( LENGTH_UNIT ( ) NAMED_UNIT ( * ) SI_UNIT ( $, .METRE. ) );
#8155 = MECHANICAL_DESIGN_GEOMETRIC_PRESENTATION_REPRESENTATION (  '', ( #4699 ), #7280 ) ;
#8156 =( NAMED_UNIT ( * ) PLANE_ANGLE_UNIT ( ) SI_UNIT ( $, .RADIAN. ) );
#8157 = PRESENTATION_STYLE_ASSIGNMENT (( #5499 ) ) ;
#8158 = MECHANICAL_DESIGN_GEOMETRIC_PRESENTATION_REPRESENTATION (  '', ( #3241 ), #916 ) ;
#8159 = COLOUR_RGB ( '',0.7490196078431372584, 0.7490196078431372584, 0.7490196078431372584 ) ;
#8160 = LINE ( 'NONE', #8922, #1482 ) ;
#8161 = MECHANICAL_DESIGN_GEOMETRIC_PRESENTATION_REPRESENTATION (  '', ( #2377 ), #31 ) ;
#8162 = CARTESIAN_POINT ( 'NONE',  ( 0.07499999999999999722, -0.09383657304297442214, 0.02091502454231232433 ) ) ;
#8163 = CYLINDRICAL_SURFACE ( 'NONE', #6964, 0.003149606299212606621 ) ;
#8164 = CIRCLE ( 'NONE', #4277, 0.003149606299212606621 ) ;
#8165 = CARTESIAN_POINT ( 'NONE',  ( 0.09645660606252870473, 0.08998401975814693254, 0.009843227028506408571 ) ) ;
#8166 = SURFACE_STYLE_FILL_AREA ( #1079 ) ;
#8167 = ORIENTED_EDGE ( 'NONE', *, *, #2148, .F. ) ;
#8168 = ORIENTED_EDGE ( 'NONE', *, *, #6045, .F. ) ;
#8169 = AXIS2_PLACEMENT_3D ( 'NONE', #1952, #498, #3468 ) ;
#8170 = SURFACE_STYLE_FILL_AREA ( #8083 ) ;
#8171 = CARTESIAN_POINT ( 'NONE',  ( -0.01692913385826771630, -0.1014396703667248129, 0.01159693470591019807 ) ) ;
#8172 = CIRCLE ( 'NONE', #3545, 0.003149606299212598381 ) ;
#8173 = DIRECTION ( 'NONE',  ( 1.000000000000000000, 0.000000000000000000, -0.000000000000000000 ) ) ;
#8174 = EDGE_CURVE ( 'NONE', #1947, #6421, #2940, .T. ) ;
#8175 = FILL_AREA_STYLE ('',( #6859 ) ) ;
#8176 = ORIENTED_EDGE ( 'NONE', *, *, #3018, .F. ) ;
#8177 = ORIENTED_EDGE ( 'NONE', *, *, #7033, .F. ) ;
#8178 =( CONVERSION_BASED_UNIT ( 'INCH', #2622 ) LENGTH_UNIT ( ) NAMED_UNIT ( #757 ) );
#8179 = EDGE_CURVE ( 'NONE', #7647, #1431, #171, .T. ) ;
#8180 =( NAMED_UNIT ( * ) PLANE_ANGLE_UNIT ( ) SI_UNIT ( $, .RADIAN. ) );
#8181 = VECTOR ( 'NONE', #1978, 39.37007874015748143 ) ;
#8182 = FACE_OUTER_BOUND ( 'NONE', #1525, .T. ) ;
#8183 = UNCERTAINTY_MEASURE_WITH_UNIT (LENGTH_MEASURE( 1.000000000000000082E-05 ), #4405, 'distance_accuracy_value', 'NONE');
#8184 = CARTESIAN_POINT ( 'NONE',  ( -0.08995111351097716257, -0.06942317883411038004, 0.05129343022717230971 ) ) ;
#8185 = DIRECTION ( 'NONE',  ( 0.000000000000000000, 0.000000000000000000, -1.000000000000000000 ) ) ;
#8186 = EDGE_CURVE ( 'NONE', #681, #7857, #768, .T. ) ;
#8187 = DIRECTION ( 'NONE',  ( 0.000000000000000000, 0.000000000000000000, 1.000000000000000000 ) ) ;
#8188 = DIMENSIONAL_EXPONENTS ( 1.000000000000000000, 0.000000000000000000, 0.000000000000000000, 0.000000000000000000, 0.000000000000000000, 0.000000000000000000, 0.000000000000000000 ) ;
#8189 = CARTESIAN_POINT ( 'NONE',  ( 0.07494307814895394271, 0.1049212598425196957, 0.009842519685039369942 ) ) ;
#8190 = PLANE ( 'NONE',  #3565 ) ;
#8191 = COLOUR_RGB ( '',0.7490196078431372584, 0.7490196078431372584, 0.7490196078431372584 ) ;
#8192 = FILL_AREA_STYLE_COLOUR ( '', #3101 ) ;
#8193 = CARTESIAN_POINT ( 'NONE',  ( 0.02500000000000000139, -0.09881790276005945894, 0.01182630964989291392 ) ) ;
#8194 = PRESENTATION_STYLE_ASSIGNMENT (( #476 ) ) ;
#8195 = DIRECTION ( 'NONE',  ( -1.000000000000000000, -0.000000000000000000, -0.000000000000000000 ) ) ;
#8196 = DIRECTION ( 'NONE',  ( 0.000000000000000000, -0.3143126552996258760, 0.9493195219305765598 ) ) ;
#8197 = VERTEX_POINT ( 'NONE', #4301 ) ;
#8198 = COLOUR_RGB ( '',0.7490196078431372584, 0.7490196078431372584, 0.7490196078431372584 ) ;
#8199 = VERTEX_POINT ( 'NONE', #3432 ) ;
#8200 = VERTEX_POINT ( 'NONE', #6205 ) ;
#8201 = FILL_AREA_STYLE ('',( #3354 ) ) ;
#8202 = FILL_AREA_STYLE ('',( #8588 ) ) ;
#8203 =( NAMED_UNIT ( * ) SI_UNIT ( $, .STERADIAN. ) SOLID_ANGLE_UNIT ( ) );
#8204 = DIRECTION ( 'NONE',  ( 1.000000000000000000, 0.000000000000000000, 0.000000000000000000 ) ) ;
#8205 = COLOUR_RGB ( '',0.7490196078431372584, 0.7490196078431372584, 0.7490196078431372584 ) ;
#8206 = LENGTH_MEASURE_WITH_UNIT ( LENGTH_MEASURE( 0.02539999999999999897 ), #622 );
#8207 = DIRECTION ( 'NONE',  ( 0.000000000000000000, 0.3143126552996241552, -0.9493195219305771149 ) ) ;
#8208 = FILL_AREA_STYLE_COLOUR ( '', #179 ) ;
#8209 = EDGE_CURVE ( 'NONE', #4050, #3549, #3917, .T. ) ;
#8210 = EDGE_CURVE ( 'NONE', #2971, #8387, #268, .T. ) ;
#8211 = FACE_OUTER_BOUND ( 'NONE', #1022, .T. ) ;
#8212 = VERTEX_POINT ( 'NONE', #5320 ) ;
#8213 = UNCERTAINTY_MEASURE_WITH_UNIT (LENGTH_MEASURE( 1.000000000000000082E-05 ), #7670, 'distance_accuracy_value', 'NONE');
#8214 = VERTEX_POINT ( 'NONE', #5057 ) ;
#8215 = CARTESIAN_POINT ( 'NONE',  ( 0.09055118110236221041, 0.002027559055118137877, 0.009842519685039369942 ) ) ;
#8216 = VECTOR ( 'NONE', #5352, 39.37007874015748143 ) ;
#8217 = STYLED_ITEM ( 'NONE', ( #8716 ), #356 ) ;
#8218 = FILL_AREA_STYLE_COLOUR ( '', #8932 ) ;
#8219 = LENGTH_MEASURE_WITH_UNIT ( LENGTH_MEASURE( 0.02539999999999999897 ), #6280 );
#8220 = FACE_OUTER_BOUND ( 'NONE', #6199, .T. ) ;
#8221 = DIRECTION ( 'NONE',  ( 0.000000000000000000, 0.04595002157773880186, -0.9989437399158199726 ) ) ;
#8222 = PRESENTATION_STYLE_ASSIGNMENT (( #6014 ) ) ;
#8223 = FACE_OUTER_BOUND ( 'NONE', #1417, .T. ) ;
#8224 = EDGE_LOOP ( 'NONE', ( #5847, #1089, #8708, #2876 ) ) ;
#8225 = ORIENTED_EDGE ( 'NONE', *, *, #1369, .T. ) ;
#8226 = LINE ( 'NONE', #3981, #7985 ) ;
#8227 = SURFACE_SIDE_STYLE ('',( #3382 ) ) ;
#8228 =( GEOMETRIC_REPRESENTATION_CONTEXT ( 3 ) GLOBAL_UNCERTAINTY_ASSIGNED_CONTEXT ( ( #5497 ) ) GLOBAL_UNIT_ASSIGNED_CONTEXT ( ( #6079, #2627, #1488 ) ) REPRESENTATION_CONTEXT ( 'NONE', 'WORKASPACE' ) );
#8229 = DIRECTION ( 'NONE',  ( -0.000000000000000000, -1.000000000000000000, -0.000000000000000000 ) ) ;
#8230 = FILL_AREA_STYLE_COLOUR ( '', #611 ) ;
#8231 = SURFACE_STYLE_FILL_AREA ( #7447 ) ;
#8232 = EDGE_CURVE ( 'NONE', #8893, #3367, #3273, .T. ) ;
#8233 = MECHANICAL_DESIGN_GEOMETRIC_PRESENTATION_REPRESENTATION (  '', ( #6492 ), #4636 ) ;
#8234 = CARTESIAN_POINT ( 'NONE',  ( 0.08904527559055119834, 0.0005216535433071142107, 0.000000000000000000 ) ) ;
#8235 = DIRECTION ( 'NONE',  ( -0.1209742911513550095, 0.1209742911513550095, 0.9852565360152930607 ) ) ;
#8236 = CARTESIAN_POINT ( 'NONE',  ( -0.07494307814895394271, 0.09311023622047245873, 0.009842519685039369942 ) ) ;
#8237 =( LENGTH_UNIT ( ) NAMED_UNIT ( * ) SI_UNIT ( $, .METRE. ) );
#8238 = CARTESIAN_POINT ( 'NONE',  ( 0.08875394017312086825, 0.08540748348020747727, 0.04673228346456693300 ) ) ;
#8239 = EDGE_CURVE ( 'NONE', #75, #5890, #3070, .T. ) ;
#8240 = MECHANICAL_DESIGN_GEOMETRIC_PRESENTATION_REPRESENTATION (  '', ( #4922 ), #400 ) ;
#8241 = MECHANICAL_DESIGN_GEOMETRIC_PRESENTATION_REPRESENTATION (  '', ( #4787 ), #5353 ) ;
#8242 = CARTESIAN_POINT ( 'NONE',  ( 0.03503937007874016046, -0.08653382883559772309, 0.01376068786798872665 ) ) ;
#8243 = FILL_AREA_STYLE_COLOUR ( '', #5850 ) ;
#8244 =( LENGTH_UNIT ( ) NAMED_UNIT ( * ) SI_UNIT ( $, .METRE. ) );
#8245 =( GEOMETRIC_REPRESENTATION_CONTEXT ( 3 ) GLOBAL_UNCERTAINTY_ASSIGNED_CONTEXT ( ( #6396 ) ) GLOBAL_UNIT_ASSIGNED_CONTEXT ( ( #6645, #3993, #8105 ) ) REPRESENTATION_CONTEXT ( 'NONE', 'WORKASPACE' ) );
#8246 = ORIENTED_EDGE ( 'NONE', *, *, #4842, .F. ) ;
#8247 = VECTOR ( 'NONE', #5109, 39.37007874015748143 ) ;
#8248 = ORIENTED_EDGE ( 'NONE', *, *, #695, .F. ) ;
#8249 = ORIENTED_EDGE ( 'NONE', *, *, #6281, .F. ) ;
#8250 =( NAMED_UNIT ( * ) SI_UNIT ( $, .STERADIAN. ) SOLID_ANGLE_UNIT ( ) );
#8251 = SURFACE_STYLE_USAGE ( .BOTH. , #4857 ) ;
#8252 = DIMENSIONAL_EXPONENTS ( 1.000000000000000000, 0.000000000000000000, 0.000000000000000000, 0.000000000000000000, 0.000000000000000000, 0.000000000000000000, 0.000000000000000000 ) ;
#8253 = ADVANCED_FACE ( 'NONE', ( #1641 ), #7713, .T. ) ;
#8254 =( CONVERSION_BASED_UNIT ( 'INCH', #4732 ) LENGTH_UNIT ( ) NAMED_UNIT ( #1855 ) );
#8255 = SURFACE_STYLE_FILL_AREA ( #621 ) ;
#8256 =( GEOMETRIC_REPRESENTATION_CONTEXT ( 3 ) GLOBAL_UNCERTAINTY_ASSIGNED_CONTEXT ( ( #4503 ) ) GLOBAL_UNIT_ASSIGNED_CONTEXT ( ( #1173, #3164, #997 ) ) REPRESENTATION_CONTEXT ( 'NONE', 'WORKASPACE' ) );
#8257 = LINE ( 'NONE', #1942, #592 ) ;
#8258 = SURFACE_SIDE_STYLE ('',( #5503 ) ) ;
#8259 = ORIENTED_EDGE ( 'NONE', *, *, #8892, .T. ) ;
#8260 = ORIENTED_EDGE ( 'NONE', *, *, #2219, .F. ) ;
#8261 = EDGE_CURVE ( 'NONE', #4408, #7508, #30, .T. ) ;
#8262 = CIRCLE ( 'NONE', #4227, 0.003149606299212598381 ) ;
#8263 =( NAMED_UNIT ( * ) PLANE_ANGLE_UNIT ( ) SI_UNIT ( $, .RADIAN. ) );
#8264 = EDGE_CURVE ( 'NONE', #3813, #5433, #318, .T. ) ;
#8265 = MECHANICAL_DESIGN_GEOMETRIC_PRESENTATION_REPRESENTATION (  '', ( #3205 ), #3493 ) ;
#8266 =( GEOMETRIC_REPRESENTATION_CONTEXT ( 3 ) GLOBAL_UNCERTAINTY_ASSIGNED_CONTEXT ( ( #2204 ) ) GLOBAL_UNIT_ASSIGNED_CONTEXT ( ( #2801, #726, #4931 ) ) REPRESENTATION_CONTEXT ( 'NONE', 'WORKASPACE' ) );
#8267 = SURFACE_STYLE_USAGE ( .BOTH. , #4338 ) ;
#8268 = ORIENTED_EDGE ( 'NONE', *, *, #5147, .F. ) ;
#8269 = ORIENTED_EDGE ( 'NONE', *, *, #5066, .F. ) ;
#8270 = LINE ( 'NONE', #2751, #6649 ) ;
#8271 =( GEOMETRIC_REPRESENTATION_CONTEXT ( 3 ) GLOBAL_UNCERTAINTY_ASSIGNED_CONTEXT ( ( #1509 ) ) GLOBAL_UNIT_ASSIGNED_CONTEXT ( ( #1667, #2368, #7425 ) ) REPRESENTATION_CONTEXT ( 'NONE', 'WORKASPACE' ) );
#8272 =( LENGTH_UNIT ( ) NAMED_UNIT ( * ) SI_UNIT ( $, .METRE. ) );
#8273 = ADVANCED_FACE ( 'NONE', ( #6004 ), #172, .T. ) ;
#8274 = CARTESIAN_POINT ( 'NONE',  ( -0.08904527559055119834, 0.008533464566929134867, 0.000000000000000000 ) ) ;
#8275 = VECTOR ( 'NONE', #6982, 39.37007874015748854 ) ;
#8276 =( NAMED_UNIT ( * ) PLANE_ANGLE_UNIT ( ) SI_UNIT ( $, .RADIAN. ) );
#8277 = DIRECTION ( 'NONE',  ( -1.000000000000000000, -0.000000000000000000, -0.000000000000000000 ) ) ;
#8278 = AXIS2_PLACEMENT_3D ( 'NONE', #2312, #7838, #3727 ) ;
#8279 =( CONVERSION_BASED_UNIT ( 'INCH', #2803 ) LENGTH_UNIT ( ) NAMED_UNIT ( #1557 ) );
#8280 = CARTESIAN_POINT ( 'NONE',  ( -0.09055118110236221041, 0.007027559055118149690, 0.005000000000000000104 ) ) ;
#8281 = UNCERTAINTY_MEASURE_WITH_UNIT (LENGTH_MEASURE( 1.000000000000000082E-05 ), #4659, 'distance_accuracy_value', 'NONE');
#8282 = DIRECTION ( 'NONE',  ( 0.000000000000000000, 0.000000000000000000, 1.000000000000000000 ) ) ;
#8283 = SURFACE_STYLE_USAGE ( .BOTH. , #44 ) ;
#8284 = PRESENTATION_LAYER_ASSIGNMENT (  '', '', ( #3218 ) ) ;
#8285 = VECTOR ( 'NONE', #6179, 39.37007874015748143 ) ;
#8286 =( NAMED_UNIT ( * ) PLANE_ANGLE_UNIT ( ) SI_UNIT ( $, .RADIAN. ) );
#8287 =( LENGTH_UNIT ( ) NAMED_UNIT ( * ) SI_UNIT ( $, .METRE. ) );
#8288 = CARTESIAN_POINT ( 'NONE',  ( 0.09042084030531759298, 0.08707438361240421587, 0.04882104092741531426 ) ) ;
#8289 = LINE ( 'NONE', #2069, #2244 ) ;
#8290 = EDGE_CURVE ( 'NONE', #6895, #8667, #620, .T. ) ;
#8291 =( LENGTH_UNIT ( ) NAMED_UNIT ( * ) SI_UNIT ( $, .METRE. ) );
#8292 = EDGE_LOOP ( 'NONE', ( #1850, #4772, #3707, #7382 ) ) ;
#8293 = ORIENTED_EDGE ( 'NONE', *, *, #6735, .T. ) ;
#8294 = ORIENTED_EDGE ( 'NONE', *, *, #5028, .F. ) ;
#8295 = PRESENTATION_STYLE_ASSIGNMENT (( #2771 ) ) ;
#8296 = CARTESIAN_POINT ( 'NONE',  ( 0.03307086614173228301, -0.1014396703667248129, 0.01159693470591019807 ) ) ;
#8297 = LINE ( 'NONE', #7015, #4495 ) ;
#8298 = LENGTH_MEASURE_WITH_UNIT ( LENGTH_MEASURE( 0.02539999999999999897 ), #4187 );
#8299 = AXIS2_PLACEMENT_3D ( 'NONE', #474, #4718, #6037 ) ;
#8300 = FILL_AREA_STYLE_COLOUR ( '', #8580 ) ;
#8301 =( NAMED_UNIT ( * ) SI_UNIT ( $, .STERADIAN. ) SOLID_ANGLE_UNIT ( ) );
#8302 = LINE ( 'NONE', #8345, #8275 ) ;
#8303 = DIRECTION ( 'NONE',  ( -1.000000000000000000, -0.000000000000000000, -0.000000000000000000 ) ) ;
#8304 = UNCERTAINTY_MEASURE_WITH_UNIT (LENGTH_MEASURE( 1.000000000000000082E-05 ), #3865, 'distance_accuracy_value', 'NONE');
#8305 = CARTESIAN_POINT ( 'NONE',  ( -0.08869051231072096197, 0.08683641301816054370, 0.04971379740223480503 ) ) ;
#8306 = VERTEX_POINT ( 'NONE', #2245 ) ;
#8307 = PRESENTATION_LAYER_ASSIGNMENT (  '', '', ( #3387 ) ) ;
#8308 = ORIENTED_EDGE ( 'NONE', *, *, #1575, .T. ) ;
#8309 =( CONVERSION_BASED_UNIT ( 'INCH', #4246 ) LENGTH_UNIT ( ) NAMED_UNIT ( #2641 ) );
#8310 = CIRCLE ( 'NONE', #5125, 0.003149606299212598381 ) ;
#8311 = VERTEX_POINT ( 'NONE', #6997 ) ;
#8312 = DIRECTION ( 'NONE',  ( 0.000000000000000000, -0.9961946980917456562, -0.08715574274765708340 ) ) ;
#8313 = PLANE ( 'NONE',  #2973 ) ;
#8314 = COLOUR_RGB ( '',0.7490196078431372584, 0.7490196078431372584, 0.7490196078431372584 ) ;
#8315 = DIMENSIONAL_EXPONENTS ( 1.000000000000000000, 0.000000000000000000, 0.000000000000000000, 0.000000000000000000, 0.000000000000000000, 0.000000000000000000, 0.000000000000000000 ) ;
#8316 = LINE ( 'NONE', #3373, #6663 ) ;
#8317 = CARTESIAN_POINT ( 'NONE',  ( -0.07499999999999999722, -0.09796007064640156747, 0.002021243723793037916 ) ) ;
#8318 = EDGE_CURVE ( 'NONE', #2169, #3813, #5710, .T. ) ;
#8319 = ORIENTED_EDGE ( 'NONE', *, *, #8209, .T. ) ;
#8320 = ORIENTED_EDGE ( 'NONE', *, *, #1004, .F. ) ;
#8321 = LENGTH_MEASURE_WITH_UNIT ( LENGTH_MEASURE( 0.02539999999999999897 ), #6680 );
#8322 = CARTESIAN_POINT ( 'NONE',  ( -0.08869051231072103136, -0.07266318467170390649, 0.04971379740223477034 ) ) ;
#8323 = LINE ( 'NONE', #6912, #3411 ) ;
#8324 = ADVANCED_FACE ( 'NONE', ( #8591 ), #8456, .T. ) ;
#8325 = AXIS2_PLACEMENT_3D ( 'NONE', #1, #4891, #696 ) ;
#8326 = CARTESIAN_POINT ( 'NONE',  ( -0.09251968503937008093, 0.1171259842519685179, 0.000000000000000000 ) ) ;
#8327 = PRESENTATION_LAYER_ASSIGNMENT (  '', '', ( #3241 ) ) ;
#8328 = PRESENTATION_STYLE_ASSIGNMENT (( #5576 ) ) ;
#8329 = ADVANCED_FACE ( 'NONE', ( #7082 ), #4299, .T. ) ;
#8330 = PRESENTATION_LAYER_ASSIGNMENT (  '', '', ( #4726 ) ) ;
#8331 = FILL_AREA_STYLE ('',( #5535 ) ) ;
#8332 =( CONVERSION_BASED_UNIT ( 'INCH', #2811 ) LENGTH_UNIT ( ) NAMED_UNIT ( #2043 ) );
#8333 = PLANE ( 'NONE',  #2767 ) ;
#8334 = UNCERTAINTY_MEASURE_WITH_UNIT (LENGTH_MEASURE( 1.000000000000000082E-05 ), #2916, 'distance_accuracy_value', 'NONE');
#8335 = ORIENTED_EDGE ( 'NONE', *, *, #8786, .F. ) ;
#8336 = ORIENTED_EDGE ( 'NONE', *, *, #1752, .F. ) ;
#8337 = EDGE_LOOP ( 'NONE', ( #5460, #5236, #4016, #1410 ) ) ;
#8338 = AXIS2_PLACEMENT_3D ( 'NONE', #2942, #3433, #5720 ) ;
#8339 = VECTOR ( 'NONE', #636, 39.37007874015748854 ) ;
#8340 = CARTESIAN_POINT ( 'NONE',  ( 0.09055118110236218265, 0.007027559055118157497, 0.000000000000000000 ) ) ;
#8341 = LINE ( 'NONE', #5738, #8356 ) ;
#8342 = CARTESIAN_POINT ( 'NONE',  ( -0.07960036946185393425, -0.05322241670594842627, 0.04988188976377952444 ) ) ;
#8343 = PRESENTATION_STYLE_ASSIGNMENT (( #789 ) ) ;
#8344 = CARTESIAN_POINT ( 'NONE',  ( 0.09167522711142700453, 0.08683641301816055758, 0.04733189256916633947 ) ) ;
#8345 = CARTESIAN_POINT ( 'NONE',  ( -0.06692913385826770867, -0.08565767112959683793, 0.02601659103690531771 ) ) ;
#8346 = LINE ( 'NONE', #7019, #7437 ) ;
#8347 =( NAMED_UNIT ( * ) PLANE_ANGLE_UNIT ( ) SI_UNIT ( $, .RADIAN. ) );
#8348 = ORIENTED_EDGE ( 'NONE', *, *, #5307, .F. ) ;
#8349 = ORIENTED_EDGE ( 'NONE', *, *, #5066, .T. ) ;
#8350 = ORIENTED_EDGE ( 'NONE', *, *, #6695, .F. ) ;
#8351 = AXIS2_PLACEMENT_3D ( 'NONE', #7428, #1120, #5459 ) ;
#8352 = FACE_OUTER_BOUND ( 'NONE', #325, .T. ) ;
#8353 = EDGE_CURVE ( 'NONE', #7955, #1330, #4567, .T. ) ;
#8354 =( NAMED_UNIT ( * ) SI_UNIT ( $, .STERADIAN. ) SOLID_ANGLE_UNIT ( ) );
#8355 = SURFACE_STYLE_FILL_AREA ( #4202 ) ;
#8356 = VECTOR ( 'NONE', #1517, 39.37007874015748143 ) ;
#8357 = DIRECTION ( 'NONE',  ( 0.000000000000000000, 0.9989437399158201947, 0.04595002157773421525 ) ) ;
#8358 = PRESENTATION_LAYER_ASSIGNMENT (  '', '', ( #666 ) ) ;
#8359 = CARTESIAN_POINT ( 'NONE',  ( -0.07795275590551181688, 0.004527559055118110173, 0.009842519685039369942 ) ) ;
#8360 = VERTEX_POINT ( 'NONE', #7302 ) ;
#8361 = VERTEX_POINT ( 'NONE', #1854 ) ;
#8362 = CARTESIAN_POINT ( 'NONE',  ( 0.08307086614173228578, -0.09383657304297442214, 0.02091502454231232433 ) ) ;
#8363 = MECHANICAL_DESIGN_GEOMETRIC_PRESENTATION_REPRESENTATION (  '', ( #6906 ), #8066 ) ;
#8364 =( CONVERSION_BASED_UNIT ( 'INCH', #1543 ) LENGTH_UNIT ( ) NAMED_UNIT ( #6738 ) );
#8365 = EDGE_CURVE ( 'NONE', #3978, #5928, #6672, .T. ) ;
#8366 = STYLED_ITEM ( 'NONE', ( #7344 ), #1678 ) ;
#8367 = SURFACE_STYLE_USAGE ( .BOTH. , #816 ) ;
#8368 = DIRECTION ( 'NONE',  ( 0.000000000000000000, -0.000000000000000000, 1.000000000000000000 ) ) ;
#8369 = PLANE ( 'NONE',  #4157 ) ;
#8370 = DIMENSIONAL_EXPONENTS ( 1.000000000000000000, 0.000000000000000000, 0.000000000000000000, 0.000000000000000000, 0.000000000000000000, 0.000000000000000000, 0.000000000000000000 ) ;
#8371 = EDGE_CURVE ( 'NONE', #4662, #6340, #3843, .T. ) ;
#8372 = COLOUR_RGB ( '',0.7490196078431372584, 0.7490196078431372584, 0.7490196078431372584 ) ;
#8373 = FACE_OUTER_BOUND ( 'NONE', #396, .T. ) ;
#8374 = DIRECTION ( 'NONE',  ( -1.000000000000000000, -2.488951074227589851E-16, 0.000000000000000000 ) ) ;
#8375 = UNCERTAINTY_MEASURE_WITH_UNIT (LENGTH_MEASURE( 1.000000000000000082E-05 ), #1645, 'distance_accuracy_value', 'NONE');
#8376 = VECTOR ( 'NONE', #3810, 39.37007874015748143 ) ;
#8377 = CARTESIAN_POINT ( 'NONE',  ( 0.08307086614173228578, -0.1210629921259842590, -1.069830134859272772E-18 ) ) ;
#8378 = LINE ( 'NONE', #2160, #6503 ) ;
#8379 = APPLICATION_CONTEXT ( 'automotive_design' ) ;
#8380 = UNCERTAINTY_MEASURE_WITH_UNIT (LENGTH_MEASURE( 1.000000000000000082E-05 ), #1493, 'distance_accuracy_value', 'NONE');
#8381 = MECHANICAL_DESIGN_GEOMETRIC_PRESENTATION_REPRESENTATION (  '', ( #3313 ), #8228 ) ;
#8382 = CARTESIAN_POINT ( 'NONE',  ( -0.06530030766429134603, 0.1049212598425196957, 0.000000000000000000 ) ) ;
#8383 = LINE ( 'NONE', #4941, #5557 ) ;
#8384 = DIRECTION ( 'NONE',  ( -1.000000000000000000, -0.000000000000000000, 0.000000000000000000 ) ) ;
#8385 = EDGE_LOOP ( 'NONE', ( #3799, #2, #4062, #6595 ) ) ;
#8386 = ORIENTED_EDGE ( 'NONE', *, *, #7852, .T. ) ;
#8387 = VERTEX_POINT ( 'NONE', #5896 ) ;
#8388 = PRESENTATION_LAYER_ASSIGNMENT (  '', '', ( #4224 ) ) ;
#8389 = FACE_OUTER_BOUND ( 'NONE', #7065, .T. ) ;
#8390 = VECTOR ( 'NONE', #8791, 39.37007874015748854 ) ;
#8391 =( NAMED_UNIT ( * ) SI_UNIT ( $, .STERADIAN. ) SOLID_ANGLE_UNIT ( ) );
#8392 = FILL_AREA_STYLE ('',( #8300 ) ) ;
#8393 = CARTESIAN_POINT ( 'NONE',  ( -0.07499999999999999722, -0.08565767112959683793, 0.02601659103690530384 ) ) ;
#8394 = LINE ( 'NONE', #2178, #3938 ) ;
#8395 = DIRECTION ( 'NONE',  ( 0.000000000000000000, -3.469446951953614189E-15, -1.000000000000000000 ) ) ;
#8396 = UNCERTAINTY_MEASURE_WITH_UNIT (LENGTH_MEASURE( 1.000000000000000082E-05 ), #8364, 'distance_accuracy_value', 'NONE');
#8397 = SURFACE_STYLE_USAGE ( .BOTH. , #3412 ) ;
#8398 = ORIENTED_EDGE ( 'NONE', *, *, #1723, .F. ) ;
#8399 = ORIENTED_EDGE ( 'NONE', *, *, #5652, .F. ) ;
#8400 = CARTESIAN_POINT ( 'NONE',  ( 0.03503937007874016740, -0.08244437787890905589, 0.01631147111528527538 ) ) ;
#8401 = FACE_BOUND ( 'NONE', #6626, .T. ) ;
#8402 = ORIENTED_EDGE ( 'NONE', *, *, #4413, .F. ) ;
#8403 = VECTOR ( 'NONE', #8988, 39.37007874015748143 ) ;
#8404 = DIRECTION ( 'NONE',  ( 0.000000000000000000, -0.3143126552996258760, 0.9493195219305765598 ) ) ;
#8405 = DIRECTION ( 'NONE',  ( 0.000000000000000000, -0.000000000000000000, 1.000000000000000000 ) ) ;
#8406 = VECTOR ( 'NONE', #2005, 39.37007874015748143 ) ;
#8407 = LENGTH_MEASURE_WITH_UNIT ( LENGTH_MEASURE( 0.02539999999999999897 ), #5564 );
#8408 = EDGE_LOOP ( 'NONE', ( #2548, #5129, #6018, #7947 ) ) ;
#8409 = UNCERTAINTY_MEASURE_WITH_UNIT (LENGTH_MEASURE( 1.000000000000000082E-05 ), #3863, 'distance_accuracy_value', 'NONE');
#8410 = EDGE_CURVE ( 'NONE', #6141, #718, #7387, .T. ) ;
#8411 = ORIENTED_EDGE ( 'NONE', *, *, #2882, .T. ) ;
#8412 = DIRECTION ( 'NONE',  ( 0.000000000000000000, 0.000000000000000000, -1.000000000000000000 ) ) ;
#8413 = VECTOR ( 'NONE', #1608, 39.37007874015748854 ) ;
#8414 = DIRECTION ( 'NONE',  ( 0.000000000000000000, 0.7143278697962460733, -0.6998111848437100768 ) ) ;
#8415 = SURFACE_SIDE_STYLE ('',( #6372 ) ) ;
#8416 =( NAMED_UNIT ( * ) SI_UNIT ( $, .STERADIAN. ) SOLID_ANGLE_UNIT ( ) );
#8417 = DIMENSIONAL_EXPONENTS ( 1.000000000000000000, 0.000000000000000000, 0.000000000000000000, 0.000000000000000000, 0.000000000000000000, 0.000000000000000000, 0.000000000000000000 ) ;
#8418 = CARTESIAN_POINT ( 'NONE',  ( 0.08307086614173228578, -0.06061878546604763246, 0.01731541798661000164 ) ) ;
#8419 = DIRECTION ( 'NONE',  ( 0.000000000000000000, 0.000000000000000000, -1.000000000000000000 ) ) ;
#8420 =( NAMED_UNIT ( * ) SI_UNIT ( $, .STERADIAN. ) SOLID_ANGLE_UNIT ( ) );
#8421 =( GEOMETRIC_REPRESENTATION_CONTEXT ( 3 ) GLOBAL_UNCERTAINTY_ASSIGNED_CONTEXT ( ( #3384 ) ) GLOBAL_UNIT_ASSIGNED_CONTEXT ( ( #716, #1434, #3553 ) ) REPRESENTATION_CONTEXT ( 'NONE', 'WORKASPACE' ) );
#8422 = SURFACE_SIDE_STYLE ('',( #5528 ) ) ;
#8423 = CARTESIAN_POINT ( 'NONE',  ( 0.07499999999999999722, -0.08520540713768977314, 0.01618446761253700822 ) ) ;
#8424 = LINE ( 'NONE', #226, #4935 ) ;
#8425 =( CONVERSION_BASED_UNIT ( 'INCH', #7916 ) LENGTH_UNIT ( ) NAMED_UNIT ( #56 ) );
#8426 = LINE ( 'NONE', #2207, #1776 ) ;
#8427 =( NAMED_UNIT ( * ) SI_UNIT ( $, .STERADIAN. ) SOLID_ANGLE_UNIT ( ) );
#8428 = AXIS2_PLACEMENT_3D ( 'NONE', #3328, #3924, #1206 ) ;
#8429 = PRESENTATION_STYLE_ASSIGNMENT (( #2813 ) ) ;
#8430 = UNCERTAINTY_MEASURE_WITH_UNIT (LENGTH_MEASURE( 1.000000000000000082E-05 ), #4467, 'distance_accuracy_value', 'NONE');
#8431 = VERTEX_POINT ( 'NONE', #8042 ) ;
#8432 = ORIENTED_EDGE ( 'NONE', *, *, #3146, .T. ) ;
#8433 = EDGE_CURVE ( 'NONE', #751, #1171, #6719, .T. ) ;
#8434 = CARTESIAN_POINT ( 'NONE',  ( -0.08875394017312088213, -0.07436038474521941555, 0.04711612391623658247 ) ) ;
#8435 = DIRECTION ( 'NONE',  ( 0.000000000000000000, -0.9961946980917456562, -0.08715574274765708340 ) ) ;
#8436 = DIMENSIONAL_EXPONENTS ( 1.000000000000000000, 0.000000000000000000, 0.000000000000000000, 0.000000000000000000, 0.000000000000000000, 0.000000000000000000, 0.000000000000000000 ) ;
#8437 = LENGTH_MEASURE_WITH_UNIT ( LENGTH_MEASURE( 0.02539999999999999897 ), #787 );
#8438 = MECHANICAL_DESIGN_GEOMETRIC_PRESENTATION_REPRESENTATION (  '', ( #1024 ), #1453 ) ;
#8439 = PLANE ( 'NONE',  #4610 ) ;
#8440 = PLANE ( 'NONE',  #1317 ) ;
#8441 = CARTESIAN_POINT ( 'NONE',  ( 0.09042084030531762073, 0.08707438361240418812, 0.04882104092741530732 ) ) ;
#8442 = CARTESIAN_POINT ( 'NONE',  ( 0.07795275590551181688, 0.09311023622047245873, 0.000000000000000000 ) ) ;
#8443 = VECTOR ( 'NONE', #3106, 39.37007874015748143 ) ;
#8444 = ORIENTED_EDGE ( 'NONE', *, *, #5834, .T. ) ;
#8445 = VERTEX_POINT ( 'NONE', #3195 ) ;
#8446 = CARTESIAN_POINT ( 'NONE',  ( 0.09645669291338584972, 0.09311023622047245873, 0.005000000000000000104 ) ) ;
#8447 = VERTEX_POINT ( 'NONE', #5331 ) ;
#8448 = VECTOR ( 'NONE', #2177, 39.37007874015748143 ) ;
#8449 = STYLED_ITEM ( 'NONE', ( #8112 ), #3817 ) ;
#8450 = SURFACE_STYLE_USAGE ( .BOTH. , #3695 ) ;
#8451 = PRESENTATION_STYLE_ASSIGNMENT (( #7764 ) ) ;
#8452 = EDGE_LOOP ( 'NONE', ( #1749, #2349, #7328, #4969 ) ) ;
#8453 = ORIENTED_EDGE ( 'NONE', *, *, #7579, .T. ) ;
#8454 = PLANE ( 'NONE',  #5644 ) ;
#8455 = FACE_OUTER_BOUND ( 'NONE', #4999, .T. ) ;
#8456 = PLANE ( 'NONE',  #3109 ) ;
#8457 = LINE ( 'NONE', #4344, #1344 ) ;
#8458 = ADVANCED_FACE ( 'NONE', ( #8712 ), #8754, .T. ) ;
#8459 =( GEOMETRIC_REPRESENTATION_CONTEXT ( 3 ) GLOBAL_UNCERTAINTY_ASSIGNED_CONTEXT ( ( #7443 ) ) GLOBAL_UNIT_ASSIGNED_CONTEXT ( ( #2617, #1166, #3333 ) ) REPRESENTATION_CONTEXT ( 'NONE', 'WORKASPACE' ) );
#8460 = MECHANICAL_DESIGN_GEOMETRIC_PRESENTATION_REPRESENTATION (  '', ( #6858 ), #3691 ) ;
#8461 = LENGTH_MEASURE_WITH_UNIT ( LENGTH_MEASURE( 0.02539999999999999897 ), #2246 );
#8462 =( CONVERSION_BASED_UNIT ( 'INCH', #4885 ) LENGTH_UNIT ( ) NAMED_UNIT ( #7785 ) );
#8463 =( GEOMETRIC_REPRESENTATION_CONTEXT ( 3 ) GLOBAL_UNCERTAINTY_ASSIGNED_CONTEXT ( ( #8430 ) ) GLOBAL_UNIT_ASSIGNED_CONTEXT ( ( #4467, #1708, #8031 ) ) REPRESENTATION_CONTEXT ( 'NONE', 'WORKASPACE' ) );
#8464 = EDGE_CURVE ( 'NONE', #3234, #7577, #4476, .T. ) ;
#8465 = CARTESIAN_POINT ( 'NONE',  ( 0.04822834645669292486, 0.09311023622047233383, 0.009842519685039354330 ) ) ;
#8466 = CARTESIAN_POINT ( 'NONE',  ( 0.08307086614173228578, -0.09383657304297421398, 0.02091502454231218902 ) ) ;
#8467 = VECTOR ( 'NONE', #8303, 39.37007874015748143 ) ;
#8468 = LINE ( 'NONE', #5021, #7368 ) ;
#8469 =( NAMED_UNIT ( * ) SI_UNIT ( $, .STERADIAN. ) SOLID_ANGLE_UNIT ( ) );
#8470 = EDGE_CURVE ( 'NONE', #5974, #7886, #2425, .T. ) ;
#8471 = LINE ( 'NONE', #1555, #5268 ) ;
#8472 = CIRCLE ( 'NONE', #5895, 0.008858267716535431213 ) ;
#8473 = SURFACE_SIDE_STYLE ('',( #6259 ) ) ;
#8474 = ORIENTED_EDGE ( 'NONE', *, *, #8365, .F. ) ;
#8475 = ORIENTED_EDGE ( 'NONE', *, *, #5915, .T. ) ;
#8476 = FILL_AREA_STYLE ('',( #5072 ) ) ;
#8477 = CARTESIAN_POINT ( 'NONE',  ( -0.09645669291338584972, 0.1049212598425196957, 0.000000000000000000 ) ) ;
#8478 = VECTOR ( 'NONE', #1498, 39.37007874015748854 ) ;
#8479 = DIRECTION ( 'NONE',  ( 0.000000000000000000, 0.000000000000000000, 1.000000000000000000 ) ) ;
#8480 = ADVANCED_FACE ( 'NONE', ( #7618 ), #8889, .T. ) ;
#8481 = CARTESIAN_POINT ( 'NONE',  ( -0.08753937007874017240, 0.01003937007874019724, 0.009842519685039373412 ) ) ;
#8482 =( NAMED_UNIT ( * ) PLANE_ANGLE_UNIT ( ) SI_UNIT ( $, .RADIAN. ) );
#8483 = CARTESIAN_POINT ( 'NONE',  ( -0.03307086614173228301, -0.06061878546604763246, 0.01731541798661000164 ) ) ;
#8484 = AXIS2_PLACEMENT_3D ( 'NONE', #6676, #8713, #4660 ) ;
#8485 = DIRECTION ( 'NONE',  ( -0.7071067811865480168, -0.7071067811865470176, 0.000000000000000000 ) ) ;
#8486 = EDGE_LOOP ( 'NONE', ( #3465, #3425, #3448, #5461 ) ) ;
#8487 = UNCERTAINTY_MEASURE_WITH_UNIT (LENGTH_MEASURE( 1.000000000000000082E-05 ), #7799, 'distance_accuracy_value', 'NONE');
#8488 = ORIENTED_EDGE ( 'NONE', *, *, #8752, .F. ) ;
#8489 = SURFACE_STYLE_USAGE ( .BOTH. , #2231 ) ;
#8490 = EDGE_CURVE ( 'NONE', #8955, #2330, #4789, .T. ) ;
#8491 = FILL_AREA_STYLE_COLOUR ( '', #4182 ) ;
#8492 = LINE ( 'NONE', #154, #3595 ) ;
#8493 = VECTOR ( 'NONE', #4570, 39.37007874015748143 ) ;
#8494 = CIRCLE ( 'NONE', #5016, 0.004921259842519684971 ) ;
#8495 = ADVANCED_FACE ( 'NONE', ( #1900 ), #8313, .T. ) ;
#8496 = DIMENSIONAL_EXPONENTS ( 1.000000000000000000, 0.000000000000000000, 0.000000000000000000, 0.000000000000000000, 0.000000000000000000, 0.000000000000000000, 0.000000000000000000 ) ;
#8497 = PRESENTATION_STYLE_ASSIGNMENT (( #157 ) ) ;
#8498 = VERTEX_POINT ( 'NONE', #4158 ) ;
#8499 = ORIENTED_EDGE ( 'NONE', *, *, #7012, .T. ) ;
#8500 = LINE ( 'NONE', #5050, #3901 ) ;
#8501 = MECHANICAL_DESIGN_GEOMETRIC_PRESENTATION_REPRESENTATION (  '', ( #7768 ), #4307 ) ;
#8502 = CARTESIAN_POINT ( 'NONE',  ( 0.07499999999999999722, -0.08244437787890905589, 0.01631147111528527538 ) ) ;
#8503 = SURFACE_STYLE_FILL_AREA ( #2379 ) ;
#8504 =( NAMED_UNIT ( * ) PLANE_ANGLE_UNIT ( ) SI_UNIT ( $, .RADIAN. ) );
#8505 = STYLED_ITEM ( 'NONE', ( #1733 ), #165 ) ;
#8506 = SURFACE_STYLE_FILL_AREA ( #5768 ) ;
#8507 = VERTEX_POINT ( 'NONE', #2093 ) ;
#8508 = CARTESIAN_POINT ( 'NONE',  ( 0.09055118110236221041, 0.007027559055118149690, 0.009842519685039369942 ) ) ;
#8509 =( LENGTH_UNIT ( ) NAMED_UNIT ( * ) SI_UNIT ( $, .METRE. ) );
#8510 = STYLED_ITEM ( 'NONE', ( #5933 ), #1672 ) ;
#8511 = CARTESIAN_POINT ( 'NONE',  ( 0.08869051231072089259, -0.07266318467170386486, 0.04971379740223482585 ) ) ;
#8512 = FACE_OUTER_BOUND ( 'NONE', #52, .T. ) ;
#8513 = PRESENTATION_LAYER_ASSIGNMENT (  '', '', ( #232 ) ) ;
#8514 =( LENGTH_UNIT ( ) NAMED_UNIT ( * ) SI_UNIT ( $, .METRE. ) );
#8515 = ORIENTED_EDGE ( 'NONE', *, *, #6173, .F. ) ;
#8516 = COLOUR_RGB ( '',0.2862745098039215508, 0.2862745098039215508, 0.2862745098039215508 ) ;
#8517 = EDGE_LOOP ( 'NONE', ( #7464, #6317, #1395, #4284 ) ) ;
#8518 = EDGE_CURVE ( 'NONE', #7329, #5989, #677, .T. ) ;
#8519 = ORIENTED_EDGE ( 'NONE', *, *, #2058, .F. ) ;
#8520 = EDGE_CURVE ( 'NONE', #1227, #3533, #6415, .T. ) ;
#8521 = DIRECTION ( 'NONE',  ( -1.000000000000000000, -0.000000000000000000, 0.000000000000000000 ) ) ;
#8522 = STYLED_ITEM ( 'NONE', ( #2934 ), #2022 ) ;
#8523 = CARTESIAN_POINT ( 'NONE',  ( 0.000000000000000000, 0.000000000000000000, 0.000000000000000000 ) ) ;
#8524 = LINE ( 'NONE', #381, #7990 ) ;
#8525 = CARTESIAN_POINT ( 'NONE',  ( -0.07499999999999999722, -0.09383657304297415847, 0.02091502454231218208 ) ) ;
#8526 =( CONVERSION_BASED_UNIT ( 'INCH', #2099 ) LENGTH_UNIT ( ) NAMED_UNIT ( #6405 ) );
#8527 = COLOUR_RGB ( '',0.2862745098039215508, 0.2862745098039215508, 0.2862745098039215508 ) ;
#8528 = ORIENTED_EDGE ( 'NONE', *, *, #3995, .F. ) ;
#8529 = EDGE_CURVE ( 'NONE', #4971, #7576, #7862, .T. ) ;
#8530 = ORIENTED_EDGE ( 'NONE', *, *, #1626, .T. ) ;
#8531 = DIRECTION ( 'NONE',  ( 0.000000000000000000, 3.469446951953614189E-15, -1.000000000000000000 ) ) ;
#8532 = SURFACE_STYLE_USAGE ( .BOTH. , #5795 ) ;
#8533 = LINE ( 'NONE', #2324, #814 ) ;
#8534 =( LENGTH_UNIT ( ) NAMED_UNIT ( * ) SI_UNIT ( $, .METRE. ) );
#8535 = VECTOR ( 'NONE', #1983, 39.37007874015748854 ) ;
#8536 =( NAMED_UNIT ( * ) PLANE_ANGLE_UNIT ( ) SI_UNIT ( $, .RADIAN. ) );
#8537 = DIRECTION ( 'NONE',  ( -1.000000000000000000, -0.000000000000000000, 0.000000000000000000 ) ) ;
#8538 = CLOSED_SHELL ( 'NONE', ( #4378, #8273, #1065, #8329, #7122, #1315, #1678, #3817, #4984, #1672, #7732, #6233, #7820, #6020, #8911, #5655, #1007, #7802, #8774, #4520, #2498, #3004 ) ) ;
#8539 = PRESENTATION_STYLE_ASSIGNMENT (( #304 ) ) ;
#8540 = ORIENTED_EDGE ( 'NONE', *, *, #4701, .F. ) ;
#8541 = VERTEX_POINT ( 'NONE', #3028 ) ;
#8542 = MECHANICAL_DESIGN_GEOMETRIC_PRESENTATION_REPRESENTATION (  '', ( #5063 ), #5818 ) ;
#8543 =( LENGTH_UNIT ( ) NAMED_UNIT ( * ) SI_UNIT ( $, .METRE. ) );
#8544 = AXIS2_PLACEMENT_3D ( 'NONE', #3766, #6514, #7404 ) ;
#8545 = FILL_AREA_STYLE ('',( #7769 ) ) ;
#8546 = CARTESIAN_POINT ( 'NONE',  ( -0.06692913385826770867, -0.09383657304297421398, 0.02091502454231218902 ) ) ;
#8547 =( NAMED_UNIT ( * ) PLANE_ANGLE_UNIT ( ) SI_UNIT ( $, .RADIAN. ) );
#8548 = CARTESIAN_POINT ( 'NONE',  ( -0.08875394017312086825, 0.08540748348020747727, 0.04673228346456693300 ) ) ;
#8549 = DIRECTION ( 'NONE',  ( 0.000000000000000000, 0.4806245840651692247, 0.8769264559768868983 ) ) ;
#8550 = CIRCLE ( 'NONE', #7650, 0.003149606299212602718 ) ;
#8551 = FILL_AREA_STYLE ('',( #5104 ) ) ;
#8552 = ORIENTED_EDGE ( 'NONE', *, *, #6303, .F. ) ;
#8553 = DIMENSIONAL_EXPONENTS ( 1.000000000000000000, 0.000000000000000000, 0.000000000000000000, 0.000000000000000000, 0.000000000000000000, 0.000000000000000000, 0.000000000000000000 ) ;
#8554 = SURFACE_SIDE_STYLE ('',( #3801 ) ) ;
#8555 = DIRECTION ( 'NONE',  ( -1.000000000000000000, -0.000000000000000000, 0.000000000000000000 ) ) ;
#8556 = COLOUR_RGB ( '',0.2862745098039215508, 0.2862745098039215508, 0.2862745098039215508 ) ;
#8557 = CARTESIAN_POINT ( 'NONE',  ( -0.09645669291338584972, 0.1049212598425196957, 0.000000000000000000 ) ) ;
#8558 = CARTESIAN_POINT ( 'NONE',  ( -0.08307086614173228578, -0.06107104945795459316, 0.02714754141097831461 ) ) ;
#8559 = LINE ( 'NONE', #2347, #4149 ) ;
#8560 = CARTESIAN_POINT ( 'NONE',  ( 0.03307086614173228301, -0.06107104945795466255, 0.02714754141097831461 ) ) ;
#8561 = PRESENTATION_LAYER_ASSIGNMENT (  '', '', ( #5678 ) ) ;
#8562 = ORIENTED_EDGE ( 'NONE', *, *, #291, .T. ) ;
#8563 = SURFACE_STYLE_FILL_AREA ( #8476 ) ;
#8564 =( LENGTH_UNIT ( ) NAMED_UNIT ( * ) SI_UNIT ( $, .METRE. ) );
#8565 = COLOUR_RGB ( '',0.2862745098039215508, 0.2862745098039215508, 0.2862745098039215508 ) ;
#8566 = APPLICATION_PROTOCOL_DEFINITION ( 'draft international standard', 'automotive_design', 1998, #8379 ) ;
#8567 = DIRECTION ( 'NONE',  ( 0.000000000000000000, -0.3143126552996258760, 0.9493195219305765598 ) ) ;
#8568 = CARTESIAN_POINT ( 'NONE',  ( 0.06692913385826770867, -0.06061878546604763246, 0.01731541798661000164 ) ) ;
#8569 = EDGE_CURVE ( 'NONE', #4245, #6666, #815, .T. ) ;
#8570 = LENGTH_MEASURE_WITH_UNIT ( LENGTH_MEASURE( 0.02539999999999999897 ), #7977 );
#8571 = CARTESIAN_POINT ( 'NONE',  ( 0.07499999999999999722, -0.09383657304297415847, 0.02091502454231218208 ) ) ;
#8572 = DIRECTION ( 'NONE',  ( 0.000000000000000000, 1.000000000000000000, 0.000000000000000000 ) ) ;
#8573 = EDGE_LOOP ( 'NONE', ( #4053, #8246, #2182, #4620 ) ) ;
#8574 = UNCERTAINTY_MEASURE_WITH_UNIT (LENGTH_MEASURE( 1.000000000000000082E-05 ), #3186, 'distance_accuracy_value', 'NONE');
#8575 = VERTEX_POINT ( 'NONE', #5712 ) ;
#8576 = SURFACE_STYLE_FILL_AREA ( #5751 ) ;
#8577 = CIRCLE ( 'NONE', #4252, 0.003149606299212596213 ) ;
#8578 = FACE_OUTER_BOUND ( 'NONE', #2240, .T. ) ;
#8579 = DIRECTION ( 'NONE',  ( -1.000000000000000000, -2.488951074227589851E-16, 0.000000000000000000 ) ) ;
#8580 = COLOUR_RGB ( '',0.7490196078431372584, 0.7490196078431372584, 0.7490196078431372584 ) ;
#8581 = CARTESIAN_POINT ( 'NONE',  ( -0.08858267716535433989, 0.1210629921259842590, 0.009842519685039369942 ) ) ;
#8582 = CARTESIAN_POINT ( 'NONE',  ( -0.08307086614173228578, -0.08565767112959683793, 0.02601659103690530384 ) ) ;
#8583 = EDGE_CURVE ( 'NONE', #7298, #3642, #8457, .T. ) ;
#8584 = FACE_OUTER_BOUND ( 'NONE', #3823, .T. ) ;
#8585 = CARTESIAN_POINT ( 'NONE',  ( -0.01692913385826771630, -0.09084088879601615041, 0.01357377070548917292 ) ) ;
#8586 = ORIENTED_EDGE ( 'NONE', *, *, #8264, .T. ) ;
#8587 = EDGE_LOOP ( 'NONE', ( #6861, #6091, #4725, #8453 ) ) ;
#8588 = FILL_AREA_STYLE_COLOUR ( '', #7801 ) ;
#8589 = COLOUR_RGB ( '',0.7490196078431372584, 0.7490196078431372584, 0.7490196078431372584 ) ;
#8590 = LINE ( 'NONE', #1442, #2727 ) ;
#8591 = FACE_OUTER_BOUND ( 'NONE', #4244, .T. ) ;
#8592 = PRESENTATION_LAYER_ASSIGNMENT (  '', '', ( #3522 ) ) ;
#8593 = CARTESIAN_POINT ( 'NONE',  ( 0.07795275590551181688, 0.01003937007874019724, 0.005000000000000000104 ) ) ;
#8594 = CARTESIAN_POINT ( 'NONE',  ( 0.07499999999999999722, -0.08653382883559776473, 0.01376068786798864858 ) ) ;
#8595 = ORIENTED_EDGE ( 'NONE', *, *, #7115, .F. ) ;
#8596 =( NAMED_UNIT ( * ) SI_UNIT ( $, .STERADIAN. ) SOLID_ANGLE_UNIT ( ) );
#8597 =( CONVERSION_BASED_UNIT ( 'INCH', #7822 ) LENGTH_UNIT ( ) NAMED_UNIT ( #7069 ) );
#8598 = ADVANCED_FACE ( 'NONE', ( #7904 ), #170, .T. ) ;
#8599 = FILL_AREA_STYLE_COLOUR ( '', #1655 ) ;
#8600 =( GEOMETRIC_REPRESENTATION_CONTEXT ( 3 ) GLOBAL_UNCERTAINTY_ASSIGNED_CONTEXT ( ( #2580 ) ) GLOBAL_UNIT_ASSIGNED_CONTEXT ( ( #1177, #8719, #1048 ) ) REPRESENTATION_CONTEXT ( 'NONE', 'WORKASPACE' ) );
#8601 = FILL_AREA_STYLE ('',( #1049 ) ) ;
#8602 = PRESENTATION_STYLE_ASSIGNMENT (( #3761 ) ) ;
#8603 = FACE_OUTER_BOUND ( 'NONE', #2422, .T. ) ;
#8604 = LINE ( 'NONE', #7183, #5374 ) ;
#8605 = ORIENTED_EDGE ( 'NONE', *, *, #4920, .T. ) ;
#8606 = DIMENSIONAL_EXPONENTS ( 1.000000000000000000, 0.000000000000000000, 0.000000000000000000, 0.000000000000000000, 0.000000000000000000, 0.000000000000000000, 0.000000000000000000 ) ;
#8607 =( LENGTH_UNIT ( ) NAMED_UNIT ( * ) SI_UNIT ( $, .METRE. ) );
#8608 = SHAPE_DEFINITION_REPRESENTATION ( #3132, #4183 ) ;
#8609 = CARTESIAN_POINT ( 'NONE',  ( 0.01496062992125983884, -0.08244437787890905589, 0.01631147111528527538 ) ) ;
#8610 = SURFACE_SIDE_STYLE ('',( #6520 ) ) ;
#8611 = CARTESIAN_POINT ( 'NONE',  ( -0.09644984818987714648, 0.09180646489385110853, 0.009953868386747437291 ) ) ;
#8612 = DIRECTION ( 'NONE',  ( 0.000000000000000000, -0.000000000000000000, 1.000000000000000000 ) ) ;
#8613 = SURFACE_SIDE_STYLE ('',( #1523 ) ) ;
#8614 = ORIENTED_EDGE ( 'NONE', *, *, #4869, .T. ) ;
#8615 = EDGE_LOOP ( 'NONE', ( #2839, #6193, #3627, #7626 ) ) ;
#8616 = VECTOR ( 'NONE', #8196, 39.37007874015748854 ) ;
#8617 = CARTESIAN_POINT ( 'NONE',  ( 0.09644984818987707709, 0.09180646489385113629, 0.009953868386746066860 ) ) ;
#8618 = DIRECTION ( 'NONE',  ( 0.000000000000000000, 0.9989437399158199726, 0.04595002157773846879 ) ) ;
#8619 = CARTESIAN_POINT ( 'NONE',  ( -0.02500000000000000139, -0.08653382883559766758, 0.01376068786798879603 ) ) ;
#8620 = ADVANCED_FACE ( 'NONE', ( #6763 ), #2738, .T. ) ;
#8621 = CARTESIAN_POINT ( 'NONE',  ( 0.08753937007874017240, -0.0009842519685039172617, 0.005000000000000000104 ) ) ;
#8622 = MECHANICAL_DESIGN_GEOMETRIC_PRESENTATION_REPRESENTATION (  '', ( #5763 ), #776 ) ;
#8623 = SURFACE_SIDE_STYLE ('',( #7208 ) ) ;
#8624 = EDGE_LOOP ( 'NONE', ( #8666, #408, #2748, #5590 ) ) ;
#8625 = ORIENTED_EDGE ( 'NONE', *, *, #5394, .T. ) ;
#8626 = FILL_AREA_STYLE ('',( #3790 ) ) ;
#8627 = SURFACE_SIDE_STYLE ('',( #5146 ) ) ;
#8628 = EDGE_CURVE ( 'NONE', #1704, #3530, #3458, .T. ) ;
#8629 = STYLED_ITEM ( 'NONE', ( #8222 ), #1043 ) ;
#8630 = SURFACE_STYLE_FILL_AREA ( #6621 ) ;
#8631 = DIRECTION ( 'NONE',  ( -0.000000000000000000, 1.000000000000000000, 0.000000000000000000 ) ) ;
#8632 = STYLED_ITEM ( 'NONE', ( #6612 ), #1192 ) ;
#8633 = ORIENTED_EDGE ( 'NONE', *, *, #8529, .T. ) ;
#8634 = DIRECTION ( 'NONE',  ( 0.000000000000000000, 0.000000000000000000, 1.000000000000000000 ) ) ;
#8635 = SURFACE_STYLE_FILL_AREA ( #8801 ) ;
#8636 = SURFACE_STYLE_USAGE ( .BOTH. , #5860 ) ;
#8637 = FILL_AREA_STYLE_COLOUR ( '', #6585 ) ;
#8638 = MECHANICAL_DESIGN_GEOMETRIC_PRESENTATION_REPRESENTATION (  '', ( #666 ), #1529 ) ;
#8639 =( BOUNDED_CURVE ( )  B_SPLINE_CURVE ( 3, ( #2808, #777, #7590, #7734 ),
 .UNSPECIFIED., .F., .T. ) 
 B_SPLINE_CURVE_WITH_KNOTS ( ( 4, 4 ),
 ( 2.359914478534752558, 3.923270828644852770 ),
 .UNSPECIFIED. ) 
 CURVE ( )  GEOMETRIC_REPRESENTATION_ITEM ( )  RATIONAL_B_SPLINE_CURVE ( ( 1.000000000000000000, 0.8064882076837861513, 0.8064882076837861513, 1.000000000000000000 ) ) 
 REPRESENTATION_ITEM ( '' )  );
#8640 =( NAMED_UNIT ( * ) PLANE_ANGLE_UNIT ( ) SI_UNIT ( $, .RADIAN. ) );
#8641 = LINE ( 'NONE', #5772, #2054 ) ;
#8642 = EDGE_CURVE ( 'NONE', #6141, #1560, #1291, .T. ) ;
#8643 = PLANE ( 'NONE',  #1503 ) ;
#8644 = DIMENSIONAL_EXPONENTS ( 1.000000000000000000, 0.000000000000000000, 0.000000000000000000, 0.000000000000000000, 0.000000000000000000, 0.000000000000000000, 0.000000000000000000 ) ;
#8645 = DIRECTION ( 'NONE',  ( 1.000000000000000000, 0.000000000000000000, 0.000000000000000000 ) ) ;
#8646 = MECHANICAL_DESIGN_GEOMETRIC_PRESENTATION_REPRESENTATION (  '', ( #6063 ), #4179 ) ;
#8647 = FILL_AREA_STYLE_COLOUR ( '', #6920 ) ;
#8648 = ORIENTED_EDGE ( 'NONE', *, *, #2225, .F. ) ;
#8649 = CARTESIAN_POINT ( 'NONE',  ( -0.08753937007874017240, 0.01003937007874019030, 0.009842519685039369942 ) ) ;
#8650 = EDGE_LOOP ( 'NONE', ( #6971, #7287, #2611, #4783 ) ) ;
#8651 = CARTESIAN_POINT ( 'NONE',  ( 0.06530030766429134603, 0.09311023622047245873, 0.000000000000000000 ) ) ;
#8652 = STYLED_ITEM ( 'NONE', ( #2786 ), #1725 ) ;
#8653 = CARTESIAN_POINT ( 'NONE',  ( -0.09645669291338584972, 0.09311023622047245873, 0.000000000000000000 ) ) ;
#8654 = DIRECTION ( 'NONE',  ( 0.000000000000000000, 0.9961946980917454342, 0.08715574274765815199 ) ) ;
#8655 = LINE ( 'NONE', #1618, #7532 ) ;
#8656 =( GEOMETRIC_REPRESENTATION_CONTEXT ( 3 ) GLOBAL_UNCERTAINTY_ASSIGNED_CONTEXT ( ( #8487 ) ) GLOBAL_UNIT_ASSIGNED_CONTEXT ( ( #7799, #8180, #1960 ) ) REPRESENTATION_CONTEXT ( 'NONE', 'WORKASPACE' ) );
#8657 = PRESENTATION_STYLE_ASSIGNMENT (( #7193 ) ) ;
#8658 = PRESENTATION_STYLE_ASSIGNMENT (( #5917 ) ) ;
#8659 = EDGE_LOOP ( 'NONE', ( #3402, #4197, #2702, #8294 ) ) ;
#8660 = AXIS2_PLACEMENT_3D ( 'NONE', #5010, #8810, #8412 ) ;
#8661 = STYLED_ITEM ( 'NONE', ( #1420 ), #685 ) ;
#8662 =( CONVERSION_BASED_UNIT ( 'INCH', #1706 ) LENGTH_UNIT ( ) NAMED_UNIT ( #5428 ) );
#8663 = DIRECTION ( 'NONE',  ( -1.000000000000000000, 0.000000000000000000, 0.000000000000000000 ) ) ;
#8664 = CARTESIAN_POINT ( 'NONE',  ( 0.1009842519685039269, 0.002027559055118134841, 0.009842519685039369942 ) ) ;
#8665 = FILL_AREA_STYLE_COLOUR ( '', #8589 ) ;
#8666 = ORIENTED_EDGE ( 'NONE', *, *, #923, .F. ) ;
#8667 = VERTEX_POINT ( 'NONE', #6804 ) ;
#8668 = SURFACE_STYLE_USAGE ( .BOTH. , #7994 ) ;
#8669 = STYLED_ITEM ( 'NONE', ( #3492 ), #3258 ) ;
#8670 = STYLED_ITEM ( 'NONE', ( #7237 ), #2317 ) ;
#8671 =( NAMED_UNIT ( * ) PLANE_ANGLE_UNIT ( ) SI_UNIT ( $, .RADIAN. ) );
#8672 = FILL_AREA_STYLE_COLOUR ( '', #477 ) ;
#8673 = ADVANCED_FACE ( 'NONE', ( #4100 ), #3361, .T. ) ;
#8674 = AXIS2_PLACEMENT_3D ( 'NONE', #1009, #3812, #5074 ) ;
#8675 = MECHANICAL_DESIGN_GEOMETRIC_PRESENTATION_REPRESENTATION (  '', ( #1562 ), #4347 ) ;
#8676 = ORIENTED_EDGE ( 'NONE', *, *, #4842, .T. ) ;
#8677 = ORIENTED_EDGE ( 'NONE', *, *, #2690, .F. ) ;
#8678 =( NAMED_UNIT ( * ) PLANE_ANGLE_UNIT ( ) SI_UNIT ( $, .RADIAN. ) );
#8679 = DIRECTION ( 'NONE',  ( 0.000000000000000000, -0.8769264559768860101, 0.4806245840651710566 ) ) ;
#8680 = DIRECTION ( 'NONE',  ( 0.000000000000000000, -0.08715574274765816587, 0.9961946980917455452 ) ) ;
#8681 = FACE_OUTER_BOUND ( 'NONE', #4694, .T. ) ;
#8682 = MECHANICAL_DESIGN_GEOMETRIC_PRESENTATION_REPRESENTATION (  '', ( #4928 ), #117 ) ;
#8683 = FACE_OUTER_BOUND ( 'NONE', #5204, .T. ) ;
#8684 = FACE_OUTER_BOUND ( 'NONE', #1758, .T. ) ;
#8685 = FILL_AREA_STYLE_COLOUR ( '', #1838 ) ;
#8686 =( NAMED_UNIT ( * ) PLANE_ANGLE_UNIT ( ) SI_UNIT ( $, .RADIAN. ) );
#8687 = DIRECTION ( 'NONE',  ( 0.000000000000000000, 0.000000000000000000, -1.000000000000000000 ) ) ;
#8688 = SURFACE_SIDE_STYLE ('',( #5988 ) ) ;
#8689 = VERTEX_POINT ( 'NONE', #148 ) ;
#8690 = FILL_AREA_STYLE ('',( #5952 ) ) ;
#8691 = FILL_AREA_STYLE ('',( #5954 ) ) ;
#8692 = CARTESIAN_POINT ( 'NONE',  ( 0.02500000000000000139, -0.1210629921259842590, 0.000000000000000000 ) ) ;
#8693 = DIRECTION ( 'NONE',  ( -0.7071067811865453523, -0.7071067811865496822, 0.000000000000000000 ) ) ;
#8694 = FILL_AREA_STYLE ('',( #5958 ) ) ;
#8695 = LINE ( 'NONE', #247, #47 ) ;
#8696 =( NAMED_UNIT ( * ) SI_UNIT ( $, .STERADIAN. ) SOLID_ANGLE_UNIT ( ) );
#8697 = VERTEX_POINT ( 'NONE', #7104 ) ;
#8698 = ORIENTED_EDGE ( 'NONE', *, *, #7499, .F. ) ;
#8699 = CARTESIAN_POINT ( 'NONE',  ( -0.09042084030531757910, 0.08707438361240420199, 0.04882104092741532120 ) ) ;
#8700 = DIMENSIONAL_EXPONENTS ( 1.000000000000000000, 0.000000000000000000, 0.000000000000000000, 0.000000000000000000, 0.000000000000000000, 0.000000000000000000, 0.000000000000000000 ) ;
#8701 = MECHANICAL_DESIGN_GEOMETRIC_PRESENTATION_REPRESENTATION (  '', ( #4247 ), #5972 ) ;
#8702 = CARTESIAN_POINT ( 'NONE',  ( -0.03307086614173228301, -0.1210629921259842590, 0.009880116511253422829 ) ) ;
#8703 = VECTOR ( 'NONE', #8693, 39.37007874015748143 ) ;
#8704 = CARTESIAN_POINT ( 'NONE',  ( -0.07499999999999999722, -0.09755300347091180879, 0.01413418920407248820 ) ) ;
#8705 = EDGE_CURVE ( 'NONE', #5989, #5312, #1423, .T. ) ;
#8706 = VECTOR ( 'NONE', #924, 39.37007874015748143 ) ;
#8707 = ORIENTED_EDGE ( 'NONE', *, *, #7548, .T. ) ;
#8708 = ORIENTED_EDGE ( 'NONE', *, *, #7828, .T. ) ;
#8709 = PRESENTATION_STYLE_ASSIGNMENT (( #1852 ) ) ;
#8710 = COLOUR_RGB ( '',0.2862745098039215508, 0.2862745098039215508, 0.2862745098039215508 ) ;
#8711 = AXIS2_PLACEMENT_3D ( 'NONE', #4087, #7411, #561 ) ;
#8712 = FACE_OUTER_BOUND ( 'NONE', #3886, .T. ) ;
#8713 = DIRECTION ( 'NONE',  ( 0.000000000000000000, 0.000000000000000000, 1.000000000000000000 ) ) ;
#8714 = ORIENTED_EDGE ( 'NONE', *, *, #1287, .F. ) ;
#8715 = ORIENTED_EDGE ( 'NONE', *, *, #5716, .F. ) ;
#8716 = PRESENTATION_STYLE_ASSIGNMENT (( #6070 ) ) ;
#8717 = PLANE ( 'NONE',  #2323 ) ;
#8718 = ADVANCED_FACE ( 'NONE', ( #106 ), #1898, .T. ) ;
#8719 =( NAMED_UNIT ( * ) PLANE_ANGLE_UNIT ( ) SI_UNIT ( $, .RADIAN. ) );
#8720 = AXIS2_PLACEMENT_3D ( 'NONE', #6479, #8572, #8612 ) ;
#8721 = CARTESIAN_POINT ( 'NONE',  ( -0.06530030766429134603, 0.08129921259842519399, 0.009842519685039369942 ) ) ;
#8722 = EDGE_CURVE ( 'NONE', #6242, #7515, #7701, .T. ) ;
#8723 = LINE ( 'NONE', #2668, #8041 ) ;
#8724 = DIRECTION ( 'NONE',  ( -1.000000000000000000, -0.000000000000000000, -0.000000000000000000 ) ) ;
#8725 =( CONVERSION_BASED_UNIT ( 'INCH', #3990 ) LENGTH_UNIT ( ) NAMED_UNIT ( #1675 ) );
#8726 = CARTESIAN_POINT ( 'NONE',  ( 0.08958072817893110440, -0.07206104313956102070, 0.03999863552275472606 ) ) ;
#8727 =( LENGTH_UNIT ( ) NAMED_UNIT ( * ) SI_UNIT ( $, .METRE. ) );
#8728 = COLOUR_RGB ( '',0.2862745098039215508, 0.2862745098039215508, 0.2862745098039215508 ) ;
#8729 = EDGE_CURVE ( 'NONE', #7417, #7098, #4953, .T. ) ;
#8730 = ORIENTED_EDGE ( 'NONE', *, *, #1452, .F. ) ;
#8731 = ADVANCED_FACE ( 'NONE', ( #6350 ), #2222, .T. ) ;
#8732 = SURFACE_SIDE_STYLE ('',( #2501 ) ) ;
#8733 = SURFACE_STYLE_USAGE ( .BOTH. , #2016 ) ;
#8734 = DIRECTION ( 'NONE',  ( -1.000000000000000000, -0.000000000000000000, -0.000000000000000000 ) ) ;
#8735 = FILL_AREA_STYLE_COLOUR ( '', #5156 ) ;
#8736 = ORIENTED_EDGE ( 'NONE', *, *, #2989, .T. ) ;
#8737 = ORIENTED_EDGE ( 'NONE', *, *, #6870, .F. ) ;
#8738 = DIRECTION ( 'NONE',  ( 0.000000000000000000, 0.8769264559768860101, -0.4806245840651710566 ) ) ;
#8739 = SURFACE_STYLE_FILL_AREA ( #7211 ) ;
#8740 = VECTOR ( 'NONE', #4955, 39.37007874015748143 ) ;
#8741 = AXIS2_PLACEMENT_3D ( 'NONE', #7457, #1145, #4043 ) ;
#8742 = FACE_OUTER_BOUND ( 'NONE', #153, .T. ) ;
#8743 = DIRECTION ( 'NONE',  ( 0.000000000000000000, 0.000000000000000000, -1.000000000000000000 ) ) ;
#8744 = FACE_OUTER_BOUND ( 'NONE', #3200, .T. ) ;
#8745 = FILL_AREA_STYLE_COLOUR ( '', #3534 ) ;
#8746 = STYLED_ITEM ( 'NONE', ( #8657 ), #5242 ) ;
#8747 = SURFACE_STYLE_USAGE ( .BOTH. , #6007 ) ;
#8748 = MECHANICAL_DESIGN_GEOMETRIC_PRESENTATION_REPRESENTATION (  '', ( #6559 ), #24 ) ;
#8749 = ORIENTED_EDGE ( 'NONE', *, *, #4178, .T. ) ;
#8750 = ORIENTED_EDGE ( 'NONE', *, *, #5255, .F. ) ;
#8751 = DIRECTION ( 'NONE',  ( -1.000000000000000000, -0.000000000000000000, 0.000000000000000000 ) ) ;
#8752 = EDGE_CURVE ( 'NONE', #6340, #1948, #5166, .T. ) ;
#8753 = ADVANCED_FACE ( 'NONE', ( #4589 ), #4500, .T. ) ;
#8754 = PLANE ( 'NONE',  #2524 ) ;
#8755 = DIMENSIONAL_EXPONENTS ( 1.000000000000000000, 0.000000000000000000, 0.000000000000000000, 0.000000000000000000, 0.000000000000000000, 0.000000000000000000, 0.000000000000000000 ) ;
#8756 = ORIENTED_EDGE ( 'NONE', *, *, #4701, .T. ) ;
#8757 = ORIENTED_EDGE ( 'NONE', *, *, #3479, .T. ) ;
#8758 = MECHANICAL_DESIGN_GEOMETRIC_PRESENTATION_REPRESENTATION (  '', ( #7310 ), #2108 ) ;
#8759 = LENGTH_MEASURE_WITH_UNIT ( LENGTH_MEASURE( 0.02539999999999999897 ), #7959 );
#8760 =( LENGTH_UNIT ( ) NAMED_UNIT ( * ) SI_UNIT ( $, .METRE. ) );
#8761 = ADVANCED_FACE ( 'NONE', ( #7277 ), #3177, .T. ) ;
#8762 = DIRECTION ( 'NONE',  ( 0.000000000000000000, 0.000000000000000000, 1.000000000000000000 ) ) ;
#8763 = FILL_AREA_STYLE_COLOUR ( '', #3266 ) ;
#8764 = CARTESIAN_POINT ( 'NONE',  ( 0.07795275590551181688, -0.0009842519685039183459, 0.005000000000000000104 ) ) ;
#8765 = SURFACE_SIDE_STYLE ('',( #4629 ) ) ;
#8766 = CARTESIAN_POINT ( 'NONE',  ( 0.08307086614173228578, -0.1018685864235539529, 0.01649946766896011677 ) ) ;
#8767 = SURFACE_STYLE_FILL_AREA ( #8058 ) ;
#8768 = VERTEX_POINT ( 'NONE', #8815 ) ;
#8769 = LINE ( 'NONE', #8107, #3967 ) ;
#8770 = LENGTH_MEASURE_WITH_UNIT ( LENGTH_MEASURE( 0.02539999999999999897 ), #5490 );
#8771 = FACE_OUTER_BOUND ( 'NONE', #7155, .T. ) ;
#8772 = MECHANICAL_DESIGN_GEOMETRIC_PRESENTATION_REPRESENTATION (  '', ( #1818 ), #951 ) ;
#8773 = CARTESIAN_POINT ( 'NONE',  ( -0.09645669291338584972, 0.08996062992125984648, 0.000000000000000000 ) ) ;
#8774 = ADVANCED_FACE ( 'NONE', ( #5305 ), #4638, .T. ) ;
#8775 = DIRECTION ( 'NONE',  ( 1.000000000000000000, 0.000000000000000000, 0.000000000000000000 ) ) ;
#8776 = CARTESIAN_POINT ( 'NONE',  ( -0.08307086614173228578, -0.1210629921259842590, 0.01357377070548917292 ) ) ;
#8777 = COLOUR_RGB ( '',0.7490196078431372584, 0.7490196078431372584, 0.7490196078431372584 ) ;
#8778 = EDGE_LOOP ( 'NONE', ( #8965, #4771, #1427, #6582, #2831 ) ) ;
#8779 = ORIENTED_EDGE ( 'NONE', *, *, #7024, .T. ) ;
#8780 = SURFACE_STYLE_FILL_AREA ( #387 ) ;
#8781 = VECTOR ( 'NONE', #1490, 39.37007874015748143 ) ;
#8782 =( NAMED_UNIT ( * ) PLANE_ANGLE_UNIT ( ) SI_UNIT ( $, .RADIAN. ) );
#8783 = VECTOR ( 'NONE', #6118, 39.37007874015748143 ) ;
#8784 = LENGTH_MEASURE_WITH_UNIT ( LENGTH_MEASURE( 0.02539999999999999897 ), #5767 );
#8785 = FILL_AREA_STYLE ('',( #669 ) ) ;
#8786 = EDGE_CURVE ( 'NONE', #8197, #2191, #1190, .T. ) ;
#8787 = DIRECTION ( 'NONE',  ( -0.000000000000000000, 1.000000000000000000, 0.000000000000000000 ) ) ;
#8788 = AXIS2_PLACEMENT_3D ( 'NONE', #7569, #6107, #1299 ) ;
#8789 = VERTEX_POINT ( 'NONE', #1875 ) ;
#8790 = ORIENTED_EDGE ( 'NONE', *, *, #8365, .T. ) ;
#8791 = DIRECTION ( 'NONE',  ( 0.000000000000000000, 0.4806245840651692247, 0.8769264559768868983 ) ) ;
#8792 = DIRECTION ( 'NONE',  ( 0.000000000000000000, -0.3143126552996258760, 0.9493195219305765598 ) ) ;
#8793 = FILL_AREA_STYLE_COLOUR ( '', #6348 ) ;
#8794 = PRESENTATION_STYLE_ASSIGNMENT (( #6110 ) ) ;
#8795 = EDGE_CURVE ( 'NONE', #2792, #4898, #6748, .T. ) ;
#8796 = SURFACE_SIDE_STYLE ('',( #1259 ) ) ;
#8797 = DIRECTION ( 'NONE',  ( 0.000000000000000000, 0.7143278697962460733, -0.6998111848437100768 ) ) ;
#8798 = ORIENTED_EDGE ( 'NONE', *, *, #3986, .T. ) ;
#8799 = ORIENTED_EDGE ( 'NONE', *, *, #6201, .F. ) ;
#8800 = AXIS2_PLACEMENT_3D ( 'NONE', #3652, #2984, #3066 ) ;
#8801 = FILL_AREA_STYLE ('',( #1769 ) ) ;
#8802 = DIRECTION ( 'NONE',  ( 0.000000000000000000, 0.000000000000000000, -1.000000000000000000 ) ) ;
#8803 = UNCERTAINTY_MEASURE_WITH_UNIT (LENGTH_MEASURE( 1.000000000000000082E-05 ), #2963, 'distance_accuracy_value', 'NONE');
#8804 =( NAMED_UNIT ( * ) PLANE_ANGLE_UNIT ( ) SI_UNIT ( $, .RADIAN. ) );
#8805 = STYLED_ITEM ( 'NONE', ( #7674 ), #3153 ) ;
#8806 = LINE ( 'NONE', #8274, #1477 ) ;
#8807 = DIRECTION ( 'NONE',  ( 0.000000000000000000, -0.9989437399158199726, -0.04595002157773900309 ) ) ;
#8808 = DIMENSIONAL_EXPONENTS ( 1.000000000000000000, 0.000000000000000000, 0.000000000000000000, 0.000000000000000000, 0.000000000000000000, 0.000000000000000000, 0.000000000000000000 ) ;
#8809 = SURFACE_SIDE_STYLE ('',( #5340 ) ) ;
#8810 = DIRECTION ( 'NONE',  ( 1.000000000000000000, 0.000000000000000000, 0.000000000000000000 ) ) ;
#8811 = CARTESIAN_POINT ( 'NONE',  ( -0.08503937007874015630, -0.08520540713768977314, 0.01618446761253700822 ) ) ;
#8812 = CARTESIAN_POINT ( 'NONE',  ( -0.08875394017312079886, -0.07123425513375072904, 0.04673228346456681503 ) ) ;
#8813 = ADVANCED_FACE ( 'NONE', ( #4678 ), #515, .T. ) ;
#8814 = LINE ( 'NONE', #3348, #2362 ) ;
#8815 = CARTESIAN_POINT ( 'NONE',  ( -0.09645669291338584972, 0.08996062992125984648, 0.005000000000000000104 ) ) ;
#8816 = CARTESIAN_POINT ( 'NONE',  ( 0.06692913385826770867, -0.1210629921259842590, -4.446367177187928415E-20 ) ) ;
#8817 = PLANE ( 'NONE',  #6380 ) ;
#8818 = APPLICATION_CONTEXT ( 'automotive_design' ) ;
#8819 = PRESENTATION_LAYER_ASSIGNMENT (  '', '', ( #275 ) ) ;
#8820 = DIRECTION ( 'NONE',  ( -0.000000000000000000, 0.04595002157773420831, -0.9989437399158200837 ) ) ;
#8821 = ORIENTED_EDGE ( 'NONE', *, *, #6045, .T. ) ;
#8822 = UNCERTAINTY_MEASURE_WITH_UNIT (LENGTH_MEASURE( 1.000000000000000082E-05 ), #3834, 'distance_accuracy_value', 'NONE');
#8823 = ORIENTED_EDGE ( 'NONE', *, *, #4312, .F. ) ;
#8824 = CARTESIAN_POINT ( 'NONE',  ( 0.01692913385826771630, -0.06107104945795459316, 0.02714754141097831461 ) ) ;
#8825 = DIRECTION ( 'NONE',  ( 0.000000000000000000, 0.000000000000000000, -1.000000000000000000 ) ) ;
#8826 = EDGE_CURVE ( 'NONE', #614, #1329, #8639, .T. ) ;
#8827 = SURFACE_STYLE_USAGE ( .BOTH. , #2082 ) ;
#8828 =( NAMED_UNIT ( * ) SI_UNIT ( $, .STERADIAN. ) SOLID_ANGLE_UNIT ( ) );
#8829 = CARTESIAN_POINT ( 'NONE',  ( -0.06692913385826770867, -0.09084088879601615041, 0.01357377070548917292 ) ) ;
#8830 = LENGTH_MEASURE_WITH_UNIT ( LENGTH_MEASURE( 0.02539999999999999897 ), #3318 );
#8831 = DIRECTION ( 'NONE',  ( 0.000000000000000000, 0.000000000000000000, -1.000000000000000000 ) ) ;
#8832 = SURFACE_STYLE_FILL_AREA ( #4739 ) ;
#8833 = VECTOR ( 'NONE', #4604, 39.37007874015748143 ) ;
#8834 = CARTESIAN_POINT ( 'NONE',  ( 0.06530030766429134603, 0.09311023622047245873, 0.005000000000000000104 ) ) ;
#8835 = VERTEX_POINT ( 'NONE', #5629 ) ;
#8836 = ORIENTED_EDGE ( 'NONE', *, *, #258, .F. ) ;
#8837 = CARTESIAN_POINT ( 'NONE',  ( 0.000000000000000000, 0.007027559055118147088, 0.009842519685039369942 ) ) ;
#8838 = ADVANCED_FACE ( 'NONE', ( #7643 ), #735, .F. ) ;
#8839 = CIRCLE ( 'NONE', #3074, 0.003149606299212602718 ) ;
#8840 = SURFACE_STYLE_FILL_AREA ( #584 ) ;
#8841 =( LENGTH_UNIT ( ) NAMED_UNIT ( * ) SI_UNIT ( $, .METRE. ) );
#8842 = PRESENTATION_LAYER_ASSIGNMENT (  '', '', ( #727 ) ) ;
#8843 = SURFACE_STYLE_FILL_AREA ( #6159 ) ;
#8844 = DIRECTION ( 'NONE',  ( -1.000000000000000000, -0.000000000000000000, 0.000000000000000000 ) ) ;
#8845 = DIRECTION ( 'NONE',  ( -1.000000000000000000, -0.000000000000000000, -0.000000000000000000 ) ) ;
#8846 = ORIENTED_EDGE ( 'NONE', *, *, #5532, .T. ) ;
#8847 = VERTEX_POINT ( 'NONE', #6382 ) ;
#8848 = STYLED_ITEM ( 'NONE', ( #3829 ), #7225 ) ;
#8849 = DIRECTION ( 'NONE',  ( 0.000000000000000000, -0.6998111848437100768, -0.7143278697962460733 ) ) ;
#8850 = FILL_AREA_STYLE ('',( #2665 ) ) ;
#8851 = CARTESIAN_POINT ( 'NONE',  ( -0.08307086614173228578, -0.09383657304297426949, 0.02091502454231223759 ) ) ;
#8852 = PRESENTATION_STYLE_ASSIGNMENT (( #5439 ) ) ;
#8853 = CARTESIAN_POINT ( 'NONE',  ( 0.02500000000000000139, -0.08565767112959683793, 0.02601659103690532465 ) ) ;
#8854 = EDGE_CURVE ( 'NONE', #8088, #1195, #2857, .T. ) ;
#8855 = FACE_OUTER_BOUND ( 'NONE', #7517, .T. ) ;
#8856 = CARTESIAN_POINT ( 'NONE',  ( 0.07795275590551181688, 0.004527559055118110173, 0.009842519685039369942 ) ) ;
#8857 =( CONVERSION_BASED_UNIT ( 'INCH', #3523 ) LENGTH_UNIT ( ) NAMED_UNIT ( #4670 ) );
#8858 =( LENGTH_UNIT ( ) NAMED_UNIT ( * ) SI_UNIT ( $, .METRE. ) );
#8859 = DIRECTION ( 'NONE',  ( 0.3301180510536010360, -0.8484716754920951232, 0.4136639798873100737 ) ) ;
#8860 = COLOUR_RGB ( '',0.2862745098039215508, 0.2862745098039215508, 0.2862745098039215508 ) ;
#8861 = MECHANICAL_DESIGN_GEOMETRIC_PRESENTATION_REPRESENTATION (  '', ( #1462 ), #598 ) ;
#8862 = EDGE_CURVE ( 'NONE', #5587, #5806, #4940, .T. ) ;
#8863 = PLANE ( 'NONE',  #5722 ) ;
#8864 =( GEOMETRIC_REPRESENTATION_CONTEXT ( 3 ) GLOBAL_UNCERTAINTY_ASSIGNED_CONTEXT ( ( #8334 ) ) GLOBAL_UNIT_ASSIGNED_CONTEXT ( ( #2916, #7059, #5165 ) ) REPRESENTATION_CONTEXT ( 'NONE', 'WORKASPACE' ) );
#8865 =( LENGTH_UNIT ( ) NAMED_UNIT ( * ) SI_UNIT ( $, .METRE. ) );
#8866 = CARTESIAN_POINT ( 'NONE',  ( -0.09645669291338584972, -0.07893700787401573826, 0.000000000000000000 ) ) ;
#8867 = CARTESIAN_POINT ( 'NONE',  ( 0.000000000000000000, -0.01909448818897637942, 0.005000000000000000104 ) ) ;
#8868 =( NAMED_UNIT ( * ) PLANE_ANGLE_UNIT ( ) SI_UNIT ( $, .RADIAN. ) );
#8869 = ORIENTED_EDGE ( 'NONE', *, *, #8353, .F. ) ;
#8870 = ORIENTED_EDGE ( 'NONE', *, *, #6304, .F. ) ;
#8871 = ORIENTED_EDGE ( 'NONE', *, *, #5277, .T. ) ;
#8872 = PLANE ( 'NONE',  #6794 ) ;
#8873 = MECHANICAL_DESIGN_GEOMETRIC_PRESENTATION_REPRESENTATION (  '', ( #6289 ), #7565 ) ;
#8874 = DIMENSIONAL_EXPONENTS ( 1.000000000000000000, 0.000000000000000000, 0.000000000000000000, 0.000000000000000000, 0.000000000000000000, 0.000000000000000000, 0.000000000000000000 ) ;
#8875 = PLANE ( 'NONE',  #5198 ) ;
#8876 = SURFACE_SIDE_STYLE ('',( #1884 ) ) ;
#8877 = STYLED_ITEM ( 'NONE', ( #7815 ), #8329 ) ;
#8878 = DIRECTION ( 'NONE',  ( -1.000000000000000000, -0.000000000000000000, -0.000000000000000000 ) ) ;
#8879 = DIRECTION ( 'NONE',  ( -1.000000000000000000, -0.000000000000000000, 0.000000000000000000 ) ) ;
#8880 = CARTESIAN_POINT ( 'NONE',  ( 0.07499999999999999722, -0.08565767112959683793, 0.02601659103690530384 ) ) ;
#8881 = CARTESIAN_POINT ( 'NONE',  ( -0.09055118110236221041, 0.007027559055118151425, 0.009842519685039369942 ) ) ;
#8882 = STYLED_ITEM ( 'NONE', ( #3498 ), #7345 ) ;
#8883 = PRESENTATION_STYLE_ASSIGNMENT (( #3364 ) ) ;
#8884 = ORIENTED_EDGE ( 'NONE', *, *, #766, .F. ) ;
#8885 = ORIENTED_EDGE ( 'NONE', *, *, #1840, .F. ) ;
#8886 =( GEOMETRIC_REPRESENTATION_CONTEXT ( 3 ) GLOBAL_UNCERTAINTY_ASSIGNED_CONTEXT ( ( #7006 ) ) GLOBAL_UNIT_ASSIGNED_CONTEXT ( ( #216, #8547, #2616 ) ) REPRESENTATION_CONTEXT ( 'NONE', 'WORKASPACE' ) );
#8887 = DIRECTION ( 'NONE',  ( -0.000000000000000000, 0.9989437399158199726, 0.04595002157773900309 ) ) ;
#8888 = EDGE_CURVE ( 'NONE', #4386, #3673, #8426, .T. ) ;
#8889 = CYLINDRICAL_SURFACE ( 'NONE', #4554, 0.009842519685039369942 ) ;
#8890 = LINE ( 'NONE', #7573, #7526 ) ;
#8891 = DIRECTION ( 'NONE',  ( -1.000000000000000000, -0.000000000000000000, -0.000000000000000000 ) ) ;
#8892 = EDGE_CURVE ( 'NONE', #1416, #5848, #4309, .T. ) ;
#8893 = VERTEX_POINT ( 'NONE', #8009 ) ;
#8894 = EDGE_CURVE ( 'NONE', #1040, #7227, #1605, .T. ) ;
#8895 = VERTEX_POINT ( 'NONE', #8557 ) ;
#8896 =( NAMED_UNIT ( * ) SI_UNIT ( $, .STERADIAN. ) SOLID_ANGLE_UNIT ( ) );
#8897 = CARTESIAN_POINT ( 'NONE',  ( -0.07499999999999999722, -0.1210629921259842590, 0.000000000000000000 ) ) ;
#8898 = COLOUR_RGB ( '',0.7490196078431372584, 0.7490196078431372584, 0.7490196078431372584 ) ;
#8899 = UNCERTAINTY_MEASURE_WITH_UNIT (LENGTH_MEASURE( 1.000000000000000082E-05 ), #348, 'distance_accuracy_value', 'NONE');
#8900 = CARTESIAN_POINT ( 'NONE',  ( -0.06188383402878307876, -0.05322241670594842627, 0.04988188976377952444 ) ) ;
#8901 = CARTESIAN_POINT ( 'NONE',  ( -0.08875394017312086825, -0.07123425513375078455, 0.04673228346456693300 ) ) ;
#8902 =( GEOMETRIC_REPRESENTATION_CONTEXT ( 3 ) GLOBAL_UNCERTAINTY_ASSIGNED_CONTEXT ( ( #1658 ) ) GLOBAL_UNIT_ASSIGNED_CONTEXT ( ( #1863, #8804, #1176 ) ) REPRESENTATION_CONTEXT ( 'NONE', 'WORKASPACE' ) );
#8903 = CARTESIAN_POINT ( 'NONE',  ( 0.01692913385826771630, -0.09084088879601615041, 0.01357377070548917292 ) ) ;
#8904 = ADVANCED_FACE ( 'NONE', ( #7092 ), #3119, .T. ) ;
#8905 = FACE_OUTER_BOUND ( 'NONE', #4559, .T. ) ;
#8906 =( NAMED_UNIT ( * ) PLANE_ANGLE_UNIT ( ) SI_UNIT ( $, .RADIAN. ) );
#8907 = DIRECTION ( 'NONE',  ( 0.000000000000000000, 0.000000000000000000, -1.000000000000000000 ) ) ;
#8908 = DIRECTION ( 'NONE',  ( -1.000000000000000000, -0.000000000000000000, 0.000000000000000000 ) ) ;
#8909 = CARTESIAN_POINT ( 'NONE',  ( -0.08875394017312086825, -0.07123425513375078455, 0.04988188976377952444 ) ) ;
#8910 = PRESENTATION_STYLE_ASSIGNMENT (( #6177 ) ) ;
#8911 = ADVANCED_FACE ( 'NONE', ( #183 ), #3806, .T. ) ;
#8912 = CARTESIAN_POINT ( 'NONE',  ( 0.08307086614173228578, -0.06061878546604762552, 0.01731541798661000858 ) ) ;
#8913 = SURFACE_STYLE_FILL_AREA ( #6180 ) ;
#8914 = CARTESIAN_POINT ( 'NONE',  ( -0.08753937007874014464, 0.01003937007874016775, 0.009842519685039369942 ) ) ;
#8915 =( CONVERSION_BASED_UNIT ( 'INCH', #4681 ) LENGTH_UNIT ( ) NAMED_UNIT ( #2884 ) );
#8916 = EDGE_LOOP ( 'NONE', ( #801, #5326, #7285, #5009 ) ) ;
#8917 = VERTEX_POINT ( 'NONE', #4532 ) ;
#8918 = UNCERTAINTY_MEASURE_WITH_UNIT (LENGTH_MEASURE( 1.000000000000000082E-05 ), #8725, 'distance_accuracy_value', 'NONE');
#8919 = ORIENTED_EDGE ( 'NONE', *, *, #8854, .F. ) ;
#8920 =( CONVERSION_BASED_UNIT ( 'INCH', #6843 ) LENGTH_UNIT ( ) NAMED_UNIT ( #800 ) );
#8921 = CYLINDRICAL_SURFACE ( 'NONE', #6632, 0.003149606299212602718 ) ;
#8922 = CARTESIAN_POINT ( 'NONE',  ( 0.07499999999999999722, -0.09796007064640156747, 0.002021243723793037916 ) ) ;
#8923 =( LENGTH_UNIT ( ) NAMED_UNIT ( * ) SI_UNIT ( $, .METRE. ) );
#8924 =( CONVERSION_BASED_UNIT ( 'INCH', #2697 ) LENGTH_UNIT ( ) NAMED_UNIT ( #1583 ) );
#8925 = LENGTH_MEASURE_WITH_UNIT ( LENGTH_MEASURE( 0.02539999999999999897 ), #1292 );
#8926 = CARTESIAN_POINT ( 'NONE',  ( -0.09120840238182394144, 0.08707438361240421587, 0.04819253936474394290 ) ) ;
#8927 = ORIENTED_EDGE ( 'NONE', *, *, #7560, .F. ) ;
#8928 = EDGE_LOOP ( 'NONE', ( #5976, #4340, #4256, #2600 ) ) ;
#8929 = AXIS2_PLACEMENT_3D ( 'NONE', #5012, #2986, #168 ) ;
#8930 = STYLED_ITEM ( 'NONE', ( #364 ), #397 ) ;
#8931 = DIMENSIONAL_EXPONENTS ( 1.000000000000000000, 0.000000000000000000, 0.000000000000000000, 0.000000000000000000, 0.000000000000000000, 0.000000000000000000, 0.000000000000000000 ) ;
#8932 = COLOUR_RGB ( '',0.2862745098039215508, 0.2862745098039215508, 0.2862745098039215508 ) ;
#8933 = LENGTH_MEASURE_WITH_UNIT ( LENGTH_MEASURE( 0.02539999999999999897 ), #5429 );
#8934 = LINE ( 'NONE', #32, #8339 ) ;
#8935 = ORIENTED_EDGE ( 'NONE', *, *, #7524, .F. ) ;
#8936 = ORIENTED_EDGE ( 'NONE', *, *, #8490, .T. ) ;
#8937 = EDGE_CURVE ( 'NONE', #5793, #4606, #7264, .T. ) ;
#8938 = SURFACE_SIDE_STYLE ('',( #6867 ) ) ;
#8939 = VECTOR ( 'NONE', #629, 39.37007874015748854 ) ;
#8940 = LINE ( 'NONE', #8983, #8478 ) ;
#8941 = SURFACE_STYLE_USAGE ( .BOTH. , #4802 ) ;
#8942 = FILL_AREA_STYLE_COLOUR ( '', #4216 ) ;
#8943 = DIRECTION ( 'NONE',  ( -1.000000000000000000, 0.000000000000000000, 0.000000000000000000 ) ) ;
#8944 =( LENGTH_UNIT ( ) NAMED_UNIT ( * ) SI_UNIT ( $, .METRE. ) );
#8945 = MECHANICAL_DESIGN_GEOMETRIC_PRESENTATION_REPRESENTATION (  '', ( #2605 ), #100 ) ;
#8946 = EDGE_CURVE ( 'NONE', #5999, #188, #6636, .T. ) ;
#8947 = DIRECTION ( 'NONE',  ( 1.000000000000000000, 0.000000000000000000, 0.000000000000000000 ) ) ;
#8948 =( NAMED_UNIT ( * ) PLANE_ANGLE_UNIT ( ) SI_UNIT ( $, .RADIAN. ) );
#8949 =( NAMED_UNIT ( * ) PLANE_ANGLE_UNIT ( ) SI_UNIT ( $, .RADIAN. ) );
#8950 = COLOUR_RGB ( '',0.7490196078431372584, 0.7490196078431372584, 0.7490196078431372584 ) ;
#8951 = FACE_OUTER_BOUND ( 'NONE', #1904, .T. ) ;
#8952 = UNCERTAINTY_MEASURE_WITH_UNIT (LENGTH_MEASURE( 1.000000000000000082E-05 ), #6762, 'distance_accuracy_value', 'NONE');
#8953 = ORIENTED_EDGE ( 'NONE', *, *, #2171, .T. ) ;
#8954 = AXIS2_PLACEMENT_3D ( 'NONE', #7014, #3721, #143 ) ;
#8955 = VERTEX_POINT ( 'NONE', #7317 ) ;
#8956 = VERTEX_POINT ( 'NONE', #3895 ) ;
#8957 = CARTESIAN_POINT ( 'NONE',  ( -0.08753937007874017240, -0.0009842519685039252848, 0.005000000000000000104 ) ) ;
#8958 =( NAMED_UNIT ( * ) PLANE_ANGLE_UNIT ( ) SI_UNIT ( $, .RADIAN. ) );
#8959 = ADVANCED_FACE ( 'NONE', ( #5639 ), #8439, .T. ) ;
#8960 = AXIS2_PLACEMENT_3D ( 'NONE', #87, #5062, #1599 ) ;
#8961 = FILL_AREA_STYLE_COLOUR ( '', #2819 ) ;
#8962 = DIRECTION ( 'NONE',  ( -1.000000000000000000, -0.000000000000000000, 0.000000000000000000 ) ) ;
#8963 = PLANE ( 'NONE',  #1091 ) ;
#8964 = ORIENTED_EDGE ( 'NONE', *, *, #7635, .T. ) ;
#8965 = ORIENTED_EDGE ( 'NONE', *, *, #5078, .F. ) ;
#8966 = CARTESIAN_POINT ( 'NONE',  ( 0.08307086614173228578, -0.09018673685477521240, 0.007095752720117635970 ) ) ;
#8967 = EDGE_CURVE ( 'NONE', #5919, #4440, #4884, .T. ) ;
#8968 = PRESENTATION_LAYER_ASSIGNMENT (  '', '', ( #3926 ) ) ;
#8969 = DIRECTION ( 'NONE',  ( -0.1209742911513550095, 0.1209742911513550095, 0.9852565360152930607 ) ) ;
#8970 = SURFACE_SIDE_STYLE ('',( #8840 ) ) ;
#8971 = STYLED_ITEM ( 'NONE', ( #5802 ), #6464 ) ;
#8972 = CYLINDRICAL_SURFACE ( 'NONE', #4951, 0.004921259842519684971 ) ;
#8973 = CARTESIAN_POINT ( 'NONE',  ( 0.000000000000000000, 0.007086614173228346358, 0.005000000000000000104 ) ) ;
#8974 =( NAMED_UNIT ( * ) PLANE_ANGLE_UNIT ( ) SI_UNIT ( $, .RADIAN. ) );
#8975 = ORIENTED_EDGE ( 'NONE', *, *, #5649, .F. ) ;
#8976 = ORIENTED_EDGE ( 'NONE', *, *, #4287, .F. ) ;
#8977 = PLANE ( 'NONE',  #5808 ) ;
#8978 = VECTOR ( 'NONE', #3363, 39.37007874015748854 ) ;
#8979 = DIRECTION ( 'NONE',  ( -0.000000000000000000, -0.7143278697962460733, 0.6998111848437100768 ) ) ;
#8980 = DIRECTION ( 'NONE',  ( 0.000000000000000000, 1.000000000000000000, 0.000000000000000000 ) ) ;
#8981 =( NAMED_UNIT ( * ) PLANE_ANGLE_UNIT ( ) SI_UNIT ( $, .RADIAN. ) );
#8982 = STYLED_ITEM ( 'NONE', ( #5273 ), #7213 ) ;
#8983 = CARTESIAN_POINT ( 'NONE',  ( -0.06692913385826770867, -0.09018673685477519852, 0.007095752720117598673 ) ) ;
#8984 = DIMENSIONAL_EXPONENTS ( 1.000000000000000000, 0.000000000000000000, 0.000000000000000000, 0.000000000000000000, 0.000000000000000000, 0.000000000000000000, 0.000000000000000000 ) ;
#8985 = DIRECTION ( 'NONE',  ( 0.000000000000000000, -0.000000000000000000, -1.000000000000000000 ) ) ;
#8986 = PRESENTATION_LAYER_ASSIGNMENT (  '', '', ( #3948 ) ) ;
#8987 = EDGE_CURVE ( 'NONE', #4028, #3887, #8341, .T. ) ;
#8988 = DIRECTION ( 'NONE',  ( 0.000000000000000000, -0.9989437399158199726, -0.04595002157773846879 ) ) ;
#8989 = UNCERTAINTY_MEASURE_WITH_UNIT (LENGTH_MEASURE( 1.000000000000000082E-05 ), #2835, 'distance_accuracy_value', 'NONE');
#8990 = SURFACE_STYLE_FILL_AREA ( #7684 ) ;
#8991 = FILL_AREA_STYLE ('',( #1366 ) ) ;
#8992 = AXIS2_PLACEMENT_3D ( 'NONE', #4190, #6269, #2917 ) ;
#8993 = EDGE_CURVE ( 'NONE', #3530, #1308, #6310, .T. ) ;
#8994 = VECTOR ( 'NONE', #8891, 39.37007874015748143 ) ;
#8995 = CARTESIAN_POINT ( 'NONE',  ( 0.09167522711142696290, 0.08683641301816062696, 0.04733189256916638110 ) ) ;
#8996 = NEXT_ASSEMBLY_USAGE_OCCURRENCE ( 'NAUO1', ' ', ' ', #2489, #3427, $ ) ;
#8997 = NEXT_ASSEMBLY_USAGE_OCCURRENCE ( 'NAUO2', ' ', ' ', #2489, #464, $ ) ;
ENDSEC;
END-ISO-10303-21;
